Textnr,Sentence,Year,Place,Proficiency,Sex,Age,ForeignLanguage,Text,SubjectPosition,Thetarole,ClauseType,SentenceType,Specificity,InformationStructure,ReferentialContinuity,ProficiencyNr,SubjectType,Filename,Score,NSLhome,AgeExposureSpanish,YearsstudySpanish,AbroadSpanishCountry,DurationTask,LocationTask,NSLadditional,ID,Verb,VerbConstruction
1,1,2018,Hamburg,LB,female,21,English,Charles Chaplin es un comico viejo.,PRE,pacient,MC,D,DEF,NE,N,1,dp,DE_WR_13_21_1_14_GM,30.2,No,20,1,No,30,Outsideclassroom,No,1_1,ser,simple-finite
1,10,2018,Hamburg,LB,female,21,English,y el encontrar un papel en las ropas del niños.,PRE,agent,MC,D,DEF,GI,N,1,pron,DE_WR_13_21_1_14_GM,30.2,No,20,1,No,30,Outsideclassroom,No,1_10,encontrar,simple-finite
1,11,2018,Hamburg,LB,female,21,English,Esto dice,NA,agent,MC,D,NA,GI,Y,1,nullsub,DE_WR_13_21_1_14_GM,30.2,No,20,1,No,30,Outsideclassroom,No,1_11,decir,simple-finite
1,12,2018,Hamburg,LB,female,21,English,El niño no tengo no familia,PRE,pacient,MC,D,DEF,GI,N,1,dp,DE_WR_13_21_1_14_GM,30.2,No,20,1,No,30,Outsideclassroom,No,1_12,tener,simple-finite
1,13,2018,Hamburg,LB,female,21,English,y Chaplin convierte en un familia nuevo para el niño.,PRE,agent,MC,D,DEF,GI,N,1,dp,DE_WR_13_21_1_14_GM,30.2,No,20,1,No,30,Outsideclassroom,No,1_13,convertir,simple-finite
1,2,2018,Hamburg,LB,female,21,English,Ellos peliculas son en blanco i negro,PRE,pacient,MC,D,DEF,NE,N,1,dp,DE_WR_13_21_1_14_GM,30.2,No,20,1,No,30,Outsideclassroom,No,1_2,ser,simple-finite
1,3,2018,Hamburg,LB,female,21,English,y tienen no audio.,NA,pacient,MC,D,NA,GI,Y,1,nullsub,DE_WR_13_21_1_14_GM,30.2,No,20,1,No,30,Outsideclassroom,No,1_3,tener,simple-finite
1,4,2018,Hamburg,LB,female,21,English,En la pelicula el encontrar un niños pequeño,PRE,agent,MC,D,DEF,GI,N,1,pron,DE_WR_13_21_1_14_GM,30.2,No,20,1,No,30,Outsideclassroom,No,1_4,encontrar,simple-finite
1,5,2018,Hamburg,LB,female,21,English,y buscar sus familia.,NA,agent,MC,D,NA,NA,NA,1,nullsub,DE_WR_13_21_1_14_GM,30.2,No,20,1,No,30,Outsideclassroom,No,1_5,buscar,simple-finite
1,7,2018,Hamburg,LB,female,21,English,Chaplin intentas entregar el niño en una casual mujer.,PRE,agent,MC,D,DEF,GI,Y,1,dp,DE_WR_13_21_1_14_GM,30.2,No,20,1,No,30,Outsideclassroom,No,1_7,entegrar,simple-finite
1,8,2018,Hamburg,LB,female,21,English,Esto es no funcionar tambien.,PRE,agent,MC,D,DEF,NE,N,1,pron,DE_WR_13_21_1_14_GM,30.2,No,20,1,No,30,Outsideclassroom,No,1_8,funcionar,simple-finite
1,9,2018,Hamburg,LB,female,21,English,Un policia mira en Chaplin,PRE,agent,MC,D,INDEF,NE,N,1,dp,DE_WR_13_21_1_14_GM,30.2,No,20,1,No,30,Outsideclassroom,No,1_9,mirar,simple-finite
10,1,2019,Hildesheim,LI,female,19,English,Chaplin da un paseo cerca de algunas edeficios construadas.,PRE,agent,MC,D,DEF,NE,N,3,dp,DE_WR_27_19_6_14_AOK,62.8,Yes,11,6,Yes,22,Insideclassroom,Yes,10_1,dar,periphrasis-lexical
10,10,2019,Hildesheim,LI,female,19,English,Cuando Chaplin quiere dejarla,PRE,agent,SC,D,DEF,GI,N,3,dp,DE_WR_27_19_6_14_AOK,62.8,Yes,11,6,Yes,22,Insideclassroom,Yes,10_10,dejar,modal
10,11,2019,Hildesheim,LI,female,19,English,un hombre de la policía aparece,PRE,pacient,MC,D,DEF,NE,N,3,dp,DE_WR_27_19_6_14_AOK,62.8,Yes,11,6,Yes,22,Insideclassroom,Yes,10_11,aparecer,simple-finite
10,12,2019,Hildesheim,LI,female,19,English,y Chaplin decide ir con el bebe.,PRE,agent,MC,D,DEF,GI,N,3,dp,DE_WR_27_19_6_14_AOK,62.8,Yes,11,6,Yes,22,Insideclassroom,Yes,10_12,decidir,infinitive
10,13,2019,Hildesheim,LI,female,19,English,Después Chaplin encuentra un señor viejo,PRE,agent,MC,D,DEF,GI,Y,3,dp,DE_WR_27_19_6_14_AOK,62.8,Yes,11,6,Yes,22,Insideclassroom,Yes,10_13,encontrar,simple-finite
10,14,2019,Hildesheim,LI,female,19,English,y preguntale,NA,agent,MC,D,NA,GI,Y,3,nullsub,DE_WR_27_19_6_14_AOK,62.8,Yes,11,6,Yes,22,Insideclassroom,Yes,10_14,preguntar,simple-finite
10,15,2019,Hildesheim,LI,female,19,English,si puede tener el bebe,NA,pacient,SC,D,NA,GI,N,3,nullsub,DE_WR_27_19_6_14_AOK,62.8,Yes,11,6,Yes,22,Insideclassroom,Yes,10_15,tener,modal
10,16,2019,Hildesheim,LI,female,19,English,cuando Chaplin correctar su zapato.,PRE,agent,SC,D,DEF,GI,N,3,dp,DE_WR_27_19_6_14_AOK,62.8,Yes,11,6,Yes,22,Insideclassroom,Yes,10_16,correctar,simple-finite
10,17,2019,Hildesheim,LI,female,19,English,"El hombre está de acuerdo,",PRE,pacient,MC,D,DEF,GI,N,3,dp,DE_WR_27_19_6_14_AOK,62.8,Yes,11,6,Yes,22,Insideclassroom,Yes,10_17,estar,simple-finite
10,18,2019,Hildesheim,LI,female,19,English,pero Chaplin está corriendo.,PRE,agent,MC,D,DEF,GI,N,3,dp,DE_WR_27_19_6_14_AOK,62.8,Yes,11,6,Yes,22,Insideclassroom,Yes,10_18,correr,periphrasis-gerund
10,19,2019,Hildesheim,LI,female,19,English,Ese señor viejo queda la madre con el bebe,PRE,agent,MC,D,DEF,GI,N,3,dp,DE_WR_27_19_6_14_AOK,62.8,Yes,11,6,Yes,22,Insideclassroom,Yes,10_19,quedar,simple-finite
10,2,2019,Hildesheim,LI,female,19,English,Un hombre tira basura de una ventana.,PRE,agent,MC,D,INDEF,NE,N,3,dp,DE_WR_27_19_6_14_AOK,62.8,Yes,11,6,Yes,22,Insideclassroom,Yes,10_2,tirar,simple-finite
10,20,2019,Hildesheim,LI,female,19,English,y deja su bebe al lado de suya.,NA,agent,MC,D,NA,GI,Y,3,nullsub,DE_WR_27_19_6_14_AOK,62.8,Yes,11,6,Yes,22,Insideclassroom,Yes,10_20,dejar,simple-finite
10,21,2019,Hildesheim,LI,female,19,English,La madre está enfada,PRE,pacient,MC,D,DEF,GI,N,3,dp,DE_WR_27_19_6_14_AOK,62.8,Yes,11,6,Yes,22,Insideclassroom,Yes,10_21,estar,simple-finite
10,22,2019,Hildesheim,LI,female,19,English,y cree,NA,agent,MC,D,NA,GI,Y,3,nullsub,DE_WR_27_19_6_14_AOK,62.8,Yes,11,6,Yes,22,Insideclassroom,Yes,10_22,creer,simple-finite
10,23,2019,Hildesheim,LI,female,19,English,que el culpo es de Chaplin,PRE,pacient,SC,D,DEF,NE,N,3,dp,DE_WR_27_19_6_14_AOK,62.8,Yes,11,6,Yes,22,Insideclassroom,Yes,10_23,ser,simple-finite
10,24,2019,Hildesheim,LI,female,19,English,porque él le pasa en la calle.,PRE,pacient,SC,D,DEF,GI,N,3,pron,DE_WR_27_19_6_14_AOK,62.8,Yes,11,6,Yes,22,Insideclassroom,Yes,10_24,pasar,simple-finite
10,25,2019,Hildesheim,LI,female,19,English,Al final Chaplin obtener el bebe,PRE,agent,MC,D,DEF,GI,Y,3,dp,DE_WR_27_19_6_14_AOK,62.8,Yes,11,6,Yes,22,Insideclassroom,Yes,10_25,obtener,simple-finite
10,26,2019,Hildesheim,LI,female,19,English,y encuentra un mensaje de su propia madre.,NA,agent,MC,D,NA,GI,Y,3,nullsub,DE_WR_27_19_6_14_AOK,62.8,Yes,11,6,Yes,22,Insideclassroom,Yes,10_26,encontrar,simple-finite
10,27,2019,Hildesheim,LI,female,19,English,El mensaje dice,NA,agent,MC,D,NA,GI,N,3,nullsub,DE_WR_27_19_6_14_AOK,62.8,Yes,11,6,Yes,22,Insideclassroom,Yes,10_27,decir,simple-finite
10,28,2019,Hildesheim,LI,female,19,English,que él tiene que querer el bebe.,PRE,pacient,SC,D,DEF,GI,N,3,pron,DE_WR_27_19_6_14_AOK,62.8,Yes,11,6,Yes,22,Insideclassroom,Yes,10_28,tener,simple-finite
10,29,2019,Hildesheim,LI,female,19,English,Los dos están felices,PRE,pacient,MC,D,DEF,GI,N,3,pron,DE_WR_27_19_6_14_AOK,62.8,Yes,11,6,Yes,22,Insideclassroom,Yes,10_29,estar,simple-finite
10,3,2019,Hildesheim,LI,female,19,English,Chaplin está fumando,PRE,agent,MC,D,DEF,GI,N,3,dp,DE_WR_27_19_6_14_AOK,62.8,Yes,11,6,Yes,22,Insideclassroom,Yes,10_3,fumar,periphrasis-gerund
10,30,2019,Hildesheim,LI,female,19,English,y ir probablemente a la casa de Chaplin.,NA,agent,MC,D,NA,GI,Y,3,nullsub,DE_WR_27_19_6_14_AOK,62.8,Yes,11,6,Yes,22,Insideclassroom,Yes,10_30,ir,simple-finite
10,4,2019,Hildesheim,LI,female,19,English,y enciende su cigarillo con la ayuda de su zapato.,NA,agent,MC,D,NA,GI,Y,3,nullsub,DE_WR_27_19_6_14_AOK,62.8,Yes,11,6,Yes,22,Insideclassroom,Yes,10_4,encender,simple-finite
10,5,2019,Hildesheim,LI,female,19,English,Después encuentra un bebe que está solo.,NA,agent,MC,D,NA,GI,Y,3,nullsub,DE_WR_27_19_6_14_AOK,62.8,Yes,11,6,Yes,22,Insideclassroom,Yes,10_5,encontrar,simple-finite
10,6,2019,Hildesheim,LI,female,19,English,Al primer él piensa,PRE,agent,SC,D,DEF,GI,Y,3,pron,DE_WR_27_19_6_14_AOK,62.8,Yes,11,6,Yes,22,Insideclassroom,Yes,10_6,pensar,simple-finite
10,7,2019,Hildesheim,LI,female,19,English,que es la bebe de una mujer,POST,pacient,SC,D,DEF,GI,N,3,dp,DE_WR_27_19_6_14_AOK,62.8,Yes,11,6,Yes,22,Insideclassroom,Yes,10_7,ser,simple-finite
10,8,2019,Hildesheim,LI,female,19,English,porque ella tiene un bebe.,PRE,pacient,SC,D,DEF,GI,N,3,pron,DE_WR_27_19_6_14_AOK,62.8,Yes,11,6,Yes,22,Insideclassroom,Yes,10_8,tener,simple-finite
10,9,2019,Hildesheim,LI,female,19,English,Pero no es suya.,NA,pacient,MC,D,NA,GI,N,3,nullsub,DE_WR_27_19_6_14_AOK,62.8,Yes,11,6,Yes,22,Insideclassroom,Yes,10_9,ser,simple-finite
11,10,2019,Münster,LI,female,21,English,Chaplin vacila al niño,PRE,agent,MC,D,DEF,GI,N,3,dp,DE_WR_27_21_7_14_SG,62.8,No,14,7,Yes,20,Insideclassroom,No,11_10,vacilar,simple-finite
11,11,2019,Münster,LI,female,21,English,mira alrededor a los padres.,NA,agent,MC,D,NA,GI,Y,3,nullsub,DE_WR_27_21_7_14_SG,62.8,No,14,7,Yes,20,Insideclassroom,No,11_11,mirar,simple-finite
11,12,2019,Münster,LI,female,21,English,corre con el niño en sus manos a un cochecito,NA,agent,MC,D,NA,GI,Y,3,nullsub,DE_WR_27_21_7_14_SG,62.8,No,14,7,Yes,20,Insideclassroom,No,11_12,correr,simple-finite
11,13,2019,Münster,LI,female,21,English,y engaña a él en este.,NA,agent,MC,D,NA,GI,Y,3,nullsub,DE_WR_27_21_7_14_SG,62.8,No,14,7,Yes,20,Insideclassroom,No,11_13,engañar,simple-finite
11,14,2019,Münster,LI,female,21,English,Dice a una mujer,NA,agent,MC,D,NA,GI,Y,3,nullsub,DE_WR_27_21_7_14_SG,62.8,No,14,7,Yes,20,Insideclassroom,No,11_14,decir,simple-finite
11,15,2019,Münster,LI,female,21,English,"que está al lado del cochecito: [`Pardon me, you dropped something.`]",PRE,pacient,SC,D,DEF,GI,N,3,pron,DE_WR_27_21_7_14_SG,62.8,No,14,7,Yes,20,Insideclassroom,No,11_15,estar,simple-finite
11,16,2019,Münster,LI,female,21,English,La mujer se enfada,PRE,agent,MC,D,DEF,GI,Y,3,dp,DE_WR_27_21_7_14_SG,62.8,No,14,7,Yes,20,Insideclassroom,No,11_16,enfadarse,simple-finite
11,17,2019,Münster,LI,female,21,English,y Chaplin ve,NA,pacient,MC,D,NA,GI,N,3,nullsub,DE_WR_27_21_7_14_SG,62.8,No,14,7,Yes,20,Insideclassroom,No,11_17,ver,simple-finite
11,19,2019,Münster,LI,female,21,English,Toma el niño y coloca atrás a la calle.,NA,agent,MC,D,NA,GI,N,3,nullsub,DE_WR_27_21_7_14_SG,62.8,No,14,7,Yes,20,Insideclassroom,No,11_19,tomar,simple-finite
11,20,2019,Münster,LI,female,21,English,"Cuando vió un oficial,",NA,pacient,MC,D,NA,GI,Y,3,nullsub,DE_WR_27_21_7_14_SG,62.8,No,14,7,Yes,20,Insideclassroom,No,11_20,ver,simple-finite
11,21,2019,Münster,LI,female,21,English,tomó otra vez el niño,NA,agent,MC,D,NA,GI,Y,3,nullsub,DE_WR_27_21_7_14_SG,62.8,No,14,7,Yes,20,Insideclassroom,No,11_21,tomar,simple-finite
11,22,2019,Münster,LI,female,21,English,y se marcha.,NA,agent,MC,D,NA,GI,Y,3,nullsub,DE_WR_27_21_7_14_SG,62.8,No,14,7,Yes,20,Insideclassroom,No,11_22,marcharse,simple-finite
11,23,2019,Münster,LI,female,21,English,"En la calle se encuentra a un hombre viejo,",NA,pacient,MC,D,NA,GI,Y,3,nullsub,DE_WR_27_21_7_14_SG,62.8,No,14,7,Yes,20,Insideclassroom,No,11_23,encontrarse,simple-finite
11,24,2019,Münster,LI,female,21,English,da el niño a sus manos,NA,agent,MC,D,NA,GI,Y,3,nullsub,DE_WR_27_21_7_14_SG,62.8,No,14,7,Yes,20,Insideclassroom,No,11_24,dar,simple-finite
11,25,2019,Münster,LI,female,21,English,y sale corriendo.,NA,agent,MC,D,NA,GI,Y,3,nullsub,DE_WR_27_21_7_14_SG,62.8,No,14,7,Yes,20,Insideclassroom,No,11_25,salir,simple-finite
11,26,2019,Münster,LI,female,21,English,El hombre viejo engaña al niño otra vez en el chochecito.,PRE,agent,MC,D,DEF,GI,N,3,dp,DE_WR_27_21_7_14_SG,62.8,No,14,7,Yes,20,Insideclassroom,No,11_26,engañar,simple-finite
11,27,2019,Münster,LI,female,21,English,La mujer del bebé […] se enrabia,PRE,agent,MC,D,DEF,GI,N,3,dp,DE_WR_27_21_7_14_SG,62.8,No,14,7,Yes,20,Insideclassroom,No,11_27,enfadarse,simple-finite
11,28,2019,Münster,LI,female,21,English,que fue em el cochecito,NA,pacient,SC,D,NA,GI,N,3,nullsub,DE_WR_27_21_7_14_SG,62.8,No,14,7,Yes,20,Insideclassroom,No,11_28,ser,simple-finite
11,29,2019,Münster,LI,female,21,English,cuando vió el orto niño al lado de su hijo.,NA,pacient,SC,D,NA,GI,Y,3,nullsub,DE_WR_27_21_7_14_SG,62.8,No,14,7,Yes,20,Insideclassroom,No,11_29,ver,simple-finite
11,3,2019,Münster,LI,female,21,English,"Por siguiente, se cae algo de arriba",POST,pacient,MC,D,DEF,NE,N,3,pron,DE_WR_27_21_7_14_SG,62.8,No,14,7,Yes,20,Insideclassroom,No,11_3,caer,simple-finite
11,30,2019,Münster,LI,female,21,English,Chaplin pasa la chochecito,PRE,pacient,MC,D,DEF,GI,N,3,dp,DE_WR_27_21_7_14_SG,62.8,No,14,7,Yes,20,Insideclassroom,No,11_30,pasar,simple-finite
11,31,2019,Münster,LI,female,21,English,y la mujer va a la zaga de él.,PRE,agent,MC,D,DEF,GI,N,3,dp,DE_WR_27_21_7_14_SG,62.8,No,14,7,Yes,20,Insideclassroom,No,11_31,ir,simple-finite
11,32,2019,Münster,LI,female,21,English,Ella machaca a Chaplin,PRE,agent,MC,D,DEF,GI,Y,3,pron,DE_WR_27_21_7_14_SG,62.8,No,14,7,Yes,20,Insideclassroom,No,11_32,machacar,simple-finite
11,33,2019,Münster,LI,female,21,English,"y cuando el oficial cruza la calle,",PRE,agent,SC,D,DEF,GI,N,3,dp,DE_WR_27_21_7_14_SG,62.8,No,14,7,Yes,20,Insideclassroom,No,11_33,cruzar,simple-finite
11,34,2019,Münster,LI,female,21,English,Chaplin tomo otra vez el niño,PRE,agent,MC,D,DEF,GI,N,3,dp,DE_WR_27_21_7_14_SG,62.8,No,14,7,Yes,20,Insideclassroom,No,11_34,tomar,simple-finite
11,35,2019,Münster,LI,female,21,English,y se sentó a la calle con el niño en brazos.,NA,agent,MC,D,NA,GI,Y,3,nullsub,DE_WR_27_21_7_14_SG,62.8,No,14,7,Yes,20,Insideclassroom,No,11_35,sentarse,simple-finite
11,36,2019,Münster,LI,female,21,English,"De pronto, descubre un papel en la manta del bebé.",NA,pacient,MC,D,NA,GI,Y,3,nullsub,DE_WR_27_21_7_14_SG,62.8,No,14,7,Yes,20,Insideclassroom,No,11_36,descubrir,simple-finite
11,37,2019,Münster,LI,female,21,English,Enchufa al papel,NA,agent,MC,D,NA,GI,Y,3,nullsub,DE_WR_27_21_7_14_SG,62.8,No,14,7,Yes,20,Insideclassroom,No,11_37,enchufar,simple-finite
11,38,2019,Münster,LI,female,21,English,y se va con el niño el sus manos.,NA,agent,MC,D,NA,GI,Y,3,nullsub,DE_WR_27_21_7_14_SG,62.8,No,14,7,Yes,20,Insideclassroom,No,11_38,irse,simple-finite
11,4,2019,Münster,LI,female,21,English,y acerta Chaplin en su cabeza.,NA,agent,MC,D,NA,GI,Y,3,nullsub,DE_WR_27_21_7_14_SG,62.8,No,14,7,Yes,20,Insideclassroom,No,11_4,acertar,simple-finite
11,5,2019,Münster,LI,female,21,English,Chaplin saca una caja de cigarettos de su bolsillo,PRE,agent,MC,D,DEF,GI,N,3,dp,DE_WR_27_21_7_14_SG,62.8,No,14,7,Yes,20,Insideclassroom,No,11_5,sacar,simple-finite
11,6,2019,Münster,LI,female,21,English,y encenerla.,NA,agent,MC,D,NA,GI,Y,3,nullsub,DE_WR_27_21_7_14_SG,62.8,No,14,7,Yes,20,Insideclassroom,No,11_6,encender,simple-finite
11,7,2019,Münster,LI,female,21,English,Después tira sus guantes en un cuba.,NA,agent,MC,D,NA,GI,Y,3,nullsub,DE_WR_27_21_7_14_SG,62.8,No,14,7,Yes,20,Insideclassroom,No,11_7,tirar,simple-finite
11,8,2019,Münster,LI,female,21,English,"De repente, vió a un bebé",NA,pacient,MC,D,NA,GI,Y,3,nullsub,DE_WR_27_21_7_14_SG,62.8,No,14,7,Yes,20,Insideclassroom,No,11_8,ver,simple-finite
11,9,2019,Münster,LI,female,21,English,que esta emplazado en la calle en una manta.,PRE,pacient,MC,D,DEF,GI,N,3,pron,DE_WR_27_21_7_14_SG,62.8,No,14,7,Yes,20,Insideclassroom,No,11_9,estar,simple-finite
12,1,2019,Münster,LI,female,21,English,Ese vídeo trata de Charlie Chaplin y un bebé,PRE,pacient,MC,D,DEF,NE,N,3,dp,DE_WR_28_21_5_14_MZ,65.1,No,16,5,Yes,5,Insideclassroom,No,12_1,tratar,simple-finite
12,10,2019,Münster,LI,female,21,English,pero la mujer se enfadarse,PRE,agent,MC,D,DEF,GI,N,3,dp,DE_WR_28_21_5_14_MZ,65.1,No,16,5,Yes,5,Insideclassroom,No,12_10,enfadarse,simple-finite
12,11,2019,Münster,LI,female,21,English,y por eso Charlie tiene que cogerlo otra vez.,PRE,agent,MC,D,DEF,GI,N,3,dp,DE_WR_28_21_5_14_MZ,65.1,No,16,5,Yes,5,Insideclassroom,No,12_11,coger,modal
12,12,2019,Münster,LI,female,21,English,Después el quiere poner el bebé,PRE,agent,MC,D,DEF,GI,Y,3,pron,DE_WR_28_21_5_14_MZ,65.1,No,16,5,Yes,5,Insideclassroom,No,12_12,poner,modal
12,13,2019,Münster,LI,female,21,English,donde el le encontró,PRE,agent,SC,D,DEF,GI,Y,3,pron,DE_WR_28_21_5_14_MZ,65.1,No,16,5,Yes,5,Insideclassroom,No,12_13,encontrar,simple-finite
12,14,2019,Münster,LI,female,21,English,pero la policía lo ve,PRE,pacient,MC,D,DEF,NE,N,3,dp,DE_WR_28_21_5_14_MZ,65.1,No,16,5,Yes,5,Insideclassroom,No,12_14,ver,simple-finite
12,15,2019,Münster,LI,female,21,English,y el tiene que traer bebé.,PRE,agent,MC,D,DEF,GI,N,3,pron,DE_WR_28_21_5_14_MZ,65.1,No,16,5,Yes,5,Insideclassroom,No,12_15,traer,modal
12,16,2019,Münster,LI,female,21,English,A causa de una trampa el da el bebé a un hombre extraño,PRE,agent,MC,D,DEF,GI,Y,3,pron,DE_WR_28_21_5_14_MZ,65.1,No,16,5,Yes,5,Insideclassroom,No,12_16,dar,simple-finite
12,17,2019,Münster,LI,female,21,English,y el fui.,PRE,pacient,MC,D,DEF,GI,Y,3,pron,DE_WR_28_21_5_14_MZ,65.1,No,16,5,Yes,5,Insideclassroom,No,12_17,ser,simple-finite
12,18,2019,Münster,LI,female,21,English,El hombre no quiere el bebé tampoco,PRE,agent,MC,D,DEF,GI,N,3,dp,DE_WR_28_21_5_14_MZ,65.1,No,16,5,Yes,5,Insideclassroom,No,12_18,querer,simple-finite
12,19,2019,Münster,LI,female,21,English,y por eso el le pone en el coche de niños de la mujer del principio.,PRE,agent,MC,D,DEF,GI,Y,3,pron,DE_WR_28_21_5_14_MZ,65.1,No,16,5,Yes,5,Insideclassroom,No,12_19,poner,simple-finite
12,2,2019,Münster,LI,female,21,English,que el encontró en un sitio abandonado.,PRE,agent,SC,D,DEF,GI,Y,3,pron,DE_WR_28_21_5_14_MZ,65.1,No,16,5,Yes,5,Insideclassroom,No,12_2,encontrar,simple-finite
12,20,2019,Münster,LI,female,21,English,Charlie pasa la mujer,PRE,pacient,MC,D,DEF,GI,N,3,dp,DE_WR_28_21_5_14_MZ,65.1,No,16,5,Yes,5,Insideclassroom,No,12_20,pasar,simple-finite
12,21,2019,Münster,LI,female,21,English,y ella se enfada otra vez,PRE,agent,MC,D,DEF,GI,N,3,pron,DE_WR_28_21_5_14_MZ,65.1,No,16,5,Yes,5,Insideclassroom,No,12_21,enfadarse,simple-finite
12,22,2019,Münster,LI,female,21,English,y Charlie va con el bebé en una calle.,PRE,agent,MC,D,DEF,GI,N,3,dp,DE_WR_28_21_5_14_MZ,65.1,No,16,5,Yes,5,Insideclassroom,No,12_22,ir,simple-finite
12,23,2019,Münster,LI,female,21,English,Al final el encontró una carta,PRE,agent,MC,D,DEF,GI,Y,3,pron,DE_WR_28_21_5_14_MZ,65.1,No,16,5,Yes,5,Insideclassroom,No,12_23,encontrar,simple-finite
12,25,2019,Münster,LI,female,21,English,que llevó el bebé.,PRE,pacient,SC,D,DEF,GI,N,3,pron,DE_WR_28_21_5_14_MZ,65.1,No,16,5,Yes,5,Insideclassroom,No,12_25,llevar,simple-finite
12,26,2019,Münster,LI,female,21,English,Por eso el ame el bebé,PRE,agent,MC,D,DEF,GI,Y,3,pron,DE_WR_28_21_5_14_MZ,65.1,No,16,5,Yes,5,Insideclassroom,No,12_26,amar,simple-finite
12,27,2019,Münster,LI,female,21,English,y el de fue.,PRE,agent,MC,D,DEF,GI,Y,3,pron,DE_WR_28_21_5_14_MZ,65.1,No,16,5,Yes,5,Insideclassroom,No,12_27,irse,simple-finite
12,3,2019,Münster,LI,female,21,English,El quiere desprender el bebé,PRE,agent,MC,D,DEF,GI,Y,3,pron,DE_WR_28_21_5_14_MZ,65.1,No,16,5,Yes,5,Insideclassroom,No,12_3,desprender,simple-finite
12,4,2019,Münster,LI,female,21,English,y lo hace en maneras diversas.,NA,agent,MC,D,NA,GI,Y,3,nullsub,DE_WR_28_21_5_14_MZ,65.1,No,16,5,Yes,5,Insideclassroom,No,12_4,hacer,simple-finite
12,5,2019,Münster,LI,female,21,English,Por principio el ve,PRE,pacient,MC,D,DEF,GI,Y,3,pron,DE_WR_28_21_5_14_MZ,65.1,No,16,5,Yes,5,Insideclassroom,No,12_5,ver,simple-finite
12,6,2019,Münster,LI,female,21,English,que una mujer con un coche de niños viene.,PRE,pacient,SC,D,INDEF,NE,N,3,dp,DE_WR_28_21_5_14_MZ,65.1,No,16,5,Yes,5,Insideclassroom,No,12_6,venir,simple-finite
12,7,2019,Münster,LI,female,21,English,El quiere darla el bebé,PRE,agent,MC,D,DEF,GI,N,3,pron,DE_WR_28_21_5_14_MZ,65.1,No,16,5,Yes,5,Insideclassroom,No,12_7,dar,simple-finite
12,8,2019,Münster,LI,female,21,English,y dice,NA,agent,MC,D,NA,GI,Y,3,nullsub,DE_WR_28_21_5_14_MZ,65.1,No,16,5,Yes,5,Insideclassroom,No,12_8,decir,simple-finite
12,9,2019,Münster,LI,female,21,English,que se cae algo.,POST,pacient,SC,D,DEF,GI,N,3,pron,DE_WR_28_21_5_14_MZ,65.1,No,16,5,Yes,5,Insideclassroom,No,12_9,caer,simple-finite
13,1,2019,Frankfurt,LI,male,28,French,"En este clip de vídeo, Charlie Chaplin da un paseo en una calle sucia.",PRE,agent,MC,D,DEF,NE,N,3,dp,DE_WR_28_28_1_14_GPT,65.1,No,28,1,Yes,20,Outsideclassroom,No,13_1,dar,periphrasis-lexical
13,10,2019,Frankfurt,LI,male,28,French,ella está furiosa y confronta Charlie Chaplin.,PRE,pacient,MC,D,DEF,GI,Y,3,pron,DE_WR_28_28_1_14_GPT,65.1,No,28,1,Yes,20,Outsideclassroom,No,13_10,estar,simple-finite
13,11,2019,Frankfurt,LI,male,28,French,Por último Charlie Chaplin mantiene solamente con el bebé.,PRE,agent,MC,D,DEF,GI,N,3,dp,DE_WR_28_28_1_14_GPT,65.1,No,28,1,Yes,20,Outsideclassroom,No,13_11,mantener,simple-finite
13,2,2019,Frankfurt,LI,male,28,French,Le encuentro un bebé,NA,agent,MC,D,NA,GI,Y,3,nullsub,DE_WR_28_28_1_14_GPT,65.1,No,28,1,Yes,20,Outsideclassroom,No,13_2,encontrar,simple-finite
13,3,2019,Frankfurt,LI,male,28,French,y intento de dar el bebé á una madre,NA,agent,MC,D,NA,GI,N,3,nullsub,DE_WR_28_28_1_14_GPT,65.1,No,28,1,Yes,20,Outsideclassroom,No,13_3,intentar,infinitive
13,4,2019,Frankfurt,LI,male,28,French,que paseo por el parque con su niño.,PRE,agent,SC,D,DEF,GI,N,3,pron,DE_WR_28_28_1_14_GPT,65.1,No,28,1,Yes,20,Outsideclassroom,No,13_4,pasear,simple-finite
13,5,2019,Frankfurt,LI,male,28,French,La madre rechaza,PRE,agent,MC,D,DEF,GI,Y,3,dp,DE_WR_28_28_1_14_GPT,65.1,No,28,1,Yes,20,Outsideclassroom,No,13_5,rechazar,simple-finite
13,6,2019,Frankfurt,LI,male,28,French,y Chaplin da el bebé a un hombre.,PRE,agent,MC,D,DEF,GI,N,3,dp,DE_WR_28_28_1_14_GPT,65.1,No,28,1,Yes,20,Outsideclassroom,No,13_6,dar,simple-finite
13,7,2019,Frankfurt,LI,male,28,French,Este hombre ve el coche de bebé de la mujer con su niño,PRE,pacient,MC,D,DEF,GI,N,3,dp,DE_WR_28_28_1_14_GPT,65.1,No,28,1,Yes,20,Outsideclassroom,No,13_7,ver,simple-finite
13,8,2019,Frankfurt,LI,male,28,French,y intento de dar el bebé antes de correr.,PRE,agent,MC,D,NA,GI,Y,3,nullsub,DE_WR_28_28_1_14_GPT,65.1,No,28,1,Yes,20,Outsideclassroom,No,13_8,intentar,infinitive
13,9,2019,Frankfurt,LI,male,28,French,"Cuando la mujer ve el bebé,",PRE,pacient,MC,D,DEF,GI,N,3,dp,DE_WR_28_28_1_14_GPT,65.1,No,28,1,Yes,20,Outsideclassroom,No,13_9,ver,simple-finite
14,1,2022,Innsbruck,UI,female,21,English,Chaplin va a un calle.,PRE,agent,MC,D,DEF,NE,N,4,dp,DE_WR_29_21_3_14_SN,67.4,No,16,3,No,900,Outsideclassroom,No,14_1,ir,simple-finite
14,10,2022,Innsbruck,UI,female,21,English,y la mujer se va.,PRE,agent,MC,D,DEF,GI,N,4,dp,DE_WR_29_21_3_14_SN,67.4,No,16,3,No,900,Outsideclassroom,No,14_10,irse,simple-finite
14,11,2022,Innsbruck,UI,female,21,English,Despues Chaplin pone el bebé en el calle,PRE,agent,MC,D,DEF,GI,N,4,dp,DE_WR_29_21_3_14_SN,67.4,No,16,3,No,900,Outsideclassroom,No,14_11,poner,simple-finite
14,12,2022,Innsbruck,UI,female,21,English,pero la policia viene,PRE,pacient,MC,D,DEF,NE,N,4,dp,DE_WR_29_21_3_14_SN,67.4,No,16,3,No,900,Outsideclassroom,No,14_12,venir,simple-finite
14,13,2022,Innsbruck,UI,female,21,English,y Chaplin tiene tomar el bebé.,PRE,agent,MC,D,DEF,GI,N,4,dp,DE_WR_29_21_3_14_SN,67.4,No,16,3,No,900,Outsideclassroom,No,14_13,tomar,simple-finite
14,14,2022,Innsbruck,UI,female,21,English,El lo da a un hombre y corre.,PRE,agent,MC,D,DEF,GI,Y,4,pron,DE_WR_29_21_3_14_SN,67.4,No,16,3,No,900,Outsideclassroom,No,14_14,dar,simple-finite
14,15,2022,Innsbruck,UI,female,21,English,El hombre pone el bebé a la mujer,PRE,agent,MC,D,DEF,GI,N,4,dp,DE_WR_29_21_3_14_SN,67.4,No,16,3,No,900,Outsideclassroom,No,14_15,poner,simple-finite
14,16,2022,Innsbruck,UI,female,21,English,que Chaplin ha intentado dar el bebé.,PRE,agent,SC,D,DEF,GI,N,4,dp,DE_WR_29_21_3_14_SN,67.4,No,16,3,No,900,Outsideclassroom,No,14_16,intentar,simple-finite
14,17,2022,Innsbruck,UI,female,21,English,Chaplin y la mujer encontran,PRE,agent,MC,D,DEF,GI,Y,4,dp,DE_WR_29_21_3_14_SN,67.4,No,16,3,No,900,Outsideclassroom,No,14_17,encontrar,simple-finite
14,18,2022,Innsbruck,UI,female,21,English,y el deba tomar el bebé.,PRE,agent,MC,D,DEF,GI,Y,4,pron,DE_WR_29_21_3_14_SN,67.4,No,16,3,No,900,Outsideclassroom,No,14_18,tomar,modal
14,19,2022,Innsbruck,UI,female,21,English,Despues esta en el calle con el bebé,NA,pacient,MC,D,NA,GI,Y,4,nullsub,DE_WR_29_21_3_14_SN,67.4,No,16,3,No,900,Outsideclassroom,No,14_19,estar,simple-finite
14,2,2022,Innsbruck,UI,female,21,English,Personas echan cosas en le.,PRE,agent,MC,D,INDEF,NE,N,4,dp,DE_WR_29_21_3_14_SN,67.4,No,16,3,No,900,Outsideclassroom,No,14_2,echar,simple-finite
14,20,2022,Innsbruck,UI,female,21,English,y encontra una carta a el bebé,NA,agent,MC,D,NA,GI,Y,4,nullsub,DE_WR_29_21_3_14_SN,67.4,No,16,3,No,900,Outsideclassroom,No,14_20,encontrar,simple-finite
14,21,2022,Innsbruck,UI,female,21,English,que dice,PRE,agent,SC,D,DEF,GI,N,4,pron,DE_WR_29_21_3_14_SN,67.4,No,16,3,No,900,Outsideclassroom,No,14_21,decir,simple-finite
14,22,2022,Innsbruck,UI,female,21,English,el debe amar el bebé.,PRE,agent,MC,D,DEF,GI,N,4,pron,DE_WR_29_21_3_14_SN,67.4,No,16,3,No,900,Outsideclassroom,No,14_22,amar,modal
14,23,2022,Innsbruck,UI,female,21,English,Chaplin se va con el bebé.,PRE,agent,MC,D,DEF,GI,Y,4,dp,DE_WR_29_21_3_14_SN,67.4,No,16,3,No,900,Outsideclassroom,No,14_23,irse,simple-finite
14,3,2022,Innsbruck,UI,female,21,English,Entonces toma un cigarro,NA,agent,MC,D,NA,GI,N,4,nullsub,DE_WR_29_21_3_14_SN,67.4,No,16,3,No,900,Outsideclassroom,No,14_3,tomar,simple-finite
14,4,2022,Innsbruck,UI,female,21,English,y encender lo con su zapato.,NA,agent,MC,D,NA,GI,Y,4,nullsub,DE_WR_29_21_3_14_SN,67.4,No,16,3,No,900,Outsideclassroom,No,14_4,encender,simple-finite
14,5,2022,Innsbruck,UI,female,21,English,El tira sus guantes.,PRE,agent,MC,D,DEF,GI,Y,4,pron,DE_WR_29_21_3_14_SN,67.4,No,16,3,No,900,Outsideclassroom,No,14_5,tirar,simple-finite
14,6,2022,Innsbruck,UI,female,21,English,Despues el encontra a  un bebé.,PRE,agent,MC,D,DEF,GI,Y,4,pron,DE_WR_29_21_3_14_SN,67.4,No,16,3,No,900,Outsideclassroom,No,14_6,encontrar,simple-finite
14,7,2022,Innsbruck,UI,female,21,English,El ententa dar el bebe a una mujer,PRE,agent,MC,D,DEF,GI,Y,4,pron,DE_WR_29_21_3_14_SN,67.4,No,16,3,No,900,Outsideclassroom,No,14_7,intentar,infinitive
14,8,2022,Innsbruck,UI,female,21,English,pero ella no quiero lo.,PRE,agent,MC,D,DEF,GI,N,4,pron,DE_WR_29_21_3_14_SN,67.4,No,16,3,No,900,Outsideclassroom,No,14_8,querer,simple-finite
14,9,2022,Innsbruck,UI,female,21,English,Chaplin toma el bebé nuevamente,PRE,agent,MC,D,DEF,GI,N,4,dp,DE_WR_29_21_3_14_SN,67.4,No,16,3,No,900,Outsideclassroom,No,14_9,tomar,simple-finite
15,1,2018,Hamburg,UI,male,21,English,"Chaplin va en un calle, al lado de una casa.",PRE,agent,MC,D,DEF,NE,N,4,dp,DE_WR_30_21_4_14_LM,69.8,No,17,4,No,15,Outsideclassroom,No,15_1,ir,simple-finite
15,10,2018,Hamburg,UI,male,21,English,y chaplin va a la con el bebe.,PRE,agent,MC,D,DEF,GI,N,4,dp,DE_WR_30_21_4_14_LM,69.8,No,17,4,No,15,Outsideclassroom,No,15_10,ir,simple-finite
15,11,2018,Hamburg,UI,male,21,English,Chaplin da el bebe a la mujer.,PRE,agent,MC,D,DEF,GI,Y,4,dp,DE_WR_30_21_4_14_LM,69.8,No,17,4,No,15,Outsideclassroom,No,15_11,dar,simple-finite
15,12,2018,Hamburg,UI,male,21,English,La mujer no quiere el bebe,PRE,agent,MC,D,DEF,GI,N,4,dp,DE_WR_30_21_4_14_LM,69.8,No,17,4,No,15,Outsideclassroom,No,15_12,querer,simple-finite
15,13,2018,Hamburg,UI,male,21,English,proque no es ella.,POST,pacient,SC,D,DEF,GI,N,4,pron,DE_WR_30_21_4_14_LM,69.8,No,17,4,No,15,Outsideclassroom,No,15_13,ser,simple-finite
15,14,2018,Hamburg,UI,male,21,English,Entonce chaplin pone el bebe en el tierra de nuevo.,PRE,agent,MC,D,DEF,GI,N,4,dp,DE_WR_30_21_4_14_LM,69.8,No,17,4,No,15,Outsideclassroom,No,15_14,poner,simple-finite
15,15,2018,Hamburg,UI,male,21,English,Un policista aperece,PRE,pacient,MC,D,INDEF,NE,N,4,dp,DE_WR_30_21_4_14_LM,69.8,No,17,4,No,15,Outsideclassroom,No,15_15,aparecer,simple-finite
15,16,2018,Hamburg,UI,male,21,English,y miraba,NA,agent,MC,D,NA,GI,Y,4,nullsub,DE_WR_30_21_4_14_LM,69.8,No,17,4,No,15,Outsideclassroom,No,15_16,mirar,simple-finite
15,17,2018,Hamburg,UI,male,21,English,que chaplin hizo.,PRE,agent,SC,D,DEF,GI,N,4,dp,DE_WR_30_21_4_14_LM,69.8,No,17,4,No,15,Outsideclassroom,No,15_17,hacer,simple-finite
15,18,2018,Hamburg,UI,male,21,English,Pues recoge el bebe,NA,agent,MC,D,NA,GI,N,4,nullsub,DE_WR_30_21_4_14_LM,69.8,No,17,4,No,15,Outsideclassroom,No,15_18,recoger,simple-finite
15,19,2018,Hamburg,UI,male,21,English,y sale.,NA,agent,MC,D,NA,GI,Y,4,nullsub,DE_WR_30_21_4_14_LM,69.8,No,17,4,No,15,Outsideclassroom,No,15_19,salir,simple-finite
15,2,2018,Hamburg,UI,male,21,English,De repente una cosa paso,PRE,pacient,MC,D,INDEF,NE,N,4,dp,DE_WR_30_21_4_14_LM,69.8,No,17,4,No,15,Outsideclassroom,No,15_2,pasar,simple-finite
15,20,2018,Hamburg,UI,male,21,English,Entonces chaplin da el bebe a un anciano,PRE,agent,MC,D,DEF,GI,Y,4,dp,DE_WR_30_21_4_14_LM,69.8,No,17,4,No,15,Outsideclassroom,No,15_20,dar,simple-finite
15,3,2018,Hamburg,UI,male,21,English,y chaplin esta furioso.,PRE,pacient,MC,D,DEF,GI,N,4,dp,DE_WR_30_21_4_14_LM,69.8,No,17,4,No,15,Outsideclassroom,No,15_3,estar,simple-finite
15,4,2018,Hamburg,UI,male,21,English,Una carta aperece con el frase [''Akward Ass''],PRE,pacient,MC,D,INDEF,NE,N,4,dp,DE_WR_30_21_4_14_LM,69.8,No,17,4,No,15,Outsideclassroom,No,15_4,aparecer,simple-finite
15,5,2018,Hamburg,UI,male,21,English,Busca un cigarillo,NA,agent,MC,D,NA,GI,N,4,nullsub,DE_WR_30_21_4_14_LM,69.8,No,17,4,No,15,Outsideclassroom,No,15_5,buscar,simple-finite
15,6,2018,Hamburg,UI,male,21,English,y empeza a fumar.,NA,agent,MC,D,NA,GI,Y,4,nullsub,DE_WR_30_21_4_14_LM,69.8,No,17,4,No,15,Outsideclassroom,No,15_6,empezar,simple-finite
15,7,2018,Hamburg,UI,male,21,English,Entonces encontra un bebe,NA,agent,MC,D,NA,GI,Y,4,nullsub,DE_WR_30_21_4_14_LM,69.8,No,17,4,No,15,Outsideclassroom,No,15_7,encontrar,simple-finite
15,8,2018,Hamburg,UI,male,21,English,que esta sentiendo en el tierra.,PRE,agent,SC,D,DEF,GI,N,4,pron,DE_WR_30_21_4_14_LM,69.8,No,17,4,No,15,Outsideclassroom,No,15_8,sentir,periphrasis-gerund
15,9,2018,Hamburg,UI,male,21,English,Una mujer aperece,PRE,pacient,MC,D,INDEF,NE,N,4,dp,DE_WR_30_21_4_14_LM,69.8,No,17,4,No,15,Outsideclassroom,No,15_9,aparecer,simple-finite
16,1,2019,Münster,UI,female,20,Greek,Al principio de este video pequeño se muestra el caracter principal,POST,pacient,MC,D,DEF,NE,N,4,dp,DE_WR_31_20_4_14_EK,72.1,Yes,15,4,Yes,20,Insideclassroom,Yes,16_1,mostrarse,simple-finite
16,10,2019,Münster,UI,female,20,Greek,de dónde es este bebé [...],POST,pacient,SC,I,DEF,GI,N,4,dp,DE_WR_31_20_4_14_EK,72.1,Yes,15,4,Yes,20,Insideclassroom,Yes,16_10,ser,simple-finite
16,11,2019,Münster,UI,female,20,Greek,"que parece muy joven,",PRE,pacient,SC,D,DEF,GI,Y,4,pron,DE_WR_31_20_4_14_EK,72.1,Yes,15,4,Yes,20,Insideclassroom,Yes,16_11,parecer,simple-finite
16,12,2019,Münster,UI,female,20,Greek,pero en el primer momento no puede encontrar nadie.,NA,agent,MC,D,NA,GI,N,4,nullsub,DE_WR_31_20_4_14_EK,72.1,Yes,15,4,Yes,20,Insideclassroom,Yes,16_12,encontrar,modal
16,13,2019,Münster,UI,female,20,Greek,Charles Chaplin recoge el bebé,PRE,agent,MC,D,DEF,GI,Y,4,dp,DE_WR_31_20_4_14_EK,72.1,Yes,15,4,Yes,20,Insideclassroom,Yes,16_13,recoger,simple-finite
16,14,2019,Münster,UI,female,20,Greek,cuando una mujer con un cochecito pasa por su espalda.,PRE,pacient,SC,D,INDEF,NE,N,4,dp,DE_WR_31_20_4_14_EK,72.1,Yes,15,4,Yes,20,Insideclassroom,Yes,16_14,pasar,simple-finite
16,15,2019,Münster,UI,female,20,Greek,Chaplin aprovecha el momente,PRE,agent,MC,D,DEF,GI,N,4,dp,DE_WR_31_20_4_14_EK,72.1,Yes,15,4,Yes,20,Insideclassroom,Yes,16_15,aprovechar,simple-finite
16,16,2019,Münster,UI,female,20,Greek,durante el que la mujer no mira al cochecito,PRE,agent,SC,D,DEF,GI,N,4,dp,DE_WR_31_20_4_14_EK,72.1,Yes,15,4,Yes,20,Insideclassroom,Yes,16_16,mirar,simple-finite
16,17,2019,Münster,UI,female,20,Greek,y pone el bebé aquí.,NA,agent,MC,D,NA,GI,N,4,nullsub,DE_WR_31_20_4_14_EK,72.1,Yes,15,4,Yes,20,Insideclassroom,Yes,16_17,poner,simple-finite
16,18,2019,Münster,UI,female,20,Greek,"Pero sus planen no funcionaban,",PRE,agent,MC,D,DEF,NE,N,4,dp,DE_WR_31_20_4_14_EK,72.1,Yes,15,4,Yes,20,Insideclassroom,Yes,16_18,funcionar,simple-finite
16,19,2019,Münster,UI,female,20,Greek,la mujer se pone enfandada,PRE,agent,MC,D,DEF,GI,N,4,dp,DE_WR_31_20_4_14_EK,72.1,Yes,15,4,Yes,20,Insideclassroom,Yes,16_19,ponerse,periphrasis-lexical
16,20,2019,Münster,UI,female,20,Greek,porque no es el suyo,NA,pacient,SC,D,NA,GI,N,4,nullsub,DE_WR_31_20_4_14_EK,72.1,Yes,15,4,Yes,20,Insideclassroom,Yes,16_20,ser,simple-finite
16,21,2019,Münster,UI,female,20,Greek,y al finla de esta acción Chaplin ya tiene el bebé.,PRE,pacient,MC,D,DEF,GI,N,4,dp,DE_WR_31_20_4_14_EK,72.1,Yes,15,4,Yes,20,Insideclassroom,Yes,16_21,tener,simple-finite
16,22,2019,Münster,UI,female,20,Greek,La historia continua con Chaplin,PRE,agent,MC,D,DEF,NE,N,4,dp,DE_WR_31_20_4_14_EK,72.1,Yes,15,4,Yes,20,Insideclassroom,Yes,16_22,continuar,simple-finite
16,24,2019,Münster,UI,female,20,Greek,donde lo encontró,NA,agent,SC,D,NA,GI,Y,4,nullsub,DE_WR_31_20_4_14_EK,72.1,Yes,15,4,Yes,20,Insideclassroom,Yes,16_24,encontrar,simple-finite
16,25,2019,Münster,UI,female,20,Greek,y un hombre con un uniforme lo ve,PRE,pacient,MC,D,INDEF,NE,N,4,dp,DE_WR_31_20_4_14_EK,72.1,Yes,15,4,Yes,20,Insideclassroom,Yes,16_25,ver,simple-finite
16,26,2019,Münster,UI,female,20,Greek,y Chaplin tiene que quedar con eso.,PRE,pacient,MC,D,DEF,GI,N,4,dp,DE_WR_31_20_4_14_EK,72.1,Yes,15,4,Yes,20,Insideclassroom,Yes,16_26,tener,simple-finite
16,27,2019,Münster,UI,female,20,Greek,Darlo a un hombre ajeno,NA,agent,MC,D,NA,GI,Y,4,nullsub,DE_WR_31_20_4_14_EK,72.1,Yes,15,4,Yes,20,Insideclassroom,Yes,16_27,dar,simple-finite
16,28,2019,Münster,UI,female,20,Greek,pero él lo pone otra vez en el cochecito de la misma mujer.,PRE,agent,MC,D,DEF,GI,Y,4,pron,DE_WR_31_20_4_14_EK,72.1,Yes,15,4,Yes,20,Insideclassroom,Yes,16_28,poner,simple-finite
16,29,2019,Münster,UI,female,20,Greek,Al final Chaplin queda con el bebé,PRE,agent,MC,D,DEF,GI,Y,4,dp,DE_WR_31_20_4_14_EK,72.1,Yes,15,4,Yes,20,Insideclassroom,Yes,16_29,quedar,simple-finite
16,3,2019,Münster,UI,female,20,Greek,Eso parece como un escenario consabido,PRE,pacient,MC,D,INDEF,NE,N,4,dp,DE_WR_31_20_4_14_EK,72.1,Yes,15,4,Yes,20,Insideclassroom,Yes,16_3,parece,simple-finite
16,30,2019,Münster,UI,female,20,Greek,porque encuentra un papelito,NA,agent,SC,D,NA,GI,Y,4,nullsub,DE_WR_31_20_4_14_EK,72.1,Yes,15,4,Yes,20,Insideclassroom,Yes,16_30,encontrar,simple-finite
16,32,2019,Münster,UI,female,20,Greek,que necesita amor.,NA,agent,SC,D,NA,GI,N,4,nullsub,DE_WR_31_20_4_14_EK,72.1,Yes,15,4,Yes,20,Insideclassroom,Yes,16_32,necesitar,simple-finite
16,4,2019,Münster,UI,female,20,Greek,"porque busca algo para fumar en su chaqueta,",NA,agent,SC,D,NA,GI,N,4,nullsub,DE_WR_31_20_4_14_EK,72.1,Yes,15,4,Yes,20,Insideclassroom,Yes,16_4,buscar,simple-finite
16,5,2019,Münster,UI,female,20,Greek,"quita sus guantes,",NA,agent,MC,D,NA,GI,Y,4,nullsub,DE_WR_31_20_4_14_EK,72.1,Yes,15,4,Yes,20,Insideclassroom,Yes,16_5,quitar,simple-finite
16,6,2019,Münster,UI,female,20,Greek,encende un fósforo con la ayuda de sus zapatos,NA,agent,MC,D,NA,GI,Y,4,nullsub,DE_WR_31_20_4_14_EK,72.1,Yes,15,4,Yes,20,Insideclassroom,Yes,16_6,encender,simple-finite
16,7,2019,Münster,UI,female,20,Greek,al final tira sus guantes para empezar fumar.,NA,agent,MC,D,NA,GI,Y,4,nullsub,DE_WR_31_20_4_14_EK,72.1,Yes,15,4,Yes,20,Insideclassroom,Yes,16_7,tirar,simple-finite
16,8,2019,Münster,UI,female,20,Greek,En este momento encuentra un bebé al lado de un cubo de la basura.,NA,agent,MC,D,NA,GI,Y,4,nullsub,DE_WR_31_20_4_14_EK,72.1,Yes,15,4,Yes,20,Insideclassroom,Yes,16_8,encontrar,simple-finite
16,9,2019,Münster,UI,female,20,Greek,Para descubrir […] mira alrededor,NA,pacient,MC,D,NA,GI,Y,4,nullsub,DE_WR_31_20_4_14_EK,72.1,Yes,15,4,Yes,20,Insideclassroom,Yes,16_9,descubrir,simple-finite
17,1,2018,Bremen,UI,female,24,English,Charles caminó por la calle,PRE,agent,MC,D,DEF,NE,N,4,dp,DE_WR_31_24_7_14_AP,72.1,No,16,7,Yes,5,Outsideclassroom,No,17_1,caminar,simple-finite
17,10,2018,Bremen,UI,female,24,English,Pelearon,NA,agent,MC,D,NA,GI,N,4,nullsub,DE_WR_31_24_7_14_AP,72.1,No,16,7,Yes,5,Outsideclassroom,No,17_10,pelear,simple-finite
17,11,2018,Bremen,UI,female,24,English,hasta que tenía que sacar el bebé del carro.,NA,agent,SC,D,NA,GI,N,4,nullsub,DE_WR_31_24_7_14_AP,72.1,No,16,7,Yes,5,Outsideclassroom,No,17_11,sacar,modal
17,12,2018,Bremen,UI,female,24,English,Quería dejar el bebé,NA,agent,MC,D,NA,GI,Y,4,nullsub,DE_WR_31_24_7_14_AP,72.1,No,16,7,Yes,5,Outsideclassroom,No,17_12,dejar,modal
17,13,2018,Bremen,UI,female,24,English,donde lo encontro,NA,agent,SC,D,NA,GI,Y,4,nullsub,DE_WR_31_24_7_14_AP,72.1,No,16,7,Yes,5,Outsideclassroom,No,17_13,encontrar,simple-finite
17,14,2018,Bremen,UI,female,24,English,pero vino un policia,POST,pacient,MC,D,INDEF,NE,N,4,dp,DE_WR_31_24_7_14_AP,72.1,No,16,7,Yes,5,Outsideclassroom,No,17_14,venir,simple-finite
17,15,2018,Bremen,UI,female,24,English,que pensó,PRE,agent,SC,D,DEF,GI,Y,4,pron,DE_WR_31_24_7_14_AP,72.1,No,16,7,Yes,5,Outsideclassroom,No,17_15,pensar,simple-finite
17,16,2018,Bremen,UI,female,24,English,que el iba a dejar su bebé abandonado en la calle.,PRE,agent,SC,D,DEF,GI,N,4,pron,DE_WR_31_24_7_14_AP,72.1,No,16,7,Yes,5,Outsideclassroom,No,17_16,dejar,periphrasis-lexical
17,17,2018,Bremen,UI,female,24,English,Llevó el ninyo,NA,pacient,MC,D,NA,GI,Y,4,nullsub,DE_WR_31_24_7_14_AP,72.1,No,16,7,Yes,5,Outsideclassroom,No,17_17,llevar,simple-finite
17,18,2018,Bremen,UI,female,24,English,y intento de dejarlo con otras personas en varias maneras.,NA,agent,MC,D,NA,GI,Y,4,nullsub,DE_WR_31_24_7_14_AP,72.1,No,16,7,Yes,5,Outsideclassroom,No,17_18,intentar,infinitive
17,19,2018,Bremen,UI,female,24,English,Siempre volvio a estar con el bebé.,NA,agent,MC,D,NA,GI,Y,4,nullsub,DE_WR_31_24_7_14_AP,72.1,No,16,7,Yes,5,Outsideclassroom,No,17_19,estar,periphrasis-lexical
17,2,2018,Bremen,UI,female,24,English,mientras varias cosas cayaron de las casas.,PRE,pacient,SC,D,INDEF,NE,N,4,dp,DE_WR_31_24_7_14_AP,72.1,No,16,7,Yes,5,Outsideclassroom,No,17_2,caer,simple-finite
17,20,2018,Bremen,UI,female,24,English,Al final encontró un papel,NA,agent,MC,D,NA,GI,Y,4,nullsub,DE_WR_31_24_7_14_AP,72.1,No,16,7,Yes,5,Outsideclassroom,No,17_20,encontrar,simple-finite
17,4,2018,Bremen,UI,female,24,English,encontró a un bebé.,NA,agent,MC,D,NA,GI,Y,4,nullsub,DE_WR_31_24_7_14_AP,72.1,No,16,7,Yes,5,Outsideclassroom,No,17_4,encontrar,simple-finite
17,5,2018,Bremen,UI,female,24,English,Llevantó el bebé,NA,agent,MC,D,NA,GI,Y,4,nullsub,DE_WR_31_24_7_14_AP,72.1,No,16,7,Yes,5,Outsideclassroom,No,17_5,levantar,simple-finite
17,6,2018,Bremen,UI,female,24,English,y vi una muchacha,NA,pacient,MC,D,NA,GI,Y,4,nullsub,DE_WR_31_24_7_14_AP,72.1,No,16,7,Yes,5,Outsideclassroom,No,17_6,ver,simple-finite
17,8,2018,Bremen,UI,female,24,English,Mientras la muchacha entró a una casa,PRE,agent,SC,D,DEF,GI,Y,4,dp,DE_WR_31_24_7_14_AP,72.1,No,16,7,Yes,5,Outsideclassroom,No,17_8,entrar,simple-finite
17,9,2018,Bremen,UI,female,24,English,el dejo el bebé en el carro.,PRE,agent,MC,D,DEF,GI,N,4,pron,DE_WR_31_24_7_14_AP,72.1,No,16,7,Yes,5,Outsideclassroom,No,17_9,dejar,simple-finite
18,1,2018,Würzburg,UI,female,26,French,"Al principio, Charlie Chaplin esta en un lugar",PRE,pacient,MC,D,DEF,NE,N,4,dp,DE_WR_31_26_6_14_BK,72.1,No,20,6,Yes,15,Outsideclassroom,Yes,18_1,estar,simple-finite
18,10,2018,Würzburg,UI,female,26,French,Charlie busco une persona,PRE,agent,MC,D,DEF,GI,Y,4,dp,DE_WR_31_26_6_14_BK,72.1,No,20,6,Yes,15,Outsideclassroom,Yes,18_10,buscar,simple-finite
18,11,2018,Würzburg,UI,female,26,French,"que quiere haber el bebe,",NA,pacient,SC,D,NA,GI,N,4,nullsub,DE_WR_31_26_6_14_BK,72.1,No,20,6,Yes,15,Outsideclassroom,Yes,18_11,tener,simple-finite
18,12,2018,Würzburg,UI,female,26,French,"pero quando el pregunta a la mujer, con su bebe,",PRE,agent,SC,D,DEF,GI,N,4,pron,DE_WR_31_26_6_14_BK,72.1,No,20,6,Yes,15,Outsideclassroom,Yes,18_12,preguntar,simple-finite
18,13,2018,Würzburg,UI,female,26,French,"que esta passando,",PRE,agent,SC,I,DEF,GI,N,4,pron,DE_WR_31_26_6_14_BK,72.1,No,20,6,Yes,15,Outsideclassroom,Yes,18_13,pasar,periphrasis-gerund
18,14,2018,Würzburg,UI,female,26,French,ella no quiere haberlo.,PRE,pacient,MC,D,DEF,GI,Y,4,pron,DE_WR_31_26_6_14_BK,72.1,No,20,6,Yes,15,Outsideclassroom,Yes,18_14,tener,modal
18,15,2018,Würzburg,UI,female,26,French,"Despues, Charlie quiere quedarlo en el sol,",PRE,pacient,MC,D,DEF,GI,N,4,dp,DE_WR_31_26_6_14_BK,72.1,No,20,6,Yes,15,Outsideclassroom,Yes,18_15,quedar,modal
18,16,2018,Würzburg,UI,female,26,French,pero un hombre de la policía viene,PRE,pacient,MC,D,INDEF,NE,N,4,dp,DE_WR_31_26_6_14_BK,72.1,No,20,6,Yes,15,Outsideclassroom,Yes,18_16,venir,simple-finite
18,17,2018,Würzburg,UI,female,26,French,y habla a Charlie.,NA,agent,MC,D,NA,GI,Y,4,nullsub,DE_WR_31_26_6_14_BK,72.1,No,20,6,Yes,15,Outsideclassroom,Yes,18_17,hablar,simple-finite
18,18,2018,Würzburg,UI,female,26,French,"Entonces, Charlie se va con el bebe",PRE,agent,MC,D,DEF,GI,N,4,dp,DE_WR_31_26_6_14_BK,72.1,No,20,6,Yes,15,Outsideclassroom,Yes,18_18,irse,simple-finite
18,19,2018,Würzburg,UI,female,26,French,y no encuentra ninguna persona,NA,agent,MC,D,NA,GI,Y,4,nullsub,DE_WR_31_26_6_14_BK,72.1,No,20,6,Yes,15,Outsideclassroom,Yes,18_19,encontrar,simple-finite
18,2,2018,Würzburg,UI,female,26,French,donde las calles son muy sucias,PRE,pacient,SC,D,DEF,NE,N,4,dp,DE_WR_31_26_6_14_BK,72.1,No,20,6,Yes,15,Outsideclassroom,Yes,18_2,ser,simple-finite
18,20,2018,Würzburg,UI,female,26,French,que quiere haber el bebe.,NA,pacient,SC,D,NA,GI,N,4,nullsub,DE_WR_31_26_6_14_BK,72.1,No,20,6,Yes,15,Outsideclassroom,Yes,18_20,tener,modal
18,21,2018,Würzburg,UI,female,26,French,"Al final, el encuentra un papel.",PRE,agent,MC,D,DEF,GI,N,4,pron,DE_WR_31_26_6_14_BK,72.1,No,20,6,Yes,15,Outsideclassroom,Yes,18_21,encontrar,simple-finite
18,22,2018,Würzburg,UI,female,26,French,La persona […] busca una autra persona […],PRE,agent,MC,D,DEF,NE,N,4,dp,DE_WR_31_26_6_14_BK,72.1,No,20,6,Yes,15,Outsideclassroom,Yes,18_22,buscar,simple-finite
18,23,2018,Würzburg,UI,female,26,French,"que ha escrito un text,",PRE,agent,SC,D,DEF,GI,Y,4,pron,DE_WR_31_26_6_14_BK,72.1,No,20,6,Yes,15,Outsideclassroom,Yes,18_23,escribir,simple-finite
18,24,2018,Würzburg,UI,female,26,French,que va amar su bebe,NA,agent,SC,D,NA,GI,N,4,nullsub,DE_WR_31_26_6_14_BK,72.1,No,20,6,Yes,15,Outsideclassroom,Yes,18_24,amar,simple-finite
18,25,2018,Würzburg,UI,female,26,French,y que quiere vivír con el bebe.,NA,pacient,MC,D,NA,GI,Y,4,nullsub,DE_WR_31_26_6_14_BK,72.1,No,20,6,Yes,15,Outsideclassroom,Yes,18_25,vivir,modal
18,3,2018,Würzburg,UI,female,26,French,porque la gente deja sus cosas desde la ventana.,PRE,agent,SC,D,DEF,NE,N,4,dp,DE_WR_31_26_6_14_BK,72.1,No,20,6,Yes,15,Outsideclassroom,Yes,18_3,dejar,simple-finite
18,4,2018,Würzburg,UI,female,26,French,"Obviamente, la gente no tiene mucho dinero",PRE,pacient,MC,D,DEF,GI,Y,4,dp,DE_WR_31_26_6_14_BK,72.1,No,20,6,Yes,15,Outsideclassroom,Yes,18_4,tener,simple-finite
18,5,2018,Würzburg,UI,female,26,French,"y en un momento, el vé un bebe",PRE,pacient,MC,D,DEF,GI,N,4,pron,DE_WR_31_26_6_14_BK,72.1,No,20,6,Yes,15,Outsideclassroom,Yes,18_5,ver,simple-finite
18,6,2018,Würzburg,UI,female,26,French,que esta en el sol,PRE,pacient,SC,D,DEF,GI,N,4,pron,DE_WR_31_26_6_14_BK,72.1,No,20,6,Yes,15,Outsideclassroom,Yes,18_6,estar,simple-finite
18,7,2018,Würzburg,UI,female,26,French,y que esta llorando.,PRE,agent,SC,D,DEF,GI,Y,4,pron,DE_WR_31_26_6_14_BK,72.1,No,20,6,Yes,15,Outsideclassroom,Yes,18_7,llorar,periphrasis-gerund
18,8,2018,Würzburg,UI,female,26,French,El no vé los papas,PRE,pacient,MC,D,DEF,GI,N,4,pron,DE_WR_31_26_6_14_BK,72.1,No,20,6,Yes,15,Outsideclassroom,Yes,18_8,ver,simple-finite
18,9,2018,Würzburg,UI,female,26,French,"y por eso, el lo tiene en sus brasos.",PRE,pacient,MC,D,DEF,GI,Y,4,pron,DE_WR_31_26_6_14_BK,72.1,No,20,6,Yes,15,Outsideclassroom,Yes,18_9,tener,simple-finite
19,1,2019,NA,LI,female,27,"Macedonia, English, Croatian",Chaplin encontro un bebé atras de una casa vieja,PRE,agent,MC,D,DEF,NE,N,3,dp,DE_WR_31_27_24_14_MS,72.1,No,3,24,No,15,Outsideclassroom,Yes,19_1,encontrar,simple-finite
19,10,2019,NA,LI,female,27,"Macedonia, English, Croatian","Despues un momento Chaplin vio un hombre viejo,",PRE,pacient,MC,D,DEF,GI,N,3,dp,DE_WR_31_27_24_14_MS,72.1,No,3,24,No,15,Outsideclassroom,Yes,19_10,ver,simple-finite
19,11,2019,NA,LI,female,27,"Macedonia, English, Croatian",e dejo el bebé,NA,agent,MC,D,NA,GI,Y,3,nullsub,DE_WR_31_27_24_14_MS,72.1,No,3,24,No,15,Outsideclassroom,Yes,19_11,dejar,simple-finite
19,12,2019,NA,LI,female,27,"Macedonia, English, Croatian",y el se esconde en la casa vieja.,PRE,agent,MC,D,DEF,GI,Y,3,pron,DE_WR_31_27_24_14_MS,72.1,No,3,24,No,15,Outsideclassroom,Yes,19_12,esconderse,simple-finite
19,13,2019,NA,LI,female,27,"Macedonia, English, Croatian",El hombre dejo el bebé en la coche de bebé,PRE,agent,MC,D,DEF,GI,N,3,dp,DE_WR_31_27_24_14_MS,72.1,No,3,24,No,15,Outsideclassroom,Yes,19_13,dejar,simple-finite
19,14,2019,NA,LI,female,27,"Macedonia, English, Croatian",que tenia la mujer.,PRE,pacient,SC,D,DEF,GI,N,3,pron,DE_WR_31_27_24_14_MS,72.1,No,3,24,No,15,Outsideclassroom,Yes,19_14,tener,simple-finite
19,16,2019,NA,LI,female,27,"Macedonia, English, Croatian",que ej niño no estaba de la mujer,PRE,pacient,SC,D,DEF,GI,N,3,dp,DE_WR_31_27_24_14_MS,72.1,No,3,24,No,15,Outsideclassroom,Yes,19_16,estar,simple-finite
19,18,2019,NA,LI,female,27,"Macedonia, English, Croatian",(no pude ver,NA,pacient,MC,D,NA,NE,N,3,nullsub,DE_WR_31_27_24_14_MS,72.1,No,3,24,No,15,Outsideclassroom,Yes,19_18,ver,modal
19,19,2019,NA,LI,female,27,"Macedonia, English, Croatian",que dijo la carta,POST,agent,SC,I,DEF,NE,N,3,dp,DE_WR_31_27_24_14_MS,72.1,No,3,24,No,15,Outsideclassroom,Yes,19_19,decir,simple-finite
19,2,2019,NA,LI,female,27,"Macedonia, English, Croatian",i creó,NA,agent,MC,D,NA,GI,Y,3,nullsub,DE_WR_31_27_24_14_MS,72.1,No,3,24,No,15,Outsideclassroom,Yes,19_2,creer,simple-finite
19,20,2019,NA,LI,female,27,"Macedonia, English, Croatian",que encontro Chaplin en la ropa del bebé).,PRE,agent,SC,D,DEF,GI,N,3,pron,DE_WR_31_27_24_14_MS,72.1,No,3,24,No,15,Outsideclassroom,Yes,19_20,encontrar,simple-finite
19,3,2019,NA,LI,female,27,"Macedonia, English, Croatian",que una mujer lo perdio.,PRE,agent,SC,D,INDEF,NE,N,3,dp,DE_WR_31_27_24_14_MS,72.1,No,3,24,No,15,Outsideclassroom,Yes,19_3,perder,simple-finite
19,4,2019,NA,LI,female,27,"Macedonia, English, Croatian","El lo queria dar a la mujer,",PRE,agent,MC,D,DEF,GI,N,3,pron,DE_WR_31_27_24_14_MS,72.1,No,3,24,No,15,Outsideclassroom,Yes,19_4,dar,modal
19,5,2019,NA,LI,female,27,"Macedonia, English, Croatian",pero ella dijo,PRE,agent,MC,D,DEF,GI,N,3,pron,DE_WR_31_27_24_14_MS,72.1,No,3,24,No,15,Outsideclassroom,Yes,19_5,decir,simple-finite
19,6,2019,NA,LI,female,27,"Macedonia, English, Croatian",que el bebé no es sujo.,PRE,pacient,SC,D,DEF,GI,N,3,pron,DE_WR_31_27_24_14_MS,72.1,No,3,24,No,15,Outsideclassroom,Yes,19_6,ser,simple-finite
19,7,2019,NA,LI,female,27,"Macedonia, English, Croatian",Despues queria,NA,agent,MC,D,NA,GI,Y,3,nullsub,DE_WR_31_27_24_14_MS,72.1,No,3,24,No,15,Outsideclassroom,Yes,19_7,querer,simple-finite
19,8,2019,NA,LI,female,27,"Macedonia, English, Croatian",que Chaplin dejar el bebé atras,PRE,agent,SC,D,DEF,GI,N,3,dp,DE_WR_31_27_24_14_MS,72.1,No,3,24,No,15,Outsideclassroom,Yes,19_8,dejar,simple-finite
19,9,2019,NA,LI,female,27,"Macedonia, English, Croatian",pero en eso momento lo vio un hombre de la policia.,POST,pacient,MC,D,INDEF,NE,N,3,dp,DE_WR_31_27_24_14_MS,72.1,No,3,24,No,15,Outsideclassroom,Yes,19_9,ver,simple-finite
2,1,2018,NA,LB,female,52,English,Un Vagabundo ve uno peceno niño.,PRE,pacient,MC,D,INDEF,NE,N,1,dp,DE_WR_16_52_2_14_HT,37.2,No,52,2,No,20,Insideclassroom,No,2_1,ver,simple-finite
2,10,2018,NA,LB,female,52,English,el corre rápido.,PRE,agent,MC,D,DEF,GI,Y,1,pron,DE_WR_16_52_2_14_HT,37.2,No,52,2,No,20,Insideclassroom,No,2_10,correr,simple-finite
2,11,2018,NA,LB,female,52,English,Esta es una madre con un hijo.,POST,pacient,MC,D,INDEF,NE,N,1,dp,DE_WR_16_52_2_14_HT,37.2,No,52,2,No,20,Insideclassroom,No,2_11,ser,simple-finite
2,12,2018,NA,LB,female,52,English,El vagabundo quiere,PRE,agent,MC,D,DEF,GI,N,1,dp,DE_WR_16_52_2_14_HT,37.2,No,52,2,No,20,Insideclassroom,No,2_12,querer,simple-finite
2,13,2018,NA,LB,female,52,English,que ella tome el niño .,PRE,agent,SC,D,DEF,GI,N,1,pron,DE_WR_16_52_2_14_HT,37.2,No,52,2,No,20,Insideclassroom,No,2_13,tomar,simple-finite
2,14,2018,NA,LB,female,52,English,La madre no quiere la niño.,PRE,agent,MC,D,DEF,GI,Y,1,dp,DE_WR_16_52_2_14_HT,37.2,No,52,2,No,20,Insideclassroom,No,2_14,querer,simple-finite
2,15,2018,NA,LB,female,52,English,esta una hombre.,POST,pacient,MC,D,INDEF,NE,N,1,dp,DE_WR_16_52_2_14_HT,37.2,No,52,2,No,20,Insideclassroom,No,2_15,estar,simple-finite
2,16,2018,NA,LB,female,52,English,El vagabundo el da el peceno niño en el hombre.,PRE,agent,MC,D,DEF,GI,N,1,dp,DE_WR_16_52_2_14_HT,37.2,No,52,2,No,20,Insideclassroom,No,2_16,dar,simple-finite
2,17,2018,NA,LB,female,52,English,El hombre no me gusta el niño.,PRE,pacient,MC,D,DEF,GI,N,1,dp,DE_WR_16_52_2_14_HT,37.2,No,52,2,No,20,Insideclassroom,No,2_17,gustar,simple-finite
2,2,2018,NA,LB,female,52,English,por que se no tiene padres.,NA,pacient,MC,D,NA,GI,N,1,nullsub,DE_WR_16_52_2_14_HT,37.2,No,52,2,No,20,Insideclassroom,No,2_2,tener,simple-finite
2,4,2018,NA,LB,female,52,English,no se gusta el niño,POST,pacient,MC,D,DEF,GI,N,1,dp,DE_WR_16_52_2_14_HT,37.2,No,52,2,No,20,Insideclassroom,No,2_4,gustar,simple-finite
2,5,2018,NA,LB,female,52,English,pero después la sorpresa,NA,agent,MC,D,DEF,NE,N,1,dp,DE_WR_16_52_2_14_HT,37.2,No,52,2,No,20,Insideclassroom,No,2_5,NA,NA
2,6,2018,NA,LB,female,52,English,te gusta el niño.,POST,pacient,MC,D,DEF,GI,N,1,dp,DE_WR_16_52_2_14_HT,37.2,No,52,2,No,20,Insideclassroom,No,2_6,gustar,simple-finite
2,7,2018,NA,LB,female,52,English,el vagabundo quiere esta solo.,PRE,agent,MC,D,DEF,GI,N,1,dp,DE_WR_16_52_2_14_HT,37.2,No,52,2,No,20,Insideclassroom,No,2_7,querer,simple-finite
2,8,2018,NA,LB,female,52,English,se quiere va a al via solo.,NA,agent,MC,D,NA,GI,Y,1,nullsub,DE_WR_16_52_2_14_HT,37.2,No,52,2,No,20,Insideclassroom,No,2_8,ir,modal
20,1,2018,Copenhagen,UI,female,24,English,Veo una persona fumando,NA,pacient,MC,D,NA,NE,N,4,nullsub,DE_WR_32_24_8_14_JH,74.4,No,16,8,Yes,25,Outsideclassroom,No,20_1,ver,simple-finite
20,10,2018,Copenhagen,UI,female,24,English,En el paseante està un bebe también,POST,pacient,MC,D,DEF,NE,N,4,dp,DE_WR_32_24_8_14_JH,74.4,No,16,8,Yes,25,Outsideclassroom,No,20_10,estar,simple-finite
20,11,2018,Copenhagen,UI,female,24,English,y el hombre le pone en este paseante también,PRE,agent,MC,D,DEF,GI,N,4,dp,DE_WR_32_24_8_14_JH,74.4,No,16,8,Yes,25,Outsideclassroom,No,20_11,poner,simple-finite
20,12,2018,Copenhagen,UI,female,24,English,La mujer lo ve,PRE,pacient,MC,D,DEF,GI,N,4,dp,DE_WR_32_24_8_14_JH,74.4,No,16,8,Yes,25,Outsideclassroom,No,20_12,ver,simple-finite
20,13,2018,Copenhagen,UI,female,24,English,y està muy furiosa.,NA,pacient,MC,D,NA,GI,Y,4,nullsub,DE_WR_32_24_8_14_JH,74.4,No,16,8,Yes,25,Outsideclassroom,No,20_13,estar,simple-finite
20,14,2018,Copenhagen,UI,female,24,English,"Luego el hombre le toma de vuelta,",PRE,agent,MC,D,DEF,GI,N,4,dp,DE_WR_32_24_8_14_JH,74.4,No,16,8,Yes,25,Outsideclassroom,No,20_14,tomar,simple-finite
20,15,2018,Copenhagen,UI,female,24,English,pero es el bebé de la mujer.,POST,pacient,MC,D,DEF,GI,N,4,dp,DE_WR_32_24_8_14_JH,74.4,No,16,8,Yes,25,Outsideclassroom,No,20_15,ser,simple-finite
20,16,2018,Copenhagen,UI,female,24,English,Un oficial de policía viene,PRE,pacient,MC,D,INDEF,NE,N,4,dp,DE_WR_32_24_8_14_JH,74.4,No,16,8,Yes,25,Outsideclassroom,No,20_16,venir,simple-finite
20,17,2018,Copenhagen,UI,female,24,English,y mira al hombre,NA,agent,MC,D,NA,GI,Y,4,nullsub,DE_WR_32_24_8_14_JH,74.4,No,16,8,Yes,25,Outsideclassroom,No,20_17,mirar,simple-finite
20,18,2018,Copenhagen,UI,female,24,English,que en este momento quire poner al bebé en el suelo.,PRE,agent,SC,D,DEF,GI,N,4,pron,DE_WR_32_24_8_14_JH,74.4,No,16,8,Yes,25,Outsideclassroom,No,20_18,poner,modal
20,19,2018,Copenhagen,UI,female,24,English,Sabe,NA,agent,MC,D,NA,GI,Y,4,nullsub,DE_WR_32_24_8_14_JH,74.4,No,16,8,Yes,25,Outsideclassroom,No,20_19,saber,simple-finite
20,2,2018,Copenhagen,UI,female,24,English,que entra en el video,PRE,agent,SC,D,DEF,GI,N,4,pron,DE_WR_32_24_8_14_JH,74.4,No,16,8,Yes,25,Outsideclassroom,No,20_2,entrar,simple-finite
20,20,2018,Copenhagen,UI,female,24,English,que el hombre ve todo,PRE,pacient,SC,D,DEF,GI,N,4,dp,DE_WR_32_24_8_14_JH,74.4,No,16,8,Yes,25,Outsideclassroom,No,20_20,ver,simple-finite
20,21,2018,Copenhagen,UI,female,24,English,lo que esta haciendo,NA,agent,MC,D,NA,GI,N,4,nullsub,DE_WR_32_24_8_14_JH,74.4,No,16,8,Yes,25,Outsideclassroom,No,20_21,hacer,periphrasis-gerund
20,22,2018,Copenhagen,UI,female,24,English,y por eso el se va al otro lugar con el bebé.,PRE,agent,MC,D,DEF,GI,N,4,pron,DE_WR_32_24_8_14_JH,74.4,No,16,8,Yes,25,Outsideclassroom,No,20_22,irse,simple-finite
20,23,2018,Copenhagen,UI,female,24,English,Está caminando,NA,agent,MC,D,NA,GI,Y,4,nullsub,DE_WR_32_24_8_14_JH,74.4,No,16,8,Yes,25,Outsideclassroom,No,20_23,caminar,periphrasis-gerund
20,24,2018,Copenhagen,UI,female,24,English,cuando ve a otro paseante.,NA,pacient,SC,D,NA,GI,Y,4,nullsub,DE_WR_32_24_8_14_JH,74.4,No,16,8,Yes,25,Outsideclassroom,No,20_24,ver,simple-finite
20,25,2018,Copenhagen,UI,female,24,English,De repente le deja en sus brazos,NA,agent,MC,D,NA,GI,Y,4,nullsub,DE_WR_32_24_8_14_JH,74.4,No,16,8,Yes,25,Outsideclassroom,No,20_25,dejar,simple-finite
20,26,2018,Copenhagen,UI,female,24,English,y corre rápidamente.,NA,agent,MC,D,NA,GI,Y,4,nullsub,DE_WR_32_24_8_14_JH,74.4,No,16,8,Yes,25,Outsideclassroom,No,20_26,correr,simple-finite
20,27,2018,Copenhagen,UI,female,24,English,Pero esta persona ve el paseante de la mujer también,PRE,pacient,MC,D,DEF,GI,N,4,dp,DE_WR_32_24_8_14_JH,74.4,No,16,8,Yes,25,Outsideclassroom,No,20_27,ver,simple-finite
20,28,2018,Copenhagen,UI,female,24,English,y deja el bebé ahí.,NA,agent,MC,D,NA,GI,Y,4,nullsub,DE_WR_32_24_8_14_JH,74.4,No,16,8,Yes,25,Outsideclassroom,No,20_28,dejar,simple-finite
20,29,2018,Copenhagen,UI,female,24,English,Al fin el hombre tiene el bebé otra vez,PRE,pacient,MC,D,DEF,GI,N,4,dp,DE_WR_32_24_8_14_JH,74.4,No,16,8,Yes,25,Outsideclassroom,No,20_29,tener,simple-finite
20,3,2018,Copenhagen,UI,female,24,English,y tiene una barba y sombrero.,NA,pacient,MC,D,NA,GI,Y,4,nullsub,DE_WR_32_24_8_14_JH,74.4,No,16,8,Yes,25,Outsideclassroom,No,20_3,tener,simple-finite
20,30,2018,Copenhagen,UI,female,24,English,y el se sienta.,PRE,agent,MC,D,DEF,GI,Y,4,pron,DE_WR_32_24_8_14_JH,74.4,No,16,8,Yes,25,Outsideclassroom,No,20_30,sentarse,simple-finite
20,31,2018,Copenhagen,UI,female,24,English,Encuentra un papel dentro de la ropa del bebé,NA,agent,MC,D,NA,GI,Y,4,nullsub,DE_WR_32_24_8_14_JH,74.4,No,16,8,Yes,25,Outsideclassroom,No,20_31,encontrar,simple-finite
20,32,2018,Copenhagen,UI,female,24,English,y lee un mensaje.,NA,agent,MC,D,NA,GI,Y,4,nullsub,DE_WR_32_24_8_14_JH,74.4,No,16,8,Yes,25,Outsideclassroom,No,20_32,leer,simple-finite
20,33,2018,Copenhagen,UI,female,24,English,Después parece muy contento,NA,pacient,MC,D,NA,GI,Y,4,nullsub,DE_WR_32_24_8_14_JH,74.4,No,16,8,Yes,25,Outsideclassroom,No,20_33,parecer,simple-finite
20,34,2018,Copenhagen,UI,female,24,English,y va con el bebé al otro lado.,NA,agent,MC,D,NA,GI,Y,4,nullsub,DE_WR_32_24_8_14_JH,74.4,No,16,8,Yes,25,Outsideclassroom,No,20_34,ir,simple-finite
20,4,2018,Copenhagen,UI,female,24,English,Su ropa es elegante,PRE,pacient,MC,D,DEF,NE,N,4,dp,DE_WR_32_24_8_14_JH,74.4,No,16,8,Yes,25,Outsideclassroom,No,20_4,ser,simple-finite
20,5,2018,Copenhagen,UI,female,24,English,y empieza fumar otra cigarillo,NA,agent,MC,D,NA,GI,N,4,nullsub,DE_WR_32_24_8_14_JH,74.4,No,16,8,Yes,25,Outsideclassroom,No,20_5,empezar,simple-finite
20,6,2018,Copenhagen,UI,female,24,English,y luego encuentra un bebé al suelo,NA,agent,MC,D,NA,GI,Y,4,nullsub,DE_WR_32_24_8_14_JH,74.4,No,16,8,Yes,25,Outsideclassroom,No,20_6,encontrar,simple-finite
20,7,2018,Copenhagen,UI,female,24,English,que está gritando.,PRE,agent,SC,D,DEF,GI,N,4,pron,DE_WR_32_24_8_14_JH,74.4,No,16,8,Yes,25,Outsideclassroom,No,20_7,gritar,periphrasis-gerund
20,8,2018,Copenhagen,UI,female,24,English,Recoge al bebé,NA,agent,MC,D,NA,GI,N,4,nullsub,DE_WR_32_24_8_14_JH,74.4,No,16,8,Yes,25,Outsideclassroom,No,20_8,recoger,simple-finite
20,9,2018,Copenhagen,UI,female,24,English,y en este momento viene una mujer con un paseante.,POST,pacient,MC,D,DEF,NE,N,4,dp,DE_WR_32_24_8_14_JH,74.4,No,16,8,Yes,25,Outsideclassroom,No,20_9,venir,simple-finite
21,1,2018,NA,UI,female,27,English,En este video Charlie Chaplin esta caminando en una fábrica.,PRE,agent,MC,D,DEF,NE,N,4,dp,DE_WR_33_27_1_14_LS,76.7,No,18,1,Yes,15,Outsideclassroom,No,21_1,caminar,periphrasis-gerund
21,10,2018,NA,UI,female,27,English,"Depués, Chaplin proba dar el bébé a in hombre en la calle",PRE,agent,MC,D,DEF,GI,Y,4,dp,DE_WR_33_27_1_14_LS,76.7,No,18,1,Yes,15,Outsideclassroom,No,21_10,probar,simple-finite
21,11,2018,NA,UI,female,27,English,y escapa rápidamente.,NA,agent,MC,D,NA,GI,Y,4,nullsub,DE_WR_33_27_1_14_LS,76.7,No,18,1,Yes,15,Outsideclassroom,No,21_11,escapar,simple-finite
21,12,2018,NA,UI,female,27,English,"El hombre intenta dar el bébé en el chochecito de la mujer,",PRE,agent,MC,D,DEF,GI,N,4,dp,DE_WR_33_27_1_14_LS,76.7,No,18,1,Yes,15,Outsideclassroom,No,21_12,intentar,infinitive
21,13,2018,NA,UI,female,27,English,pero la mujer ve a Chaplin,PRE,pacient,MC,D,DEF,GI,N,4,dp,DE_WR_33_27_1_14_LS,76.7,No,18,1,Yes,15,Outsideclassroom,No,21_13,ver,simple-finite
21,14,2018,NA,UI,female,27,English,y le da otra vez el bébé.,NA,agent,MC,D,NA,GI,Y,4,nullsub,DE_WR_33_27_1_14_LS,76.7,No,18,1,Yes,15,Outsideclassroom,No,21_14,dar,simple-finite
21,15,2018,NA,UI,female,27,English,"Al final, Chaplin encuentro un mensaje von el bébé",PRE,agent,MC,D,DEF,GI,N,4,dp,DE_WR_33_27_1_14_LS,76.7,No,18,1,Yes,15,Outsideclassroom,No,21_15,encontrar,simple-finite
21,16,2018,NA,UI,female,27,English,que dice,PRE,agent,SC,D,DEF,GI,N,4,pron,DE_WR_33_27_1_14_LS,76.7,No,18,1,Yes,15,Outsideclassroom,No,21_16,decir,simple-finite
21,17,2018,NA,UI,female,27,English,que el bébé está un huérfano.,PRE,pacient,SC,D,DEF,GI,N,4,dp,DE_WR_33_27_1_14_LS,76.7,No,18,1,Yes,15,Outsideclassroom,No,21_17,estar,simple-finite
21,2,2018,NA,UI,female,27,English,Después algo cae del cielo,PRE,pacient,MC,D,DEF,NE,N,4,pron,DE_WR_33_27_1_14_LS,76.7,No,18,1,Yes,15,Outsideclassroom,No,21_2,caer,simple-finite
21,3,2018,NA,UI,female,27,English,y Chaplin encuentre à un bebe en la calle.,PRE,agent,MC,D,DEF,GI,N,4,dp,DE_WR_33_27_1_14_LS,76.7,No,18,1,Yes,15,Outsideclassroom,No,21_3,encontrar,simple-finite
21,4,2018,NA,UI,female,27,English,Chaplin toma el bébé,PRE,agent,MC,D,DEF,GI,Y,4,dp,DE_WR_33_27_1_14_LS,76.7,No,18,1,Yes,15,Outsideclassroom,No,21_4,tomar,simple-finite
21,5,2018,NA,UI,female,27,English,y busca a la mama.,NA,agent,MC,D,NA,GI,Y,4,nullsub,DE_WR_33_27_1_14_LS,76.7,No,18,1,Yes,15,Outsideclassroom,No,21_5,buscar,simple-finite
21,6,2018,NA,UI,female,27,English,Una mujer con un cochecito no quiere el desconocido bébé.,PRE,agent,MC,D,INDEF,NE,N,4,dp,DE_WR_33_27_1_14_LS,76.7,No,18,1,Yes,15,Outsideclassroom,No,21_6,querer,simple-finite
21,7,2018,NA,UI,female,27,English,"Chaplin piensa dejar el bébé en la calle,",PRE,agent,MC,D,DEF,GI,N,4,dp,DE_WR_33_27_1_14_LS,76.7,No,18,1,Yes,15,Outsideclassroom,No,21_7,pensar,simple-finite
21,8,2018,NA,UI,female,27,English,pero en este momento el policia llega,PRE,pacient,MC,D,DEF,NE,N,4,dp,DE_WR_33_27_1_14_LS,76.7,No,18,1,Yes,15,Outsideclassroom,No,21_8,llegar,simple-finite
21,9,2018,NA,UI,female,27,English,y Chaplin toma el bébé otra vez.,PRE,agent,MC,D,DEF,GI,N,4,dp,DE_WR_33_27_1_14_LS,76.7,No,18,1,Yes,15,Outsideclassroom,No,21_9,tomar,simple-finite
22,1,2019,Frankfurt,UI,female,23,English,El video es de Charles Chaplin,PRE,pacient,MC,D,DEF,NE,N,4,dp,DE_WR_34_23_4_14_ES,79.1,No,16,4,Yes,5,Outsideclassroom,No,22_1,ser,simple-finite
22,11,2019,Frankfurt,UI,female,23,English,y Charles pone el bebe,PRE,agent,MC,D,DEF,GI,N,4,dp,DE_WR_34_23_4_14_ES,79.1,No,16,4,Yes,5,Outsideclassroom,No,22_11,poner,simple-finite
22,12,2019,Frankfurt,UI,female,23,English,adonde el lo encontró,PRE,agent,SC,D,DEF,GI,Y,4,pron,DE_WR_34_23_4_14_ES,79.1,No,16,4,Yes,5,Outsideclassroom,No,22_12,encontrar,simple-finite
22,13,2019,Frankfurt,UI,female,23,English,cuando un policial viene.,PRE,pacient,SC,D,INDEF,NE,N,4,dp,DE_WR_34_23_4_14_ES,79.1,No,16,4,Yes,5,Outsideclassroom,No,22_13,venir,simple-finite
22,14,2019,Frankfurt,UI,female,23,English,Chaplin da el bebe a un hombre viejo,PRE,agent,MC,D,DEF,GI,N,4,dp,DE_WR_34_23_4_14_ES,79.1,No,16,4,Yes,5,Outsideclassroom,No,22_14,dar,simple-finite
22,15,2019,Frankfurt,UI,female,23,English,y el hombre viejo pone el bebe al lado de otro bebe de la mujer de antes.,PRE,agent,MC,D,DEF,GI,N,4,dp,DE_WR_34_23_4_14_ES,79.1,No,16,4,Yes,5,Outsideclassroom,No,22_15,poner,simple-finite
22,16,2019,Frankfurt,UI,female,23,English,La mujer encuentra el bebe en el momento,PRE,agent,MC,D,DEF,GI,N,4,dp,DE_WR_34_23_4_14_ES,79.1,No,16,4,Yes,5,Outsideclassroom,No,22_16,encontrar,simple-finite
22,17,2019,Frankfurt,UI,female,23,English,cuando Chaplin passala,PRE,pacient,SC,D,DEF,GI,N,4,dp,DE_WR_34_23_4_14_ES,79.1,No,16,4,Yes,5,Outsideclassroom,No,22_17,pasar,simple-finite
22,18,2019,Frankfurt,UI,female,23,English,y ella le pega con su paraguas.,PRE,agent,MC,D,DEF,GI,N,4,pron,DE_WR_34_23_4_14_ES,79.1,No,16,4,Yes,5,Outsideclassroom,No,22_18,pegar,simple-finite
22,19,2019,Frankfurt,UI,female,23,English,Por fin Chaplin encuentra una carta de papel con el bebe,PRE,agent,MC,D,DEF,GI,N,4,dp,DE_WR_34_23_4_14_ES,79.1,No,16,4,Yes,5,Outsideclassroom,No,22_19,encontrar,simple-finite
22,2,2019,Frankfurt,UI,female,23,English,Charles Chaplin está comportandose en una manera típica,PRE,agent,MC,D,DEF,GI,N,4,dp,DE_WR_34_23_4_14_ES,79.1,No,16,4,Yes,5,Outsideclassroom,No,22_2,comportar,periphrasis-gerund
22,20,2019,Frankfurt,UI,female,23,English,que dice,PRE,agent,SC,D,DEF,GI,N,4,pron,DE_WR_34_23_4_14_ES,79.1,No,16,4,Yes,5,Outsideclassroom,No,22_20,decir,simple-finite
22,21,2019,Frankfurt,UI,female,23,English,que el bebe no tiene padres,PRE,pacient,SC,D,DEF,GI,N,4,dp,DE_WR_34_23_4_14_ES,79.1,No,16,4,Yes,5,Outsideclassroom,No,22_21,tener,simple-finite
22,22,2019,Frankfurt,UI,female,23,English,y necesita amor.,NA,agent,MC,D,NA,GI,Y,4,nullsub,DE_WR_34_23_4_14_ES,79.1,No,16,4,Yes,5,Outsideclassroom,No,22_22,necesitar,simple-finite
22,3,2019,Frankfurt,UI,female,23,English,y el episodio se llama el baby.,PRE,agent,MC,D,DEF,NE,N,4,dp,DE_WR_34_23_4_14_ES,79.1,No,16,4,Yes,5,Outsideclassroom,No,22_3,llamarse,simple-finite
22,4,2019,Frankfurt,UI,female,23,English,y está fumando,NA,agent,MC,D,NA,GI,N,4,nullsub,DE_WR_34_23_4_14_ES,79.1,No,16,4,Yes,5,Outsideclassroom,No,22_4,fumar,periphrasis-gerund
22,5,2019,Frankfurt,UI,female,23,English,quando el encuentra un bebe.,PRE,agent,SC,D,DEF,GI,Y,4,pron,DE_WR_34_23_4_14_ES,79.1,No,16,4,Yes,5,Outsideclassroom,No,22_5,encontrar,simple-finite
22,6,2019,Frankfurt,UI,female,23,English,Él piensa,PRE,agent,MC,D,DEF,GI,Y,4,pron,DE_WR_34_23_4_14_ES,79.1,No,16,4,Yes,5,Outsideclassroom,No,22_6,pensar,simple-finite
22,7,2019,Frankfurt,UI,female,23,English,que el bebe es de una mujer,PRE,pacient,SC,D,DEF,GI,N,4,dp,DE_WR_34_23_4_14_ES,79.1,No,16,4,Yes,5,Outsideclassroom,No,22_7,ser,simple-finite
22,8,2019,Frankfurt,UI,female,23,English,y da la el bebe.,NA,agent,MC,D,NA,GI,N,4,nullsub,DE_WR_34_23_4_14_ES,79.1,No,16,4,Yes,5,Outsideclassroom,No,22_8,dar,simple-finite
22,9,2019,Frankfurt,UI,female,23,English,Pero ella dice,PRE,agent,MC,D,DEF,GI,N,4,pron,DE_WR_34_23_4_14_ES,79.1,No,16,4,Yes,5,Outsideclassroom,No,22_9,decir,simple-finite
23,1,2018,Hamburg,UI,female,26,English,Charly Chaplin pasó por la calle,PRE,pacient,MC,D,DEF,NE,N,4,dp,DE_WR_34_26_10_14_MB,79.1,No,13,10,No,15,Insideclassroom,No,23_1,pasar,simple-finite
23,10,2018,Hamburg,UI,female,26,English,Encontró un bebé en la calle al lado de él mismo,NA,agent,MC,D,NA,GI,Y,4,nullsub,DE_WR_34_26_10_14_MB,79.1,No,13,10,No,15,Insideclassroom,No,23_10,encontrar,simple-finite
23,11,2018,Hamburg,UI,female,26,English,y miró por todas partes del alrededor,NA,agent,MC,D,NA,GI,Y,4,nullsub,DE_WR_34_26_10_14_MB,79.1,No,13,10,No,15,Insideclassroom,No,23_11,mirar,simple-finite
23,12,2018,Hamburg,UI,female,26,English,de quién podría ser este bebé.,PRE,pacient,SC,D,DEF,GI,N,4,dp,DE_WR_34_26_10_14_MB,79.1,No,13,10,No,15,Insideclassroom,No,23_12,ser,modal
23,13,2018,Hamburg,UI,female,26,English,Cuando una mujer con carretera de bebés pasa Charly,PRE,pacient,SC,D,INDEF,NE,N,4,dp,DE_WR_34_26_10_14_MB,79.1,No,13,10,No,15,Insideclassroom,No,23_13,pasar,simple-finite
23,14,2018,Hamburg,UI,female,26,English,pensó,NA,agent,MC,D,NA,GI,N,4,nullsub,DE_WR_34_26_10_14_MB,79.1,No,13,10,No,15,Insideclassroom,No,23_14,pensar,simple-finite
23,15,2018,Hamburg,UI,female,26,English,"que el bebé abandonado era de ella,",PRE,pacient,SC,D,DEF,GI,N,4,dp,DE_WR_34_26_10_14_MB,79.1,No,13,10,No,15,Insideclassroom,No,23_15,ser,simple-finite
23,16,2018,Hamburg,UI,female,26,English,por eso decidió a poner el bebé dentro de la carretera de la mujer.,NA,agent,MC,D,NA,GI,N,4,nullsub,DE_WR_34_26_10_14_MB,79.1,No,13,10,No,15,Insideclassroom,No,23_16,decidir,infinitive
23,17,2018,Hamburg,UI,female,26,English,Se pelearon,NA,agent,MC,D,NA,GI,N,4,nullsub,DE_WR_34_26_10_14_MB,79.1,No,13,10,No,15,Insideclassroom,No,23_17,pelear,simple-finite
23,18,2018,Hamburg,UI,female,26,English,porque la mujer estaba enfadada,PRE,pacient,SC,D,DEF,GI,N,4,dp,DE_WR_34_26_10_14_MB,79.1,No,13,10,No,15,Insideclassroom,No,23_18,estar,simple-finite
23,19,2018,Hamburg,UI,female,26,English,"porque el bebé abandondado no era de ella,",PRE,pacient,SC,D,DEF,GI,N,4,dp,DE_WR_34_26_10_14_MB,79.1,No,13,10,No,15,Insideclassroom,No,23_19,ser,simple-finite
23,20,2018,Hamburg,UI,female,26,English,entonces Charly tomó el bebé de nuevo,PRE,agent,MC,D,DEF,GI,N,4,dp,DE_WR_34_26_10_14_MB,79.1,No,13,10,No,15,Insideclassroom,No,23_20,tomar,simple-finite
23,21,2018,Hamburg,UI,female,26,English,y lo quería dejar en la calle,NA,agent,MC,D,NA,GI,Y,4,nullsub,DE_WR_34_26_10_14_MB,79.1,No,13,10,No,15,Insideclassroom,No,23_21,dejar,modal
23,22,2018,Hamburg,UI,female,26,English,donde ha encontrado el bebé.,NA,agent,SC,D,NA,GI,Y,4,nullsub,DE_WR_34_26_10_14_MB,79.1,No,13,10,No,15,Insideclassroom,No,23_22,encontrar,simple-finite
23,23,2018,Hamburg,UI,female,26,English,"Es que, la policía apareció",PRE,pacient,MC,D,DEF,NE,N,4,dp,DE_WR_34_26_10_14_MB,79.1,No,13,10,No,15,Insideclassroom,No,23_23,aparecer,simple-finite
23,24,2018,Hamburg,UI,female,26,English,y no podía dejar el bebé en su lugar del encuentro.,NA,agent,MC,D,NA,GI,N,4,nullsub,DE_WR_34_26_10_14_MB,79.1,No,13,10,No,15,Insideclassroom,No,23_24,dejar,modal
23,25,2018,Hamburg,UI,female,26,English,Así tomó el bebé otra vez,NA,agent,MC,D,NA,GI,Y,4,nullsub,DE_WR_34_26_10_14_MB,79.1,No,13,10,No,15,Insideclassroom,No,23_25,tomar,simple-finite
23,28,2018,Hamburg,UI,female,26,English,"Después se fue muy rápido a otra dirección,",NA,agent,MC,D,NA,GI,Y,4,nullsub,DE_WR_34_26_10_14_MB,79.1,No,13,10,No,15,Insideclassroom,No,23_28,irse,simple-finite
23,29,2018,Hamburg,UI,female,26,English,el hombre mayor se enfadó de eso.,PRE,agent,MC,D,DEF,GI,N,4,dp,DE_WR_34_26_10_14_MB,79.1,No,13,10,No,15,Insideclassroom,No,23_29,enfadarse,simple-finite
23,3,2018,Hamburg,UI,female,26,English,cuando alguién tiraba cosas […] de los balconeses o sea de arriba de los edificios.,PRE,agent,SC,D,DEF,NE,N,4,pron,DE_WR_34_26_10_14_MB,79.1,No,13,10,No,15,Insideclassroom,No,23_3,tirar,simple-finite
23,30,2018,Hamburg,UI,female,26,English,Este hombre pusó el bebé en la carretera de antes,PRE,agent,MC,D,DEF,GI,Y,4,dp,DE_WR_34_26_10_14_MB,79.1,No,13,10,No,15,Insideclassroom,No,23_30,poner,simple-finite
23,31,2018,Hamburg,UI,female,26,English,y Charly parece ser libre.,PRE,pacient,MC,D,DEF,GI,N,4,dp,DE_WR_34_26_10_14_MB,79.1,No,13,10,No,15,Insideclassroom,No,23_31,parecer,simple-finite
23,32,2018,Hamburg,UI,female,26,English,"Cuando Charly pasa por la calle otra vez,",PRE,pacient,MC,D,DEF,GI,Y,4,dp,DE_WR_34_26_10_14_MB,79.1,No,13,10,No,15,Insideclassroom,No,23_32,pasar,simple-finite
23,33,2018,Hamburg,UI,female,26,English,la mujer de la carretera le vió,PRE,pacient,MC,D,DEF,GI,N,4,dp,DE_WR_34_26_10_14_MB,79.1,No,13,10,No,15,Insideclassroom,No,23_33,ver,simple-finite
23,34,2018,Hamburg,UI,female,26,English,y le da la culpa por el bebé,NA,agent,MC,D,NA,GI,Y,4,nullsub,DE_WR_34_26_10_14_MB,79.1,No,13,10,No,15,Insideclassroom,No,23_34,dar,simple-finite
23,35,2018,Hamburg,UI,female,26,English,que ya estaba otra vez en su carretera.,NA,pacient,MC,D,NA,GI,N,4,nullsub,DE_WR_34_26_10_14_MB,79.1,No,13,10,No,15,Insideclassroom,No,23_35,estar,simple-finite
23,36,2018,Hamburg,UI,female,26,English,"La policía pasa también,",PRE,pacient,MC,D,DEF,GI,N,4,dp,DE_WR_34_26_10_14_MB,79.1,No,13,10,No,15,Insideclassroom,No,23_36,pasar,simple-finite
23,37,2018,Hamburg,UI,female,26,English,por eso Charly tomó el bebé de nuevo consigo mismo,PRE,agent,MC,D,DEF,GI,N,4,dp,DE_WR_34_26_10_14_MB,79.1,No,13,10,No,15,Insideclassroom,No,23_37,tomar,simple-finite
23,38,2018,Hamburg,UI,female,26,English,y se va.,NA,agent,MC,D,NA,GI,Y,4,nullsub,DE_WR_34_26_10_14_MB,79.1,No,13,10,No,15,Insideclassroom,No,23_38,irse,simple-finite
23,4,2018,Hamburg,UI,female,26,English,(vean como piedras),NA,pacient,MC,D,NA,GI,Y,4,nullsub,DE_WR_34_26_10_14_MB,79.1,No,13,10,No,15,Insideclassroom,No,23_4,ver,simple-finite
23,40,2018,Hamburg,UI,female,26,English,como Charly decidió de tener el bebé,PRE,agent,SC,D,DEF,GI,Y,4,dp,DE_WR_34_26_10_14_MB,79.1,No,13,10,No,15,Insideclassroom,No,23_40,decidir,simple-finite
23,5,2018,Hamburg,UI,female,26,English,"Cuando pasaba,",NA,pacient,SC,D,NA,GI,N,4,nullsub,DE_WR_34_26_10_14_MB,79.1,No,13,10,No,15,Insideclassroom,No,23_5,pasar,simple-finite
23,6,2018,Hamburg,UI,female,26,English,algunas de las piedras le encontraron,PRE,agent,MC,D,DEF,NE,N,4,pron,DE_WR_34_26_10_14_MB,79.1,No,13,10,No,15,Insideclassroom,No,23_6,encontrar,simple-finite
23,7,2018,Hamburg,UI,female,26,English,y Charly parecía enfadado.,PRE,pacient,MC,D,DEF,GI,N,4,dp,DE_WR_34_26_10_14_MB,79.1,No,13,10,No,15,Insideclassroom,No,23_7,parecer,simple-finite
23,8,2018,Hamburg,UI,female,26,English,Después buscó un cigarillo nuevo en su bolsito,NA,agent,MC,D,NA,GI,Y,4,nullsub,DE_WR_34_26_10_14_MB,79.1,No,13,10,No,15,Insideclassroom,No,23_8,buscar,simple-finite
23,9,2018,Hamburg,UI,female,26,English,porque quería fumar más.,NA,agent,SC,D,NA,GI,Y,4,nullsub,DE_WR_34_26_10_14_MB,79.1,No,13,10,No,15,Insideclassroom,No,23_9,fumar,modal
24,1,2018,Hamburg,UB,female,38,"English, French",Es una historia de Charlie Chaplin.,POST,pacient,MC,D,INDEF,NE,N,2,dp,DE_WR_34_38_2_14_SN,79.1,No,36,2,No,2700,Outsideclassroom,No,24_1,ser,simple-finite
24,10,2018,Hamburg,UB,female,38,"English, French",Pues Chaplin tiene que guardar el bebé.,PRE,agent,MC,D,DEF,GI,Y,2,dp,DE_WR_34_38_2_14_SN,79.1,No,36,2,No,2700,Outsideclassroom,No,24_10,guardar,modal
24,11,2018,Hamburg,UB,female,38,"English, French",Pues Charlie Chaplin quiero dar el infante a otro hombre,PRE,agent,MC,D,DEF,GI,Y,2,dp,DE_WR_34_38_2_14_SN,79.1,No,36,2,No,2700,Outsideclassroom,No,24_11,dar,modal
24,12,2018,Hamburg,UB,female,38,"English, French",y se fugar.,NA,agent,MC,D,NA,GI,Y,2,nullsub,DE_WR_34_38_2_14_SN,79.1,No,36,2,No,2700,Outsideclassroom,No,24_12,huír,simple-finite
24,13,2018,Hamburg,UB,female,38,"English, French",Hombre tiene el infante,PRE,pacient,MC,D,DEF,GI,N,2,dp,DE_WR_34_38_2_14_SN,79.1,No,36,2,No,2700,Outsideclassroom,No,24_13,tener,simple-finite
24,14,2018,Hamburg,UB,female,38,"English, French",et encuentra le paseante del principio de la historia.,NA,agent,MC,D,NA,GI,Y,2,nullsub,DE_WR_34_38_2_14_SN,79.1,No,36,2,No,2700,Outsideclassroom,No,24_14,encontrar,simple-finite
24,15,2018,Hamburg,UB,female,38,"English, French",Pone el bebé dentro.,NA,agent,MC,D,NA,GI,Y,2,nullsub,DE_WR_34_38_2_14_SN,79.1,No,36,2,No,2700,Outsideclassroom,No,24_15,poner,simple-finite
24,16,2018,Hamburg,UB,female,38,"English, French",Pues la mama da el bebe a Charlie Chaplin,PRE,agent,MC,D,DEF,GI,N,2,dp,DE_WR_34_38_2_14_SN,79.1,No,36,2,No,2700,Outsideclassroom,No,24_16,dar,simple-finite
24,17,2018,Hamburg,UB,female,38,"English, French",que reviene.,PRE,agent,SC,D,DEF,GI,N,2,pron,DE_WR_34_38_2_14_SN,79.1,No,36,2,No,2700,Outsideclassroom,No,24_17,dar,simple-finite
24,2,2018,Hamburg,UB,female,38,"English, French",Senor Chaplin es en una ciudad,NA,pacient,MC,D,DEF,GI,N,2,dp,DE_WR_34_38_2_14_SN,79.1,No,36,2,No,2700,Outsideclassroom,No,24_2,ser,simple-finite
24,20,2018,Hamburg,UB,female,38,"English, French",qu' el bebe es un orfano,PRE,pacient,MC,D,DEF,GI,N,2,dp,DE_WR_34_38_2_14_SN,79.1,No,36,2,No,2700,Outsideclassroom,No,24_20,ser,simple-finite
24,21,2018,Hamburg,UB,female,38,"English, French",pues Chaplin quiero lo guardar.,PRE,agent,MC,D,DEF,GI,N,2,dp,DE_WR_34_38_2_14_SN,79.1,No,36,2,No,2700,Outsideclassroom,No,24_21,guardar,modal
24,3,2018,Hamburg,UB,female,38,"English, French",y fuma un cigarra.,NA,agent,MC,D,NA,GI,Y,2,nullsub,DE_WR_34_38_2_14_SN,79.1,No,36,2,No,2700,Outsideclassroom,No,24_3,fumar,simple-finite
24,4,2018,Hamburg,UB,female,38,"English, French",Despues encuentra un bebé.,NA,agent,MC,D,NA,GI,Y,2,nullsub,DE_WR_34_38_2_14_SN,79.1,No,36,2,No,2700,Outsideclassroom,No,24_4,encontrar,simple-finite
24,5,2018,Hamburg,UB,female,38,"English, French","Quiere poner el bebé en un paseante,",NA,agent,MC,D,NA,GI,Y,2,nullsub,DE_WR_34_38_2_14_SN,79.1,No,36,2,No,2700,Outsideclassroom,No,24_5,poner,simple-finite
24,6,2018,Hamburg,UB,female,38,"English, French",pero la mama  […] ne le quiere pas.,PRE,agent,MC,D,DEF,NE,N,2,dp,DE_WR_34_38_2_14_SN,79.1,No,36,2,No,2700,Outsideclassroom,No,24_6,querer,simple-finite
24,7,2018,Hamburg,UB,female,38,"English, French",a qui es el paseante,POST,pacient,MC,D,DEF,GI,N,2,dp,DE_WR_34_38_2_14_SN,79.1,No,36,2,No,2700,Outsideclassroom,No,24_7,ser,simple-finite
24,8,2018,Hamburg,UB,female,38,"English, French",Chaplin todavia tiene el infante.,PRE,pacient,MC,D,DEF,GI,N,2,dp,DE_WR_34_38_2_14_SN,79.1,No,36,2,No,2700,Outsideclassroom,No,24_8,tener,simple-finite
24,9,2018,Hamburg,UB,female,38,"English, French",Quando deja el infante en una calle,NA,agent,SC,D,NA,GI,Y,2,nullsub,DE_WR_34_38_2_14_SN,79.1,No,36,2,No,2700,Outsideclassroom,No,24_9,dejar,simple-finite
25,1,2018,Marburg,UI,male,22,English,El video empieza con charles chaplin,PRE,pacient,MC,D,DEF,NE,N,4,dp,DE_WR_36_22_5_14_JS,83.7,No,15,5,Yes,15,Insideclassroom,No,25_1,empezar,simple-finite
25,10,2018,Marburg,UI,male,22,English,cuando ví a una mujer con su bebe en un carrito pequeño,NA,pacient,SC,D,NA,GI,Y,4,nullsub,DE_WR_36_22_5_14_JS,83.7,No,15,5,Yes,15,Insideclassroom,No,25_10,ver,simple-finite
25,12,2018,Marburg,UI,male,22,English,Charles chaplin piensa,PRE,agent,MC,D,DEF,GI,N,4,dp,DE_WR_36_22_5_14_JS,83.7,No,15,5,Yes,15,Insideclassroom,No,25_12,pensar,simple-finite
25,13,2018,Marburg,UI,male,22,English,que quisas el bebe sea de esa mujer,PRE,pacient,SC,D,DEF,GI,N,4,dp,DE_WR_36_22_5_14_JS,83.7,No,15,5,Yes,15,Insideclassroom,No,25_13,ser,simple-finite
25,14,2018,Marburg,UI,male,22,English,y por eso fui hacia ella,NA,agent,MC,D,NA,GI,N,4,nullsub,DE_WR_36_22_5_14_JS,83.7,No,15,5,Yes,15,Insideclassroom,No,25_14,ir,simple-finite
25,15,2018,Marburg,UI,male,22,English,y puse el bebe al lado de otro bebe en el carrito.,NA,agent,MC,D,NA,GI,Y,4,nullsub,DE_WR_36_22_5_14_JS,83.7,No,15,5,Yes,15,Insideclassroom,No,25_15,poner,simple-finite
25,16,2018,Marburg,UI,male,22,English,"Cuando la mujer, […] se diò cuenta de charlie chaplin,",PRE,pacient,SC,D,DEF,GI,N,4,dp,DE_WR_36_22_5_14_JS,83.7,No,15,5,Yes,15,Insideclassroom,No,25_16,darse,periphrasis-lexical
25,17,2018,Marburg,UI,male,22,English,que antes estaba en una casa,PRE,pacient,SC,D,DEF,GI,Y,4,pron,DE_WR_36_22_5_14_JS,83.7,No,15,5,Yes,15,Insideclassroom,No,25_17,estar,simple-finite
25,19,2018,Marburg,UI,male,22,English,sacó el bebe del carrito,NA,agent,MC,D,NA,GI,Y,4,nullsub,DE_WR_36_22_5_14_JS,83.7,No,15,5,Yes,15,Insideclassroom,No,25_19,sacar,simple-finite
25,2,2018,Marburg,UI,male,22,English,quien esta caminando por las calles.,PRE,agent,SC,D,DEF,GI,N,4,pron,DE_WR_36_22_5_14_JS,83.7,No,15,5,Yes,15,Insideclassroom,No,25_2,caminar,periphrasis-gerund
25,20,2018,Marburg,UI,male,22,English,y lo regresó al hombre.,NA,agent,MC,D,NA,GI,Y,4,nullsub,DE_WR_36_22_5_14_JS,83.7,No,15,5,Yes,15,Insideclassroom,No,25_20,regresar,simple-finite
25,21,2018,Marburg,UI,male,22,English,Pues el no sabia,PRE,agent,MC,D,DEF,GI,N,4,pron,DE_WR_36_22_5_14_JS,83.7,No,15,5,Yes,15,Insideclassroom,No,25_21,saber,simple-finite
25,23,2018,Marburg,UI,male,22,English,y por eso decidí ponerlo otra vez en la misma esquina,NA,agent,MC,D,NA,GI,Y,4,nullsub,DE_WR_36_22_5_14_JS,83.7,No,15,5,Yes,15,Insideclassroom,No,25_23,decidir,infinitive
25,24,2018,Marburg,UI,male,22,English,de donde lo ha recogido antes.,NA,agent,SC,D,NA,GI,Y,4,nullsub,DE_WR_36_22_5_14_JS,83.7,No,15,5,Yes,15,Insideclassroom,No,25_24,recoger,simple-finite
25,26,2018,Marburg,UI,male,22,English,"en que puse el bebe en el suelo,",NA,agent,SC,D,NA,GI,Y,4,nullsub,DE_WR_36_22_5_14_JS,83.7,No,15,5,Yes,15,Insideclassroom,No,25_26,poner,simple-finite
25,27,2018,Marburg,UI,male,22,English,vení un policia.,POST,pacient,MC,D,INDEF,NE,N,4,dp,DE_WR_36_22_5_14_JS,83.7,No,15,5,Yes,15,Insideclassroom,No,25_27,venir,simple-finite
25,29,2018,Marburg,UI,male,22,English,charles chaplin recogí otra vez al bebé,PRE,agent,MC,D,DEF,GI,Y,4,dp,DE_WR_36_22_5_14_JS,83.7,No,15,5,Yes,15,Insideclassroom,No,25_29,recoger,simple-finite
25,3,2018,Marburg,UI,male,22,English,De repente cayen cosas diferentes como piedras etc. del cielo.,POST,pacient,MC,D,INDEF,NE,N,4,dp,DE_WR_36_22_5_14_JS,83.7,No,15,5,Yes,15,Insideclassroom,No,25_3,caer,simple-finite
25,30,2018,Marburg,UI,male,22,English,y se fui.,NA,agent,MC,D,NA,GI,Y,4,nullsub,DE_WR_36_22_5_14_JS,83.7,No,15,5,Yes,15,Insideclassroom,No,25_30,irse,simple-finite
25,32,2018,Marburg,UI,male,22,English,encontró a un otro hombre,NA,agent,MC,D,NA,GI,Y,4,nullsub,DE_WR_36_22_5_14_JS,83.7,No,15,5,Yes,15,Insideclassroom,No,25_32,encontrar,simple-finite
25,34,2018,Marburg,UI,male,22,English,a quien dió el bebe.,NA,agent,SC,D,NA,GI,N,4,nullsub,DE_WR_36_22_5_14_JS,83.7,No,15,5,Yes,15,Insideclassroom,No,25_34,dar,simple-finite
25,36,2018,Marburg,UI,male,22,English,como no sabía,NA,agent,MC,D,NA,GI,Y,4,nullsub,DE_WR_36_22_5_14_JS,83.7,No,15,5,Yes,15,Insideclassroom,No,25_36,saber,simple-finite
25,38,2018,Marburg,UI,male,22,English,lo puse al carrito del la señora,NA,agent,MC,D,NA,GI,Y,4,nullsub,DE_WR_36_22_5_14_JS,83.7,No,15,5,Yes,15,Insideclassroom,No,25_38,poner,simple-finite
25,39,2018,Marburg,UI,male,22,English,que vímos en la primera escena.,PRE,pacient,SC,D,DEF,NE,N,4,pron,DE_WR_36_22_5_14_JS,83.7,No,15,5,Yes,15,Insideclassroom,No,25_39,ver,simple-finite
25,4,2018,Marburg,UI,male,22,English,El lo vi,PRE,pacient,MC,D,DEF,GI,N,4,pron,DE_WR_36_22_5_14_JS,83.7,No,15,5,Yes,15,Insideclassroom,No,25_4,ver,simple-finite
25,40,2018,Marburg,UI,male,22,English,Lo puse adentro,NA,agent,MC,D,NA,GI,N,4,nullsub,DE_WR_36_22_5_14_JS,83.7,No,15,5,Yes,15,Insideclassroom,No,25_40,poner,simple-finite
25,41,2018,Marburg,UI,male,22,English,y se fui.,NA,agent,MC,D,NA,GI,Y,4,nullsub,DE_WR_36_22_5_14_JS,83.7,No,15,5,Yes,15,Insideclassroom,No,25_41,irse,simple-finite
25,42,2018,Marburg,UI,male,22,English,"Cuando charles chaplin otra vez paso por el carito de la mujer,",PRE,pacient,SC,D,DEF,GI,N,4,dp,DE_WR_36_22_5_14_JS,83.7,No,15,5,Yes,15,Insideclassroom,No,25_42,pasar,simple-finite
25,43,2018,Marburg,UI,male,22,English,ella tome el bebe extranjero,PRE,agent,MC,D,DEF,GI,N,4,dp,DE_WR_36_22_5_14_JS,83.7,No,15,5,Yes,15,Insideclassroom,No,25_43,tomar,simple-finite
25,44,2018,Marburg,UI,male,22,English,"corrí hacia el,",NA,agent,MC,D,NA,GI,Y,4,nullsub,DE_WR_36_22_5_14_JS,83.7,No,15,5,Yes,15,Insideclassroom,No,25_44,correr,simple-finite
25,45,2018,Marburg,UI,male,22,English,le pegó con su paragua,NA,agent,MC,D,NA,GI,Y,4,nullsub,DE_WR_36_22_5_14_JS,83.7,No,15,5,Yes,15,Insideclassroom,No,25_45,pegar,simple-finite
25,46,2018,Marburg,UI,male,22,English,y dejó otra vez el bebe en los brazos de charles chaplin.,NA,agent,MC,D,NA,GI,N,4,nullsub,DE_WR_36_22_5_14_JS,83.7,No,15,5,Yes,15,Insideclassroom,No,25_46,dejar,simple-finite
25,47,2018,Marburg,UI,male,22,English,en la última escena vimos al pobre hombre,NA,pacient,MC,D,NA,GI,N,4,nullsub,DE_WR_36_22_5_14_JS,83.7,No,15,5,Yes,15,Insideclassroom,No,25_47,ver,simple-finite
25,49,2018,Marburg,UI,male,22,English,El encuentra una letra en la chaqueta del bebe,PRE,agent,MC,D,DEF,GI,Y,4,pron,DE_WR_36_22_5_14_JS,83.7,No,15,5,Yes,15,Insideclassroom,No,25_49,encontrar,simple-finite
25,5,2018,Marburg,UI,male,22,English,y se asuste un poquito.,NA,agent,MC,D,NA,GI,Y,4,nullsub,DE_WR_36_22_5_14_JS,83.7,No,15,5,Yes,15,Insideclassroom,No,25_5,asustarse,simple-finite
25,52,2018,Marburg,UI,male,22,English,"es un buen bebe"".",POST,pacient,MC,D,INDEF,GI,N,4,dp,DE_WR_36_22_5_14_JS,83.7,No,15,5,Yes,15,Insideclassroom,No,25_52,ser,simple-finite
25,53,2018,Marburg,UI,male,22,English,Con esa letra termina la película,PRE,pacient,MC,D,DEF,NE,N,4,dp,DE_WR_36_22_5_14_JS,83.7,No,15,5,Yes,15,Insideclassroom,No,25_53,terminar,simple-finite
25,6,2018,Marburg,UI,male,22,English,Después quería fumar un cigaretill,NA,agent,MC,D,NA,GI,Y,4,nullsub,DE_WR_36_22_5_14_JS,83.7,No,15,5,Yes,15,Insideclassroom,No,25_6,fumar,modal
25,7,2018,Marburg,UI,male,22,English,o pero el encuentra un bebe en una esquina.,PRE,agent,MC,D,DEF,GI,Y,4,pron,DE_WR_36_22_5_14_JS,83.7,No,15,5,Yes,15,Insideclassroom,No,25_7,encontrar,simple-finite
25,8,2018,Marburg,UI,male,22,English,Lo coge,NA,agent,MC,D,NA,GI,Y,4,nullsub,DE_WR_36_22_5_14_JS,83.7,No,15,5,Yes,15,Insideclassroom,No,25_8,coger,simple-finite
25,9,2018,Marburg,UI,male,22,English,y lo lleva en sus brazos,NA,pacient,MC,D,NA,GI,Y,4,nullsub,DE_WR_36_22_5_14_JS,83.7,No,15,5,Yes,15,Insideclassroom,No,25_9,llevar,simple-finite
26,10,2018,Milan,LA,female,25,English,porque no es su bebé,POST,pacient,SC,D,DEF,GI,N,5,dp,DE_WR_36_25_4_14_LV,83.7,No,14,4,Yes,10,Outsideclassroom,No,26_10,ser,simple-finite
26,11,2018,Milan,LA,female,25,English,y no lo quiere tener en su cochecito.,NA,agent,MC,D,NA,GI,Y,5,nullsub,DE_WR_36_25_4_14_LV,83.7,No,14,4,Yes,10,Outsideclassroom,No,26_11,querer,simple-finite
26,12,2018,Milan,LA,female,25,English,Charlie tiene que recoger el bebé,PRE,agent,MC,D,DEF,GI,N,5,dp,DE_WR_36_25_4_14_LV,83.7,No,14,4,Yes,10,Outsideclassroom,No,26_12,recoger,modal
26,13,2018,Milan,LA,female,25,English,se va corriendo de la mujer.,NA,agent,MC,D,NA,GI,Y,5,nullsub,DE_WR_36_25_4_14_LV,83.7,No,14,4,Yes,10,Outsideclassroom,No,26_13,ir,periphrasis-gerund
26,14,2018,Milan,LA,female,25,English,"Porque el no quiere quedarse con el bebé tampoco,",PRE,pacient,SC,D,DEF,GI,Y,5,pron,DE_WR_36_25_4_14_LV,83.7,No,14,4,Yes,10,Outsideclassroom,No,26_14,quedarse,modal
26,15,2018,Milan,LA,female,25,English,intenta a dejar el bebé,NA,agent,MC,D,NA,GI,Y,5,nullsub,DE_WR_36_25_4_14_LV,83.7,No,14,4,Yes,10,Outsideclassroom,No,26_15,intentar,infinitive
26,17,2018,Milan,LA,female,25,English,dónde lo ha encontrado,NA,agent,SC,D,NA,GI,Y,5,nullsub,DE_WR_36_25_4_14_LV,83.7,No,14,4,Yes,10,Outsideclassroom,No,26_17,encontrar,simple-finite
26,18,2018,Milan,LA,female,25,English,mientras la policía aparece.,PRE,pacient,SC,D,DEF,NE,N,5,dp,DE_WR_36_25_4_14_LV,83.7,No,14,4,Yes,10,Outsideclassroom,No,26_18,aparecer,simple-finite
26,19,2018,Milan,LA,female,25,English,Recoge el bebé otra vez,NA,agent,MC,D,NA,GI,N,5,nullsub,DE_WR_36_25_4_14_LV,83.7,No,14,4,Yes,10,Outsideclassroom,No,26_19,recoger,simple-finite
26,2,2018,Milan,LA,female,25,English,que encuentra un bebé abandonado en la calle,PRE,agent,SC,D,DEF,GI,N,5,pron,DE_WR_36_25_4_14_LV,83.7,No,14,4,Yes,10,Outsideclassroom,No,26_2,encontrar,simple-finite
26,20,2018,Milan,LA,female,25,English,y se va.,NA,agent,MC,D,NA,GI,Y,5,nullsub,DE_WR_36_25_4_14_LV,83.7,No,14,4,Yes,10,Outsideclassroom,No,26_20,irse,simple-finite
26,21,2018,Milan,LA,female,25,English,Cuando pasa un hombre en la calle,PRE,pacient,SC,D,INDEF,NE,N,5,dp,DE_WR_36_25_4_14_LV,83.7,No,14,4,Yes,10,Outsideclassroom,No,26_21,pasar,simple-finite
26,22,2018,Milan,LA,female,25,English,hace,NA,agent,MC,D,NA,GI,N,5,nullsub,DE_WR_36_25_4_14_LV,83.7,No,14,4,Yes,10,Outsideclassroom,No,26_22,hacer,simple-finite
26,23,2018,Milan,LA,female,25,English,como si tenga atar su zapato,NA,pacient,SC,D,NA,GI,Y,5,nullsub,DE_WR_36_25_4_14_LV,83.7,No,14,4,Yes,10,Outsideclassroom,No,26_23,tener,simple-finite
26,24,2018,Milan,LA,female,25,English,y gestiona al hombre,NA,agent,MC,D,NA,GI,Y,5,nullsub,DE_WR_36_25_4_14_LV,83.7,No,14,4,Yes,10,Outsideclassroom,No,26_24,gestionar,simple-finite
26,25,2018,Milan,LA,female,25,English,si puede sujetar al bebé para un momento.,NA,agent,SC,D,NA,GI,N,5,nullsub,DE_WR_36_25_4_14_LV,83.7,No,14,4,Yes,10,Outsideclassroom,No,26_25,sujetar,modal
26,26,2018,Milan,LA,female,25,English,"Cuando el hombre lo hace,",PRE,agent,SC,D,DEF,GI,Y,5,dp,DE_WR_36_25_4_14_LV,83.7,No,14,4,Yes,10,Outsideclassroom,No,26_26,hacer,simple-finite
26,27,2018,Milan,LA,female,25,English,Charlie se va corriendo otra vez,PRE,agent,MC,D,DEF,GI,N,5,dp,DE_WR_36_25_4_14_LV,83.7,No,14,4,Yes,10,Outsideclassroom,No,26_27,irse,periphrasis-gerund
26,28,2018,Milan,LA,female,25,English,y se esconde.,NA,agent,MC,D,NA,GI,Y,5,nullsub,DE_WR_36_25_4_14_LV,83.7,No,14,4,Yes,10,Outsideclassroom,No,26_28,esconderse,simple-finite
26,3,2018,Milan,LA,female,25,English,cuando el está paseando por la calle.,PRE,agent,SC,D,DEF,GI,Y,5,pron,DE_WR_36_25_4_14_LV,83.7,No,14,4,Yes,10,Outsideclassroom,No,26_3,pasear,simple-finite
26,30,2018,Milan,LA,female,25,English,el hombre pone el bebé en el cochecito de la mujer de antes otra vez.,PRE,agent,MC,D,DEF,GI,N,5,dp,DE_WR_36_25_4_14_LV,83.7,No,14,4,Yes,10,Outsideclassroom,No,26_30,poner,simple-finite
26,31,2018,Milan,LA,female,25,English,Cuando la mujer sale de una tienda,PRE,agent,SC,D,DEF,GI,N,5,dp,DE_WR_36_25_4_14_LV,83.7,No,14,4,Yes,10,Outsideclassroom,No,26_31,salir,simple-finite
26,32,2018,Milan,LA,female,25,English,esta muy sorprendida,NA,pacient,MC,D,NA,GI,Y,5,nullsub,DE_WR_36_25_4_14_LV,83.7,No,14,4,Yes,10,Outsideclassroom,No,26_32,estar,simple-finite
26,34,2018,Milan,LA,female,25,English,"En este momento, Charlie los pasa",PRE,pacient,MC,D,DEF,GI,N,5,dp,DE_WR_36_25_4_14_LV,83.7,No,14,4,Yes,10,Outsideclassroom,No,26_34,pasar,simple-finite
26,35,2018,Milan,LA,female,25,English,y la mujer le reconoce.,PRE,agent,MC,D,DEF,GI,N,5,dp,DE_WR_36_25_4_14_LV,83.7,No,14,4,Yes,10,Outsideclassroom,No,26_35,reconocer,simple-finite
26,36,2018,Milan,LA,female,25,English,Ella persigue a el,PRE,agent,MC,D,DEF,GI,Y,5,pron,DE_WR_36_25_4_14_LV,83.7,No,14,4,Yes,10,Outsideclassroom,No,26_36,perseguir,simple-finite
26,37,2018,Milan,LA,female,25,English,y le da golpes con su paraguas.,NA,agent,MC,D,NA,GI,Y,5,nullsub,DE_WR_36_25_4_14_LV,83.7,No,14,4,Yes,10,Outsideclassroom,No,26_37,dar,simple-finite
26,38,2018,Milan,LA,female,25,English,Los dos empiezan una disputa intensa,PRE,pacient,MC,D,DEF,GI,N,5,pron,DE_WR_36_25_4_14_LV,83.7,No,14,4,Yes,10,Outsideclassroom,No,26_38,empezar,simple-finite
26,39,2018,Milan,LA,female,25,English,que esta interrumpido del policía.,PRE,pacient,SC,D,DEF,GI,N,5,pron,DE_WR_36_25_4_14_LV,83.7,No,14,4,Yes,10,Outsideclassroom,No,26_39,interrumpir,passive
26,4,2018,Milan,LA,female,25,English,Primero el busca a los padres del bebé.,PRE,agent,MC,D,DEF,GI,Y,5,pron,DE_WR_36_25_4_14_LV,83.7,No,14,4,Yes,10,Outsideclassroom,No,26_4,buscar,simple-finite
26,40,2018,Milan,LA,female,25,English,Charlie tiene que llevarse al bebé otra vez.,PRE,pacient,MC,D,DEF,GI,N,5,dp,DE_WR_36_25_4_14_LV,83.7,No,14,4,Yes,10,Outsideclassroom,No,26_40,llevarse,modal
26,41,2018,Milan,LA,female,25,English,Se siente en el bordillo con el bebé,NA,agent,MC,D,NA,GI,Y,5,nullsub,DE_WR_36_25_4_14_LV,83.7,No,14,4,Yes,10,Outsideclassroom,No,26_41,sentarse,simple-finite
26,42,2018,Milan,LA,female,25,English,y no sabe,NA,agent,MC,D,NA,GI,Y,5,nullsub,DE_WR_36_25_4_14_LV,83.7,No,14,4,Yes,10,Outsideclassroom,No,26_42,saber,simple-finite
26,43,2018,Milan,LA,female,25,English,que puede hacer.,NA,agent,SC,I,NA,GI,Y,5,nullsub,DE_WR_36_25_4_14_LV,83.7,No,14,4,Yes,10,Outsideclassroom,No,26_43,hacer,modal
26,44,2018,Milan,LA,female,25,English,Al final descubre un papel en la manta del bebé.,NA,pacient,MC,D,NA,GI,Y,5,nullsub,DE_WR_36_25_4_14_LV,83.7,No,14,4,Yes,10,Outsideclassroom,No,26_44,descubrir,simple-finite
26,46,2018,Milan,LA,female,25,English,que el bebé no tiene padres,PRE,pacient,SC,D,DEF,GI,N,5,dp,DE_WR_36_25_4_14_LV,83.7,No,14,4,Yes,10,Outsideclassroom,No,26_46,tener,simple-finite
26,47,2018,Milan,LA,female,25,English,y Charlie decide a guardar el bebé,PRE,agent,MC,D,DEF,GI,N,5,dp,DE_WR_36_25_4_14_LV,83.7,No,14,4,Yes,10,Outsideclassroom,No,26_47,decidir,periphrasis-lexical
26,48,2018,Milan,LA,female,25,English,y lo lleva a casa.,NA,pacient,MC,D,NA,GI,Y,5,nullsub,DE_WR_36_25_4_14_LV,83.7,No,14,4,Yes,10,Outsideclassroom,No,26_48,llevar,simple-finite
26,5,2018,Milan,LA,female,25,English,Cuando los dos pasan a una mujer con un cochecito para niños con otro bebé dentro,PRE,pacient,SC,D,DEF,GI,N,5,pron,DE_WR_36_25_4_14_LV,83.7,No,14,4,Yes,10,Outsideclassroom,No,26_5,pasar,simple-finite
26,6,2018,Milan,LA,female,25,English,Charlie Chaplin piensa,PRE,agent,MC,D,DEF,GI,N,5,dp,DE_WR_36_25_4_14_LV,83.7,No,14,4,Yes,10,Outsideclassroom,No,26_6,pensar,simple-finite
26,7,2018,Milan,LA,female,25,English,que sea su bebé también,POST,pacient,SC,D,DEF,GI,N,5,dp,DE_WR_36_25_4_14_LV,83.7,No,14,4,Yes,10,Outsideclassroom,No,26_7,ser,simple-finite
26,8,2018,Milan,LA,female,25,English,y lo pone en el cochecito con el otro bebé.,NA,agent,MC,D,NA,GI,N,5,nullsub,DE_WR_36_25_4_14_LV,83.7,No,14,4,Yes,10,Outsideclassroom,No,26_8,poner,simple-finite
26,9,2018,Milan,LA,female,25,English,La madre se pone muy enfadada,PRE,agent,MC,D,DEF,GI,N,5,dp,DE_WR_36_25_4_14_LV,83.7,No,14,4,Yes,10,Outsideclassroom,No,26_9,ponerse,periphrasis-lexical
27,1,2018,Hamburg,LI,female,26,English,"El video trata de Charly Chaplin,",PRE,agent,MC,D,DEF,NE,N,3,dp,DE_WR_36_26_10_14_AJ,83.7,No,16,10,Yes,10,Outsideclassroom,No,27_1,tratar,periphrasis-lexical
27,12,2018,Hamburg,LI,female,26,English,Mira una mujer,NA,agent,MC,D,NA,GI,Y,3,nullsub,DE_WR_36_26_10_14_AJ,83.7,No,16,10,Yes,10,Outsideclassroom,No,27_12,mirar,simple-finite
27,13,2018,Hamburg,LI,female,26,English,que tiene un cochecito para niños grande con solo un bebé.,PRE,pacient,SC,D,DEF,GI,N,3,pron,DE_WR_36_26_10_14_AJ,83.7,No,16,10,Yes,10,Outsideclassroom,No,27_13,tener,simple-finite
27,14,2018,Hamburg,LI,female,26,English,"En un momento […]  C.C. pone ""su bebé"" en el cochecito",PRE,agent,MC,D,DEF,GI,N,3,dp,DE_WR_36_26_10_14_AJ,83.7,No,16,10,Yes,10,Outsideclassroom,No,27_14,poner,simple-finite
27,15,2018,Hamburg,LI,female,26,English,en lo que la mujer no mira a su bebé,PRE,agent,SC,D,DEF,GI,N,3,dp,DE_WR_36_26_10_14_AJ,83.7,No,16,10,Yes,10,Outsideclassroom,No,27_15,mirar,simple-finite
27,16,2018,Hamburg,LI,female,26,English,y corre.,NA,agent,MC,D,NA,GI,N,3,nullsub,DE_WR_36_26_10_14_AJ,83.7,No,16,10,Yes,10,Outsideclassroom,No,27_16,correr,simple-finite
27,17,2018,Hamburg,LI,female,26,English,La mujer no le gusta,PRE,pacient,MC,D,DEF,GI,N,3,dp,DE_WR_36_26_10_14_AJ,83.7,No,16,10,Yes,10,Outsideclassroom,No,27_17,gustar,simple-finite
27,18,2018,Hamburg,LI,female,26,English,"y da el bebé a un hombre viejo,",NA,agent,MC,D,NA,GI,Y,3,nullsub,DE_WR_36_26_10_14_AJ,83.7,No,16,10,Yes,10,Outsideclassroom,No,27_18,dar,simple-finite
27,19,2018,Hamburg,LI,female,26,English,que cruza su camino.,PRE,agent,SC,D,DEF,GI,N,3,pron,DE_WR_36_26_10_14_AJ,83.7,No,16,10,Yes,10,Outsideclassroom,No,27_19,cruzar,simple-finite
27,2,2018,Hamburg,LI,female,26,English,que está en una calle.,PRE,pacient,SC,D,DEF,GI,N,3,pron,DE_WR_36_26_10_14_AJ,83.7,No,16,10,Yes,10,Outsideclassroom,No,27_2,estar,simple-finite
27,20,2018,Hamburg,LI,female,26,English,El hombre está confundido,PRE,pacient,MC,D,DEF,GI,Y,3,dp,DE_WR_36_26_10_14_AJ,83.7,No,16,10,Yes,10,Outsideclassroom,No,27_20,estar,simple-finite
27,21,2018,Hamburg,LI,female,26,English,"y en el video empieza una caza entre la policía, C.C, la mujer y el hombre viejo.",POST,pacient,MC,D,INDEF,NE,N,3,dp,DE_WR_36_26_10_14_AJ,83.7,No,16,10,Yes,10,Outsideclassroom,No,27_21,empezar,simple-finite
27,23,2018,Hamburg,LI,female,26,English,"que está muy furiosa,",PRE,pacient,MC,D,DEF,GI,N,3,pron,DE_WR_36_26_10_14_AJ,83.7,No,16,10,Yes,10,Outsideclassroom,No,27_23,estar,simple-finite
27,24,2018,Hamburg,LI,female,26,English,"Toma el bebé,",NA,agent,MC,D,NA,GI,N,3,nullsub,DE_WR_36_26_10_14_AJ,83.7,No,16,10,Yes,10,Outsideclassroom,No,27_24,tomar,simple-finite
27,25,2018,Hamburg,LI,female,26,English,sienta,NA,agent,MC,D,NA,GI,Y,3,nullsub,DE_WR_36_26_10_14_AJ,83.7,No,16,10,Yes,10,Outsideclassroom,No,27_25,sentarse,simple-finite
27,26,2018,Hamburg,LI,female,26,English,y cuando mira al bebé más intensiva,NA,agent,SC,D,NA,GI,Y,3,nullsub,DE_WR_36_26_10_14_AJ,83.7,No,16,10,Yes,10,Outsideclassroom,No,27_26,mirar,simple-finite
27,27,2018,Hamburg,LI,female,26,English,encuentra una carta,NA,agent,MC,D,NA,GI,Y,3,nullsub,DE_WR_36_26_10_14_AJ,83.7,No,16,10,Yes,10,Outsideclassroom,No,27_27,encontrar,simple-finite
27,29,2018,Hamburg,LI,female,26,English,que alguien ama al bebé.,NA,agent,SC,IM,NA,NE,N,3,nullsub,DE_WR_36_26_10_14_AJ,83.7,No,16,10,Yes,10,Outsideclassroom,No,27_29,amar,simple-finite
27,3,2018,Hamburg,LI,female,26,English,De repente algo se cae al suelo,PRE,pacient,MC,D,DEF,NE,N,3,pron,DE_WR_36_26_10_14_AJ,83.7,No,16,10,Yes,10,Outsideclassroom,No,27_3,caerse,simple-finite
27,31,2018,Hamburg,LI,female,26,English,ríe,NA,agent,MC,D,NA,GI,Y,3,nullsub,DE_WR_36_26_10_14_AJ,83.7,No,16,10,Yes,10,Outsideclassroom,No,27_31,reírse,simple-finite
27,32,2018,Hamburg,LI,female,26,English,y empieza mover el bebé en su brazos,NA,agent,MC,D,NA,GI,Y,3,nullsub,DE_WR_36_26_10_14_AJ,83.7,No,16,10,Yes,10,Outsideclassroom,No,27_32,empezar,simple-finite
27,33,2018,Hamburg,LI,female,26,English,como si fuera su bebé.,POST,pacient,SC,D,DEF,GI,N,3,dp,DE_WR_36_26_10_14_AJ,83.7,No,16,10,Yes,10,Outsideclassroom,No,27_33,ser,simple-finite
27,4,2018,Hamburg,LI,female,26,English,y C.C. está confundido.,PRE,pacient,MC,D,DEF,GI,N,3,dp,DE_WR_36_26_10_14_AJ,83.7,No,16,10,Yes,10,Outsideclassroom,No,27_4,estar,simple-finite
27,5,2018,Hamburg,LI,female,26,English,Mira al cielo para entenderlo.,NA,agent,MC,D,NA,GI,Y,3,nullsub,DE_WR_36_26_10_14_AJ,83.7,No,16,10,Yes,10,Outsideclassroom,No,27_5,mirar,simple-finite
27,6,2018,Hamburg,LI,female,26,English,Empieza a fumar,NA,agent,MC,D,NA,GI,Y,3,nullsub,DE_WR_36_26_10_14_AJ,83.7,No,16,10,Yes,10,Outsideclassroom,No,27_6,fumar,periphrasis-lexical
27,7,2018,Hamburg,LI,female,26,English,y cuando mira al otro lado,NA,agent,SC,D,NA,GI,Y,3,nullsub,DE_WR_36_26_10_14_AJ,83.7,No,16,10,Yes,10,Outsideclassroom,No,27_7,mirar,simple-finite
27,8,2018,Hamburg,LI,female,26,English,mira un bebé.,NA,agent,MC,D,NA,GI,Y,3,nullsub,DE_WR_36_26_10_14_AJ,83.7,No,16,10,Yes,10,Outsideclassroom,No,27_8,mirar,simple-finite
27,9,2018,Hamburg,LI,female,26,English,Toma el bebé,NA,agent,MC,D,NA,GI,Y,3,nullsub,DE_WR_36_26_10_14_AJ,83.7,No,16,10,Yes,10,Outsideclassroom,No,27_9,tomar,simple-finite
28,11,2018,Jena,LI,female,27,"Italian, English, Portuguese, French",Chaplin descubre un papel,PRE,pacient,MC,D,DEF,GI,Y,3,dp,DE_WR_36_27_1_14_EC,83.7,Yes,25,1,No,30,Outsideclassroom,Yes,28_11,descubrir,simple-finite
28,13,2018,Jena,LI,female,27,"Italian, English, Portuguese, French",que el niño es un huérfano,PRE,pacient,SC,D,DEF,GI,N,3,dp,DE_WR_36_27_1_14_EC,83.7,Yes,25,1,No,30,Outsideclassroom,Yes,28_13,ser,simple-finite
28,15,2018,Jena,LI,female,27,"Italian, English, Portuguese, French","Chaplin aceita, sonriendo.",PRE,agent,MC,D,DEF,GI,N,3,dp,DE_WR_36_27_1_14_EC,83.7,Yes,25,1,No,30,Outsideclassroom,Yes,28_15,acertar,simple-finite
28,2,2018,Jena,LI,female,27,"Italian, English, Portuguese, French",que encuentra un bebé en la estrada.,PRE,agent,SC,D,DEF,GI,N,3,pron,DE_WR_36_27_1_14_EC,83.7,Yes,25,1,No,30,Outsideclassroom,Yes,28_2,encontrar,simple-finite
28,3,2018,Jena,LI,female,27,"Italian, English, Portuguese, French","El intenta librarse del niño,",PRE,agent,MC,D,DEF,GI,Y,3,pron,DE_WR_36_27_1_14_EC,83.7,Yes,25,1,No,30,Outsideclassroom,Yes,28_3,intentar,infinitive
28,5,2018,Jena,LI,female,27,"Italian, English, Portuguese, French","Cuando el intenta abandonarlo nuevamente en la estrada,",PRE,agent,SC,D,DEF,GI,Y,3,pron,DE_WR_36_27_1_14_EC,83.7,Yes,25,1,No,30,Outsideclassroom,Yes,28_5,intentar,infinitive
28,6,2018,Jena,LI,female,27,"Italian, English, Portuguese, French",un guardia de la policía lo ve,PRE,pacient,MC,D,INDEF,NE,N,3,dp,DE_WR_36_27_1_14_EC,83.7,Yes,25,1,No,30,Outsideclassroom,Yes,28_6,ver,simple-finite
28,7,2018,Jena,LI,female,27,"Italian, English, Portuguese, French",e lo amenaza con un bastón.,NA,agent,MC,D,NA,GI,Y,3,nullsub,DE_WR_36_27_1_14_EC,83.7,Yes,25,1,No,30,Outsideclassroom,Yes,28_7,amenazar,simple-finite
28,8,2018,Jena,LI,female,27,"Italian, English, Portuguese, French","Por eso, Chaplin recoge el bebé",PRE,agent,MC,D,DEF,GI,N,3,dp,DE_WR_36_27_1_14_EC,83.7,Yes,25,1,No,30,Outsideclassroom,Yes,28_8,recoger,simple-finite
28,9,2018,Jena,LI,female,27,"Italian, English, Portuguese, French",e se sienta en el bordillo de la estrada.,NA,agent,MC,D,NA,GI,Y,3,nullsub,DE_WR_36_27_1_14_EC,83.7,Yes,25,1,No,30,Outsideclassroom,Yes,28_9,sentarse,simple-finite
29,1,2019,Granada,LA,female,28,French,Charlie va por la calle,PRE,agent,MC,D,DEF,NE,N,5,dp,DE_WR_36_28_10_14_LK,83.7,No,15,10,Yes,15,Outsideclassroom,No,29_1,ir,simple-finite
29,10,2019,Granada,LA,female,28,French,y lo deja en un carrito cerca.,NA,agent,MC,D,NA,GI,Y,5,nullsub,DE_WR_36_28_10_14_LK,83.7,No,15,10,Yes,15,Outsideclassroom,No,29_10,dejar,simple-finite
29,11,2019,Granada,LA,female,28,French,Una mujer se acerca,PRE,agent,MC,D,INDEF,NE,N,5,dp,DE_WR_36_28_10_14_LK,83.7,No,15,10,Yes,15,Outsideclassroom,No,29_11,acercarse,simple-finite
29,13,2019,Granada,LA,female,28,French,que se vaya con el bebe,NA,agent,MC,D,NA,GI,N,5,nullsub,DE_WR_36_28_10_14_LK,83.7,No,15,10,Yes,15,Outsideclassroom,No,29_13,irse,simple-finite
29,14,2019,Granada,LA,female,28,French,al cual le deja otra vez en su sitio de encuentra.,NA,agent,SC,D,NA,GI,Y,5,nullsub,DE_WR_36_28_10_14_LK,83.7,No,15,10,Yes,15,Outsideclassroom,No,29_14,dejar,simple-finite
29,15,2019,Granada,LA,female,28,French,Este le persigue con el bebe para devolverselo,PRE,agent,MC,D,DEF,GI,Y,5,pron,DE_WR_36_28_10_14_LK,83.7,No,15,10,Yes,15,Outsideclassroom,No,29_15,perseguir,simple-finite
29,16,2019,Granada,LA,female,28,French,y lo deja en un carrito con otro bebe,NA,agent,MC,D,NA,GI,Y,5,nullsub,DE_WR_36_28_10_14_LK,83.7,No,15,10,Yes,15,Outsideclassroom,No,29_16,dejar,simple-finite
29,17,2019,Granada,LA,female,28,French,Viene la policía,POST,pacient,MC,D,DEF,NE,N,5,dp,DE_WR_36_28_10_14_LK,83.7,No,15,10,Yes,15,Outsideclassroom,No,29_17,venir,simple-finite
29,18,2019,Granada,LA,female,28,French,y asi charlie vuelve a recoger el bebe,PRE,agent,MC,D,DEF,GI,N,5,dp,DE_WR_36_28_10_14_LK,83.7,No,15,10,Yes,15,Outsideclassroom,No,29_18,recoger,periphrasis-lexical
29,2,2019,Granada,LA,female,28,French,cuando le tiran algo por encima,NA,agent,MC,D,NA,NE,N,5,nullsub,DE_WR_36_28_10_14_LK,83.7,No,15,10,Yes,15,Outsideclassroom,No,29_2,tirar,simple-finite
29,21,2019,Granada,LA,female,28,French,"esto lo ve la mujer de antes,",PRE,pacient,MC,D,DEF,GI,N,5,pron,DE_WR_36_28_10_14_LK,83.7,No,15,10,Yes,15,Outsideclassroom,No,29_21,ver,simple-finite
29,22,2019,Granada,LA,female,28,French,viene el mismo policía,POST,pacient,MC,D,DEF,GI,N,5,dp,DE_WR_36_28_10_14_LK,83.7,No,15,10,Yes,15,Outsideclassroom,No,29_22,venir,simple-finite
29,23,2019,Granada,LA,female,28,French,Charie con el bebe en brazos se sienta en el suelo,PRE,agent,MC,D,DEF,GI,N,5,dp,DE_WR_36_28_10_14_LK,83.7,No,15,10,Yes,15,Outsideclassroom,No,29_23,sentarse,simple-finite
29,24,2019,Granada,LA,female,28,French,y piensa en tirarle a la canalización,NA,agent,MC,D,NA,GI,Y,5,nullsub,DE_WR_36_28_10_14_LK,83.7,No,15,10,Yes,15,Outsideclassroom,No,29_24,pensar,simple-finite
29,25,2019,Granada,LA,female,28,French,lo que no hace-,PRE,agent,SC,D,DEF,GI,Y,5,pron,DE_WR_36_28_10_14_LK,83.7,No,15,10,Yes,15,Outsideclassroom,No,29_25,hacer,simple-finite
29,26,2019,Granada,LA,female,28,French,pero encuentra un papelito,NA,agent,MC,D,NA,GI,Y,5,nullsub,DE_WR_36_28_10_14_LK,83.7,No,15,10,Yes,15,Outsideclassroom,No,29_26,encontrar,simple-finite
29,27,2019,Granada,LA,female,28,French,en cual ponde de cuidar del bebe con mucho cariño,NA,agent,SC,D,NA,GI,N,5,nullsub,DE_WR_36_28_10_14_LK,83.7,No,15,10,Yes,15,Outsideclassroom,No,29_27,?,simple-finite
29,28,2019,Granada,LA,female,28,French,"cambia la musica ,",POST,pacient,MC,D,DEF,NE,N,5,dp,DE_WR_36_28_10_14_LK,83.7,No,15,10,Yes,15,Outsideclassroom,No,29_28,cambiar,simple-finite
29,29,2019,Granada,LA,female,28,French,charlie se levanta con el bebe,PRE,agent,MC,D,DEF,GI,N,5,dp,DE_WR_36_28_10_14_LK,83.7,No,15,10,Yes,15,Outsideclassroom,No,29_29,levantarse,simple-finite
29,3,2019,Granada,LA,female,28,French,se para,NA,pacient,MC,D,NA,GI,N,5,nullsub,DE_WR_36_28_10_14_LK,83.7,No,15,10,Yes,15,Outsideclassroom,No,29_3,pararse,simple-finite
29,30,2019,Granada,LA,female,28,French,y se va con el niño en brazos,NA,agent,MC,D,NA,GI,Y,5,nullsub,DE_WR_36_28_10_14_LK,83.7,No,15,10,Yes,15,Outsideclassroom,No,29_30,irse,simple-finite
29,4,2019,Granada,LA,female,28,French,y enciende un cigarro.,NA,agent,MC,D,NA,GI,Y,5,nullsub,DE_WR_36_28_10_14_LK,83.7,No,15,10,Yes,15,Outsideclassroom,No,29_4,encender,simple-finite
29,5,2019,Granada,LA,female,28,French,Ve a un bebe en la calle al lado de cubos de basura,NA,pacient,MC,D,NA,GI,Y,5,nullsub,DE_WR_36_28_10_14_LK,83.7,No,15,10,Yes,15,Outsideclassroom,No,29_5,ver,simple-finite
29,6,2019,Granada,LA,female,28,French,y mira,NA,agent,MC,D,NA,GI,Y,5,nullsub,DE_WR_36_28_10_14_LK,83.7,No,15,10,Yes,15,Outsideclassroom,No,29_6,mirar,simple-finite
29,7,2019,Granada,LA,female,28,French,si ve a alguien,NA,pacient,MC,D,NA,GI,Y,5,nullsub,DE_WR_36_28_10_14_LK,83.7,No,15,10,Yes,15,Outsideclassroom,No,29_7,ver,simple-finite
29,8,2019,Granada,LA,female,28,French,que lo habra dejado ahí,NA,agent,SC,D,NA,GI,N,5,nullsub,DE_WR_36_28_10_14_LK,83.7,No,15,10,Yes,15,Outsideclassroom,No,29_8,haber,simple-finite
29,9,2019,Granada,LA,female,28,French,busca a un familiar,NA,agent,MC,D,NA,GI,N,5,nullsub,DE_WR_36_28_10_14_LK,83.7,No,15,10,Yes,15,Outsideclassroom,No,29_9,buscar,simple-finite
3,1,2018,Berlin,UI,male,71,English,Charly pasa por delante de las casas,PRE,pacient,MC,D,DEF,NE,N,4,dp,DE_WR_19_71_7_14_NJ,44.2,No,64,7,Yes,15,Outsideclassroom,No,3_1,pasar,simple-finite
3,10,2018,Berlin,UI,male,71,English,Charly pasa junto al cochecito.,PRE,pacient,MC,D,DEF,GI,N,4,dp,DE_WR_19_71_7_14_NJ,44.2,No,64,7,Yes,15,Outsideclassroom,No,3_10,pasar,simple-finite
3,11,2018,Berlin,UI,male,71,English,Cree,NA,agent,MC,D,NA,GI,Y,4,nullsub,DE_WR_19_71_7_14_NJ,44.2,No,64,7,Yes,15,Outsideclassroom,No,3_11,creer,simple-finite
3,12,2018,Berlin,UI,male,71,English,que es la segunda vez,POST,pacient,SC,D,DEF,NE,N,4,dp,DE_WR_19_71_7_14_NJ,44.2,No,64,7,Yes,15,Outsideclassroom,No,3_12,ser,simple-finite
3,13,2018,Berlin,UI,male,71,English,que Charly lo intenta,PRE,agent,SC,D,DEF,GI,N,4,dp,DE_WR_19_71_7_14_NJ,44.2,No,64,7,Yes,15,Outsideclassroom,No,3_13,intentar,simple-finite
3,14,2018,Berlin,UI,male,71,English,lo golpea,NA,agent,MC,D,NA,GI,Y,4,nullsub,DE_WR_19_71_7_14_NJ,44.2,No,64,7,Yes,15,Outsideclassroom,No,3_14,golpear,simple-finite
3,15,2018,Berlin,UI,male,71,English,y llama a la policía.,NA,agent,MC,D,NA,GI,Y,4,nullsub,DE_WR_19_71_7_14_NJ,44.2,No,64,7,Yes,15,Outsideclassroom,No,3_15,llamar,simple-finite
3,16,2018,Berlin,UI,male,71,English,Ahora se sienta con el bebé en la carretera,NA,agent,MC,D,NA,GI,N,4,nullsub,DE_WR_19_71_7_14_NJ,44.2,No,64,7,Yes,15,Outsideclassroom,No,3_16,sentarse,simple-finite
3,17,2018,Berlin,UI,male,71,English,y encuentra una carta,NA,agent,MC,D,NA,GI,Y,4,nullsub,DE_WR_19_71_7_14_NJ,44.2,No,64,7,Yes,15,Outsideclassroom,No,3_17,encontrar,simple-finite
3,2,2018,Berlin,UI,male,71,English,y es arrojado a la basura,NA,pacient,MC,D,NA,GI,Y,4,nullsub,DE_WR_19_71_7_14_NJ,44.2,No,64,7,Yes,15,Outsideclassroom,No,3_2,arrojar,passive
3,3,2018,Berlin,UI,male,71,English,Luego enciende su propio cigarro.,NA,agent,MC,D,NA,GI,Y,4,nullsub,DE_WR_19_71_7_14_NJ,44.2,No,64,7,Yes,15,Outsideclassroom,No,3_3,encender,simple-finite
3,4,2018,Berlin,UI,male,71,English,Encuentra un bebé,NA,agent,MC,D,NA,GI,Y,4,nullsub,DE_WR_19_71_7_14_NJ,44.2,No,64,7,Yes,15,Outsideclassroom,No,3_4,encontrar,simple-finite
3,5,2018,Berlin,UI,male,71,English,y trata de ponerlo en un cochecito.,NA,agent,MC,D,NA,GI,Y,4,nullsub,DE_WR_19_71_7_14_NJ,44.2,No,64,7,Yes,15,Outsideclassroom,No,3_5,tratar,infinitive
3,6,2018,Berlin,UI,male,71,English,Luego intenta devolver al bebé al lugar,NA,agent,MC,D,NA,GI,Y,4,nullsub,DE_WR_19_71_7_14_NJ,44.2,No,64,7,Yes,15,Outsideclassroom,No,3_6,intentar,infinitive
3,7,2018,Berlin,UI,male,71,English,pero es molestado por un oficial de policía.,NA,pacient,MC,D,NA,GI,Y,4,nullsub,DE_WR_19_71_7_14_NJ,44.2,No,64,7,Yes,15,Outsideclassroom,No,3_7,molestar,passive
3,8,2018,Berlin,UI,male,71,English,Luego se lo da a otro hombre,NA,agent,MC,D,NA,GI,Y,4,nullsub,DE_WR_19_71_7_14_NJ,44.2,No,64,7,Yes,15,Outsideclassroom,No,3_8,dar,simple-finite
3,9,2018,Berlin,UI,male,71,English,que lo vuelve a poner en el cochecito.,NA,agent,SC,D,NA,GI,N,4,nullsub,DE_WR_19_71_7_14_NJ,44.2,No,64,7,Yes,15,Outsideclassroom,No,3_9,poner,periphrasis-lexical
30,1,2018,Freiburg,UI,female,28,English,Charlie Caplin esta andando en una ciudad con casas,PRE,agent,MC,D,DEF,NE,N,4,dp,DE_WR_36_28_12_14_MB,83.7,No,16,12,Yes,35,Outsideclassroom,No,30_1,andar,periphrasis-gerund
30,10,2018,Freiburg,UI,female,28,English,"que hacer,",NA,agent,SC,I,NA,NA,NA,4,nullsub,DE_WR_36_28_12_14_MB,83.7,No,16,12,Yes,35,Outsideclassroom,No,30_10,hacer,simple-finite
30,11,2018,Freiburg,UI,female,28,English,así que coge el bébé.,NA,agent,MC,D,NA,GI,Y,4,nullsub,DE_WR_36_28_12_14_MB,83.7,No,16,12,Yes,35,Outsideclassroom,No,30_11,coger,simple-finite
30,12,2018,Freiburg,UI,female,28,English,"Cuando ve a una mujer con un niNo en un cochecito,",NA,pacient,MC,D,NA,GI,Y,4,nullsub,DE_WR_36_28_12_14_MB,83.7,No,16,12,Yes,35,Outsideclassroom,No,30_12,ver,simple-finite
30,13,2018,Freiburg,UI,female,28,English,lleva el bébé hacia esto.,NA,pacient,MC,D,NA,GI,Y,4,nullsub,DE_WR_36_28_12_14_MB,83.7,No,16,12,Yes,35,Outsideclassroom,No,30_13,llevar,simple-finite
30,14,2018,Freiburg,UI,female,28,English,"Cuando la madre se va un momento en una casa,",PRE,agent,MC,D,DEF,GI,N,4,dp,DE_WR_36_28_12_14_MB,83.7,No,16,12,Yes,35,Outsideclassroom,No,30_14,irse,simple-finite
30,15,2018,Freiburg,UI,female,28,English,pone el bébé en el cochecito,NA,agent,MC,D,NA,GI,N,4,nullsub,DE_WR_36_28_12_14_MB,83.7,No,16,12,Yes,35,Outsideclassroom,No,30_15,poner,simple-finite
30,16,2018,Freiburg,UI,female,28,English,y quiere irse.,NA,agent,MC,D,NA,GI,Y,4,nullsub,DE_WR_36_28_12_14_MB,83.7,No,16,12,Yes,35,Outsideclassroom,No,30_16,irse,modal
30,17,2018,Freiburg,UI,female,28,English,Pero la madre lo ve,PRE,pacient,MC,D,DEF,GI,N,4,dp,DE_WR_36_28_12_14_MB,83.7,No,16,12,Yes,35,Outsideclassroom,No,30_17,ver,simple-finite
30,18,2018,Freiburg,UI,female,28,English,y se enfada mucho.,NA,agent,MC,D,NA,GI,Y,4,nullsub,DE_WR_36_28_12_14_MB,83.7,No,16,12,Yes,35,Outsideclassroom,No,30_18,enfadarse,simple-finite
30,19,2018,Freiburg,UI,female,28,English,Chaplin tiene que tomar el bébé de nuevo.,PRE,agent,MC,D,DEF,GI,N,4,dp,DE_WR_36_28_12_14_MB,83.7,No,16,12,Yes,35,Outsideclassroom,No,30_19,tomar,modal
30,2,2018,Freiburg,UI,female,28,English,que apparecen  destruidas.,PRE,pacient,SC,D,DEF,GI,N,4,pron,DE_WR_36_28_12_14_MB,83.7,No,16,12,Yes,35,Outsideclassroom,No,30_2,aparecer,simple-finite
30,21,2018,Freiburg,UI,female,28,English,un hombre de la policia le observa,PRE,agent,MC,D,INDEF,NE,N,4,dp,DE_WR_36_28_12_14_MB,83.7,No,16,12,Yes,35,Outsideclassroom,No,30_21,observar,simple-finite
30,22,2018,Freiburg,UI,female,28,English,y le dice,NA,agent,MC,D,NA,GI,Y,4,nullsub,DE_WR_36_28_12_14_MB,83.7,No,16,12,Yes,35,Outsideclassroom,No,30_22,decir,simple-finite
30,23,2018,Freiburg,UI,female,28,English,que no pueda hacerlo.,NA,agent,SC,D,NA,GI,N,4,nullsub,DE_WR_36_28_12_14_MB,83.7,No,16,12,Yes,35,Outsideclassroom,No,30_23,hacer,modal
30,24,2018,Freiburg,UI,female,28,English,Entonces lleva el bébé,NA,pacient,MC,D,NA,GI,Y,4,nullsub,DE_WR_36_28_12_14_MB,83.7,No,16,12,Yes,35,Outsideclassroom,No,30_24,llevar,simple-finite
30,25,2018,Freiburg,UI,female,28,English,hasta que encuentra a un hombre viejo,NA,agent,SC,D,NA,GI,Y,4,nullsub,DE_WR_36_28_12_14_MB,83.7,No,16,12,Yes,35,Outsideclassroom,No,30_25,encontrar,simple-finite
30,26,2018,Freiburg,UI,female,28,English,Preguntale,NA,agent,MC,D,NA,GI,N,4,nullsub,DE_WR_36_28_12_14_MB,83.7,No,16,12,Yes,35,Outsideclassroom,No,30_26,preguntar,simple-finite
30,27,2018,Freiburg,UI,female,28,English,si puede llevarlo un momento,NA,pacient,SC,I,NA,GI,N,4,nullsub,DE_WR_36_28_12_14_MB,83.7,No,16,12,Yes,35,Outsideclassroom,No,30_27,llevar,modal
30,28,2018,Freiburg,UI,female,28,English,para que pueda hacer sus zapatos,NA,agent,SC,D,NA,GI,N,4,nullsub,DE_WR_36_28_12_14_MB,83.7,No,16,12,Yes,35,Outsideclassroom,No,30_28,hacer,modal
30,29,2018,Freiburg,UI,female,28,English,"- pero cuando el hombre coge el niNo,",PRE,agent,MC,D,DEF,GI,N,4,dp,DE_WR_36_28_12_14_MB,83.7,No,16,12,Yes,35,Outsideclassroom,No,30_29,coger,simple-finite
30,3,2018,Freiburg,UI,female,28,English,De repente se caye basura en frente de él.,POST,pacient,MC,D,INDEF,NE,N,4,dp,DE_WR_36_28_12_14_MB,83.7,No,16,12,Yes,35,Outsideclassroom,No,30_3,caer,simple-finite
30,30,2018,Freiburg,UI,female,28,English,Chaplin corre.,PRE,agent,MC,D,DEF,GI,N,4,dp,DE_WR_36_28_12_14_MB,83.7,No,16,12,Yes,35,Outsideclassroom,No,30_30,correr,simple-finite
30,31,2018,Freiburg,UI,female,28,English,El hombre no sé,PRE,agent,MC,D,DEF,GI,N,4,dp,DE_WR_36_28_12_14_MB,83.7,No,16,12,Yes,35,Outsideclassroom,No,30_31,saber,simple-finite
30,32,2018,Freiburg,UI,female,28,English,que hacer,NA,agent,SC,I,NA,NA,NA,4,nullsub,DE_WR_36_28_12_14_MB,83.7,No,16,12,Yes,35,Outsideclassroom,No,30_32,hacer,simple-finite
30,33,2018,Freiburg,UI,female,28,English,y pone el bébé en el mismo cochecito,NA,agent,MC,D,NA,GI,Y,4,nullsub,DE_WR_36_28_12_14_MB,83.7,No,16,12,Yes,35,Outsideclassroom,No,30_33,poner,simple-finite
30,34,2018,Freiburg,UI,female,28,English,como lo hice Chaplin más antes.,POST,agent,MC,D,DEF,GI,N,4,dp,DE_WR_36_28_12_14_MB,83.7,No,16,12,Yes,35,Outsideclassroom,No,30_34,hacer,simple-finite
30,35,2018,Freiburg,UI,female,28,English,Chaplin no lo sé,PRE,agent,MC,D,DEF,GI,Y,4,dp,DE_WR_36_28_12_14_MB,83.7,No,16,12,Yes,35,Outsideclassroom,No,30_35,saber,simple-finite
30,36,2018,Freiburg,UI,female,28,English,"y esta andando al lado del cochecito,",NA,agent,MC,D,NA,GI,Y,4,nullsub,DE_WR_36_28_12_14_MB,83.7,No,16,12,Yes,35,Outsideclassroom,No,30_36,andar,periphrasis-gerund
30,37,2018,Freiburg,UI,female,28,English,cuando la madre nota el bébé,PRE,pacient,SC,D,DEF,GI,N,4,dp,DE_WR_36_28_12_14_MB,83.7,No,16,12,Yes,35,Outsideclassroom,No,30_37,notar,simple-finite
30,38,2018,Freiburg,UI,female,28,English,y la policia viene.,PRE,pacient,MC,D,DEF,GI,N,4,dp,DE_WR_36_28_12_14_MB,83.7,No,16,12,Yes,35,Outsideclassroom,No,30_38,venir,simple-finite
30,39,2018,Freiburg,UI,female,28,English,La madre golpea al Chaplin con sus paraguas.,PRE,agent,MC,D,DEF,GI,N,4,dp,DE_WR_36_28_12_14_MB,83.7,No,16,12,Yes,35,Outsideclassroom,No,30_39,golpear,simple-finite
30,4,2018,Freiburg,UI,female,28,English,Esta pensando,NA,agent,MC,D,NA,GI,N,4,nullsub,DE_WR_36_28_12_14_MB,83.7,No,16,12,Yes,35,Outsideclassroom,No,30_4,pensar,periphrasis-gerund
30,40,2018,Freiburg,UI,female,28,English,Al final Chaplin se siente en la calle,PRE,agent,MC,D,DEF,GI,N,4,dp,DE_WR_36_28_12_14_MB,83.7,No,16,12,Yes,35,Outsideclassroom,No,30_40,sentarse,simple-finite
30,41,2018,Freiburg,UI,female,28,English,y piensa de,NA,agent,MC,D,NA,GI,Y,4,nullsub,DE_WR_36_28_12_14_MB,83.7,No,16,12,Yes,35,Outsideclassroom,No,30_41,pensar,simple-finite
30,42,2018,Freiburg,UI,female,28,English,lo que podria hacer.,PRE,agent,SC,D,NA,NE,Y,4,nullsub,DE_WR_36_28_12_14_MB,83.7,No,16,12,Yes,35,Outsideclassroom,No,30_42,hacer,modal
30,43,2018,Freiburg,UI,female,28,English,Explora un papel,NA,agent,MC,D,NA,GI,Y,4,nullsub,DE_WR_36_28_12_14_MB,83.7,No,16,12,Yes,35,Outsideclassroom,No,30_43,explorar,simple-finite
30,44,2018,Freiburg,UI,female,28,English,que dice,PRE,agent,SC,D,DEF,GI,N,4,pron,DE_WR_36_28_12_14_MB,83.7,No,16,12,Yes,35,Outsideclassroom,No,30_44,decir,simple-finite
30,6,2018,Freiburg,UI,female,28,English,y empieza a fumar.,NA,agent,MC,D,NA,GI,N,4,nullsub,DE_WR_36_28_12_14_MB,83.7,No,16,12,Yes,35,Outsideclassroom,No,30_6,fumar,periphrasis-lexical
30,7,2018,Freiburg,UI,female,28,English,Charlie nota un bébé,PRE,pacient,MC,D,DEF,GI,Y,4,dp,DE_WR_36_28_12_14_MB,83.7,No,16,12,Yes,35,Outsideclassroom,No,30_7,notar,simple-finite
30,9,2018,Freiburg,UI,female,28,English,No sé,NA,agent,MC,D,NA,GI,N,4,nullsub,DE_WR_36_28_12_14_MB,83.7,No,16,12,Yes,35,Outsideclassroom,No,30_9,saber,simple-finite
31,1,2018,Hamburg,LA,male,28,English,"En el video Charles Chaplin estuvo andando por la calle al frente de una casa,",PRE,agent,MC,D,DEF,NE,N,5,dp,DE_WR_36_28_5_14_JMS,83.7,No,23,5,Yes,10,Outsideclassroom,No,31_1,andar,periphrasis-gerund
31,10,2018,Hamburg,LA,male,28,English,que estaba acostando sólo en la calle.,NA,agent,SC,D,NA,GI,N,5,nullsub,DE_WR_36_28_5_14_JMS,83.7,No,23,5,Yes,10,Outsideclassroom,No,31_10,acostar,periphrasis-gerund
31,11,2018,Hamburg,LA,male,28,English,El niño estaba gritando,PRE,agent,MC,D,DEF,GI,Y,5,dp,DE_WR_36_28_5_14_JMS,83.7,No,23,5,Yes,10,Outsideclassroom,No,31_11,gritar,periphrasis-gerund
31,12,2018,Hamburg,LA,male,28,English,y Charles Chaplin lo tomó,PRE,agent,MC,D,DEF,GI,N,5,dp,DE_WR_36_28_5_14_JMS,83.7,No,23,5,Yes,10,Outsideclassroom,No,31_12,tomar,simple-finite
31,13,2018,Hamburg,LA,male,28,English,y buscó por la madre.,NA,agent,MC,D,NA,GI,Y,5,nullsub,DE_WR_36_28_5_14_JMS,83.7,No,23,5,Yes,10,Outsideclassroom,No,31_13,buscar,simple-finite
31,14,2018,Hamburg,LA,male,28,English,En este momento la madre vení,PRE,pacient,MC,D,DEF,GI,N,5,dp,DE_WR_36_28_5_14_JMS,83.7,No,23,5,Yes,10,Outsideclassroom,No,31_14,venir,simple-finite
31,16,2018,Hamburg,LA,male,28,English,La vio,NA,pacient,MC,D,NA,GI,N,5,nullsub,DE_WR_36_28_5_14_JMS,83.7,No,23,5,Yes,10,Outsideclassroom,No,31_16,ver,simple-finite
31,17,2018,Hamburg,LA,male,28,English,y llamó,NA,agent,MC,D,NA,GI,Y,5,nullsub,DE_WR_36_28_5_14_JMS,83.7,No,23,5,Yes,10,Outsideclassroom,No,31_17,llamar,simple-finite
31,18,2018,Hamburg,LA,male,28,English,y corrió,NA,agent,MC,D,NA,GI,Y,5,nullsub,DE_WR_36_28_5_14_JMS,83.7,No,23,5,Yes,10,Outsideclassroom,No,31_18,correr,simple-finite
31,2,2018,Hamburg,LA,male,28,English,"que me parece un poco roto,",PRE,pacient,SC,D,DEF,GI,N,5,pron,DE_WR_36_28_5_14_JMS,83.7,No,23,5,Yes,10,Outsideclassroom,No,31_2,parecer,simple-finite
31,20,2018,Hamburg,LA,male,28,English,El ha puesto el niño en el carrito,PRE,agent,MC,D,DEF,GI,Y,5,pron,DE_WR_36_28_5_14_JMS,83.7,No,23,5,Yes,10,Outsideclassroom,No,31_20,poner,simple-finite
31,21,2018,Hamburg,LA,male,28,English,y dijo a la mujer,NA,agent,MC,D,NA,GI,Y,5,nullsub,DE_WR_36_28_5_14_JMS,83.7,No,23,5,Yes,10,Outsideclassroom,No,31_21,decir,simple-finite
31,22,2018,Hamburg,LA,male,28,English,que ella perdió el niño en la calle.,PRE,agent,SC,D,DEF,GI,N,5,pron,DE_WR_36_28_5_14_JMS,83.7,No,23,5,Yes,10,Outsideclassroom,No,31_22,perder,simple-finite
31,23,2018,Hamburg,LA,male,28,English,La mujer estaba gritando,PRE,agent,MC,D,DEF,GI,Y,5,dp,DE_WR_36_28_5_14_JMS,83.7,No,23,5,Yes,10,Outsideclassroom,No,31_23,gritar,periphrasis-gerund
31,25,2018,Hamburg,LA,male,28,English,que no es suya,NA,pacient,SC,D,NA,GI,N,5,nullsub,DE_WR_36_28_5_14_JMS,83.7,No,23,5,Yes,10,Outsideclassroom,No,31_25,ser,simple-finite
31,26,2018,Hamburg,LA,male,28,English,porque el cogió el niño del carrito,PRE,agent,SC,D,DEF,GI,N,5,pron,DE_WR_36_28_5_14_JMS,83.7,No,23,5,Yes,10,Outsideclassroom,No,31_26,coger,simple-finite
31,27,2018,Hamburg,LA,male,28,English,y salió la mujer.,POST,agent,MC,D,DEF,GI,N,5,dp,DE_WR_36_28_5_14_JMS,83.7,No,23,5,Yes,10,Outsideclassroom,No,31_27,salir,simple-finite
31,28,2018,Hamburg,LA,male,28,English,En el momento[…]  pareció un hombre de la policía.,POST,pacient,MC,D,INDEF,NE,N,5,dp,DE_WR_36_28_5_14_JMS,83.7,No,23,5,Yes,10,Outsideclassroom,No,31_28,parecer,simple-finite
31,29,2018,Hamburg,LA,male,28,English,en lo cual Charles Chaplin quizó poner el niño en el mismo Lugar,PRE,agent,SC,D,DEF,GI,N,5,dp,DE_WR_36_28_5_14_JMS,83.7,No,23,5,Yes,10,Outsideclassroom,No,31_29,poner,simple-finite
31,30,2018,Hamburg,LA,male,28,English,donde lo ha encontrado,NA,agent,SC,D,NA,GI,Y,5,nullsub,DE_WR_36_28_5_14_JMS,83.7,No,23,5,Yes,10,Outsideclassroom,No,31_30,encontrar,simple-finite
31,31,2018,Hamburg,LA,male,28,English,"Cuando le vió,",NA,pacient,SC,D,NA,GI,Y,5,nullsub,DE_WR_36_28_5_14_JMS,83.7,No,23,5,Yes,10,Outsideclassroom,No,31_31,ver,simple-finite
31,32,2018,Hamburg,LA,male,28,English,cogió el niño,NA,agent,MC,D,NA,GI,Y,5,nullsub,DE_WR_36_28_5_14_JMS,83.7,No,23,5,Yes,10,Outsideclassroom,No,31_32,coger,simple-finite
31,33,2018,Hamburg,LA,male,28,English,y salió.,NA,agent,MC,D,NA,GI,Y,5,nullsub,DE_WR_36_28_5_14_JMS,83.7,No,23,5,Yes,10,Outsideclassroom,No,31_33,salir,simple-finite
31,34,2018,Hamburg,LA,male,28,English,El ha dado el niño a un viejo,NA,agent,MC,D,NA,GI,Y,5,nullsub,DE_WR_36_28_5_14_JMS,83.7,No,23,5,Yes,10,Outsideclassroom,No,31_34,dar,simple-finite
31,35,2018,Hamburg,LA,male,28,English,que estaba andando por la calle,PRE,agent,SC,D,DEF,GI,N,5,pron,DE_WR_36_28_5_14_JMS,83.7,No,23,5,Yes,10,Outsideclassroom,No,31_35,andar,periphrasis-gerund
31,36,2018,Hamburg,LA,male,28,English,y salió rapidamente.,NA,agent,MC,D,NA,GI,N,5,nullsub,DE_WR_36_28_5_14_JMS,83.7,No,23,5,Yes,10,Outsideclassroom,No,31_36,salir,simple-finite
31,37,2018,Hamburg,LA,male,28,English,El viejo estaba buscandole,PRE,agent,MC,D,DEF,GI,N,5,dp,DE_WR_36_28_5_14_JMS,83.7,No,23,5,Yes,10,Outsideclassroom,No,31_37,buscar,periphrasis-gerund
31,38,2018,Hamburg,LA,male,28,English,pero no le puso encontrar,NA,agent,MC,D,NA,GI,Y,5,nullsub,DE_WR_36_28_5_14_JMS,83.7,No,23,5,Yes,10,Outsideclassroom,No,31_38,encontrar,modal
31,39,2018,Hamburg,LA,male,28,English,y dejó el niño en el carrito de la mujer.,NA,agent,MC,D,NA,GI,Y,5,nullsub,DE_WR_36_28_5_14_JMS,83.7,No,23,5,Yes,10,Outsideclassroom,No,31_39,dejar,simple-finite
31,4,2018,Hamburg,LA,male,28,English,que ha limpado y ha tirado la basura por la ventana.,NA,agent,SC,D,NA,GI,Y,5,nullsub,DE_WR_36_28_5_14_JMS,83.7,No,23,5,Yes,10,Outsideclassroom,No,31_4,limpiar,simple-finite
31,40,2018,Hamburg,LA,male,28,English,La mujer estuvo en un mercado,PRE,pacient,MC,D,DEF,GI,N,5,dp,DE_WR_36_28_5_14_JMS,83.7,No,23,5,Yes,10,Outsideclassroom,No,31_40,estar,simple-finite
31,41,2018,Hamburg,LA,male,28,English,que el niño estuvo de nuevo en su carrito.,PRE,pacient,SC,D,DEF,GI,N,5,dp,DE_WR_36_28_5_14_JMS,83.7,No,23,5,Yes,10,Outsideclassroom,No,31_41,estar,simple-finite
31,41,2018,Hamburg,LA,male,28,English,"y cuando venio en la calle,",NA,agent,SC,D,NA,GI,Y,5,nullsub,DE_WR_36_28_5_14_JMS,83.7,No,23,5,Yes,10,Outsideclassroom,No,31_41,venir,simple-finite
31,42,2018,Hamburg,LA,male,28,English,vio,NA,pacient,MC,D,NA,GI,Y,5,nullsub,DE_WR_36_28_5_14_JMS,83.7,No,23,5,Yes,10,Outsideclassroom,No,31_42,ver,simple-finite
31,42,2018,Hamburg,LA,male,28,English,La mujer vio,PRE,pacient,MC,D,DEF,GI,N,5,dp,DE_WR_36_28_5_14_JMS,83.7,No,23,5,Yes,10,Outsideclassroom,No,31_42,ver,simple-finite
31,43,2018,Hamburg,LA,male,28,English,como Chaplin ha pasado por el mercado,PRE,pacient,SC,D,DEF,GI,N,5,dp,DE_WR_36_28_5_14_JMS,83.7,No,23,5,Yes,10,Outsideclassroom,No,31_43,pasar,simple-finite
31,44,2018,Hamburg,LA,male,28,English,que el tomó el niño.,PRE,agent,SC,D,DEF,GI,N,5,pron,DE_WR_36_28_5_14_JMS,83.7,No,23,5,Yes,10,Outsideclassroom,No,31_44,tomar,simple-finite
31,45,2018,Hamburg,LA,male,28,English,y le ha peleado con su parraguas.,NA,agent,MC,D,NA,GI,N,5,nullsub,DE_WR_36_28_5_14_JMS,83.7,No,23,5,Yes,10,Outsideclassroom,No,31_45,pelear,simple-finite
31,46,2018,Hamburg,LA,male,28,English,Quería,NA,agent,MC,D,NA,GI,Y,5,nullsub,DE_WR_36_28_5_14_JMS,83.7,No,23,5,Yes,10,Outsideclassroom,No,31_46,querer,simple-finite
31,48,2018,Hamburg,LA,male,28,English,La policía pasó,PRE,pacient,MC,D,DEF,GI,N,5,dp,DE_WR_36_28_5_14_JMS,83.7,No,23,5,Yes,10,Outsideclassroom,No,31_48,pasar,simple-finite
31,49,2018,Hamburg,LA,male,28,English,y vio la situacion,NA,pacient,MC,D,NA,GI,Y,5,nullsub,DE_WR_36_28_5_14_JMS,83.7,No,23,5,Yes,10,Outsideclassroom,No,31_49,ver,simple-finite
31,5,2018,Hamburg,LA,male,28,English,Charles Chaplin sigó andando,PRE,agent,MC,D,DEF,GI,N,5,dp,DE_WR_36_28_5_14_JMS,83.7,No,23,5,Yes,10,Outsideclassroom,No,31_5,andar,periphrasis-gerund
31,50,2018,Hamburg,LA,male,28,English,y fue por ahí.,NA,agent,MC,D,NA,GI,Y,5,nullsub,DE_WR_36_28_5_14_JMS,83.7,No,23,5,Yes,10,Outsideclassroom,No,31_50,ir,simple-finite
31,51,2018,Hamburg,LA,male,28,English,Chaplin tuvo que tomar el niño,PRE,agent,MC,D,DEF,GI,N,5,dp,DE_WR_36_28_5_14_JMS,83.7,No,23,5,Yes,10,Outsideclassroom,No,31_51,tomar,modal
31,52,2018,Hamburg,LA,male,28,English,y salió.,NA,agent,MC,D,NA,GI,Y,5,nullsub,DE_WR_36_28_5_14_JMS,83.7,No,23,5,Yes,10,Outsideclassroom,No,31_52,salir,simple-finite
31,53,2018,Hamburg,LA,male,28,English,Se sentió en la calle.,NA,agent,MC,D,NA,GI,Y,5,nullsub,DE_WR_36_28_5_14_JMS,83.7,No,23,5,Yes,10,Outsideclassroom,No,31_53,sentarse,simple-finite
31,54,2018,Hamburg,LA,male,28,English,En la ropa del niño encontró una letra de la madre,NA,agent,MC,D,NA,GI,Y,5,nullsub,DE_WR_36_28_5_14_JMS,83.7,No,23,5,Yes,10,Outsideclassroom,No,31_54,encontrar,simple-finite
31,57,2018,Hamburg,LA,male,28,English,Chaplin decidió de quedar el niño,PRE,agent,MC,D,DEF,GI,N,5,dp,DE_WR_36_28_5_14_JMS,83.7,No,23,5,Yes,10,Outsideclassroom,No,31_57,decidir,infinitive
31,58,2018,Hamburg,LA,male,28,English,y los dos salieron.,PRE,agent,MC,D,DEF,GI,N,5,pron,DE_WR_36_28_5_14_JMS,83.7,No,23,5,Yes,10,Outsideclassroom,No,31_58,salir,simple-finite
31,6,2018,Hamburg,LA,male,28,English,y fumó,NA,agent,MC,D,NA,GI,Y,5,nullsub,DE_WR_36_28_5_14_JMS,83.7,No,23,5,Yes,10,Outsideclassroom,No,31_6,fumar,simple-finite
31,7,2018,Hamburg,LA,male,28,English,De repente algo se ha caído a su cabeza de arriba.,PRE,pacient,MC,D,DEF,NE,N,5,pron,DE_WR_36_28_5_14_JMS,83.7,No,23,5,Yes,10,Outsideclassroom,No,31_7,caerse,simple-finite
31,8,2018,Hamburg,LA,male,28,English,Él tomó otro cigarillo,PRE,agent,MC,D,DEF,GI,N,5,pron,DE_WR_36_28_5_14_JMS,83.7,No,23,5,Yes,10,Outsideclassroom,No,31_8,tomar,simple-finite
31,9,2018,Hamburg,LA,male,28,English,y después vio a un niño,NA,pacient,MC,D,NA,GI,Y,5,nullsub,DE_WR_36_28_5_14_JMS,83.7,No,23,5,Yes,10,Outsideclassroom,No,31_9,ver,simple-finite
32,10,2020,Florence,LA,female,20,Italian,de quién es,NA,pacient,SC,I,NA,GI,N,5,nullsub,DE_WR_37_20_7_14_SH,86,No,13,7,No,25,Outsideclassroom,Yes,32_10,ser,simple-finite
32,11,2020,Florence,LA,female,20,Italian,y se lo lleva,NA,pacient,MC,D,NA,GI,N,5,nullsub,DE_WR_37_20_7_14_SH,86,No,13,7,No,25,Outsideclassroom,Yes,32_11,llevar,simple-finite
32,13,2020,Florence,LA,female,20,Italian,"Por primero intenta gritar hasta la ventana de la casa a su frente,",NA,agent,MC,D,NA,GI,Y,5,nullsub,DE_WR_37_20_7_14_SH,86,No,13,7,No,25,Outsideclassroom,Yes,32_13,intentar,infinitive
32,14,2020,Florence,LA,female,20,Italian,pero ninguno le responde.,NA,agent,MC,D,NA,NE,N,5,nullsub,DE_WR_37_20_7_14_SH,86,No,13,7,No,25,Outsideclassroom,Yes,32_14,responder,simple-finite
32,15,2020,Florence,LA,female,20,Italian,Después pasa una mujer,POST,pacient,MC,D,INDEF,NE,N,5,dp,DE_WR_37_20_7_14_SH,86,No,13,7,No,25,Outsideclassroom,Yes,32_15,pasar,simple-finite
32,16,2020,Florence,LA,female,20,Italian,que lleva consigo su bebé en un carro de niños.,PRE,pacient,SC,D,DEF,GI,Y,5,pron,DE_WR_37_20_7_14_SH,86,No,13,7,No,25,Outsideclassroom,Yes,32_16,llevar,simple-finite
32,17,2020,Florence,LA,female,20,Italian,Chaplin piensa,PRE,agent,MC,D,DEF,GI,N,5,dp,DE_WR_37_20_7_14_SH,86,No,13,7,No,25,Outsideclassroom,Yes,32_17,pensar,simple-finite
32,18,2020,Florence,LA,female,20,Italian,que ella puede ser la madre,PRE,pacient,SC,D,DEF,GI,N,5,pron,DE_WR_37_20_7_14_SH,86,No,13,7,No,25,Outsideclassroom,Yes,32_18,ser,modal
32,19,2020,Florence,LA,female,20,Italian,e intenta darle el bebé.,NA,agent,MC,D,NA,GI,Y,5,nullsub,DE_WR_37_20_7_14_SH,86,No,13,7,No,25,Outsideclassroom,Yes,32_19,intentar,infinitive
32,2,2020,Florence,LA,female,20,Italian,que va por la calle.,PRE,agent,SC,D,DEF,GI,N,5,pron,DE_WR_37_20_7_14_SH,86,No,13,7,No,25,Outsideclassroom,Yes,32_2,ir,simple-finite
32,20,2020,Florence,LA,female,20,Italian,La mujer no está contenta,PRE,pacient,MC,D,DEF,GI,N,5,dp,DE_WR_37_20_7_14_SH,86,No,13,7,No,25,Outsideclassroom,Yes,32_20,estar,simple-finite
32,21,2020,Florence,LA,female,20,Italian,y no acepta el bebé.,NA,agent,MC,D,NA,GI,Y,5,nullsub,DE_WR_37_20_7_14_SH,86,No,13,7,No,25,Outsideclassroom,Yes,32_21,aceptar,simple-finite
32,22,2020,Florence,LA,female,20,Italian,Chaplin tiene que buscar otra solución.,PRE,agent,MC,D,DEF,GI,N,5,dp,DE_WR_37_20_7_14_SH,86,No,13,7,No,25,Outsideclassroom,Yes,32_22,buscar,modal
32,23,2020,Florence,LA,female,20,Italian,Intenta abandonar el bebé en el lugar,NA,agent,MC,D,NA,GI,Y,5,nullsub,DE_WR_37_20_7_14_SH,86,No,13,7,No,25,Outsideclassroom,Yes,32_23,intentar,infinitive
32,24,2020,Florence,LA,female,20,Italian,"en el que lo había encontrado,",NA,agent,SC,D,NA,GI,Y,5,nullsub,DE_WR_37_20_7_14_SH,86,No,13,7,No,25,Outsideclassroom,Yes,32_24,encontrar,simple-finite
32,25,2020,Florence,LA,female,20,Italian,pero en ese momento llega un policía,POST,pacient,MC,D,INDEF,NE,N,5,dp,DE_WR_37_20_7_14_SH,86,No,13,7,No,25,Outsideclassroom,Yes,32_25,llegar,simple-finite
32,26,2020,Florence,LA,female,20,Italian,y Chaplin no puede hacerlo.,PRE,agent,MC,D,DEF,GI,N,5,dp,DE_WR_37_20_7_14_SH,86,No,13,7,No,25,Outsideclassroom,Yes,32_26,hacer,modal
32,27,2020,Florence,LA,female,20,Italian,Va con el bebé por la calle,NA,agent,MC,D,NA,GI,Y,5,nullsub,DE_WR_37_20_7_14_SH,86,No,13,7,No,25,Outsideclassroom,Yes,32_27,ir,simple-finite
32,28,2020,Florence,LA,female,20,Italian,y ve a un hombre viejo.,NA,pacient,MC,D,NA,GI,Y,5,nullsub,DE_WR_37_20_7_14_SH,86,No,13,7,No,25,Outsideclassroom,Yes,32_28,ver,simple-finite
32,29,2020,Florence,LA,female,20,Italian,Lo deja en los brazos del hombre,NA,agent,MC,D,NA,GI,Y,5,nullsub,DE_WR_37_20_7_14_SH,86,No,13,7,No,25,Outsideclassroom,Yes,32_29,dejar,simple-finite
32,3,2020,Florence,LA,female,20,Italian,Está en un pequeño pueblo,NA,pacient,MC,D,NA,GI,Y,5,nullsub,DE_WR_37_20_7_14_SH,86,No,13,7,No,25,Outsideclassroom,Yes,32_3,estar,simple-finite
32,30,2020,Florence,LA,female,20,Italian,y se esconde,NA,agent,MC,D,NA,GI,Y,5,nullsub,DE_WR_37_20_7_14_SH,86,No,13,7,No,25,Outsideclassroom,Yes,32_30,esconder,simple-finite
32,31,2020,Florence,LA,female,20,Italian,para que el hombre no pueda devolver el bebé a Chaplin.,PRE,agent,SC,D,DEF,GI,N,5,dp,DE_WR_37_20_7_14_SH,86,No,13,7,No,25,Outsideclassroom,Yes,32_31,devolver,modal
32,32,2020,Florence,LA,female,20,Italian,El hombre está sorprendido,PRE,pacient,MC,D,DEF,GI,Y,5,dp,DE_WR_37_20_7_14_SH,86,No,13,7,No,25,Outsideclassroom,Yes,32_32,estar,simple-finite
32,33,2020,Florence,LA,female,20,Italian,y busca un puesto mejor para el bebé.,NA,agent,MC,D,NA,GI,Y,5,nullsub,DE_WR_37_20_7_14_SH,86,No,13,7,No,25,Outsideclassroom,Yes,32_33,buscar,simple-finite
32,34,2020,Florence,LA,female,20,Italian,Ve el carro de niños de la mujer,NA,pacient,MC,D,NA,GI,Y,5,nullsub,DE_WR_37_20_7_14_SH,86,No,13,7,No,25,Outsideclassroom,Yes,32_34,ver,simple-finite
32,35,2020,Florence,LA,female,20,Italian,y situa aquí el bebé.,NA,agent,MC,D,NA,GI,Y,5,nullsub,DE_WR_37_20_7_14_SH,86,No,13,7,No,25,Outsideclassroom,Yes,32_35,situar,simple-finite
32,36,2020,Florence,LA,female,20,Italian,En el momento […] pasa Chaplin por la calle,POST,pacient,MC,D,DEF,GI,N,5,dp,DE_WR_37_20_7_14_SH,86,No,13,7,No,25,Outsideclassroom,Yes,32_36,pasar,simple-finite
32,37,2020,Florence,LA,female,20,Italian,en que la mujer se da cuenta del bebé,PRE,pacient,SC,D,DEF,GI,N,5,dp,DE_WR_37_20_7_14_SH,86,No,13,7,No,25,Outsideclassroom,Yes,32_37,darse,periphrasis-lexical
32,38,2020,Florence,LA,female,20,Italian,y la mujer le obliga de llevarlo consigo.,PRE,agent,MC,D,DEF,GI,Y,5,dp,DE_WR_37_20_7_14_SH,86,No,13,7,No,25,Outsideclassroom,Yes,32_38,obligarse,periphrasis-lexical
32,39,2020,Florence,LA,female,20,Italian,Al final Chaplin encuentra una hoja de papel dentro el vestido del bebé.,PRE,agent,MC,D,DEF,GI,N,5,dp,DE_WR_37_20_7_14_SH,86,No,13,7,No,25,Outsideclassroom,Yes,32_39,encontrar,simple-finite
32,4,2020,Florence,LA,female,20,Italian,y lleva consigo su bastón.,NA,pacient,MC,D,NA,GI,Y,5,nullsub,DE_WR_37_20_7_14_SH,86,No,13,7,No,25,Outsideclassroom,Yes,32_4,llevar,simple-finite
32,40,2020,Florence,LA,female,20,Italian,Esa pide,PRE,agent,MC,D,DEF,GI,N,5,pron,DE_WR_37_20_7_14_SH,86,No,13,7,No,25,Outsideclassroom,Yes,32_40,pedir,simple-finite
32,41,2020,Florence,LA,female,20,Italian,que alguien se deba ocupar con amor de este niño abandonado.,PRE,agent,SC,IM,DEF,NE,N,5,pron,DE_WR_37_20_7_14_SH,86,No,13,7,No,25,Outsideclassroom,Yes,32_41,ocupar,modal
32,42,2020,Florence,LA,female,20,Italian,Chaplin decide hacerlo,PRE,agent,MC,D,DEF,GI,N,5,dp,DE_WR_37_20_7_14_SH,86,No,13,7,No,25,Outsideclassroom,Yes,32_42,decidir,infinitive
32,43,2020,Florence,LA,female,20,Italian,y lleva el bebé consigo.,NA,pacient,MC,D,NA,GI,Y,5,nullsub,DE_WR_37_20_7_14_SH,86,No,13,7,No,25,Outsideclassroom,Yes,32_43,llevar,simple-finite
32,6,2020,Florence,LA,female,20,Italian,que tira su basura por la ventana,PRE,agent,SC,D,DEF,GI,Y,5,pron,DE_WR_37_20_7_14_SH,86,No,13,7,No,25,Outsideclassroom,Yes,32_6,tirar,simple-finite
32,7,2020,Florence,LA,female,20,Italian,y esa cae sobre la cabeza de Charlie Chaplin.,PRE,pacient,MC,D,DEF,GI,N,5,pron,DE_WR_37_20_7_14_SH,86,No,13,7,No,25,Outsideclassroom,Yes,32_7,caer,simple-finite
32,8,2020,Florence,LA,female,20,Italian,En un rincón de la calle Charlie Chaplin encuentra un pequeño bebé abandonado.,PRE,agent,MC,D,DEF,GI,N,5,dp,DE_WR_37_20_7_14_SH,86,No,13,7,No,25,Outsideclassroom,Yes,32_8,encontrar,simple-finite
32,9,2020,Florence,LA,female,20,Italian,Se pregunta,NA,agent,MC,D,NA,GI,Y,5,nullsub,DE_WR_37_20_7_14_SH,86,No,13,7,No,25,Outsideclassroom,Yes,32_9,preguntar,simple-finite
33,10,2018,Göttingen,LA,female,21,French,así que Charles se quedó con el bebé.,PRE,agent,MC,D,DEF,GI,N,5,dp,DE_WR_37_21_6_14_SL,86,No,16,6,No,15,Outsideclassroom,No,33_10,quedarse,simple-finite
33,11,2018,Göttingen,LA,female,21,French,"Tan pronto como decidió reponerlo en la calle,",NA,agent,SC,D,NA,GI,Y,5,nullsub,DE_WR_37_21_6_14_SL,86,No,16,6,No,15,Outsideclassroom,No,33_11,decidir,infinitive
33,12,2018,Göttingen,LA,female,21,French,apareció un policía.,POST,pacient,MC,D,INDEF,NE,N,5,dp,DE_WR_37_21_6_14_SL,86,No,16,6,No,15,Outsideclassroom,No,33_12,aparecer,simple-finite
33,13,2018,Göttingen,LA,female,21,French,"De consecuencia, el protagonista sigue teniendo el bebé en sus brazos.",PRE,pacient,MC,D,DEF,GI,N,5,dp,DE_WR_37_21_6_14_SL,86,No,16,6,No,15,Outsideclassroom,No,33_13,tener,periphrasis-gerund
33,14,2018,Göttingen,LA,female,21,French,"Poco después, vió a otro hombre,",NA,pacient,MC,D,NA,GI,Y,5,nullsub,DE_WR_37_21_6_14_SL,86,No,16,6,No,15,Outsideclassroom,No,33_14,ver,simple-finite
33,15,2018,Göttingen,LA,female,21,French,le dió el bebé,NA,agent,MC,D,NA,GI,Y,5,nullsub,DE_WR_37_21_6_14_SL,86,No,16,6,No,15,Outsideclassroom,No,33_15,dar,simple-finite
33,16,2018,Göttingen,LA,female,21,French,y salió rápidamente.,NA,agent,MC,D,NA,GI,Y,5,nullsub,DE_WR_37_21_6_14_SL,86,No,16,6,No,15,Outsideclassroom,No,33_16,salir,simple-finite
33,17,2018,Göttingen,LA,female,21,French,Este otro hombre puso al bebé otra vez delante del bebé de la mujer.,PRE,agent,MC,D,DEF,GI,N,5,pron,DE_WR_37_21_6_14_SL,86,No,16,6,No,15,Outsideclassroom,No,33_17,poner,simple-finite
33,18,2018,Göttingen,LA,female,21,French,Ella lo notó,PRE,pacient,MC,D,DEF,GI,N,5,pron,DE_WR_37_21_6_14_SL,86,No,16,6,No,15,Outsideclassroom,No,33_18,notar,simple-finite
33,19,2018,Göttingen,LA,female,21,French,mientras Charles pasó por el camino.,PRE,pacient,SC,D,DEF,GI,N,5,dp,DE_WR_37_21_6_14_SL,86,No,16,6,No,15,Outsideclassroom,No,33_19,pasar,simple-finite
33,2,2018,Göttingen,LA,female,21,French,lo cual encontró en la calle.,NA,agent,SC,D,NA,GI,N,5,nullsub,DE_WR_37_21_6_14_SL,86,No,16,6,No,15,Outsideclassroom,No,33_2,encontrar,simple-finite
33,20,2018,Göttingen,LA,female,21,French,Le golpeó con su paraguas,NA,agent,MC,D,NA,GI,N,5,nullsub,DE_WR_37_21_6_14_SL,86,No,16,6,No,15,Outsideclassroom,No,33_20,golpear,simple-finite
33,21,2018,Göttingen,LA,female,21,French,así que Charles se quedó otra vez con el bebé.,PRE,agent,MC,D,DEF,GI,N,5,dp,DE_WR_37_21_6_14_SL,86,No,16,6,No,15,Outsideclassroom,No,33_21,quedarse,simple-finite
33,23,2018,Göttingen,LA,female,21,French,encontró una letra,NA,agent,MC,D,NA,GI,Y,5,nullsub,DE_WR_37_21_6_14_SL,86,No,16,6,No,15,Outsideclassroom,No,33_23,encontrar,simple-finite
33,25,2018,Göttingen,LA,female,21,French,que la persona […] debía ocuparse de ello con cariño.,PRE,agent,SC,D,DEF,NE,N,5,dp,DE_WR_37_21_6_14_SL,86,No,16,6,No,15,Outsideclassroom,No,33_25,ocuparse,modal
33,26,2018,Göttingen,LA,female,21,French,"que encontraba al bebé,",PRE,agent,SC,D,DEF,GI,Y,5,pron,DE_WR_37_21_6_14_SL,86,No,16,6,No,15,Outsideclassroom,No,33_26,encontrar,simple-finite
33,27,2018,Göttingen,LA,female,21,French,"Al final, el protagonista se puso feliz",PRE,agent,MC,D,DEF,GI,N,5,dp,DE_WR_37_21_6_14_SL,86,No,16,6,No,15,Outsideclassroom,No,33_27,ponerse,periphrasis-lexical
33,28,2018,Göttingen,LA,female,21,French,y desapareció,NA,pacient,MC,D,NA,GI,Y,5,nullsub,DE_WR_37_21_6_14_SL,86,No,16,6,No,15,Outsideclassroom,No,33_28,desaparecer,simple-finite
33,3,2018,Göttingen,LA,female,21,French,El bebé se quedaba sola,PRE,agent,MC,D,DEF,GI,N,5,dp,DE_WR_37_21_6_14_SL,86,No,16,6,No,15,Outsideclassroom,No,33_3,quedarse,simple-finite
33,4,2018,Göttingen,LA,female,21,French,hasta que un hombre (Charles Chaplin) lo encontró,PRE,agent,SC,D,INDEF,NE,N,5,dp,DE_WR_37_21_6_14_SL,86,No,16,6,No,15,Outsideclassroom,No,33_4,encontrar,simple-finite
33,5,2018,Göttingen,LA,female,21,French,y intentó darlo a su madre.,NA,agent,MC,D,NA,GI,Y,5,nullsub,DE_WR_37_21_6_14_SL,86,No,16,6,No,15,Outsideclassroom,No,33_5,intentar,infinitive
33,7,2018,Göttingen,LA,female,21,French,la creyó ser la madre del bebé,NA,agent,MC,D,NA,GI,Y,5,nullsub,DE_WR_37_21_6_14_SL,86,No,16,6,No,15,Outsideclassroom,No,33_7,creer,simple-finite
33,8,2018,Göttingen,LA,female,21,French,y puso el bebé delante del otro.,NA,agent,MC,D,NA,GI,Y,5,nullsub,DE_WR_37_21_6_14_SL,86,No,16,6,No,15,Outsideclassroom,No,33_8,poner,simple-finite
33,9,2018,Göttingen,LA,female,21,French,La mujer se puso enfadada,PRE,agent,MC,D,DEF,GI,N,5,dp,DE_WR_37_21_6_14_SL,86,No,16,6,No,15,Outsideclassroom,No,33_9,ponerse,periphrasis-lexical
34,1,2019,Passau,LA,male,22,French,"Chaplin,  [...] encuentra,[...] un bebé",PRE,agent,MC,D,DEF,NE,N,5,dp,DE_WR_37_22_5_14_MH,86,No,17,5,Yes,17,Insideclassroom,No,34_1,encontrar,simple-finite
34,11,2019,Passau,LA,male,22,French,que el pequeño niño no es suyo.,PRE,pacient,SC,D,DEF,GI,N,5,dp,DE_WR_37_22_5_14_MH,86,No,17,5,Yes,17,Insideclassroom,No,34_11,ser,simple-finite
34,12,2019,Passau,LA,male,22,French,Entonces Chaplin intenta de depositarlo,PRE,agent,MC,D,DEF,GI,N,5,dp,DE_WR_37_22_5_14_MH,86,No,17,5,Yes,17,Insideclassroom,No,34_12,intentar,infinitive
34,13,2019,Passau,LA,male,22,French,"donde lo había encontrado antes,",NA,agent,SC,D,NA,GI,Y,5,nullsub,DE_WR_37_22_5_14_MH,86,No,17,5,Yes,17,Insideclassroom,No,34_13,encontrar,simple-finite
34,15,2019,Passau,LA,male,22,French,que le mira severamente,PRE,agent,SC,D,DEF,GI,N,5,pron,DE_WR_37_22_5_14_MH,86,No,17,5,Yes,17,Insideclassroom,No,34_15,mirar,simple-finite
34,16,2019,Passau,LA,male,22,French,y le hace llevarse el bebé.,NA,agent,MC,D,NA,GI,Y,5,nullsub,DE_WR_37_22_5_14_MH,86,No,17,5,Yes,17,Insideclassroom,No,34_16,hacer,infinitive
34,18,2019,Passau,LA,male,22,French,"encuentra a un anciano,",NA,agent,MC,D,NA,GI,N,5,nullsub,DE_WR_37_22_5_14_MH,86,No,17,5,Yes,17,Insideclassroom,No,34_18,encontrar,simple-finite
34,19,2019,Passau,LA,male,22,French,pretende arreglarse los zapatos,NA,agent,MC,D,NA,GI,Y,5,nullsub,DE_WR_37_22_5_14_MH,86,No,17,5,Yes,17,Insideclassroom,No,34_19,pretender,simple-finite
34,2,2019,Passau,LA,male,22,French,que está dando un paseo […],PRE,agent,SC,D,DEF,GI,Y,5,pron,DE_WR_37_22_5_14_MH,86,No,17,5,Yes,17,Insideclassroom,No,34_2,dar,periphrasis-gerund
34,20,2019,Passau,LA,male,22,French,y ruega al anciano de tenderlo en sus brazos durante un momento.,NA,agent,MC,D,NA,GI,Y,5,nullsub,DE_WR_37_22_5_14_MH,86,No,17,5,Yes,17,Insideclassroom,No,34_20,rogar,simple-finite
34,21,2019,Passau,LA,male,22,French,Intenta escaparse,NA,agent,MC,D,NA,GI,Y,5,nullsub,DE_WR_37_22_5_14_MH,86,No,17,5,Yes,17,Insideclassroom,No,34_21,intentar,simple-finite
34,22,2019,Passau,LA,male,22,French,y se esconde en un edificio abandonado.,NA,agent,MC,D,NA,GI,Y,5,nullsub,DE_WR_37_22_5_14_MH,86,No,17,5,Yes,17,Insideclassroom,No,34_22,esconderse,simple-finite
34,23,2019,Passau,LA,male,22,French,"El anciano encuentra precisamente la misma manera de deshacerse del bebé,",PRE,agent,MC,D,DEF,GI,N,5,dp,DE_WR_37_22_5_14_MH,86,No,17,5,Yes,17,Insideclassroom,No,34_23,encontrar,simple-finite
34,25,2019,Passau,LA,male,22,French,"Mientras tanto, Chaplin, […]es sorprendido por el policía",PRE,pacient,MC,D,DEF,GI,N,5,dp,DE_WR_37_22_5_14_MH,86,No,17,5,Yes,17,Insideclassroom,No,34_25,sorprender,passive
34,27,2019,Passau,LA,male,22,French,y se huye otra vez.,NA,agent,MC,D,NA,GI,Y,5,nullsub,DE_WR_37_22_5_14_MH,86,No,17,5,Yes,17,Insideclassroom,No,34_27,huírse,simple-finite
34,28,2019,Passau,LA,male,22,French,Cuando pasa por el carrito de la mujer,NA,pacient,SC,D,NA,GI,Y,5,nullsub,DE_WR_37_22_5_14_MH,86,No,17,5,Yes,17,Insideclassroom,No,34_28,pasar,simple-finite
34,29,2019,Passau,LA,male,22,French,"que está furiosa por la misteriosa duplicación de su niño,",PRE,pacient,SC,D,DEF,GI,N,5,pron,DE_WR_37_22_5_14_MH,86,No,17,5,Yes,17,Insideclassroom,No,34_29,estar,simple-finite
34,3,2019,Passau,LA,male,22,French,"en lo que parece un polígono industrial,",POST,pacient,SC,D,INDEF,NE,N,5,dp,DE_WR_37_22_5_14_MH,86,No,17,5,Yes,17,Insideclassroom,No,34_3,parecer,simple-finite
34,30,2019,Passau,LA,male,22,French,ella le persigue,PRE,agent,MC,D,DEF,GI,Y,5,pron,DE_WR_37_22_5_14_MH,86,No,17,5,Yes,17,Insideclassroom,No,34_30,perseguir,simple-finite
34,32,2019,Passau,LA,male,22,French,"le hace llevarse el bebé de nuevo,",NA,agent,MC,D,NA,GI,Y,5,nullsub,DE_WR_37_22_5_14_MH,86,No,17,5,Yes,17,Insideclassroom,No,34_32,hacer,infinitive
34,34,2019,Passau,LA,male,22,French,Cuando se sienta,NA,agent,SC,D,NA,GI,N,5,nullsub,DE_WR_37_22_5_14_MH,86,No,17,5,Yes,17,Insideclassroom,No,34_34,sentarse,simple-finite
34,35,2019,Passau,LA,male,22,French,"y atiende al niño,",NA,agent,SC,D,NA,GI,Y,5,nullsub,DE_WR_37_22_5_14_MH,86,No,17,5,Yes,17,Insideclassroom,No,34_35,atender,simple-finite
34,37,2019,Passau,LA,male,22,French,encuentra un pequeño pedacito de papel,NA,agent,MC,D,NA,GI,Y,5,nullsub,DE_WR_37_22_5_14_MH,86,No,17,5,Yes,17,Insideclassroom,No,34_37,encontrar,simple-finite
34,4,2019,Passau,LA,male,22,French,"mientras fuma,",NA,agent,SC,D,NA,GI,Y,5,nullsub,DE_WR_37_22_5_14_MH,86,No,17,5,Yes,17,Insideclassroom,No,34_4,fumar,simple-finite
34,40,2019,Passau,LA,male,22,French,Esto hace a Chaplin llevarse el bebé definitivamente.,PRE,agent,MC,D,DEF,NE,N,5,pron,DE_WR_37_22_5_14_MH,86,No,17,5,Yes,17,Insideclassroom,No,34_40,llevarse,simple-finite
34,5,2019,Passau,LA,male,22,French,que está abandonado en el suelo.,PRE,pacient,SC,D,DEF,GI,N,5,pron,DE_WR_37_22_5_14_MH,86,No,17,5,Yes,17,Insideclassroom,No,34_5,estar,simple-finite
34,6,2019,Passau,LA,male,22,French,"Cuando pasa una madre con su propio niño,",POST,pacient,SC,D,INDEF,GI,N,5,dp,DE_WR_37_22_5_14_MH,86,No,17,5,Yes,17,Insideclassroom,No,34_6,pasar,simple-finite
34,7,2019,Passau,LA,male,22,French,él piensa,PRE,agent,MC,D,DEF,GI,Y,5,pron,DE_WR_37_22_5_14_MH,86,No,17,5,Yes,17,Insideclassroom,No,34_7,pensar,simple-finite
34,8,2019,Passau,LA,male,22,French,que a ella se le había caído el bebé.,POST,pacient,SC,D,DEF,GI,N,5,dp,DE_WR_37_22_5_14_MH,86,No,17,5,Yes,17,Insideclassroom,No,34_8,caer,simple-finite
34,9,2019,Passau,LA,male,22,French,Le habla,NA,agent,MC,D,NA,GI,N,5,nullsub,DE_WR_37_22_5_14_MH,86,No,17,5,Yes,17,Insideclassroom,No,34_9,hablar,simple-finite
35,1,2019,NA,LA,female,23,English,Um hombre encuentra un bebé perdido.,PRE,agent,MC,D,INDEF,NE,N,5,dp,DE_WR_37_23_4_14_AH,86,No,19,4,Yes,2,Outsideclassroom,No,35_1,encontrar,simple-finite
35,11,2019,NA,LA,female,23,English,viene una policia,POST,pacient,MC,D,INDEF,NE,N,5,dp,DE_WR_37_23_4_14_AH,86,No,19,4,Yes,2,Outsideclassroom,No,35_11,venir,simple-finite
35,12,2019,NA,LA,female,23,English,y le regaña a al hombre,NA,agent,MC,D,NA,GI,Y,5,nullsub,DE_WR_37_23_4_14_AH,86,No,19,4,Yes,2,Outsideclassroom,No,35_12,regañar,simple-finite
35,14,2019,NA,LA,female,23,English,El hombre se lleva el bebé,PRE,agent,MC,D,DEF,GI,N,5,dp,DE_WR_37_23_4_14_AH,86,No,19,4,Yes,2,Outsideclassroom,No,35_14,llevarse,simple-finite
35,15,2019,NA,LA,female,23,English,e intenta engañar otro hombre.,NA,agent,MC,D,NA,GI,Y,5,nullsub,DE_WR_37_23_4_14_AH,86,No,19,4,Yes,2,Outsideclassroom,No,35_15,intentar,infinitive
35,16,2019,NA,LA,female,23,English,Ese deja el bebé otra vez en el coche de la mujer.,NA,agent,MC,D,NA,GI,N,5,nullsub,DE_WR_37_23_4_14_AH,86,No,19,4,Yes,2,Outsideclassroom,No,35_16,dejar,simple-finite
35,17,2019,NA,LA,female,23,English,La mujer se queja,PRE,agent,MC,D,DEF,GI,N,5,dp,DE_WR_37_23_4_14_AH,86,No,19,4,Yes,2,Outsideclassroom,No,35_17,quejarse,simple-finite
35,18,2019,NA,LA,female,23,English,porque piensa,NA,agent,SC,D,NA,GI,Y,5,nullsub,DE_WR_37_23_4_14_AH,86,No,19,4,Yes,2,Outsideclassroom,No,35_18,pensar,simple-finite
35,19,2019,NA,LA,female,23,English,que ha sido el otro hombre.,NA,pacient,SC,D,NA,GI,N,5,nullsub,DE_WR_37_23_4_14_AH,86,No,19,4,Yes,2,Outsideclassroom,No,35_19,ser,simple-finite
35,2,2019,NA,LA,female,23,English,Al principio piensa,NA,agent,MC,D,NA,GI,Y,5,nullsub,DE_WR_37_23_4_14_AH,86,No,19,4,Yes,2,Outsideclassroom,No,35_2,pensar,simple-finite
35,20,2019,NA,LA,female,23,English,Al final el hombre se queda con el bebé,PRE,agent,MC,D,DEF,GI,Y,5,dp,DE_WR_37_23_4_14_AH,86,No,19,4,Yes,2,Outsideclassroom,No,35_20,quedarse,simple-finite
35,21,2019,NA,LA,female,23,English,porque encuentra una carta en su ropa con una noticia.,NA,agent,SC,D,NA,GI,Y,5,nullsub,DE_WR_37_23_4_14_AH,86,No,19,4,Yes,2,Outsideclassroom,No,35_21,encontrar,simple-finite
35,3,2019,NA,LA,female,23,English,que pertenece a la mujer,NA,pacient,SC,D,NA,GI,N,5,nullsub,DE_WR_37_23_4_14_AH,86,No,19,4,Yes,2,Outsideclassroom,No,35_3,pertenecer,simple-finite
35,4,2019,NA,LA,female,23,English,que está en la calle con un coche de bebés.,PRE,pacient,SC,D,DEF,GI,N,5,pron,DE_WR_37_23_4_14_AH,86,No,19,4,Yes,2,Outsideclassroom,No,35_4,estar,simple-finite
35,5,2019,NA,LA,female,23,English,El hombre quiere devolverla el bebé,PRE,agent,MC,D,DEF,GI,N,5,dp,DE_WR_37_23_4_14_AH,86,No,19,4,Yes,2,Outsideclassroom,No,35_5,devolver,simple-finite
35,6,2019,NA,LA,female,23,English,Empieza una discusión,POST,pacient,MC,D,INDEF,NE,N,5,dp,DE_WR_37_23_4_14_AH,86,No,19,4,Yes,2,Outsideclassroom,No,35_6,empezar,simple-finite
35,7,2019,NA,LA,female,23,English,porque el bebé no es de la mujer.,PRE,pacient,MC,D,DEF,GI,N,5,dp,DE_WR_37_23_4_14_AH,86,No,19,4,Yes,2,Outsideclassroom,No,35_7,ser,simple-finite
35,8,2019,NA,LA,female,23,English,Entonces el hombre lo quiere dejar,PRE,agent,MC,D,DEF,GI,N,5,dp,DE_WR_37_23_4_14_AH,86,No,19,4,Yes,2,Outsideclassroom,No,35_8,dejar,modal
35,9,2019,NA,LA,female,23,English,donde lo ha encontrado.,NA,agent,SC,D,NA,GI,Y,5,nullsub,DE_WR_37_23_4_14_AH,86,No,19,4,Yes,2,Outsideclassroom,No,35_9,encontrar,simple-finite
36,1,2018,Dresden,UI,male,23,English,En el video [...] Charlie Chaplin está caminando por las calles,PRE,agent,MC,D,DEF,NE,N,4,dp,DE_WR_37_23_4_14_RG,86,No,19,4,No,15,Outsideclassroom,No,36_1,caminar,periphrasis-gerund
36,10,2018,Dresden,UI,male,23,English,Chaplin no quiere quedarse con el bebé,PRE,pacient,MC,D,DEF,GI,N,4,dp,DE_WR_37_23_4_14_RG,86,No,19,4,No,15,Outsideclassroom,No,36_10,quedarse,modal
36,11,2018,Dresden,UI,male,23,English,y lo pone en el lugar,NA,agent,MC,D,NA,GI,Y,4,nullsub,DE_WR_37_23_4_14_RG,86,No,19,4,No,15,Outsideclassroom,No,36_11,poner,simple-finite
36,12,2018,Dresden,UI,male,23,English,donde se lo encuentró.,NA,agent,MC,D,NA,GI,Y,4,nullsub,DE_WR_37_23_4_14_RG,86,No,19,4,No,15,Outsideclassroom,No,36_12,encontrar,simple-finite
36,13,2018,Dresden,UI,male,23,English,Sin embargo un hombre de la policía lo ve,PRE,pacient,MC,D,INDEF,NE,N,4,dp,DE_WR_37_23_4_14_RG,86,No,19,4,No,15,Outsideclassroom,No,36_13,ver,simple-finite
36,14,2018,Dresden,UI,male,23,English,y Chaplin sale con el bebé.,PRE,agent,MC,D,DEF,GI,N,4,dp,DE_WR_37_23_4_14_RG,86,No,19,4,No,15,Outsideclassroom,No,36_14,salir,simple-finite
36,15,2018,Dresden,UI,male,23,English,Después él da el bebé a un hombre,PRE,agent,MC,D,DEF,GI,Y,4,pron,DE_WR_37_23_4_14_RG,86,No,19,4,No,15,Outsideclassroom,No,36_15,dar,simple-finite
36,16,2018,Dresden,UI,male,23,English,y desaparece,NA,pacient,MC,D,NA,GI,Y,4,nullsub,DE_WR_37_23_4_14_RG,86,No,19,4,No,15,Outsideclassroom,No,36_16,desaparecer,simple-finite
36,17,2018,Dresden,UI,male,23,English,pero el hombre se encuentra a la mujer otra vez.,PRE,pacient,MC,D,DEF,GI,N,4,dp,DE_WR_37_23_4_14_RG,86,No,19,4,No,15,Outsideclassroom,No,36_17,encontrarse,simple-finite
36,18,2018,Dresden,UI,male,23,English,Cuando Chaplin reaparece la mujer,PRE,agent,MC,D,DEF,GI,N,4,dp,DE_WR_37_23_4_14_RG,86,No,19,4,No,15,Outsideclassroom,No,36_18,reaparecer,simple-finite
36,19,2018,Dresden,UI,male,23,English,está muy agitada,NA,pacient,MC,D,NA,GI,N,4,nullsub,DE_WR_37_23_4_14_RG,86,No,19,4,No,15,Outsideclassroom,No,36_19,estar,simple-finite
36,2,2018,Dresden,UI,male,23,English,"que es en negro y blanco,",PRE,pacient,SC,D,DEF,GI,N,4,pron,DE_WR_37_23_4_14_RG,86,No,19,4,No,15,Outsideclassroom,No,36_2,ser,simple-finite
36,20,2018,Dresden,UI,male,23,English,y habla con el hombre de la policía.,NA,agent,MC,D,NA,GI,Y,4,nullsub,DE_WR_37_23_4_14_RG,86,No,19,4,No,15,Outsideclassroom,No,36_20,hablar,simple-finite
36,21,2018,Dresden,UI,male,23,English,Al final Chaplin lleva el bebé otra vez,PRE,pacient,MC,D,DEF,GI,N,4,dp,DE_WR_37_23_4_14_RG,86,No,19,4,No,15,Outsideclassroom,No,36_21,llevar,simple-finite
36,23,2018,Dresden,UI,male,23,English,que dice,PRE,agent,SC,D,DEF,GI,N,4,pron,DE_WR_37_23_4_14_RG,86,No,19,4,No,15,Outsideclassroom,No,36_23,decir,simple-finite
36,24,2018,Dresden,UI,male,23,English,que la persona […] debería ayudar.,PRE,agent,SC,D,DEF,GI,N,4,dp,DE_WR_37_23_4_14_RG,86,No,19,4,No,15,Outsideclassroom,No,36_24,ayudar,modal
36,25,2018,Dresden,UI,male,23,English,que encuentra a esto bebé,PRE,agent,SC,D,DEF,GI,Y,4,pron,DE_WR_37_23_4_14_RG,86,No,19,4,No,15,Outsideclassroom,No,36_25,encontrar,simple-finite
36,26,2018,Dresden,UI,male,23,English,y busca a su mujer.,NA,agent,MC,D,NA,GI,Y,4,nullsub,DE_WR_37_23_4_14_RG,86,No,19,4,No,15,Outsideclassroom,No,36_26,buscar,simple-finite
36,3,2018,Dresden,UI,male,23,English,cuando algunas piedras caen de un techo.,PRE,pacient,SC,D,INDEF,NE,N,4,dp,DE_WR_37_23_4_14_RG,86,No,19,4,No,15,Outsideclassroom,No,36_3,caer,simple-finite
36,4,2018,Dresden,UI,male,23,English,Él no está muy contento,PRE,pacient,MC,D,DEF,GI,N,4,pron,DE_WR_37_23_4_14_RG,86,No,19,4,No,15,Outsideclassroom,No,36_4,estar,simple-finite
36,5,2018,Dresden,UI,male,23,English,y empieza a fumar un cigarro.,NA,agent,MC,D,NA,GI,Y,4,nullsub,DE_WR_37_23_4_14_RG,86,No,19,4,No,15,Outsideclassroom,No,36_5,empezar,simple-finite
36,6,2018,Dresden,UI,male,23,English,Entonces Chaplin se encuentra un bebé en la calle,PRE,pacient,MC,D,DEF,GI,Y,4,dp,DE_WR_37_23_4_14_RG,86,No,19,4,No,15,Outsideclassroom,No,36_6,encontrarse,simple-finite
36,7,2018,Dresden,UI,male,23,English,Cuando ve a una mujer con otro bebé,NA,pacient,SC,D,NA,GI,Y,4,nullsub,DE_WR_37_23_4_14_RG,86,No,19,4,No,15,Outsideclassroom,No,36_7,ver,simple-finite
36,8,2018,Dresden,UI,male,23,English,Chaplin lo da a la mujer,PRE,agent,MC,D,DEF,GI,Y,4,dp,DE_WR_37_23_4_14_RG,86,No,19,4,No,15,Outsideclassroom,No,36_8,dar,simple-finite
36,9,2018,Dresden,UI,male,23,English,pero el bebé no es de ella.,PRE,pacient,MC,D,DEF,GI,N,4,dp,DE_WR_37_23_4_14_RG,86,No,19,4,No,15,Outsideclassroom,No,36_9,ser,simple-finite
37,10,2018,Hamburg,LA,female,23,English,Lo pone en el brazo,NA,agent,MC,D,NA,GI,N,5,nullsub,DE_WR_37_23_8_14_KJ,86,No,15,8,Yes,40,Outsideclassroom,No,37_10,poner,simple-finite
37,11,2018,Hamburg,LA,female,23,English,y justo pasa una mujer con su bebé en el cochecito.,POST,pacient,MC,D,INDEF,NE,N,5,dp,DE_WR_37_23_8_14_KJ,86,No,15,8,Yes,40,Outsideclassroom,No,37_11,pasar,simple-finite
37,13,2018,Hamburg,LA,female,23,English,que está buscando algo o alguien.,PRE,agent,SC,D,DEF,GI,Y,5,pron,DE_WR_37_23_8_14_KJ,86,No,15,8,Yes,40,Outsideclassroom,No,37_13,buscar,periphrasis-gerund
37,14,2018,Hamburg,LA,female,23,English,Deja el cochecito solo a fuera,NA,agent,MC,D,NA,GI,N,5,nullsub,DE_WR_37_23_8_14_KJ,86,No,15,8,Yes,40,Outsideclassroom,No,37_14,dejar,simple-finite
37,15,2018,Hamburg,LA,female,23,English,Quizas está buscadno al otro bebé?,NA,agent,MC,I,NA,GI,Y,5,nullsub,DE_WR_37_23_8_14_KJ,86,No,15,8,Yes,40,Outsideclassroom,No,37_15,buscar,periphrasis-gerund
37,15,2018,Hamburg,LA,female,23,English,mientras pasa a la casa.,NA,pacient,MC,D,NA,GI,Y,5,nullsub,DE_WR_37_23_8_14_KJ,86,No,15,8,Yes,40,Outsideclassroom,No,37_15,pasar,simple-finite
37,16,2018,Hamburg,LA,female,23,English,Entonces Chaplin quiere dejar el bebé,PRE,agent,MC,D,DEF,GI,Y,5,dp,DE_WR_37_23_8_14_KJ,86,No,15,8,Yes,40,Outsideclassroom,No,37_16,dejar,modal
37,17,2018,Hamburg,LA,female,23,English,que ha encontrado al lado del otro en el cochcito.,NA,agent,SC,D,NA,GI,N,5,nullsub,DE_WR_37_23_8_14_KJ,86,No,15,8,Yes,40,Outsideclassroom,No,37_17,encontrar,simple-finite
37,18,2018,Hamburg,LA,female,23,English,La mujer vuelve y se enoja.,PRE,agent,MC,D,DEF,GI,N,5,dp,DE_WR_37_23_8_14_KJ,86,No,15,8,Yes,40,Outsideclassroom,No,37_18,volver,simple-finite
37,2,2018,Hamburg,LA,female,23,English,como Charly Chaplin está caminando frente a una casa.,PRE,agent,SC,I,DEF,NE,N,5,dp,DE_WR_37_23_8_14_KJ,86,No,15,8,Yes,40,Outsideclassroom,No,37_2,caminar,periphrasis-gerund
37,20,2018,Hamburg,LA,female,23,English,que no estaba buscando al bebé..,PRE,agent,SC,D,DEF,GI,Y,5,pron,DE_WR_37_23_8_14_KJ,86,No,15,8,Yes,40,Outsideclassroom,No,37_20,buscar,periphrasis-gerund
37,21,2018,Hamburg,LA,female,23,English,Entonces Chaplin vuelve el bebé a su lugar al suelo,PRE,agent,MC,D,DEF,GI,N,5,dp,DE_WR_37_23_8_14_KJ,86,No,15,8,Yes,40,Outsideclassroom,No,37_21,volver,simple-finite
37,22,2018,Hamburg,LA,female,23,English,donde lo ha encontrado.,NA,agent,SC,D,NA,GI,Y,5,nullsub,DE_WR_37_23_8_14_KJ,86,No,15,8,Yes,40,Outsideclassroom,No,37_22,encontrar,simple-finite
37,23,2018,Hamburg,LA,female,23,English,Pero justo en este momento viene un policía,POST,pacient,MC,D,INDEF,NE,N,5,dp,DE_WR_37_23_8_14_KJ,86,No,15,8,Yes,40,Outsideclassroom,No,37_23,venir,simple-finite
37,24,2018,Hamburg,LA,female,23,English,y obvío que no puede dejar el bebé ahí.,NA,agent,MC,D,NA,GI,N,5,nullsub,DE_WR_37_23_8_14_KJ,86,No,15,8,Yes,40,Outsideclassroom,No,37_24,dejar,modal
37,25,2018,Hamburg,LA,female,23,English,Entonces lo pone,NA,agent,MC,D,NA,GI,Y,5,nullsub,DE_WR_37_23_8_14_KJ,86,No,15,8,Yes,40,Outsideclassroom,No,37_25,poner,simple-finite
37,26,2018,Hamburg,LA,female,23,English,y va a la calle.,NA,agent,MC,D,NA,GI,Y,5,nullsub,DE_WR_37_23_8_14_KJ,86,No,15,8,Yes,40,Outsideclassroom,No,37_26,ir,simple-finite
37,27,2018,Hamburg,LA,female,23,English,Deja el bebé en los brazos de un viejo,NA,agent,MC,D,NA,GI,Y,5,nullsub,DE_WR_37_23_8_14_KJ,86,No,15,8,Yes,40,Outsideclassroom,No,37_27,dejar,simple-finite
37,29,2018,Hamburg,LA,female,23,English,y en el momento correcto huye.,NA,agent,MC,D,NA,GI,Y,5,nullsub,DE_WR_37_23_8_14_KJ,86,No,15,8,Yes,40,Outsideclassroom,No,37_29,huír,simple-finite
37,3,2018,Hamburg,LA,female,23,English,Todo parece muy sucio,PRE,pacient,MC,D,INDEF,NE,N,5,pron,DE_WR_37_23_8_14_KJ,86,No,15,8,Yes,40,Outsideclassroom,No,37_3,parecer,simple-finite
37,30,2018,Hamburg,LA,female,23,English,El hombre y el bebé le siguen.,PRE,agent,MC,D,DEF,GI,N,5,dp,DE_WR_37_23_8_14_KJ,86,No,15,8,Yes,40,Outsideclassroom,No,37_30,seguir,simple-finite
37,31,2018,Hamburg,LA,female,23,English,Corren,NA,agent,MC,D,NA,GI,Y,5,nullsub,DE_WR_37_23_8_14_KJ,86,No,15,8,Yes,40,Outsideclassroom,No,37_31,correr,simple-finite
37,32,2018,Hamburg,LA,female,23,English,y de repente el viejo ve el cochecito con el otro bebé.,PRE,pacient,MC,D,DEF,GI,N,5,dp,DE_WR_37_23_8_14_KJ,86,No,15,8,Yes,40,Outsideclassroom,No,37_32,ver,simple-finite
37,33,2018,Hamburg,LA,female,23,English,Tiene la misma idea como Chaplin,NA,pacient,MC,D,NA,GI,Y,5,nullsub,DE_WR_37_23_8_14_KJ,86,No,15,8,Yes,40,Outsideclassroom,No,37_33,tener,simple-finite
37,34,2018,Hamburg,LA,female,23,English,y deja el bebé ahí y se va corriendo.,NA,agent,MC,D,NA,GI,Y,5,nullsub,DE_WR_37_23_8_14_KJ,86,No,15,8,Yes,40,Outsideclassroom,No,37_34,dejar,simple-finite
37,36,2018,Hamburg,LA,female,23,English,en que la mujer vuelve a su cochecito,PRE,agent,SC,D,DEF,GI,N,5,dp,DE_WR_37_23_8_14_KJ,86,No,15,8,Yes,40,Outsideclassroom,No,37_36,volver,simple-finite
37,39,2018,Hamburg,LA,female,23,English,que está pasiando por la calle.,PRE,agent,SC,D,DEF,GI,Y,5,pron,DE_WR_37_23_8_14_KJ,86,No,15,8,Yes,40,Outsideclassroom,No,37_39,pasar,periphrasis-gerund
37,4,2018,Hamburg,LA,female,23,English,"y alguien está botando basura o algo parecido de la ventana, encima de Chaplin.",PRE,agent,MC,D,INDEF,NE,N,5,pron,DE_WR_37_23_8_14_KJ,86,No,15,8,Yes,40,Outsideclassroom,No,37_4,botar,periphrasis-gerund
37,40,2018,Hamburg,LA,female,23,English,Lo pega con el paraguas,NA,agent,MC,D,NA,GI,N,5,nullsub,DE_WR_37_23_8_14_KJ,86,No,15,8,Yes,40,Outsideclassroom,No,37_40,pegar,simple-finite
37,41,2018,Hamburg,LA,female,23,English,y grita,NA,agent,MC,D,NA,GI,Y,5,nullsub,DE_WR_37_23_8_14_KJ,86,No,15,8,Yes,40,Outsideclassroom,No,37_41,gritar,simple-finite
37,42,2018,Hamburg,LA,female,23,English,y después un rato también viene el policía,POST,pacient,MC,D,DEF,GI,N,5,dp,DE_WR_37_23_8_14_KJ,86,No,15,8,Yes,40,Outsideclassroom,No,37_42,venir,simple-finite
37,43,2018,Hamburg,LA,female,23,English,y lo forcan,NA,agent,MC,D,NA,GI,N,5,nullsub,DE_WR_37_23_8_14_KJ,86,No,15,8,Yes,40,Outsideclassroom,No,37_43,forzar,simple-finite
37,44,2018,Hamburg,LA,female,23,English,para que ponga el bebé.,NA,agent,SC,D,NA,GI,N,5,nullsub,DE_WR_37_23_8_14_KJ,86,No,15,8,Yes,40,Outsideclassroom,No,37_44,poner,simple-finite
37,45,2018,Hamburg,LA,female,23,English,Entonces Chaplin se siente ahí en la calle,PRE,agent,MC,D,DEF,GI,Y,5,dp,DE_WR_37_23_8_14_KJ,86,No,15,8,Yes,40,Outsideclassroom,No,37_45,sentirse,simple-finite
37,47,2018,Hamburg,LA,female,23,English,que hacer.,NA,agent,SC,I,NA,NA,NA,5,nullsub,DE_WR_37_23_8_14_KJ,86,No,15,8,Yes,40,Outsideclassroom,No,37_47,hacer,simple-finite
37,48,2018,Hamburg,LA,female,23,English,Mira al bebé,NA,agent,MC,D,NA,GI,Y,5,nullsub,DE_WR_37_23_8_14_KJ,86,No,15,8,Yes,40,Outsideclassroom,No,37_48,mirar,simple-finite
37,49,2018,Hamburg,LA,female,23,English,y encuentra un nota,NA,agent,MC,D,NA,GI,Y,5,nullsub,DE_WR_37_23_8_14_KJ,86,No,15,8,Yes,40,Outsideclassroom,No,37_49,encontrar,simple-finite
37,5,2018,Hamburg,LA,female,23,English,Empieza a fumar,NA,agent,MC,D,NA,GI,N,5,nullsub,DE_WR_37_23_8_14_KJ,86,No,15,8,Yes,40,Outsideclassroom,No,37_5,fumar,periphrasis-lexical
37,50,2018,Hamburg,LA,female,23,English,que dice:,PRE,agent,SC,D,DEF,GI,N,5,pron,DE_WR_37_23_8_14_KJ,86,No,15,8,Yes,40,Outsideclassroom,No,37_50,decir,simple-finite
37,52,2018,Hamburg,LA,female,23,English,"Y Chaplin ya lo ama,",PRE,agent,MC,D,DEF,GI,N,5,dp,DE_WR_37_23_8_14_KJ,86,No,15,8,Yes,40,Outsideclassroom,No,37_52,amar,simple-finite
37,53,2018,Hamburg,LA,female,23,English,tan dulce que es.,NA,pacient,SC,D,NA,GI,N,5,nullsub,DE_WR_37_23_8_14_KJ,86,No,15,8,Yes,40,Outsideclassroom,No,37_53,ser,simple-finite
37,6,2018,Hamburg,LA,female,23,English,y por algun razòn tira sus guantes en la basura.,NA,agent,MC,D,NA,GI,Y,5,nullsub,DE_WR_37_23_8_14_KJ,86,No,15,8,Yes,40,Outsideclassroom,No,37_6,tirar,simple-finite
37,7,2018,Hamburg,LA,female,23,English,En este momento su mirada ecuentra el bebé,NA,agent,MC,D,NA,NE,N,5,nullsub,DE_WR_37_23_8_14_KJ,86,No,15,8,Yes,40,Outsideclassroom,No,37_7,encontrar,simple-finite
37,8,2018,Hamburg,LA,female,23,English,"que está al lado de la basura,",PRE,pacient,SC,D,DEF,GI,N,5,pron,DE_WR_37_23_8_14_KJ,86,No,15,8,Yes,40,Outsideclassroom,No,37_8,estar,simple-finite
38,1,2018,Hamburg,UI,female,25,Italian,"Chaplina esta paseando por una calle vacia,",PRE,agent,MC,D,DEF,NE,N,4,dp,DE_WR_37_25_12_14_LL,86,No,13,12,Yes,15,Outsideclassroom,Yes,38_1,pasear,periphrasis-gerund
38,10,2018,Hamburg,UI,female,25,Italian,y se gira,NA,agent,MC,D,NA,GI,Y,4,nullsub,DE_WR_37_25_12_14_LL,86,No,13,12,Yes,15,Outsideclassroom,Yes,38_10,girarse,simple-finite
38,12,2018,Hamburg,UI,female,25,Italian,Cuando pasa una mujer con un coche.,POST,pacient,SC,D,INDEF,GI,N,4,dp,DE_WR_37_25_12_14_LL,86,No,13,12,Yes,15,Outsideclassroom,Yes,38_12,pasar,simple-finite
38,13,2018,Hamburg,UI,female,25,Italian,"Tiene la idea de dejar el bebe en ese coche,",NA,pacient,MC,D,NA,GI,N,4,nullsub,DE_WR_37_25_12_14_LL,86,No,13,12,Yes,15,Outsideclassroom,Yes,38_13,tener,simple-finite
38,14,2018,Hamburg,UI,female,25,Italian,pero cuando la mama sale de la casa,PRE,agent,SC,D,DEF,GI,N,4,dp,DE_WR_37_25_12_14_LL,86,No,13,12,Yes,15,Outsideclassroom,Yes,38_14,salir,simple-finite
38,15,2018,Hamburg,UI,female,25,Italian,se enoje tanto,NA,agent,MC,D,NA,GI,Y,4,nullsub,DE_WR_37_25_12_14_LL,86,No,13,12,Yes,15,Outsideclassroom,Yes,38_15,enojarse,simple-finite
38,16,2018,Hamburg,UI,female,25,Italian,que Chaplin lo toma en sus brazos otra vez.,PRE,agent,SC,D,DEF,GI,N,4,dp,DE_WR_37_25_12_14_LL,86,No,13,12,Yes,15,Outsideclassroom,Yes,38_16,tomar,simple-finite
38,17,2018,Hamburg,UI,female,25,Italian,"Se va detras de la esquina,",NA,agent,MC,D,NA,GI,Y,4,nullsub,DE_WR_37_25_12_14_LL,86,No,13,12,Yes,15,Outsideclassroom,Yes,38_17,irse,simple-finite
38,19,2018,Hamburg,UI,female,25,Italian,cuando pasa el policia.,POST,pacient,SC,D,DEF,NE,N,4,dp,DE_WR_37_25_12_14_LL,86,No,13,12,Yes,15,Outsideclassroom,Yes,38_19,pasar,simple-finite
38,20,2018,Hamburg,UI,female,25,Italian,Le dice,NA,agent,MC,D,NA,GI,Y,4,nullsub,DE_WR_37_25_12_14_LL,86,No,13,12,Yes,15,Outsideclassroom,Yes,38_20,decir,simple-finite
38,22,2018,Hamburg,UI,female,25,Italian,asi que se lo lleva otra vez.,NA,agent,MC,D,NA,GI,N,4,nullsub,DE_WR_37_25_12_14_LL,86,No,13,12,Yes,15,Outsideclassroom,Yes,38_22,llevarse,simple-finite
38,24,2018,Hamburg,UI,female,25,Italian,qie Chaplin no tiene buena suerte.,PRE,pacient,SC,D,DEF,GI,Y,4,dp,DE_WR_37_25_12_14_LL,86,No,13,12,Yes,15,Outsideclassroom,Yes,38_24,tener,simple-finite
38,25,2018,Hamburg,UI,female,25,Italian,Derepente pasa un hombre,POST,pacient,MC,D,INDEF,NE,N,4,dp,DE_WR_37_25_12_14_LL,86,No,13,12,Yes,15,Outsideclassroom,Yes,38_25,caer,simple-finite
38,26,2018,Hamburg,UI,female,25,Italian,"y Chaplin intenta a dejar el bebe con el,",PRE,agent,MC,D,DEF,GI,N,4,dp,DE_WR_37_25_12_14_LL,86,No,13,12,Yes,15,Outsideclassroom,Yes,38_26,intentar,infinitive
38,28,2018,Hamburg,UI,female,25,Italian,que el bebe llega otra vez en sus brazos.,PRE,pacient,SC,D,DEF,GI,N,4,dp,DE_WR_37_25_12_14_LL,86,No,13,12,Yes,15,Outsideclassroom,Yes,38_28,llegar,simple-finite
38,29,2018,Hamburg,UI,female,25,Italian,"Se siente en la marchapiede,",NA,agent,MC,D,NA,GI,N,4,nullsub,DE_WR_37_25_12_14_LL,86,No,13,12,Yes,15,Outsideclassroom,Yes,38_29,sentarse,simple-finite
38,3,2018,Hamburg,UI,female,25,Italian,"De repente le calle basura encima,",POST,pacient,MC,D,INDEF,NE,N,4,dp,DE_WR_37_25_12_14_LL,86,No,13,12,Yes,15,Outsideclassroom,Yes,38_3,caer,simple-finite
38,31,2018,Hamburg,UI,female,25,Italian,Chaplin no se atreve,PRE,agent,MC,D,DEF,GI,Y,4,dp,DE_WR_37_25_12_14_LL,86,No,13,12,Yes,15,Outsideclassroom,Yes,38_31,atreverse,simple-finite
38,33,2018,Hamburg,UI,female,25,Italian,saca una letra.,NA,agent,MC,D,NA,GI,Y,4,nullsub,DE_WR_37_25_12_14_LL,86,No,13,12,Yes,15,Outsideclassroom,Yes,38_33,sacar,simple-finite
38,34,2018,Hamburg,UI,female,25,Italian,Ese mismo bebe es un orfanato,PRE,pacient,MC,D,DEF,GI,N,4,dp,DE_WR_37_25_12_14_LL,86,No,13,12,Yes,15,Outsideclassroom,Yes,38_34,ser,simple-finite
38,4,2018,Hamburg,UI,female,25,Italian,que alguien esta tirando de una ventana.,PRE,agent,SC,D,INDEF,NE,N,4,pron,DE_WR_37_25_12_14_LL,86,No,13,12,Yes,15,Outsideclassroom,Yes,38_4,tirar,periphrasis-gerund
38,5,2018,Hamburg,UI,female,25,Italian,Cuando Chaplon quiere fumar una cigara,PRE,agent,SC,D,DEF,GI,N,4,dp,DE_WR_37_25_12_14_LL,86,No,13,12,Yes,15,Outsideclassroom,Yes,38_5,fumar,modal
38,6,2018,Hamburg,UI,female,25,Italian,"y esta buscando el encendedor,",NA,agent,MC,D,NA,GI,Y,4,nullsub,DE_WR_37_25_12_14_LL,86,No,13,12,Yes,15,Outsideclassroom,Yes,38_6,buscar,periphrasis-gerund
38,7,2018,Hamburg,UI,female,25,Italian,ve,NA,pacient,MC,D,NA,GI,Y,4,nullsub,DE_WR_37_25_12_14_LL,86,No,13,12,Yes,15,Outsideclassroom,Yes,38_7,ver,simple-finite
38,9,2018,Hamburg,UI,female,25,Italian,Lo toma en sus brazos,NA,agent,MC,D,NA,GI,N,4,nullsub,DE_WR_37_25_12_14_LL,86,No,13,12,Yes,15,Outsideclassroom,Yes,38_9,tomar,simple-finite
39,1,2019,Lisbon,UI,female,26,French,Charly Chaplin fue de paseo en una calle.,PRE,pacient,MC,D,DEF,NE,N,4,dp,DE_WR_37_26_3_14_JH,86,No,16,3,Yes,5,Outsideclassroom,No,39_1,ser,simple-finite
39,10,2019,Lisbon,UI,female,26,French,pero un guardia lo vio.,PRE,pacient,MC,D,INDEF,NE,N,4,dp,DE_WR_37_26_3_14_JH,86,No,16,3,Yes,5,Outsideclassroom,No,39_10,ver,simple-finite
39,11,2019,Lisbon,UI,female,26,French,"Despues de un rato, Charly Chaplin encontró un papel en la ropa del bebe",PRE,agent,MC,D,DEF,GI,N,4,dp,DE_WR_37_26_3_14_JH,86,No,16,3,Yes,5,Outsideclassroom,No,39_11,encontrar,simple-finite
39,12,2019,Lisbon,UI,female,26,French,que dice,PRE,agent,SC,D,DEF,GI,N,4,pron,DE_WR_37_26_3_14_JH,86,No,16,3,Yes,5,Outsideclassroom,No,39_12,decir,simple-finite
39,13,2019,Lisbon,UI,female,26,French,que este bebe es un huerfano,PRE,pacient,SC,D,DEF,GI,N,4,dp,DE_WR_37_26_3_14_JH,86,No,16,3,Yes,5,Outsideclassroom,No,39_13,ser,simple-finite
39,14,2019,Lisbon,UI,female,26,French,y pide,NA,agent,MC,D,NA,GI,N,4,nullsub,DE_WR_37_26_3_14_JH,86,No,16,3,Yes,5,Outsideclassroom,No,39_14,pedir,simple-finite
39,15,2019,Lisbon,UI,female,26,French,que la persona […] lo ame,PRE,agent,SC,IM,DEF,GI,N,4,dp,DE_WR_37_26_3_14_JH,86,No,16,3,Yes,5,Outsideclassroom,No,39_15,amar,simple-finite
39,16,2019,Lisbon,UI,female,26,French,que encuentra al bebe,PRE,agent,SC,D,DEF,GI,Y,4,pron,DE_WR_37_26_3_14_JH,86,No,16,3,Yes,5,Outsideclassroom,No,39_16,encontrar,simple-finite
39,17,2019,Lisbon,UI,female,26,French,y se preocupe.,NA,agent,MC,D,NA,GI,Y,4,nullsub,DE_WR_37_26_3_14_JH,86,No,16,3,Yes,5,Outsideclassroom,No,39_17,preocuparse,simple-finite
39,18,2019,Lisbon,UI,female,26,French,Charly Chaplin decide guardar al bebe.,PRE,agent,MC,D,DEF,GI,N,4,dp,DE_WR_37_26_3_14_JH,86,No,16,3,Yes,5,Outsideclassroom,No,39_18,decidir,simple-finite
39,2,2019,Lisbon,UI,female,26,French,Encontró a un bebe,NA,agent,MC,D,NA,GI,Y,4,nullsub,DE_WR_37_26_3_14_JH,86,No,16,3,Yes,5,Outsideclassroom,No,39_2,encontrar,simple-finite
39,3,2019,Lisbon,UI,female,26,French,y no sabia,NA,agent,MC,D,NA,GI,Y,4,nullsub,DE_WR_37_26_3_14_JH,86,No,16,3,Yes,5,Outsideclassroom,No,39_3,saber,simple-finite
39,4,2019,Lisbon,UI,female,26,French,lo que podría hacer con el nino.,NA,agent,SC,I,NA,GI,Y,4,nullsub,DE_WR_37_26_3_14_JH,86,No,16,3,Yes,5,Outsideclassroom,No,39_4,hacer,modal
39,5,2019,Lisbon,UI,female,26,French,Vio a una mujer con un cochecito para ninos con un bebe por dentro,NA,pacient,MC,D,NA,GI,Y,4,nullsub,DE_WR_37_26_3_14_JH,86,No,16,3,Yes,5,Outsideclassroom,No,39_5,ver,simple-finite
39,6,2019,Lisbon,UI,female,26,French,y tenía la idea de darla el bebe,NA,pacient,MC,D,NA,GI,Y,4,nullsub,DE_WR_37_26_3_14_JH,86,No,16,3,Yes,5,Outsideclassroom,No,39_6,tener,simple-finite
39,7,2019,Lisbon,UI,female,26,French,que había encontrado.,PRE,agent,SC,D,DEF,GI,N,4,pron,DE_WR_37_26_3_14_JH,86,No,16,3,Yes,5,Outsideclassroom,No,39_7,encontrar,simple-finite
39,8,2019,Lisbon,UI,female,26,French,Pero la mujer no quería guardar al bebe.,PRE,agent,MC,D,DEF,GI,N,4,dp,DE_WR_37_26_3_14_JH,86,No,16,3,Yes,5,Outsideclassroom,No,39_8,guardar,modal
39,9,2019,Lisbon,UI,female,26,French,"Charly Chaplin quería dejar el bebe en la calle,",PRE,agent,MC,D,DEF,GI,N,4,dp,DE_WR_37_26_3_14_JH,86,No,16,3,Yes,5,Outsideclassroom,No,39_9,dejar,modal
4,10,2018,NA,LB,male,50,"English, Italian",No tengo tiempo ni  dinero para ir al exzranjero por varios meses.,NA,pacient,MC,D,NA,GI,N,1,nullsub,DE_WR_20_50_2_14_HO,46.5,No,48,2,No,20,Outsideclassroom,Yes,4_10,tener,simple-finite
4,11,2018,NA,LB,male,50,"English, Italian","Habo italiano,",NA,agent,MC,D,NA,GI,Y,1,nullsub,DE_WR_20_50_2_14_HO,46.5,No,48,2,No,20,Outsideclassroom,Yes,4_11,hablar,simple-finite
4,12,2018,NA,LB,male,50,"English, Italian","entiendo un poco,",NA,agent,MC,D,NA,GI,Y,1,nullsub,DE_WR_20_50_2_14_HO,46.5,No,48,2,No,20,Outsideclassroom,Yes,4_12,entender,simple-finite
4,13,2018,NA,LB,male,50,"English, Italian",hago muchos fallos,NA,agent,MC,D,NA,GI,Y,1,nullsub,DE_WR_20_50_2_14_HO,46.5,No,48,2,No,20,Outsideclassroom,Yes,4_13,hacer,simple-finite
4,14,2018,NA,LB,male,50,"English, Italian",No me averguenzo...,NA,agent,MC,D,NA,GI,Y,1,nullsub,DE_WR_20_50_2_14_HO,46.5,No,48,2,No,20,Outsideclassroom,Yes,4_14,avergonzarse,simple-finite
4,15,2018,NA,LB,male,50,"English, Italian",he estado de vacaziones en paìses de habla hispana varias veces.,NA,pacient,MC,D,NA,GI,Y,1,nullsub,DE_WR_20_50_2_14_HO,46.5,No,48,2,No,20,Outsideclassroom,Yes,4_15,estar,simple-finite
4,16,2018,NA,LB,male,50,"English, Italian","Construí una casa,",NA,agent,MC,D,NA,GI,Y,1,nullsub,DE_WR_20_50_2_14_HO,46.5,No,48,2,No,20,Outsideclassroom,Yes,4_16,construir,simple-finite
4,17,2018,NA,LB,male,50,"English, Italian",tengo que pagar unos años màs.,NA,agent,MC,D,NA,GI,Y,1,nullsub,DE_WR_20_50_2_14_HO,46.5,No,48,2,No,20,Outsideclassroom,Yes,4_17,pagar,simple-finite
4,18,2018,NA,LB,male,50,"English, Italian","Si puedo ir a la pension,",NA,agent,MC,D,NA,GI,Y,1,nullsub,DE_WR_20_50_2_14_HO,46.5,No,48,2,No,20,Outsideclassroom,Yes,4_18,ir,modal
4,19,2018,NA,LB,male,50,"English, Italian",seria un deseo y un sueño emigrar en España.,POST,pacient,MC,D,INDEF,NE,N,1,dp,DE_WR_20_50_2_14_HO,46.5,No,48,2,No,20,Outsideclassroom,Yes,4_19,ser,simple-finite
4,2,2018,NA,LB,male,50,"English, Italian",Nunca aprendì espanol.,NA,agent,MC,D,NA,GI,N,1,nullsub,DE_WR_20_50_2_14_HO,46.5,No,48,2,No,20,Outsideclassroom,Yes,4_2,aprender,simple-finite
4,20,2018,NA,LB,male,50,"English, Italian",Entonces estoy seguro,NA,pacient,MC,D,NA,GI,N,1,nullsub,DE_WR_20_50_2_14_HO,46.5,No,48,2,No,20,Outsideclassroom,Yes,4_20,estar,simple-finite
4,21,2018,NA,LB,male,50,"English, Italian",de que puedo aprender este hermoso lenguaje ràpidamente.,NA,pacient,MC,D,NA,GI,Y,1,nullsub,DE_WR_20_50_2_14_HO,46.5,No,48,2,No,20,Outsideclassroom,Yes,4_21,aprender,modal
4,22,2018,NA,LB,male,50,"English, Italian",Mi español es absolutamente malo.,PRE,pacient,MC,D,DEF,GI,N,1,dp,DE_WR_20_50_2_14_HO,46.5,No,48,2,No,20,Outsideclassroom,Yes,4_22,ser,simple-finite
4,23,2018,NA,LB,male,50,"English, Italian",Quiero,NA,agent,MC,D,NA,GI,N,1,nullsub,DE_WR_20_50_2_14_HO,46.5,No,48,2,No,20,Outsideclassroom,Yes,4_23,querer,simple-finite
4,24,2018,NA,LB,male,50,"English, Italian",y lo aprenderè.,NA,agent,MC,D,NA,GI,Y,1,nullsub,DE_WR_20_50_2_14_HO,46.5,No,48,2,No,20,Outsideclassroom,Yes,4_24,aprender,simple-finite
4,25,2018,NA,LB,male,50,"English, Italian",Vamos a ver,NA,pacient,MC,D,NA,GI,N,1,nullsub,DE_WR_20_50_2_14_HO,46.5,No,48,2,No,20,Outsideclassroom,Yes,4_25,ver,simple-finite
4,3,2018,NA,LB,male,50,"English, Italian",Quiero aprender esta lengua.,NA,agent,MC,D,NA,GI,Y,1,nullsub,DE_WR_20_50_2_14_HO,46.5,No,48,2,No,20,Outsideclassroom,Yes,4_3,aprender,simple-finite
4,4,2018,NA,LB,male,50,"English, Italian",Me gusta mucho la gente...la tradición...la musica.,POST,pacient,MC,D,DEF,GI,N,1,dp,DE_WR_20_50_2_14_HO,46.5,No,48,2,No,20,Outsideclassroom,Yes,4_4,gustar,simple-finite
4,6,2018,NA,LB,male,50,"English, Italian",Soy un miembro de algunos grupos .,NA,pacient,MC,D,NA,NE,N,1,nullsub,DE_WR_20_50_2_14_HO,46.5,No,48,2,No,20,Outsideclassroom,Yes,4_6,ser,simple-finite
4,7,2018,NA,LB,male,50,"English, Italian",oigo musuca latinoamericana,NA,pacient,MC,D,NA,GI,Y,1,nullsub,DE_WR_20_50_2_14_HO,46.5,No,48,2,No,20,Outsideclassroom,Yes,4_7,oír,simple-finite
4,8,2018,NA,LB,male,50,"English, Italian",y tambien hago algunas esercicios en internet.,NA,agent,MC,D,NA,GI,Y,1,nullsub,DE_WR_20_50_2_14_HO,46.5,No,48,2,No,20,Outsideclassroom,Yes,4_8,hacer,simple-finite
4,9,2018,NA,LB,male,50,"English, Italian",Es un sueńo de mi aprender màs..mucho màs.,POST,pacient,MC,D,INDEF,NE,N,1,dp,DE_WR_20_50_2_14_HO,46.5,No,48,2,No,20,Outsideclassroom,Yes,4_9,ser,simple-finite
40,10,2018,Granada,UI,male,21,Hebrew,que lo dejo en el suelo.,PRE,agent,SC,D,DEF,GI,N,4,pron,DE_WR_38_21_10_14_HYR,88.4,No,11,10,Yes,900,Insideclassroom,No,40_10,dejar,simple-finite
40,11,2018,Granada,UI,male,21,Hebrew,Va trás una mujer con coche,NA,agent,MC,D,NA,GI,N,4,nullsub,DE_WR_38_21_10_14_HYR,88.4,No,11,10,Yes,900,Insideclassroom,No,40_11,ir,simple-finite
40,12,2018,Granada,UI,male,21,Hebrew,y pone el bebé adentro.,NA,agent,MC,D,DEF,GI,Y,4,nullsub,DE_WR_38_21_10_14_HYR,88.4,No,11,10,Yes,900,Insideclassroom,No,40_12,poner,simple-finite
40,13,2018,Granada,UI,male,21,Hebrew,"Ella se enfada,",PRE,agent,MC,D,DEF,GI,N,4,pron,DE_WR_38_21_10_14_HYR,88.4,No,11,10,Yes,900,Insideclassroom,No,40_13,enfadarse,simple-finite
40,14,2018,Granada,UI,male,21,Hebrew,así que regcoge otra vez al bebé,NA,agent,MC,D,NA,GI,N,4,nullsub,DE_WR_38_21_10_14_HYR,88.4,No,11,10,Yes,900,Insideclassroom,No,40_14,recoger,simple-finite
40,15,2018,Granada,UI,male,21,Hebrew,y se lo da a un viejito.,NA,agent,MC,D,NA,GI,Y,4,nullsub,DE_WR_38_21_10_14_HYR,88.4,No,11,10,Yes,900,Insideclassroom,No,40_15,dar,simple-finite
40,16,2018,Granada,UI,male,21,Hebrew,Este tampoco quiere quedarse con el bebé,PRE,pacient,MC,D,DEF,GI,N,4,pron,DE_WR_38_21_10_14_HYR,88.4,No,11,10,Yes,900,Insideclassroom,No,40_16,quedarse,modal
40,17,2018,Granada,UI,male,21,Hebrew,y lo devuelva a Charlie.,NA,agent,MC,D,NA,GI,Y,4,nullsub,DE_WR_38_21_10_14_HYR,88.4,No,11,10,Yes,900,Insideclassroom,No,40_17,devolver,simple-finite
40,18,2018,Granada,UI,male,21,Hebrew,Un policiaco está por allí,PRE,pacient,MC,D,INDEF,NE,N,4,dp,DE_WR_38_21_10_14_HYR,88.4,No,11,10,Yes,900,Insideclassroom,No,40_18,estar,simple-finite
40,21,2018,Granada,UI,male,21,Hebrew,Charlie se sienta al suelo,PRE,agent,MC,D,DEF,GI,N,4,dp,DE_WR_38_21_10_14_HYR,88.4,No,11,10,Yes,900,Insideclassroom,No,40_21,sentarse,simple-finite
40,22,2018,Granada,UI,male,21,Hebrew,y encuentra un papelito dentro de las telas,NA,agent,MC,D,NA,GI,Y,4,nullsub,DE_WR_38_21_10_14_HYR,88.4,No,11,10,Yes,900,Insideclassroom,No,40_22,encontrar,simple-finite
40,23,2018,Granada,UI,male,21,Hebrew,que enrollan al bebé.,PRE,agent,SC,D,DEF,GI,N,4,pron,DE_WR_38_21_10_14_HYR,88.4,No,11,10,Yes,900,Insideclassroom,No,40_23,envolver,simple-finite
40,25,2018,Granada,UI,male,21,Hebrew,que la persona […]  tiene que cuidar al órfano.,PRE,agent,SC,D,DEF,GI,N,4,dp,DE_WR_38_21_10_14_HYR,88.4,No,11,10,Yes,900,Insideclassroom,No,40_25,cuidar,modal
40,26,2018,Granada,UI,male,21,Hebrew,que encuentre al bebé,PRE,agent,SC,D,DEF,GI,Y,4,pron,DE_WR_38_21_10_14_HYR,88.4,No,11,10,Yes,900,Insideclassroom,No,40_26,encontrar,simple-finite
40,27,2018,Granada,UI,male,21,Hebrew,Al final Charlie se levanta,PRE,agent,MC,D,DEF,GI,N,4,dp,DE_WR_38_21_10_14_HYR,88.4,No,11,10,Yes,900,Insideclassroom,No,40_27,levantarse,simple-finite
40,28,2018,Granada,UI,male,21,Hebrew,y sale de la pantalla con el bebé en sus brazos.,NA,agent,MC,D,NA,GI,Y,4,nullsub,DE_WR_38_21_10_14_HYR,88.4,No,11,10,Yes,900,Insideclassroom,No,40_28,salir,simple-finite
40,3,2018,Granada,UI,male,21,Hebrew,Muchos basureros están por allí.,PRE,pacient,MC,D,INDEF,NE,N,4,dp,DE_WR_38_21_10_14_HYR,88.4,No,11,10,Yes,900,Insideclassroom,No,40_3,estar,simple-finite
40,4,2018,Granada,UI,male,21,Hebrew,de repente cae basura desde arriba al hombro de Charlie.,POST,pacient,MC,D,INDEF,NE,N,4,dp,DE_WR_38_21_10_14_HYR,88.4,No,11,10,Yes,900,Insideclassroom,No,40_4,ser,simple-finite
40,5,2018,Granada,UI,male,21,Hebrew,Este bota sus guantes al basurero,PRE,agent,MC,D,DEF,GI,N,4,pron,DE_WR_38_21_10_14_HYR,88.4,No,11,10,Yes,900,Insideclassroom,No,40_5,botar,simple-finite
40,6,2018,Granada,UI,male,21,Hebrew,y se entera,NA,agent,MC,D,NA,GI,Y,4,nullsub,DE_WR_38_21_10_14_HYR,88.4,No,11,10,Yes,900,Insideclassroom,No,40_6,enterarse,simple-finite
40,7,2018,Granada,UI,male,21,Hebrew,de que un bebé está al lado del basurero.,PRE,pacient,MC,D,INDEF,NE,N,4,dp,DE_WR_38_21_10_14_HYR,88.4,No,11,10,Yes,900,Insideclassroom,No,40_7,estar,simple-finite
40,8,2018,Granada,UI,male,21,Hebrew,Lo recoge,NA,agent,MC,D,NA,GI,N,4,nullsub,DE_WR_38_21_10_14_HYR,88.4,No,11,10,Yes,900,Insideclassroom,No,40_8,recoger,simple-finite
40,9,2018,Granada,UI,male,21,Hebrew,y busca a la persona,PRE,agent,MC,D,DEF,GI,Y,4,pron,DE_WR_38_21_10_14_HYR,88.4,No,11,10,Yes,900,Insideclassroom,No,40_9,buscar,simple-finite
41,1,2018,Hamburg,LA,female,21,English,Un hombre anda en una calle,PRE,agent,MC,D,INDEF,NE,N,5,dp,DE_WR_38_21_7_14_CW,88.4,No,14,7,Yes,5,Insideclassroom,Yes,41_1,andar,simple-finite
41,10,2018,Hamburg,LA,female,21,English,"Desgraciadamente, la mujer está muy argumentativa",PRE,pacient,MC,D,DEF,GI,Y,5,dp,DE_WR_38_21_7_14_CW,88.4,No,14,7,Yes,5,Insideclassroom,Yes,41_10,estar,simple-finite
41,11,2018,Hamburg,LA,female,21,English,porque el bebé no es suya.,PRE,pacient,SC,D,DEF,GI,N,5,dp,DE_WR_38_21_7_14_CW,88.4,No,14,7,Yes,5,Insideclassroom,Yes,41_11,ser,simple-finite
41,12,2018,Hamburg,LA,female,21,English,"Entonces, el hombre trata de dar el bebé a otro hombre",PRE,agent,MC,D,DEF,GI,N,5,dp,DE_WR_38_21_7_14_CW,88.4,No,14,7,Yes,5,Insideclassroom,Yes,41_12,tratar,periphrasis-lexical
41,13,2018,Hamburg,LA,female,21,English,y se va rápidamente.,NA,agent,MC,D,NA,GI,Y,5,nullsub,DE_WR_38_21_7_14_CW,88.4,No,14,7,Yes,5,Insideclassroom,Yes,41_13,irse,simple-finite
41,14,2018,Hamburg,LA,female,21,English,"Como el primer hombre, este hombre piensa también",PRE,agent,MC,D,DEF,GI,N,5,dp,DE_WR_38_21_7_14_CW,88.4,No,14,7,Yes,5,Insideclassroom,Yes,41_14,pensar,simple-finite
41,15,2018,Hamburg,LA,female,21,English,que es el bebé de la madre de la niña,POST,pacient,SC,D,DEF,GI,N,5,dp,DE_WR_38_21_7_14_CW,88.4,No,14,7,Yes,5,Insideclassroom,Yes,41_15,ser,simple-finite
41,16,2018,Hamburg,LA,female,21,English,y pone el bebé cerca de la niña.,NA,agent,MC,D,NA,GI,N,5,nullsub,DE_WR_38_21_7_14_CW,88.4,No,14,7,Yes,5,Insideclassroom,Yes,41_16,poner,simple-finite
41,17,2018,Hamburg,LA,female,21,English,"Cuando la mujer vuelve a su hija,",PRE,agent,MC,D,DEF,GI,N,5,dp,DE_WR_38_21_7_14_CW,88.4,No,14,7,Yes,5,Insideclassroom,Yes,41_17,volver,simple-finite
41,18,2018,Hamburg,LA,female,21,English,solamente ve el primer hombre,NA,pacient,MC,D,NA,GI,Y,5,nullsub,DE_WR_38_21_7_14_CW,88.4,No,14,7,Yes,5,Insideclassroom,Yes,41_18,ver,simple-finite
41,2,2018,Hamburg,LA,female,21,English,y encuentra a un bebé,NA,agent,MC,D,NA,GI,Y,5,nullsub,DE_WR_38_21_7_14_CW,88.4,No,14,7,Yes,5,Insideclassroom,Yes,41_2,encontrar,simple-finite
41,20,2018,Hamburg,LA,female,21,English,y le da el bebé otra vez.,NA,agent,MC,D,NA,GI,N,5,nullsub,DE_WR_38_21_7_14_CW,88.4,No,14,7,Yes,5,Insideclassroom,Yes,41_20,dar,simple-finite
41,21,2018,Hamburg,LA,female,21,English,"Después, el hombre lee una carta",PRE,agent,MC,D,DEF,GI,N,5,dp,DE_WR_38_21_7_14_CW,88.4,No,14,7,Yes,5,Insideclassroom,Yes,41_21,leer,simple-finite
41,23,2018,Hamburg,LA,female,21,English,que el bebé es un órfano,PRE,pacient,SC,D,DEF,GI,N,5,dp,DE_WR_38_21_7_14_CW,88.4,No,14,7,Yes,5,Insideclassroom,Yes,41_23,ser,simple-finite
41,24,2018,Hamburg,LA,female,21,English,y que la persona […] debe cuidarlo.,PRE,agent,MC,D,DEF,NE,N,5,dp,DE_WR_38_21_7_14_CW,88.4,No,14,7,Yes,5,Insideclassroom,Yes,41_24,cuidar,modal
41,25,2018,Hamburg,LA,female,21,English,que encuentre al bebé,PRE,agent,SC,D,DEF,GI,Y,5,pron,DE_WR_38_21_7_14_CW,88.4,No,14,7,Yes,5,Insideclassroom,Yes,41_25,encontrar,simple-finite
41,26,2018,Hamburg,LA,female,21,English,"Por eso, el hombre decide",PRE,agent,MC,D,DEF,GI,N,5,dp,DE_WR_38_21_7_14_CW,88.4,No,14,7,Yes,5,Insideclassroom,Yes,41_26,decidir,simple-finite
41,27,2018,Hamburg,LA,female,21,English,que quiere cuidar al bebé.,NA,agent,SC,D,NA,GI,Y,5,nullsub,DE_WR_38_21_7_14_CW,88.4,No,14,7,Yes,5,Insideclassroom,Yes,41_27,cuidar,modal
41,3,2018,Hamburg,LA,female,21,English,que está en la basura.,PRE,pacient,SC,D,DEF,GI,N,5,pron,DE_WR_38_21_7_14_CW,88.4,No,14,7,Yes,5,Insideclassroom,Yes,41_3,estar,simple-finite
41,5,2018,Hamburg,LA,female,21,English,El hombre toma el bebé,PRE,agent,MC,D,DEF,GI,N,5,dp,DE_WR_38_21_7_14_CW,88.4,No,14,7,Yes,5,Insideclassroom,Yes,41_5,tomar,simple-finite
41,6,2018,Hamburg,LA,female,21,English,para que vuelva a su familia.,NA,agent,SC,D,NA,GI,N,5,nullsub,DE_WR_38_21_7_14_CW,88.4,No,14,7,Yes,5,Insideclassroom,Yes,41_6,volver,simple-finite
41,7,2018,Hamburg,LA,female,21,English,"Cuando ve una mujer con una niña pequeña,",NA,pacient,MC,D,NA,GI,N,5,nullsub,DE_WR_38_21_7_14_CW,88.4,No,14,7,Yes,5,Insideclassroom,Yes,41_7,ver,simple-finite
41,8,2018,Hamburg,LA,female,21,English,el hombre piensa,PRE,agent,MC,D,DEF,GI,Y,5,dp,DE_WR_38_21_7_14_CW,88.4,No,14,7,Yes,5,Insideclassroom,Yes,41_8,pensar,simple-finite
41,9,2018,Hamburg,LA,female,21,English,que la mujer es la madre del bebé también.,PRE,pacient,SC,D,DEF,GI,N,5,dp,DE_WR_38_21_7_14_CW,88.4,No,14,7,Yes,5,Insideclassroom,Yes,41_9,ser,simple-finite
42,1,2018,Granada,UI,female,21,English,El video es una pelicuala selencia [...] en negro y blanco,PRE,pacient,MC,D,DEF,NE,N,4,dp,DE_WR_38_21_8_14_NP,88.4,No,13,8,No,17,Outsideclassroom,No,42_1,ser,simple-finite
42,10,2018,Granada,UI,female,21,English,Charlie Chaplin ve a un bebé abandonado en el piso.,PRE,pacient,MC,D,DEF,GI,Y,4,dp,DE_WR_38_21_8_14_NP,88.4,No,13,8,No,17,Outsideclassroom,No,42_10,ver,simple-finite
42,11,2018,Granada,UI,female,21,English,Lo tome en su abrazo,NA,agent,MC,D,NA,GI,Y,4,nullsub,DE_WR_38_21_8_14_NP,88.4,No,13,8,No,17,Outsideclassroom,No,42_11,tomar,simple-finite
42,12,2018,Granada,UI,female,21,English,y busca a un lugar para ponerlo.,NA,agent,MC,D,NA,GI,Y,4,nullsub,DE_WR_38_21_8_14_NP,88.4,No,13,8,No,17,Outsideclassroom,No,42_12,buscar,simple-finite
42,13,2018,Granada,UI,female,21,English,Una mujer pasa con su bebé,PRE,pacient,MC,D,INDEF,NE,N,4,dp,DE_WR_38_21_8_14_NP,88.4,No,13,8,No,17,Outsideclassroom,No,42_13,pasar,simple-finite
42,14,2018,Granada,UI,female,21,English,y él decide ponerlo con su bebé.,PRE,agent,MC,D,DEF,GI,N,4,pron,DE_WR_38_21_8_14_NP,88.4,No,13,8,No,17,Outsideclassroom,No,42_14,decidir,infinitive
42,15,2018,Granada,UI,female,21,English,Ella se enfadada,PRE,agent,MC,D,DEF,GI,N,4,pron,DE_WR_38_21_8_14_NP,88.4,No,13,8,No,17,Outsideclassroom,No,42_15,enfadarse,simple-finite
42,16,2018,Granada,UI,female,21,English,y por eso Chaplin tiene que buscar otra solucion.,PRE,agent,MC,D,DEF,GI,N,4,dp,DE_WR_38_21_8_14_NP,88.4,No,13,8,No,17,Outsideclassroom,No,42_16,buscar,modal
42,17,2018,Granada,UI,female,21,English,El video continua con la busca de una person,PRE,agent,MC,D,DEF,GI,N,4,dp,DE_WR_38_21_8_14_NP,88.4,No,13,8,No,17,Outsideclassroom,No,42_17,continuar,simple-finite
42,18,2018,Granada,UI,female,21,English,que puede cuidar al bebé.,NA,agent,SC,D,NA,GI,N,4,nullsub,DE_WR_38_21_8_14_NP,88.4,No,13,8,No,17,Outsideclassroom,No,42_18,cuidar,modal
42,19,2018,Granada,UI,female,21,English,"Al finales, Charlie Chaplin encuentra",PRE,agent,MC,D,DEF,GI,N,4,dp,DE_WR_38_21_8_14_NP,88.4,No,13,8,No,17,Outsideclassroom,No,42_19,encontrar,simple-finite
42,2,2018,Granada,UI,female,21,English,(sólo tiene musica),NA,pacient,MC,D,NA,GI,Y,4,nullsub,DE_WR_38_21_8_14_NP,88.4,No,13,8,No,17,Outsideclassroom,No,42_2,tener,simple-finite
42,20,2018,Granada,UI,female,21,English,que el bebé tiene una carta,PRE,pacient,SC,D,DEF,GI,N,4,dp,DE_WR_38_21_8_14_NP,88.4,No,13,8,No,17,Outsideclassroom,No,42_20,tener,simple-finite
42,21,2018,Granada,UI,female,21,English,que pide a la persona,PRE,agent,SC,D,DEF,GI,N,4,pron,DE_WR_38_21_8_14_NP,88.4,No,13,8,No,17,Outsideclassroom,No,42_21,pedir,simple-finite
42,22,2018,Granada,UI,female,21,English,que lo encuentre,NA,agent,SC,IM,NA,GI,N,4,nullsub,DE_WR_38_21_8_14_NP,88.4,No,13,8,No,17,Outsideclassroom,No,42_22,encontrar,simple-finite
42,23,2018,Granada,UI,female,21,English,que cuide al bebé,NA,agent,SC,IM,NA,GI,Y,4,nullsub,DE_WR_38_21_8_14_NP,88.4,No,13,8,No,17,Outsideclassroom,No,42_23,cuidar,simple-finite
42,25,2018,Granada,UI,female,21,English,Charlie Chaplin sale con el bebé.,PRE,agent,MC,D,DEF,GI,Y,4,dp,DE_WR_38_21_8_14_NP,88.4,No,13,8,No,17,Outsideclassroom,No,42_25,salir,simple-finite
42,3,2018,Granada,UI,female,21,English,que cuenta la historia de,PRE,agent,SC,D,DEF,GI,Y,4,pron,DE_WR_38_21_8_14_NP,88.4,No,13,8,No,17,Outsideclassroom,No,42_3,contar,simple-finite
42,4,2018,Granada,UI,female,21,English,como el personaje Charlie Chaplin descubró a un bebé abandonado en una calle.,PRE,pacient,MC,D,DEF,NE,N,4,dp,DE_WR_38_21_8_14_NP,88.4,No,13,8,No,17,Outsideclassroom,No,42_4,descubrir,simple-finite
42,5,2018,Granada,UI,female,21,English,"Al principios, Charlie Chaplin camina fumando en una calle sucia,",PRE,agent,MC,D,DEF,GI,Y,4,dp,DE_WR_38_21_8_14_NP,88.4,No,13,8,No,17,Outsideclassroom,No,42_5,caminar,simple-finite
42,6,2018,Granada,UI,female,21,English,donde callan cosas de los edificios a la calle debajo.,POST,pacient,SC,D,INDEF,NE,N,4,dp,DE_WR_38_21_8_14_NP,88.4,No,13,8,No,17,Outsideclassroom,No,42_6,caer,simple-finite
42,7,2018,Granada,UI,female,21,English,Algo calle encima de él,PRE,pacient,MC,D,INDEF,NE,N,4,pron,DE_WR_38_21_8_14_NP,88.4,No,13,8,No,17,Outsideclassroom,No,42_7,caer,simple-finite
42,8,2018,Granada,UI,female,21,English,y por eso tiene que buscar una nueva cigarra.,NA,agent,MC,D,NA,GI,N,4,nullsub,DE_WR_38_21_8_14_NP,88.4,No,13,8,No,17,Outsideclassroom,No,42_8,buscar,modal
43,1,2019,Cologne,LA,male,23,English,Chaplin está caminando por la calle,PRE,agent,MC,D,DEF,NE,N,5,dp,DE_WR_38_23_6_14_RS,88.4,No,16,6,Yes,6,Insideclassroom,No,43_1,caminar,periphrasis-gerund
43,10,2019,Cologne,LA,male,23,English,pero no le partenece.,NA,pacient,MC,D,NA,GI,N,5,nullsub,DE_WR_38_23_6_14_RS,88.4,No,16,6,Yes,6,Insideclassroom,No,43_10,pertenecer,simple-finite
43,11,2019,Cologne,LA,male,23,English,Después quiere ponerlo en la calle,NA,agent,MC,D,NA,GI,N,5,nullsub,DE_WR_38_23_6_14_RS,88.4,No,16,6,Yes,6,Insideclassroom,No,43_11,poner,modal
43,12,2019,Cologne,LA,male,23,English,pero un policía viene,PRE,pacient,MC,D,INDEF,NE,N,5,dp,DE_WR_38_23_6_14_RS,88.4,No,16,6,Yes,6,Insideclassroom,No,43_12,venir,simple-finite
43,13,2019,Cologne,LA,male,23,English,y Chaplin se va con el bebé.,PRE,agent,MC,D,DEF,GI,N,5,dp,DE_WR_38_23_6_14_RS,88.4,No,16,6,Yes,6,Insideclassroom,No,43_13,irse,simple-finite
43,14,2019,Cologne,LA,male,23,English,Encuentra a un hombre,NA,agent,MC,D,NA,GI,Y,5,nullsub,DE_WR_38_23_6_14_RS,88.4,No,16,6,Yes,6,Insideclassroom,No,43_14,encontrar,simple-finite
43,15,2019,Cologne,LA,male,23,English,y le da el bebé,NA,agent,MC,D,NA,GI,Y,5,nullsub,DE_WR_38_23_6_14_RS,88.4,No,16,6,Yes,6,Insideclassroom,No,43_15,dar,simple-finite
43,16,2019,Cologne,LA,male,23,English,porque hace una trampa,NA,agent,SC,D,NA,GI,Y,5,nullsub,DE_WR_38_23_6_14_RS,88.4,No,16,6,Yes,6,Insideclassroom,No,43_16,hacer,simple-finite
43,17,2019,Cologne,LA,male,23,English,y empieza a correr.,NA,agent,MC,D,NA,GI,Y,5,nullsub,DE_WR_38_23_6_14_RS,88.4,No,16,6,Yes,6,Insideclassroom,No,43_17,correr,periphrasis-lexical
43,18,2019,Cologne,LA,male,23,English,El hombre lo persigue,PRE,agent,MC,D,DEF,GI,N,5,dp,DE_WR_38_23_6_14_RS,88.4,No,16,6,Yes,6,Insideclassroom,No,43_18,perseguir,simple-finite
43,19,2019,Cologne,LA,male,23,English,pero no le encuentra,NA,agent,MC,D,NA,GI,Y,5,nullsub,DE_WR_38_23_6_14_RS,88.4,No,16,6,Yes,6,Insideclassroom,No,43_19,encontrar,simple-finite
43,2,2019,Cologne,LA,male,23,English,hasta que caiga algo en su cabeza.,PRE,pacient,SC,D,INDEF,NE,N,5,pron,DE_WR_38_23_6_14_RS,88.4,No,16,6,Yes,6,Insideclassroom,No,43_2,caer,simple-finite
43,20,2019,Cologne,LA,male,23,English,y pone el bebé en el cochecito.,NA,agent,MC,D,NA,GI,Y,5,nullsub,DE_WR_38_23_6_14_RS,88.4,No,16,6,Yes,6,Insideclassroom,No,43_20,poner,simple-finite
43,21,2019,Cologne,LA,male,23,English,La madre encuentra su cochecito con otro bebé,PRE,agent,MC,D,DEF,GI,N,5,dp,DE_WR_38_23_6_14_RS,88.4,No,16,6,Yes,6,Insideclassroom,No,43_21,encontrar,simple-finite
43,22,2019,Cologne,LA,male,23,English,y ve a Chaplin,NA,pacient,MC,D,NA,GI,Y,5,nullsub,DE_WR_38_23_6_14_RS,88.4,No,16,6,Yes,6,Insideclassroom,No,43_22,ver,simple-finite
43,23,2019,Cologne,LA,male,23,English,y empieza a pegarle con su paragua,NA,agent,MC,D,NA,GI,Y,5,nullsub,DE_WR_38_23_6_14_RS,88.4,No,16,6,Yes,6,Insideclassroom,No,43_23,pegar,simple-finite
43,24,2019,Cologne,LA,male,23,English,hasta que tome el bebé.,NA,agent,SC,D,NA,GI,N,5,nullsub,DE_WR_38_23_6_14_RS,88.4,No,16,6,Yes,6,Insideclassroom,No,43_24,tomar,simple-finite
43,25,2019,Cologne,LA,male,23,English,La policía viene otra vez,PRE,pacient,MC,D,DEF,GI,N,5,dp,DE_WR_38_23_6_14_RS,88.4,No,16,6,Yes,6,Insideclassroom,No,43_25,venir,simple-finite
43,26,2019,Cologne,LA,male,23,English,y Chaplin lo toma otra vez.,PRE,agent,MC,D,DEF,GI,N,5,dp,DE_WR_38_23_6_14_RS,88.4,No,16,6,Yes,6,Insideclassroom,No,43_26,tomar,simple-finite
43,27,2019,Cologne,LA,male,23,English,Al final Chaplin cuida al bebé.,PRE,agent,MC,D,DEF,GI,Y,5,dp,DE_WR_38_23_6_14_RS,88.4,No,16,6,Yes,6,Insideclassroom,No,43_27,cuidar,simple-finite
43,3,2019,Cologne,LA,male,23,English,Después para,NA,agent,MC,D,NA,GI,N,5,nullsub,DE_WR_38_23_6_14_RS,88.4,No,16,6,Yes,6,Insideclassroom,No,43_3,parar,simple-finite
43,4,2019,Cologne,LA,male,23,English,y coge un cigarillo,NA,agent,MC,D,NA,GI,Y,5,nullsub,DE_WR_38_23_6_14_RS,88.4,No,16,6,Yes,6,Insideclassroom,No,43_4,coger,simple-finite
43,5,2019,Cologne,LA,male,23,English,y lo enciende.,NA,agent,MC,D,NA,GI,Y,5,nullsub,DE_WR_38_23_6_14_RS,88.4,No,16,6,Yes,6,Insideclassroom,No,43_5,encender,simple-finite
43,6,2019,Cologne,LA,male,23,English,Èl encuentra un bebé en la calle,PRE,agent,MC,D,DEF,GI,Y,5,pron,DE_WR_38_23_6_14_RS,88.4,No,16,6,Yes,6,Insideclassroom,No,43_6,encontrar,simple-finite
43,7,2019,Cologne,LA,male,23,English,y lo recoge.,NA,agent,MC,D,NA,GI,Y,5,nullsub,DE_WR_38_23_6_14_RS,88.4,No,16,6,Yes,6,Insideclassroom,No,43_7,recoger,simple-finite
43,8,2019,Cologne,LA,male,23,English,Después porsigue una mujer,NA,agent,MC,D,NA,GI,Y,5,nullsub,DE_WR_38_23_6_14_RS,88.4,No,16,6,Yes,6,Insideclassroom,No,43_8,proseguir,simple-finite
44,1,2018,Hamburg,UI,female,23,English,El  vídeo trata de un hombre,PRE,agent,MC,D,DEF,NE,N,4,dp,DE_WR_38_23_7_14_LKM,88.4,No,16,7,Yes,15,Outsideclassroom,No,44_1,tratar,periphrasis-lexical
44,10,2018,Hamburg,UI,female,23,English,así pues el hombre se queda con el bebé.,PRE,agent,MC,D,DEF,GI,N,4,dp,DE_WR_38_23_7_14_LKM,88.4,No,16,7,Yes,15,Outsideclassroom,No,44_10,quedarse,simple-finite
44,11,2018,Hamburg,UI,female,23,English,Después de su último ensayo el decide guardar el bebé.,PRE,agent,MC,D,DEF,GI,Y,4,pron,DE_WR_38_23_7_14_LKM,88.4,No,16,7,Yes,15,Outsideclassroom,No,44_11,decidir,simple-finite
44,2,2018,Hamburg,UI,female,23,English,que está caminando por una obra.,PRE,agent,SC,D,DEF,GI,N,4,pron,DE_WR_38_23_7_14_LKM,88.4,No,16,7,Yes,15,Outsideclassroom,No,44_2,caminar,periphrasis-gerund
44,3,2018,Hamburg,UI,female,23,English,Encuentra a un bebé abandonado.,NA,agent,MC,D,NA,GI,Y,4,nullsub,DE_WR_38_23_7_14_LKM,88.4,No,16,7,Yes,15,Outsideclassroom,No,44_3,encontrar,simple-finite
44,4,2018,Hamburg,UI,female,23,English,Lo levanta de la calle,NA,agent,MC,D,NA,GI,Y,4,nullsub,DE_WR_38_23_7_14_LKM,88.4,No,16,7,Yes,15,Outsideclassroom,No,44_4,levantar,simple-finite
44,5,2018,Hamburg,UI,female,23,English,y intenta ponerlo en el cochecito de una mujer.,NA,agent,MC,D,NA,GI,Y,4,nullsub,DE_WR_38_23_7_14_LKM,88.4,No,16,7,Yes,15,Outsideclassroom,No,44_5,intentar,infinitive
44,6,2018,Hamburg,UI,female,23,English,"Sin embargo, ella lo atrapa",PRE,agent,MC,D,DEF,GI,N,4,pron,DE_WR_38_23_7_14_LKM,88.4,No,16,7,Yes,15,Outsideclassroom,No,44_6,atrapar,simple-finite
44,7,2018,Hamburg,UI,female,23,English,así que él se queda con el bebé.,PRE,agent,MC,D,DEF,GI,N,4,pron,DE_WR_38_23_7_14_LKM,88.4,No,16,7,Yes,15,Outsideclassroom,No,44_7,quedarse,simple-finite
44,8,2018,Hamburg,UI,female,23,English,"Después quiere ponerlo a la calle de nuevo,",NA,agent,MC,D,NA,GI,Y,4,nullsub,DE_WR_38_23_7_14_LKM,88.4,No,16,7,Yes,15,Outsideclassroom,No,44_8,poner,modal
44,9,2018,Hamburg,UI,female,23,English,pero de repente un policía aparece,PRE,pacient,MC,D,INDEF,NE,N,4,dp,DE_WR_38_23_7_14_LKM,88.4,No,16,7,Yes,15,Outsideclassroom,No,44_9,aparecer,simple-finite
45,1,2018,Barcelona,UI,female,24,French,"Esta película se llama ""El niño""",PRE,agent,MC,D,DEF,NE,N,4,dp,DE_WR_38_24_7_14_RP,88.4,No,17,7,Yes,10,Outsideclassroom,No,45_1,llamarse,simple-finite
45,10,2018,Barcelona,UI,female,24,French,que Charlie pone el niño en su cochecito,PRE,agent,SC,D,DEF,GI,N,4,dp,DE_WR_38_24_7_14_RP,88.4,No,17,7,Yes,10,Outsideclassroom,No,45_10,poner,simple-finite
45,13,2018,Barcelona,UI,female,24,French,que vigila Charlie,PRE,agent,SC,D,DEF,GI,Y,4,pron,DE_WR_38_24_7_14_RP,88.4,No,17,7,Yes,10,Outsideclassroom,No,45_13,vigilar,simple-finite
45,14,2018,Barcelona,UI,female,24,French,porque sospecha,NA,agent,MC,D,NA,GI,Y,4,nullsub,DE_WR_38_24_7_14_RP,88.4,No,17,7,Yes,10,Outsideclassroom,No,45_14,sospechar,simple-finite
45,15,2018,Barcelona,UI,female,24,French,que él haga una tontería con el niño.,PRE,agent,SC,D,DEF,GI,N,4,pron,DE_WR_38_24_7_14_RP,88.4,No,17,7,Yes,10,Outsideclassroom,No,45_15,hacer,simple-finite
45,16,2018,Barcelona,UI,female,24,French,Al final Charlie encuentra un pequeño papelito en el bolsillo del niño,PRE,agent,MC,D,DEF,GI,Y,4,dp,DE_WR_38_24_7_14_RP,88.4,No,17,7,Yes,10,Outsideclassroom,No,45_16,encontrar,simple-finite
45,18,2018,Barcelona,UI,female,24,French,que […] debe cuidarlo y amarlo.,NA,agent,SC,D,NA,GI,N,4,nullsub,DE_WR_38_24_7_14_RP,88.4,No,17,7,Yes,10,Outsideclassroom,No,45_18,cuidar,modal
45,19,2018,Barcelona,UI,female,24,French,lo quien encuentre este huerfano,PRE,agent,SC,D,DEF,GI,Y,4,pron,DE_WR_38_24_7_14_RP,88.4,No,17,7,Yes,10,Outsideclassroom,No,45_19,encontrar,simple-finite
45,2,2018,Barcelona,UI,female,24,French,y es una de las mas famosas de Charlie Chaplin,NA,pacient,MC,D,NA,GI,Y,4,nullsub,DE_WR_38_24_7_14_RP,88.4,No,17,7,Yes,10,Outsideclassroom,No,45_2,ser,simple-finite
45,20,2018,Barcelona,UI,female,24,French,Charlie decide de llevar el niño a su casa,PRE,agent,MC,D,DEF,GI,N,4,dp,DE_WR_38_24_7_14_RP,88.4,No,17,7,Yes,10,Outsideclassroom,No,45_20,decidir,infinitive
45,21,2018,Barcelona,UI,female,24,French,y el nene crece con el.,PRE,agent,MC,D,DEF,GI,N,4,dp,DE_WR_38_24_7_14_RP,88.4,No,17,7,Yes,10,Outsideclassroom,No,45_21,crecer,simple-finite
45,3,2018,Barcelona,UI,female,24,French,quien era un gran actor de las pelis mudas.,POST,pacient,SC,D,DEF,GI,N,4,pron,DE_WR_38_24_7_14_RP,88.4,No,17,7,Yes,10,Outsideclassroom,No,45_3,ser,simple-finite
45,5,2018,Barcelona,UI,female,24,French,cuando Charlie encuentra el huerfano putativo.,PRE,agent,SC,D,DEF,GI,Y,4,dp,DE_WR_38_24_7_14_RP,88.4,No,17,7,Yes,10,Outsideclassroom,No,45_5,encontrar,simple-finite
45,6,2018,Barcelona,UI,female,24,French,Lo encuentra en la calle a lado de la basura,NA,agent,MC,D,NA,GI,Y,4,nullsub,DE_WR_38_24_7_14_RP,88.4,No,17,7,Yes,10,Outsideclassroom,No,45_6,encontrar,simple-finite
45,7,2018,Barcelona,UI,female,24,French,y primero intenta de quitarselo de encima.,NA,agent,MC,D,NA,GI,Y,4,nullsub,DE_WR_38_24_7_14_RP,88.4,No,17,7,Yes,10,Outsideclassroom,No,45_7,intentar,simple-finite
45,8,2018,Barcelona,UI,female,24,French,Estos intentos siempre fallan por una mujer,PRE,pacient,MC,D,DEF,NE,N,4,dp,DE_WR_38_24_7_14_RP,88.4,No,17,7,Yes,10,Outsideclassroom,No,45_8,fallar,simple-finite
45,9,2018,Barcelona,UI,female,24,French,que no accepta,PRE,agent,SC,D,DEF,GI,N,4,pron,DE_WR_38_24_7_14_RP,88.4,No,17,7,Yes,10,Outsideclassroom,No,45_9,aceptar,simple-finite
46,1,2018,Bonn,LI,female,25,French,Charlie Chaplin está andando en la calle,PRE,agent,MC,D,DEF,NE,N,3,dp,DE_WR_38_25_7_14_CR,88.4,No,18,7,Yes,8,Outsideclassroom,No,46_1,andar,simple-finite
46,10,2018,Bonn,LI,female,25,French,"que pasa por la calle,",PRE,pacient,SC,D,DEF,GI,N,3,pron,DE_WR_38_25_7_14_CR,88.4,No,18,7,Yes,8,Outsideclassroom,No,46_10,pasar,simple-finite
46,11,2018,Bonn,LI,female,25,French,y se esconde detrás de un muro.,NA,agent,MC,D,NA,GI,N,3,nullsub,DE_WR_38_25_7_14_CR,88.4,No,18,7,Yes,8,Outsideclassroom,No,46_11,esconder,simple-finite
46,12,2018,Bonn,LI,female,25,French,El otro hombre pasa a una tienda,PRE,pacient,MC,D,DEF,GI,N,3,dp,DE_WR_38_25_7_14_CR,88.4,No,18,7,Yes,8,Outsideclassroom,No,46_12,pasar,simple-finite
46,13,2018,Bonn,LI,female,25,French,delante de que la dicha mujer ha dejado su bebé.,PRE,agent,SC,D,DEF,GI,N,3,dp,DE_WR_38_25_7_14_CR,88.4,No,18,7,Yes,8,Outsideclassroom,No,46_13,dejar,simple-finite
46,14,2018,Bonn,LI,female,25,French,El hombre tiene la misma idea como Charlie,PRE,pacient,MC,D,DEF,GI,N,3,dp,DE_WR_38_25_7_14_CR,88.4,No,18,7,Yes,8,Outsideclassroom,No,46_14,tener,simple-finite
46,15,2018,Bonn,LI,female,25,French,y pone a 'su' bebé al lado de este bebé,NA,agent,MC,D,NA,GI,Y,3,nullsub,DE_WR_38_25_7_14_CR,88.4,No,18,7,Yes,8,Outsideclassroom,No,46_15,poner,simple-finite
46,16,2018,Bonn,LI,female,25,French,antes de que vuelva la mujer enfada,PRE,agent,SC,D,DEF,GI,N,3,dp,DE_WR_38_25_7_14_CR,88.4,No,18,7,Yes,8,Outsideclassroom,No,46_16,volver,simple-finite
46,17,2018,Bonn,LI,female,25,French,que está quejándose.,PRE,agent,SC,D,DEF,GI,Y,3,pron,DE_WR_38_25_7_14_CR,88.4,No,18,7,Yes,8,Outsideclassroom,No,46_17,quejarse,simple-finite
46,18,2018,Bonn,LI,female,25,French,Aparece un policía,POST,pacient,MC,D,INDEF,NE,N,3,dp,DE_WR_38_25_7_14_CR,88.4,No,18,7,Yes,8,Outsideclassroom,No,46_18,aparecer,simple-finite
46,19,2018,Bonn,LI,female,25,French,que arregla la situación,PRE,agent,SC,D,DEF,GI,Y,3,pron,DE_WR_38_25_7_14_CR,88.4,No,18,7,Yes,8,Outsideclassroom,No,46_19,arreglar,simple-finite
46,20,2018,Bonn,LI,female,25,French,así que Charlie pone al bebé en sus brazos.,PRE,agent,MC,D,DEF,GI,N,3,dp,DE_WR_38_25_7_14_CR,88.4,No,18,7,Yes,8,Outsideclassroom,No,46_20,poner,simple-finite
46,22,2018,Bonn,LI,female,25,French,encuentra un papel en la ropa del bebé con el mensage de cuidarse de él.,NA,agent,MC,D,NA,GI,Y,3,nullsub,DE_WR_38_25_7_14_CR,88.4,No,18,7,Yes,8,Outsideclassroom,No,46_22,encontrar,simple-finite
46,3,2018,Bonn,LI,female,25,French,que caen abajo de una casa,PRE,pacient,SC,D,DEF,GI,N,3,pron,DE_WR_38_25_7_14_CR,88.4,No,18,7,Yes,8,Outsideclassroom,No,46_3,caer,simple-finite
46,4,2018,Bonn,LI,female,25,French,cuando encuentra un bebé.,NA,agent,SC,D,NA,GI,N,3,nullsub,DE_WR_38_25_7_14_CR,88.4,No,18,7,Yes,8,Outsideclassroom,No,46_4,encontrar,simple-finite
46,5,2018,Bonn,LI,female,25,French,Pasa una mujer con otro bebé.,PRE,pacient,MC,D,INDEF,NE,N,3,dp,DE_WR_38_25_7_14_CR,88.4,No,18,7,Yes,8,Outsideclassroom,No,46_5,pasar,simple-finite
46,6,2018,Bonn,LI,female,25,French,Charlie pone al bebé encontrado al lado de este bebé,PRE,agent,MC,D,DEF,GI,N,3,dp,DE_WR_38_25_7_14_CR,88.4,No,18,7,Yes,8,Outsideclassroom,No,46_6,poner,simple-finite
46,7,2018,Bonn,LI,female,25,French,por lo cual a mujer está enfadada.,PRE,pacient,SC,D,DEF,GI,N,3,dp,DE_WR_38_25_7_14_CR,88.4,No,18,7,Yes,8,Outsideclassroom,No,46_7,estar,simple-finite
46,9,2018,Bonn,LI,female,25,French,"le da a un hombre,",NA,agent,MC,D,NA,GI,Y,3,nullsub,DE_WR_38_25_7_14_CR,88.4,No,18,7,Yes,8,Outsideclassroom,No,46_9,dar,simple-finite
47,10,2018,Hamburg,UI,female,28,English,"También intenta en meter el bebé en otro carro,",NA,agent,MC,D,NA,GI,Y,4,nullsub,DE_WR_38_28_28_14_LBK,88.4,No,1,28,Yes,3,Outsideclassroom,No,47_10,intentar,infinitive
47,11,2018,Hamburg,UI,female,28,English,pero la madre se da cuenta,PRE,pacient,MC,D,DEF,NE,N,4,dp,DE_WR_38_28_28_14_LBK,88.4,No,1,28,Yes,3,Outsideclassroom,No,47_11,darse,periphrasis-lexical
47,12,2018,Hamburg,UI,female,28,English,y se enfada.,NA,agent,MC,D,NA,GI,Y,4,nullsub,DE_WR_38_28_28_14_LBK,88.4,No,1,28,Yes,3,Outsideclassroom,No,47_12,enfadarse,simple-finite
47,13,2018,Hamburg,UI,female,28,English,Al final se sienta,NA,agent,MC,D,NA,GI,N,4,nullsub,DE_WR_38_28_28_14_LBK,88.4,No,1,28,Yes,3,Outsideclassroom,No,47_13,sentarse,simple-finite
47,14,2018,Hamburg,UI,female,28,English,"y encuentra una carta,",NA,agent,MC,D,NA,GI,Y,4,nullsub,DE_WR_38_28_28_14_LBK,88.4,No,1,28,Yes,3,Outsideclassroom,No,47_14,encontrar,simple-finite
47,16,2018,Hamburg,UI,female,28,English,que la persona […]   Le cuide,PRE,agent,SC,IM,DEF,NE,N,4,dp,DE_WR_38_28_28_14_LBK,88.4,No,1,28,Yes,3,Outsideclassroom,No,47_16,cuidar,simple-finite
47,17,2018,Hamburg,UI,female,28,English,y le dé amor y una casa cariñosa.,NA,agent,SC,IM,NA,GI,Y,4,nullsub,DE_WR_38_28_28_14_LBK,88.4,No,1,28,Yes,3,Outsideclassroom,No,47_17,dar,simple-finite
47,18,2018,Hamburg,UI,female,28,English,que encuentre al bebé,NA,agent,SC,IM,NA,GI,Y,4,nullsub,DE_WR_38_28_28_14_LBK,88.4,No,1,28,Yes,3,Outsideclassroom,No,47_18,encontrar,simple-finite
47,19,2018,Hamburg,UI,female,28,English,Charlie le mira al bebé con mucho cariño.,PRE,agent,MC,D,DEF,GI,N,4,dp,DE_WR_38_28_28_14_LBK,88.4,No,1,28,Yes,3,Outsideclassroom,No,47_19,mirar,simple-finite
47,2,2018,Hamburg,UI,female,28,English,quien encuentra una bebé en un callejon.,PRE,agent,SC,D,DEF,GI,N,4,pron,DE_WR_38_28_28_14_LBK,88.4,No,1,28,Yes,3,Outsideclassroom,No,47_2,encontrar,simple-finite
47,3,2018,Hamburg,UI,female,28,English,El bebé está tirado al lado de una basura.,PRE,pacient,MC,D,DEF,GI,N,4,dp,DE_WR_38_28_28_14_LBK,88.4,No,1,28,Yes,3,Outsideclassroom,No,47_3,estar,simple-finite
47,4,2018,Hamburg,UI,female,28,English,Cuándo pasa,NA,pacient,SC,D,NA,GI,N,4,nullsub,DE_WR_38_28_28_14_LBK,88.4,No,1,28,Yes,3,Outsideclassroom,No,47_4,pasar,simple-finite
47,5,2018,Hamburg,UI,female,28,English,"y lo ve,",NA,pacient,MC,D,NA,GI,Y,4,nullsub,DE_WR_38_28_28_14_LBK,88.4,No,1,28,Yes,3,Outsideclassroom,No,47_5,ver,simple-finite
47,6,2018,Hamburg,UI,female,28,English,lo coje,NA,agent,MC,D,NA,GI,Y,4,nullsub,DE_WR_38_28_28_14_LBK,88.4,No,1,28,Yes,3,Outsideclassroom,No,47_6,coger,simple-finite
47,7,2018,Hamburg,UI,female,28,English,y intenta de dárselo a otras personas.,NA,agent,MC,D,NA,GI,Y,4,nullsub,DE_WR_38_28_28_14_LBK,88.4,No,1,28,Yes,3,Outsideclassroom,No,47_7,intentar,infinitive
47,8,2018,Hamburg,UI,female,28,English,Un policía se da cuenta,PRE,pacient,MC,D,INDEF,NE,N,4,dp,DE_WR_38_28_28_14_LBK,88.4,No,1,28,Yes,3,Outsideclassroom,No,47_8,darse,periphrasis-lexical
47,9,2018,Hamburg,UI,female,28,English,y por eso se lo tiene que quedar.,NA,pacient,MC,D,NA,GI,N,4,nullsub,DE_WR_38_28_28_14_LBK,88.4,No,1,28,Yes,3,Outsideclassroom,No,47_9,quedar,modal
48,10,2019,NA,LA,female,32,English,si alguién lo había botado allá.,PRE,agent,SC,I,INDEF,NE,N,5,pron,DE_WR_38_32_13_14_KK,88.4,No,17,13,Yes,15,Outsideclassroom,No,48_10,botar,simple-finite
48,11,2019,NA,LA,female,32,English,Toma el hijo en sus brazos,NA,agent,MC,D,NA,GI,N,5,nullsub,DE_WR_38_32_13_14_KK,88.4,No,17,13,Yes,15,Outsideclassroom,No,48_11,tomar,simple-finite
48,12,2019,NA,LA,female,32,English,y busca a alguién,NA,agent,MC,D,NA,GI,Y,5,nullsub,DE_WR_38_32_13_14_KK,88.4,No,17,13,Yes,15,Outsideclassroom,No,48_12,buscar,simple-finite
48,13,2019,NA,LA,female,32,English,a quien podría permanecer.,NA,pacient,SC,D,NA,GI,N,5,nullsub,DE_WR_38_32_13_14_KK,88.4,No,17,13,Yes,15,Outsideclassroom,No,48_13,permenacer,modal
48,14,2019,NA,LA,female,32,English,En este momento viene una mujer con su hijo en un cochecito.,POST,pacient,MC,D,INDEF,NE,N,5,dp,DE_WR_38_32_13_14_KK,88.4,No,17,13,Yes,15,Outsideclassroom,No,48_14,venir,simple-finite
48,15,2019,NA,LA,female,32,English,Chaplin piensa,PRE,agent,MC,D,DEF,GI,N,5,dp,DE_WR_38_32_13_14_KK,88.4,No,17,13,Yes,15,Outsideclassroom,No,48_15,pensar,simple-finite
48,16,2019,NA,LA,female,32,English,que esto podría ser la mamá,NA,pacient,SC,D,NA,GI,N,5,nullsub,DE_WR_38_32_13_14_KK,88.4,No,17,13,Yes,15,Outsideclassroom,No,48_16,ser,modal
48,17,2019,NA,LA,female,32,English,y deja el bebé en su cochecito.,NA,agent,MC,D,NA,GI,N,5,nullsub,DE_WR_38_32_13_14_KK,88.4,No,17,13,Yes,15,Outsideclassroom,No,48_17,dejar,simple-finite
48,18,2019,NA,LA,female,32,English,Pero la mujer rápidamente se da cuenta,PRE,pacient,MC,D,DEF,GI,N,5,dp,DE_WR_38_32_13_14_KK,88.4,No,17,13,Yes,15,Outsideclassroom,No,48_18,darse,periphrasis-lexical
48,2,2019,NA,LA,female,32,English,Alguna gente tira basura en el patio,PRE,agent,MC,D,INDEF,NE,N,5,dp,DE_WR_38_32_13_14_KK,88.4,No,17,13,Yes,15,Outsideclassroom,No,48_2,tirar,simple-finite
48,20,2019,NA,LA,female,32,English,y lo reclama al Chaplin.,NA,agent,MC,D,NA,GI,N,5,nullsub,DE_WR_38_32_13_14_KK,88.4,No,17,13,Yes,15,Outsideclassroom,No,48_20,reclamar,simple-finite
48,21,2019,NA,LA,female,32,English,Entonces él toma de vuelta al bebé,PRE,agent,MC,D,DEF,GI,N,5,pron,DE_WR_38_32_13_14_KK,88.4,No,17,13,Yes,15,Outsideclassroom,No,48_21,tomar,simple-finite
48,22,2019,NA,LA,female,32,English,y intenta de dejarlo al lado de los cubos en el patio.,NA,agent,MC,D,NA,GI,Y,5,nullsub,DE_WR_38_32_13_14_KK,88.4,No,17,13,Yes,15,Outsideclassroom,No,48_22,intentar,infinitive
48,23,2019,NA,LA,female,32,English,Pero justamente en este momento viene la policía,POST,pacient,MC,D,DEF,NE,N,5,dp,DE_WR_38_32_13_14_KK,88.4,No,17,13,Yes,15,Outsideclassroom,No,48_23,venir,simple-finite
48,24,2019,NA,LA,female,32,English,y rápidamente Chaplin sube al bebé,PRE,agent,MC,D,DEF,GI,N,5,dp,DE_WR_38_32_13_14_KK,88.4,No,17,13,Yes,15,Outsideclassroom,No,48_24,subir,simple-finite
48,25,2019,NA,LA,female,32,English,y se esconde.,NA,agent,MC,D,NA,GI,Y,5,nullsub,DE_WR_38_32_13_14_KK,88.4,No,17,13,Yes,15,Outsideclassroom,No,48_25,esconderse,simple-finite
48,26,2019,NA,LA,female,32,English,Después intenta de dejar el bebé con otro caballero en la calle.,NA,agent,MC,D,NA,GI,Y,5,nullsub,DE_WR_38_32_13_14_KK,88.4,No,17,13,Yes,15,Outsideclassroom,No,48_26,intentar,infinitive
48,27,2019,NA,LA,female,32,English,Le da al hijo en sus manos,NA,agent,MC,D,NA,GI,Y,5,nullsub,DE_WR_38_32_13_14_KK,88.4,No,17,13,Yes,15,Outsideclassroom,No,48_27,dar,simple-finite
48,28,2019,NA,LA,female,32,English,y corre para escapar.,NA,agent,MC,D,NA,GI,Y,5,nullsub,DE_WR_38_32_13_14_KK,88.4,No,17,13,Yes,15,Outsideclassroom,No,48_28,correr,simple-finite
48,29,2019,NA,LA,female,32,English,El caballero no sabe,PRE,agent,MC,D,DEF,GI,N,5,dp,DE_WR_38_32_13_14_KK,88.4,No,17,13,Yes,15,Outsideclassroom,No,48_29,saber,simple-finite
48,3,2019,NA,LA,female,32,English,y Chaplin se asusta un poco de esto.,PRE,pacient,MC,D,DEF,GI,N,5,dp,DE_WR_38_32_13_14_KK,88.4,No,17,13,Yes,15,Outsideclassroom,No,48_3,asustarse,simple-finite
48,31,2019,NA,LA,female,32,English,y anda un poco por la calle.,NA,agent,MC,D,NA,GI,Y,5,nullsub,DE_WR_38_32_13_14_KK,88.4,No,17,13,Yes,15,Outsideclassroom,No,48_31,andar,simple-finite
48,32,2019,NA,LA,female,32,English,Ve el cochecito otra vez,NA,pacient,MC,D,NA,GI,Y,5,nullsub,DE_WR_38_32_13_14_KK,88.4,No,17,13,Yes,15,Outsideclassroom,No,48_32,ver,simple-finite
48,33,2019,NA,LA,female,32,English,y pone el bebé otra vez dentro para huir.,NA,agent,MC,D,NA,GI,Y,5,nullsub,DE_WR_38_32_13_14_KK,88.4,No,17,13,Yes,15,Outsideclassroom,No,48_33,poner,simple-finite
48,34,2019,NA,LA,female,32,English,Justamente en el momento […] Chaplin pasa por la calle.,PRE,pacient,MC,D,DEF,GI,N,5,dp,DE_WR_38_32_13_14_KK,88.4,No,17,13,Yes,15,Outsideclassroom,No,48_34,pasar,simple-finite
48,35,2019,NA,LA,female,32,English,cuando vuelve la mamá,POST,pacient,SC,D,DEF,GI,N,5,dp,DE_WR_38_32_13_14_KK,88.4,No,17,13,Yes,15,Outsideclassroom,No,48_35,volver,simple-finite
48,36,2019,NA,LA,female,32,English,y lo devuelve al Chaplin.,NA,agent,MC,D,NA,GI,Y,5,nullsub,DE_WR_38_32_13_14_KK,88.4,No,17,13,Yes,15,Outsideclassroom,No,48_36,devolver,simple-finite
48,37,2019,NA,LA,female,32,English,Ahora Chaplin está desecepcionado.,PRE,pacient,MC,D,DEF,GI,N,5,dp,DE_WR_38_32_13_14_KK,88.4,No,17,13,Yes,15,Outsideclassroom,No,48_37,estar,simple-finite
48,38,2019,NA,LA,female,32,English,Con el bebé se siente en la calle,NA,agent,MC,D,NA,GI,Y,5,nullsub,DE_WR_38_32_13_14_KK,88.4,No,17,13,Yes,15,Outsideclassroom,No,48_38,sentare,simple-finite
48,39,2019,NA,LA,female,32,English,y piensa.,NA,agent,MC,D,NA,GI,Y,5,nullsub,DE_WR_38_32_13_14_KK,88.4,No,17,13,Yes,15,Outsideclassroom,No,48_39,pensar,simple-finite
48,4,2019,NA,LA,female,32,English,Después se acerca un poco más,NA,agent,MC,D,NA,GI,Y,5,nullsub,DE_WR_38_32_13_14_KK,88.4,No,17,13,Yes,15,Outsideclassroom,No,48_4,acercarse,simple-finite
48,40,2019,NA,LA,female,32,English,Por un corto momento se le ocurre,NA,pacient,MC,D,NA,NA,NA,5,nullsub,DE_WR_38_32_13_14_KK,88.4,No,17,13,Yes,15,Outsideclassroom,No,48_40,ocurrirse,simple-finite
48,42,2019,NA,LA,female,32,English,Pero finalmente encuentra un papelito cerca del hijo.,NA,agent,MC,D,NA,GI,Y,5,nullsub,DE_WR_38_32_13_14_KK,88.4,No,17,13,Yes,15,Outsideclassroom,No,48_42,encontrar,simple-finite
48,43,2019,NA,LA,female,32,English,Por allá está escrito lo siguiente:,POST,pacient,MC,D,DEF,GI,N,5,pron,DE_WR_38_32_13_14_KK,88.4,No,17,13,Yes,15,Outsideclassroom,No,48_43,estar,simple-finite
48,45,2019,NA,LA,female,32,English,Chaplin está feliz,PRE,pacient,MC,D,DEF,GI,N,5,dp,DE_WR_38_32_13_14_KK,88.4,No,17,13,Yes,15,Outsideclassroom,No,48_45,estar,simple-finite
48,46,2019,NA,LA,female,32,English,y se va con el bebé.,NA,agent,MC,D,NA,GI,Y,5,nullsub,DE_WR_38_32_13_14_KK,88.4,No,17,13,Yes,15,Outsideclassroom,No,48_46,irse,simple-finite
48,5,2019,NA,LA,female,32,English,y enciende un cigarillo.,NA,agent,MC,D,NA,GI,Y,5,nullsub,DE_WR_38_32_13_14_KK,88.4,No,17,13,Yes,15,Outsideclassroom,No,48_5,encender,simple-finite
48,6,2019,NA,LA,female,32,English,De repente se da cuenta,NA,pacient,MC,D,NA,GI,Y,5,nullsub,DE_WR_38_32_13_14_KK,88.4,No,17,13,Yes,15,Outsideclassroom,No,48_6,darse,periphrasis-lexical
48,8,2019,NA,LA,female,32,English,que está llorando.,PRE,agent,SC,D,DEF,GI,Y,5,pron,DE_WR_38_32_13_14_KK,88.4,No,17,13,Yes,15,Outsideclassroom,No,48_8,llorar,periphrasis-gerund
48,9,2019,NA,LA,female,32,English,Chaplin se pregunta,PRE,agent,MC,D,DEF,GI,N,5,dp,DE_WR_38_32_13_14_KK,88.4,No,17,13,Yes,15,Outsideclassroom,No,48_9,preguntar,simple-finite
49,1,2018,Hamburg,LA,female,20,English,Esta es la historia de una relación entre Charles Chaplin y un bebé desconocido.,NA,pacient,MC,D,DEF,NE,N,5,dp,DE_WR_39_20_5_14_LW,90.7,No,14,5,Yes,15,Outsideclassroom,No,49_1,ser,simple-finite
49,10,2018,Hamburg,LA,female,20,English,que ya tiene otro bebé,NA,pacient,MC,D,NA,GI,N,5,nullsub,DE_WR_39_20_5_14_LW,90.7,No,14,5,Yes,15,Outsideclassroom,No,49_10,tener,simple-finite
49,11,2018,Hamburg,LA,female,20,English,y pone el su niño allí también.,NA,agent,MC,D,NA,GI,N,5,nullsub,DE_WR_39_20_5_14_LW,90.7,No,14,5,Yes,15,Outsideclassroom,No,49_11,poner,simple-finite
49,12,2018,Hamburg,LA,female,20,English,"En cuanto viene la madre,",POST,pacient,SC,D,DEF,GI,N,5,dp,DE_WR_39_20_5_14_LW,90.7,No,14,5,Yes,15,Outsideclassroom,No,49_12,venir,simple-finite
49,13,2018,Hamburg,LA,female,20,English,le da una hostia,NA,agent,MC,D,NA,GI,Y,5,nullsub,DE_WR_39_20_5_14_LW,90.7,No,14,5,Yes,15,Outsideclassroom,No,49_13,dar,simple-finite
49,14,2018,Hamburg,LA,female,20,English,y Chaplin huye con el bebé.   .,PRE,agent,MC,D,DEF,GI,N,5,dp,DE_WR_39_20_5_14_LW,90.7,No,14,5,Yes,15,Outsideclassroom,No,49_14,huír,simple-finite
49,15,2018,Hamburg,LA,female,20,English,Su siguiente opción para deshacerse del pequeñito es,PRE,pacient,MC,D,DEF,NE,N,5,dp,DE_WR_39_20_5_14_LW,90.7,No,14,5,Yes,15,Outsideclassroom,No,49_15,deshacerse,simple-finite
49,18,2018,Hamburg,LA,female,20,English,Esto tampoco funciona,PRE,agent,MC,D,DEF,GI,N,5,pron,DE_WR_39_20_5_14_LW,90.7,No,14,5,Yes,15,Outsideclassroom,No,49_18,funcionar,simple-finite
49,19,2018,Hamburg,LA,female,20,English,porqué el viejo le encuentra en su escondite,PRE,agent,SC,D,DEF,GI,N,5,dp,DE_WR_39_20_5_14_LW,90.7,No,14,5,Yes,15,Outsideclassroom,No,49_19,encontrar,simple-finite
49,2,2018,Hamburg,LA,female,20,English,"Cuando Chaplin se quiere fumar un cigarro tranquilamente,",PRE,agent,SC,D,DEF,GI,N,5,dp,DE_WR_39_20_5_14_LW,90.7,No,14,5,Yes,15,Outsideclassroom,No,49_2,fumar,modal
49,20,2018,Hamburg,LA,female,20,English,y llama a la policía.,NA,agent,MC,D,NA,GI,Y,5,nullsub,DE_WR_39_20_5_14_LW,90.7,No,14,5,Yes,15,Outsideclassroom,No,49_20,llamar,simple-finite
49,22,2018,Hamburg,LA,female,20,English,"que más puede hacer,",NA,agent,SC,I,NA,GI,Y,5,nullsub,DE_WR_39_20_5_14_LW,90.7,No,14,5,Yes,15,Outsideclassroom,No,49_22,hacer,modal
49,24,2018,Hamburg,LA,female,20,English,encuentra una nota,NA,agent,MC,D,NA,GI,Y,5,nullsub,DE_WR_39_20_5_14_LW,90.7,No,14,5,Yes,15,Outsideclassroom,No,49_24,encontrar,simple-finite
49,25,2018,Hamburg,LA,female,20,English,que dice,PRE,agent,SC,D,DEF,GI,N,5,pron,DE_WR_39_20_5_14_LW,90.7,No,14,5,Yes,15,Outsideclassroom,No,49_25,decir,simple-finite
49,27,2018,Hamburg,LA,female,20,English,Chaplin sonríe,PRE,agent,MC,D,DEF,GI,N,5,dp,DE_WR_39_20_5_14_LW,90.7,No,14,5,Yes,15,Outsideclassroom,No,49_27,sonreír,simple-finite
49,28,2018,Hamburg,LA,female,20,English,y uno sabe,PRE,agent,MC,D,DEF,NE,N,5,pron,DE_WR_39_20_5_14_LW,90.7,No,14,5,Yes,15,Outsideclassroom,No,49_28,saber,simple-finite
49,29,2018,Hamburg,LA,female,20,English,que le ha cogido cariño.,NA,agent,SC,D,NA,GI,N,5,nullsub,DE_WR_39_20_5_14_LW,90.7,No,14,5,Yes,15,Outsideclassroom,No,49_29,coger,simple-finite
49,3,2018,Hamburg,LA,female,20,English,un bebé […]  llama su atención.,PRE,agent,MC,D,INDEF,NE,N,5,dp,DE_WR_39_20_5_14_LW,90.7,No,14,5,Yes,15,Outsideclassroom,No,49_3,llamar,periphrasis-lexical
49,30,2018,Hamburg,LA,female,20,English,Se van juntos.,NA,agent,MC,D,NA,GI,N,5,nullsub,DE_WR_39_20_5_14_LW,90.7,No,14,5,Yes,15,Outsideclassroom,No,49_30,irse,simple-finite
49,4,2018,Hamburg,LA,female,20,English,que esta llorando,PRE,agent,SC,D,DEF,GI,Y,5,pron,DE_WR_39_20_5_14_LW,90.7,No,14,5,Yes,15,Outsideclassroom,No,49_4,llorar,periphrasis-gerund
49,5,2018,Hamburg,LA,female,20,English,Como él no sabe,PRE,agent,MC,D,DEF,GI,N,5,pron,DE_WR_39_20_5_14_LW,90.7,No,14,5,Yes,15,Outsideclassroom,No,49_5,saber,simple-finite
49,7,2018,Hamburg,LA,female,20,English,coge el infantil,NA,agent,MC,D,NA,GI,Y,5,nullsub,DE_WR_39_20_5_14_LW,90.7,No,14,5,Yes,15,Outsideclassroom,No,49_7,coger,simple-finite
49,8,2018,Hamburg,LA,female,20,English,y busca a la madre.,NA,agent,MC,D,NA,GI,Y,5,nullsub,DE_WR_39_20_5_14_LW,90.7,No,14,5,Yes,15,Outsideclassroom,No,49_8,buscar,simple-finite
49,9,2018,Hamburg,LA,female,20,English,Solo encuentra un carrito,NA,agent,MC,D,NA,GI,Y,5,nullsub,DE_WR_39_20_5_14_LW,90.7,No,14,5,Yes,15,Outsideclassroom,No,49_9,encontrar,simple-finite
5,1,2019,NA,UB,female,25,Portuguese,Charles Chaplin va a la calle,PRE,agent,MC,D,DEF,NE,N,2,dp,DE_WR_22_25_5_14_AKK,51.2,No,20,5,No,15,Outsideclassroom,Yes,5_1,ir,simple-finite
5,10,2019,NA,UB,female,25,Portuguese,"El pone el bebe en la calle,",PRE,agent,MC,D,DEF,GI,Y,2,pron,DE_WR_22_25_5_14_AKK,51.2,No,20,5,No,15,Outsideclassroom,Yes,5_10,poner,simple-finite
5,11,2019,NA,UB,female,25,Portuguese,perro la policia le ve,PRE,pacient,MC,D,DEF,NE,N,2,dp,DE_WR_22_25_5_14_AKK,51.2,No,20,5,No,15,Outsideclassroom,Yes,5_11,ver,simple-finite
5,12,2019,NA,UB,female,25,Portuguese,y Charles otra vez pone el bebe.,PRE,agent,MC,D,DEF,GI,N,2,dp,DE_WR_22_25_5_14_AKK,51.2,No,20,5,No,15,Outsideclassroom,Yes,5_12,poner,simple-finite
5,13,2019,NA,UB,female,25,Portuguese,Despues el pone el bebe a un hombre vejo,PRE,agent,MC,D,DEF,GI,Y,2,pron,DE_WR_22_25_5_14_AKK,51.2,No,20,5,No,15,Outsideclassroom,Yes,5_13,poner,simple-finite
5,14,2019,NA,UB,female,25,Portuguese,y corre.,NA,agent,MC,D,NA,GI,Y,2,nullsub,DE_WR_22_25_5_14_AKK,51.2,No,20,5,No,15,Outsideclassroom,Yes,5_14,correr,simple-finite
5,15,2019,NA,UB,female,25,Portuguese,El hombre vejo pone el bebe a la senora.,PRE,agent,MC,D,DEF,GI,N,2,pron,DE_WR_22_25_5_14_AKK,51.2,No,20,5,No,15,Outsideclassroom,Yes,5_15,poner,simple-finite
5,16,2019,NA,UB,female,25,Portuguese,"Quando la senora sale una tienda,",PRE,agent,MC,D,DEF,GI,N,2,dp,DE_WR_22_25_5_14_AKK,51.2,No,20,5,No,15,Outsideclassroom,Yes,5_16,salir,simple-finite
5,17,2019,NA,UB,female,25,Portuguese,ve Chaplin,NA,pacient,MC,D,NA,GI,Y,2,nullsub,DE_WR_22_25_5_14_AKK,51.2,No,20,5,No,15,Outsideclassroom,Yes,5_17,ver,simple-finite
5,18,2019,NA,UB,female,25,Portuguese,y cree,NA,agent,MC,D,NA,GI,Y,2,nullsub,DE_WR_22_25_5_14_AKK,51.2,No,20,5,No,15,Outsideclassroom,Yes,5_18,creer,simple-finite
5,19,2019,NA,UB,female,25,Portuguese,que el ha pongo el bebe allí.,PRE,agent,SC,D,DEF,GI,N,2,pron,DE_WR_22_25_5_14_AKK,51.2,No,20,5,No,15,Outsideclassroom,Yes,5_19,poner,simple-finite
5,2,2019,NA,UB,female,25,Portuguese,"y qando quiere fumar,",NA,agent,SC,D,NA,GI,Y,2,nullsub,DE_WR_22_25_5_14_AKK,51.2,No,20,5,No,15,Outsideclassroom,Yes,5_2,fumar,modal
5,20,2019,NA,UB,female,25,Portuguese,Ella va furioso  .,PRE,agent,MC,D,DEF,GI,N,2,pron,DE_WR_22_25_5_14_AKK,51.2,No,20,5,No,15,Outsideclassroom,Yes,5_20,ir,simple-finite
5,21,2019,NA,UB,female,25,Portuguese,y pone el bebe a Chaplin.,NA,agent,MC,D,NA,GI,Y,2,nullsub,DE_WR_22_25_5_14_AKK,51.2,No,20,5,No,15,Outsideclassroom,Yes,5_21,poner,simple-finite
5,22,2019,NA,UB,female,25,Portuguese,En el fin Chaplin encontre una papel con una mensaje,PRE,agent,MC,D,DEF,GI,N,2,dp,DE_WR_22_25_5_14_AKK,51.2,No,20,5,No,15,Outsideclassroom,Yes,5_22,encontrar,simple-finite
5,23,2019,NA,UB,female,25,Portuguese,El lleve el bebe.,NA,pacient,MC,D,NA,GI,Y,2,nullsub,DE_WR_22_25_5_14_AKK,51.2,No,20,5,No,15,Outsideclassroom,Yes,5_23,llevar,simple-finite
5,3,2019,NA,UB,female,25,Portuguese,encontre un bebe.,NA,agent,MC,D,NA,GI,Y,2,nullsub,DE_WR_22_25_5_14_AKK,51.2,No,20,5,No,15,Outsideclassroom,Yes,5_3,encontrar,simple-finite
5,4,2019,NA,UB,female,25,Portuguese,El no sabe,PRE,agent,MC,D,DEF,GI,Y,2,pron,DE_WR_22_25_5_14_AKK,51.2,No,20,5,No,15,Outsideclassroom,Yes,5_4,saber,simple-finite
5,5,2019,NA,UB,female,25,Portuguese,que fazer,NA,agent,SC,I,NA,NA,NA,2,nullsub,DE_WR_22_25_5_14_AKK,51.2,No,20,5,No,15,Outsideclassroom,Yes,5_5,hacer,simple-finite
5,6,2019,NA,UB,female,25,Portuguese,y decide de poner el bebe a una senora.,NA,agent,MC,D,NA,GI,Y,2,nullsub,DE_WR_22_25_5_14_AKK,51.2,No,20,5,No,15,Outsideclassroom,Yes,5_6,decidir,infinitive
5,7,2019,NA,UB,female,25,Portuguese,La senora no quiere el bebe.,PRE,agent,MC,D,DEF,GI,N,2,dp,DE_WR_22_25_5_14_AKK,51.2,No,20,5,No,15,Outsideclassroom,Yes,5_7,querer,simple-finite
5,8,2019,NA,UB,female,25,Portuguese,Ella va muy furioso,PRE,agent,MC,D,DEF,GI,Y,2,pron,DE_WR_22_25_5_14_AKK,51.2,No,20,5,No,15,Outsideclassroom,Yes,5_8,ir,simple-finite
5,9,2019,NA,UB,female,25,Portuguese,aunque Chaplin já pone el bebe.,PRE,agent,SC,D,DEF,GI,N,2,dp,DE_WR_22_25_5_14_AKK,51.2,No,20,5,No,15,Outsideclassroom,Yes,5_9,poner,simple-finite
50,1,2019,Erlangen,LI,female,20,English,"El vídeo trata del famoso personaje Charles Chaplin,",PRE,agent,MC,D,DEF,NE,N,3,dp,DE_WR_39_20_7_14_HP,90.7,No,13,7,No,15,Insideclassroom,No,50_1,tratar,periphrasis-lexical
50,10,2019,Erlangen,LI,female,20,English,cuando Charles pasea por la calle,PRE,agent,SC,D,DEF,GI,N,3,dp,DE_WR_39_20_7_14_HP,90.7,No,13,7,No,15,Insideclassroom,No,50_10,pasear,simple-finite
50,13,2019,Erlangen,LI,female,20,English,oye y ve a un bebé en la calle.,NA,pacient,MC,D,NA,GI,Y,3,nullsub,DE_WR_39_20_7_14_HP,90.7,No,13,7,No,15,Insideclassroom,No,50_13,oír,simple-finite
50,14,2019,Erlangen,LI,female,20,English,Lleva al bebé,NA,pacient,MC,D,NA,GI,Y,3,nullsub,DE_WR_39_20_7_14_HP,90.7,No,13,7,No,15,Insideclassroom,No,50_14,llevar,simple-finite
50,15,2019,Erlangen,LI,female,20,English,y mira por la calle,NA,agent,MC,D,NA,GI,Y,3,nullsub,DE_WR_39_20_7_14_HP,90.7,No,13,7,No,15,Insideclassroom,No,50_15,mirar,simple-finite
50,17,2019,Erlangen,LI,female,20,English,De repente aparece una mujer con un cochecito,POST,pacient,MC,D,INDEF,NE,N,3,dp,DE_WR_39_20_7_14_HP,90.7,No,13,7,No,15,Insideclassroom,No,50_17,aparecer,simple-finite
50,18,2019,Erlangen,LI,female,20,English,que va por la calle hacia una tienda.,PRE,agent,SC,D,DEF,GI,Y,3,pron,DE_WR_39_20_7_14_HP,90.7,No,13,7,No,15,Insideclassroom,No,50_18,ir,simple-finite
50,19,2019,Erlangen,LI,female,20,English,"Mientras ella entra en la tienda,",PRE,agent,MC,D,DEF,GI,Y,3,pron,DE_WR_39_20_7_14_HP,90.7,No,13,7,No,15,Insideclassroom,No,50_19,entrar,simple-finite
50,2,2019,Erlangen,LI,female,20,English,que aparece en películas sin sonido.,PRE,pacient,SC,D,DEF,GI,N,3,pron,DE_WR_39_20_7_14_HP,90.7,No,13,7,No,15,Insideclassroom,No,50_2,aparecer,simple-finite
50,20,2019,Erlangen,LI,female,20,English,él mete el bebé en el cochecito.,PRE,agent,MC,D,DEF,GI,N,3,pron,DE_WR_39_20_7_14_HP,90.7,No,13,7,No,15,Insideclassroom,No,50_20,meter,simple-finite
50,21,2019,Erlangen,LI,female,20,English,La mujer lo vea,PRE,pacient,MC,D,DEF,GI,N,3,dp,DE_WR_39_20_7_14_HP,90.7,No,13,7,No,15,Insideclassroom,No,50_21,ver,simple-finite
50,22,2019,Erlangen,LI,female,20,English,y pega con su paraguas a Charles.,NA,agent,MC,D,NA,GI,Y,3,nullsub,DE_WR_39_20_7_14_HP,90.7,No,13,7,No,15,Insideclassroom,No,50_22,golpear,simple-finite
50,23,2019,Erlangen,LI,female,20,English,Entonces él tiene la idea de llevar al bebé al mismo sitio,PRE,pacient,MC,D,DEF,GI,N,3,pron,DE_WR_39_20_7_14_HP,90.7,No,13,7,No,15,Insideclassroom,No,50_23,tener,simple-finite
50,24,2019,Erlangen,LI,female,20,English,donde lo ha encontrado antes.,NA,agent,SC,D,NA,GI,Y,3,nullsub,DE_WR_39_20_7_14_HP,90.7,No,13,7,No,15,Insideclassroom,No,50_24,encontrar,simple-finite
50,26,2019,Erlangen,LI,female,20,English,aparece un policía,POST,pacient,MC,D,INDEF,NE,N,3,dp,DE_WR_39_20_7_14_HP,90.7,No,13,7,No,15,Insideclassroom,No,50_26,aparecer,simple-finite
50,28,2019,Erlangen,LI,female,20,English,Entonces engaña a un hombre,NA,agent,MC,D,NA,GI,N,3,nullsub,DE_WR_39_20_7_14_HP,90.7,No,13,7,No,15,Insideclassroom,No,50_28,engañar,simple-finite
50,29,2019,Erlangen,LI,female,20,English,y le da a él el bebé.,NA,agent,MC,D,NA,GI,Y,3,nullsub,DE_WR_39_20_7_14_HP,90.7,No,13,7,No,15,Insideclassroom,No,50_29,dar,simple-finite
50,3,2019,Erlangen,LI,female,20,English,Él sale de una casa,PRE,agent,MC,D,DEF,GI,Y,3,pron,DE_WR_39_20_7_14_HP,90.7,No,13,7,No,15,Insideclassroom,No,50_3,salir,simple-finite
50,30,2019,Erlangen,LI,female,20,English,Este hombre tampoco sabe,PRE,agent,MC,D,DEF,GI,N,3,dp,DE_WR_39_20_7_14_HP,90.7,No,13,7,No,15,Insideclassroom,No,50_30,saber,simple-finite
50,32,2019,Erlangen,LI,female,20,English,y mete el bebé al mismo cochecito,NA,agent,MC,D,NA,GI,Y,3,nullsub,DE_WR_39_20_7_14_HP,90.7,No,13,7,No,15,Insideclassroom,No,50_32,meter,simple-finite
50,34,2019,Erlangen,LI,female,20,English,Este intento también fracasa,PRE,agent,MC,D,DEF,NE,N,3,dp,DE_WR_39_20_7_14_HP,90.7,No,13,7,No,15,Insideclassroom,No,50_34,intentar,simple-finite
50,35,2019,Erlangen,LI,female,20,English,y al final Charles Chaplin se queda con el bebé en la calle,PRE,agent,MC,D,DEF,GI,N,3,dp,DE_WR_39_20_7_14_HP,90.7,No,13,7,No,15,Insideclassroom,No,50_35,quedar,simple-finite
50,37,2019,Erlangen,LI,female,20,English,que parecen ser de la madre del bebé.,PRE,pacient,SC,D,DEF,GI,N,3,pron,DE_WR_39_20_7_14_HP,90.7,No,13,7,No,15,Insideclassroom,No,50_37,parecer,simple-finite
50,5,2019,Erlangen,LI,female,20,English,Al principio de esta historia suceden dos incidentes,POST,pacient,MC,D,DEF,NE,N,3,dp,DE_WR_39_20_7_14_HP,90.7,No,13,7,No,15,Insideclassroom,No,50_5,suceder,simple-finite
50,7,2019,Erlangen,LI,female,20,English,una vez una persona de una casa tira cosas desde una ventana a él,PRE,agent,MC,D,INDEF,NE,N,3,dp,DE_WR_39_20_7_14_HP,90.7,No,13,7,No,15,Insideclassroom,No,50_7,tirar,simple-finite
50,8,2019,Erlangen,LI,female,20,English,y la otra vez es otra persona,POST,pacient,MC,D,INDEF,NE,N,3,dp,DE_WR_39_20_7_14_HP,90.7,No,13,7,No,15,Insideclassroom,No,50_8,ser,simple-finite
50,9,2019,Erlangen,LI,female,20,English,"que casi tira su basura a él,",NA,agent,SC,D,NA,GI,Y,3,nullsub,DE_WR_39_20_7_14_HP,90.7,No,13,7,No,15,Insideclassroom,No,50_9,tirar,simple-finite
51,1,2018,Hamburg,LI,female,21,English,El vídeo trata de Charlie Chaplin,PRE,pacient,MC,D,DEF,NE,N,3,dp,DE_WR_39_21_11_14_JM,90.7,No,10,11,Yes,4,Insideclassroom,No,51_1,tratar,simple-finite
51,10,2018,Hamburg,LI,female,21,English,y se enfadó.,NA,agent,MC,D,NA,GI,Y,3,nullsub,DE_WR_39_21_11_14_JM,90.7,No,10,11,Yes,4,Insideclassroom,No,51_10,enfadarse,simple-finite
51,11,2018,Hamburg,LI,female,21,English,Pues Charlie tuvo que irse con el bebé.,PRE,agent,MC,D,DEF,GI,N,3,dp,DE_WR_39_21_11_14_JM,90.7,No,10,11,Yes,4,Insideclassroom,No,51_11,irse,modal
51,12,2018,Hamburg,LI,female,21,English,Desde este momento intentó de dejar el bebé con otras personas,NA,agent,MC,D,NA,GI,Y,3,nullsub,DE_WR_39_21_11_14_JM,90.7,No,10,11,Yes,4,Insideclassroom,No,51_12,intentar,infinitive
51,15,2018,Hamburg,LI,female,21,English,Esa intención no salió,PRE,agent,MC,D,DEF,NE,N,3,dp,DE_WR_39_21_11_14_JM,90.7,No,10,11,Yes,4,Insideclassroom,No,51_15,salir,simple-finite
51,16,2018,Hamburg,LI,female,21,English,hasta que Charlie leó una carta,PRE,agent,SC,D,DEF,GI,N,3,dp,DE_WR_39_21_11_14_JM,90.7,No,10,11,Yes,4,Insideclassroom,No,51_16,leer,simple-finite
51,17,2018,Hamburg,LI,female,21,English,que estaba dentro de la chaqueta de este niño.,PRE,pacient,SC,D,DEF,GI,N,3,pron,DE_WR_39_21_11_14_JM,90.7,No,10,11,Yes,4,Insideclassroom,No,51_17,estar,simple-finite
51,19,2018,Hamburg,LI,female,21,English,que por favor amen a este huérfano.,NA,agent,SC,IM,NA,NE,N,3,nullsub,DE_WR_39_21_11_14_JM,90.7,No,10,11,Yes,4,Insideclassroom,No,51_19,amar,simple-finite
51,2,2018,Hamburg,LI,female,21,English,como se encontró su bebé en la calle.,NA,pacient,SC,D,NA,GI,N,3,nullsub,DE_WR_39_21_11_14_JM,90.7,No,10,11,Yes,4,Insideclassroom,No,51_2,encontrarse,simple-finite
51,20,2018,Hamburg,LI,female,21,English,Charlie estuvo feliz,PRE,pacient,MC,D,DEF,GI,N,3,dp,DE_WR_39_21_11_14_JM,90.7,No,10,11,Yes,4,Insideclassroom,No,51_20,estar,simple-finite
51,21,2018,Hamburg,LI,female,21,English,y se fue con su bebé.,NA,pacient,MC,D,NA,GI,Y,3,nullsub,DE_WR_39_21_11_14_JM,90.7,No,10,11,Yes,4,Insideclassroom,No,51_21,ser,simple-finite
51,3,2018,Hamburg,LI,female,21,English,Estaba caminando por la calle,NA,agent,MC,D,NA,GI,Y,3,nullsub,DE_WR_39_21_11_14_JM,90.7,No,10,11,Yes,4,Insideclassroom,No,51_3,caminar,periphrasis-gerund
51,4,2018,Hamburg,LI,female,21,English,cuando de repente alguien tiró algo del techo.,PRE,agent,SC,D,INDEF,NE,N,3,pron,DE_WR_39_21_11_14_JM,90.7,No,10,11,Yes,4,Insideclassroom,No,51_4,tirar,simple-finite
51,5,2018,Hamburg,LI,female,21,English,Charlie estuvo confundido y un poco enfadado,PRE,pacient,MC,D,DEF,GI,N,3,dp,DE_WR_39_21_11_14_JM,90.7,No,10,11,Yes,4,Insideclassroom,No,51_5,estar,simple-finite
51,6,2018,Hamburg,LI,female,21,English,cuando vió un bebé gritando y solito en una esquina.,NA,pacient,SC,D,NA,GI,Y,3,nullsub,DE_WR_39_21_11_14_JM,90.7,No,10,11,Yes,4,Insideclassroom,No,51_6,ver,simple-finite
51,7,2018,Hamburg,LI,female,21,English,Lo quizo poner en una carreta para bebés,NA,agent,MC,D,NA,GI,Y,3,nullsub,DE_WR_39_21_11_14_JM,90.7,No,10,11,Yes,4,Insideclassroom,No,51_7,poner,modal
51,8,2018,Hamburg,LI,female,21,English,que estaba al lado de él.,PRE,pacient,SC,D,DEF,GI,N,3,pron,DE_WR_39_21_11_14_JM,90.7,No,10,11,Yes,4,Insideclassroom,No,51_8,estar,simple-finite
51,9,2018,Hamburg,LI,female,21,English,La mamá del bebé a dentro de la carreta volvió,PRE,agent,MC,D,DEF,NE,N,3,dp,DE_WR_39_21_11_14_JM,90.7,No,10,11,Yes,4,Insideclassroom,No,51_9,volver,simple-finite
52,1,2019,Cologne,LA,female,21,English,Chaplin está caminando por la calle,PRE,agent,MC,D,DEF,NE,N,5,dp,DE_WR_39_21_5_14_JR,90.7,No,16,5,Yes,11,Outsideclassroom,No,52_1,caminar,periphrasis-gerund
52,10,2019,Cologne,LA,female,21,English,"Cuando quiere deshacerse del niño,",NA,pacient,SC,D,NA,GI,N,5,nullsub,DE_WR_39_21_5_14_JR,90.7,No,16,5,Yes,11,Outsideclassroom,No,52_10,deshacerse,modal
52,11,2019,Cologne,LA,female,21,English,la policía le pare.,PRE,agent,MC,D,DEF,GI,N,5,dp,DE_WR_39_21_5_14_JR,90.7,No,16,5,Yes,11,Outsideclassroom,No,52_11,parar,simple-finite
52,12,2019,Cologne,LA,female,21,English,"Ve a un hombre,",NA,pacient,MC,D,NA,GI,N,5,nullsub,DE_WR_39_21_5_14_JR,90.7,No,16,5,Yes,11,Outsideclassroom,No,52_12,ver,simple-finite
52,13,2019,Cologne,LA,female,21,English,le da el niño,NA,agent,MC,D,NA,GI,Y,5,nullsub,DE_WR_39_21_5_14_JR,90.7,No,16,5,Yes,11,Outsideclassroom,No,52_13,dar,simple-finite
52,14,2019,Cologne,LA,female,21,English,y empieza a correr.,NA,agent,MC,D,NA,GI,Y,5,nullsub,DE_WR_39_21_5_14_JR,90.7,No,16,5,Yes,11,Outsideclassroom,No,52_14,correr,periphrasis-lexical
52,15,2019,Cologne,LA,female,21,English,"Este hombre da el niño a la mujer de antes, de coincidencia.",PRE,agent,MC,D,DEF,GI,N,5,dp,DE_WR_39_21_5_14_JR,90.7,No,16,5,Yes,11,Outsideclassroom,No,52_15,dar,simple-finite
52,16,2019,Cologne,LA,female,21,English,Cuando la mujer lo ve,PRE,pacient,SC,D,DEF,GI,N,5,dp,DE_WR_39_21_5_14_JR,90.7,No,16,5,Yes,11,Outsideclassroom,No,52_16,ver,simple-finite
52,17,2019,Cologne,LA,female,21,English,también ve a Chaplin,NA,pacient,MC,D,NA,GI,Y,5,nullsub,DE_WR_39_21_5_14_JR,90.7,No,16,5,Yes,11,Outsideclassroom,No,52_17,ver,simple-finite
52,18,2019,Cologne,LA,female,21,English,y lo dice a la policía.,NA,agent,MC,D,NA,GI,Y,5,nullsub,DE_WR_39_21_5_14_JR,90.7,No,16,5,Yes,11,Outsideclassroom,No,52_18,decir,simple-finite
52,19,2019,Cologne,LA,female,21,English,Chaplin otra vez tiene que cuidar el niño.,PRE,agent,MC,D,DEF,GI,N,5,dp,DE_WR_39_21_5_14_JR,90.7,No,16,5,Yes,11,Outsideclassroom,No,52_19,cuidar,modal
52,2,2019,Cologne,LA,female,21,English,y una mujer echa unas cosas a su cabeza.,PRE,agent,MC,D,INDEF,NE,N,5,dp,DE_WR_39_21_5_14_JR,90.7,No,16,5,Yes,11,Outsideclassroom,No,52_2,echar,simple-finite
52,20,2019,Cologne,LA,female,21,English,Está pensando en dejarlo en la calle,NA,agent,MC,D,NA,GI,Y,5,nullsub,DE_WR_39_21_5_14_JR,90.7,No,16,5,Yes,11,Outsideclassroom,No,52_20,pensar,periphrasis-gerund
52,21,2019,Cologne,LA,female,21,English,pero no puede.,NA,agent,MC,D,NA,GI,Y,5,nullsub,DE_WR_39_21_5_14_JR,90.7,No,16,5,Yes,11,Outsideclassroom,No,52_21,poder,simple-finite
52,22,2019,Cologne,LA,female,21,English,Encuentra una letra,NA,agent,MC,D,NA,GI,Y,5,nullsub,DE_WR_39_21_5_14_JR,90.7,No,16,5,Yes,11,Outsideclassroom,No,52_22,encontrar,simple-finite
52,23,2019,Cologne,LA,female,21,English,lo que dice,PRE,agent,SC,D,DEF,GI,N,5,pron,DE_WR_39_21_5_14_JR,90.7,No,16,5,Yes,11,Outsideclassroom,No,52_23,decir,simple-finite
52,24,2019,Cologne,LA,female,21,English,que alguien debe cuidar a este niño,PRE,agent,SC,D,INDEF,NE,N,5,pron,DE_WR_39_21_5_14_JR,90.7,No,16,5,Yes,11,Outsideclassroom,No,52_24,cuidar,modal
52,25,2019,Cologne,LA,female,21,English,y Chaplin empieza a enamorarse del niño.,PRE,agent,MC,D,DEF,GI,N,5,dp,DE_WR_39_21_5_14_JR,90.7,No,16,5,Yes,11,Outsideclassroom,No,52_25,enamorarse,periphrasis-lexical
52,26,2019,Cologne,LA,female,21,English,Después sale con él.,NA,agent,MC,D,NA,GI,Y,5,nullsub,DE_WR_39_21_5_14_JR,90.7,No,16,5,Yes,11,Outsideclassroom,No,52_26,salir,simple-finite
52,3,2019,Cologne,LA,female,21,English,Después para,NA,agent,MC,D,NA,GI,N,5,nullsub,DE_WR_39_21_5_14_JR,90.7,No,16,5,Yes,11,Outsideclassroom,No,52_3,parar,simple-finite
52,4,2019,Cologne,LA,female,21,English,y busca por otro cigarillo.,NA,agent,MC,D,NA,GI,Y,5,nullsub,DE_WR_39_21_5_14_JR,90.7,No,16,5,Yes,11,Outsideclassroom,No,52_4,buscar,simple-finite
52,5,2019,Cologne,LA,female,21,English,Encuentra un bebé en la calle,NA,agent,MC,D,NA,GI,Y,5,nullsub,DE_WR_39_21_5_14_JR,90.7,No,16,5,Yes,11,Outsideclassroom,No,52_5,encontrar,simple-finite
52,6,2019,Cologne,LA,female,21,English,y ve a una mujer con otro niño.,NA,pacient,MC,D,NA,GI,Y,5,nullsub,DE_WR_39_21_5_14_JR,90.7,No,16,5,Yes,11,Outsideclassroom,No,52_6,ver,simple-finite
52,7,2019,Cologne,LA,female,21,English,Quiere,NA,agent,MC,D,NA,GI,Y,5,nullsub,DE_WR_39_21_5_14_JR,90.7,No,16,5,Yes,11,Outsideclassroom,No,52_7,querer,simple-finite
52,8,2019,Cologne,LA,female,21,English,que la mujer tome este bebé igual,PRE,agent,SC,D,DEF,GI,N,5,dp,DE_WR_39_21_5_14_JR,90.7,No,16,5,Yes,11,Outsideclassroom,No,52_8,tomar,simple-finite
52,9,2019,Cologne,LA,female,21,English,pero ella dice que no.,PRE,agent,MC,D,DEF,GI,Y,5,pron,DE_WR_39_21_5_14_JR,90.7,No,16,5,Yes,11,Outsideclassroom,No,52_9,decir,simple-finite
53,10,2019,Frankfurt,LA,female,22,English,pero el hombre tiene la misma idea,PRE,pacient,MC,D,DEF,GI,N,5,dp,DE_WR_39_22_2_14_KP,90.7,No,20,2,Yes,10,Outsideclassroom,No,53_10,tener,simple-finite
53,11,2019,Frankfurt,LA,female,22,English,y también deja el bebé en el carro.,NA,agent,MC,D,NA,GI,Y,5,nullsub,DE_WR_39_22_2_14_KP,90.7,No,20,2,Yes,10,Outsideclassroom,No,53_11,dejar,simple-finite
53,12,2019,Frankfurt,LA,female,22,English,"Cuando Cc pasa,",PRE,pacient,SC,D,DEF,GI,N,5,dp,DE_WR_39_22_2_14_KP,90.7,No,20,2,Yes,10,Outsideclassroom,No,53_12,pasar,simple-finite
53,13,2019,Frankfurt,LA,female,22,English,la mujercita empiaza a golpearle,PRE,agent,MC,D,DEF,GI,N,5,dp,DE_WR_39_22_2_14_KP,90.7,No,20,2,Yes,10,Outsideclassroom,No,53_13,golpear,periphrasis-lexical
53,14,2019,Frankfurt,LA,female,22,English,y le devuelve el bebé.,NA,agent,MC,D,NA,GI,Y,5,nullsub,DE_WR_39_22_2_14_KP,90.7,No,20,2,Yes,10,Outsideclassroom,No,53_14,devolver,simple-finite
53,15,2019,Frankfurt,LA,female,22,English,Al final CC encuentra un mensaje en la ropa del bebé,PRE,agent,MC,D,DEF,GI,N,5,dp,DE_WR_39_22_2_14_KP,90.7,No,20,2,Yes,10,Outsideclassroom,No,53_15,encontrar,simple-finite
53,16,2019,Frankfurt,LA,female,22,English,que pone:,PRE,agent,SC,D,DEF,GI,N,5,pron,DE_WR_39_22_2_14_KP,90.7,No,20,2,Yes,10,Outsideclassroom,No,53_16,poner,simple-finite
53,18,2019,Frankfurt,LA,female,22,English,Se va con el bebé entre los brazos.,NA,agent,MC,D,NA,GI,N,5,nullsub,DE_WR_39_22_2_14_KP,90.7,No,20,2,Yes,10,Outsideclassroom,No,53_18,irse,simple-finite
53,2,2019,Frankfurt,LA,female,22,English,que encuentra a un bebé en una esquina.,PRE,agent,SC,D,DEF,GI,N,5,pron,DE_WR_39_22_2_14_KP,90.7,No,20,2,Yes,10,Outsideclassroom,No,53_2,encontrar,simple-finite
53,3,2019,Frankfurt,LA,female,22,English,El intenta de maneras diferentes deshacerse del bebé.,PRE,agent,MC,D,DEF,GI,Y,5,pron,DE_WR_39_22_2_14_KP,90.7,No,20,2,Yes,10,Outsideclassroom,No,53_3,intentar,infinitive
53,4,2019,Frankfurt,LA,female,22,English,Intenta meterlo con otro bebé en un carro,NA,agent,MC,D,NA,GI,Y,5,nullsub,DE_WR_39_22_2_14_KP,90.7,No,20,2,Yes,10,Outsideclassroom,No,53_4,intentar,infinitive
53,5,2019,Frankfurt,LA,female,22,English,pero la madre del bebé le sigue,PRE,agent,MC,D,DEF,NE,N,5,dp,DE_WR_39_22_2_14_KP,90.7,No,20,2,Yes,10,Outsideclassroom,No,53_5,seguir,simple-finite
53,6,2019,Frankfurt,LA,female,22,English,y se lo devuelve.,NA,agent,MC,D,NA,GI,Y,5,nullsub,DE_WR_39_22_2_14_KP,90.7,No,20,2,Yes,10,Outsideclassroom,No,53_6,devolver,simple-finite
53,7,2019,Frankfurt,LA,female,22,English,Después deja el bebé con otro hombre,NA,agent,MC,D,NA,GI,N,5,nullsub,DE_WR_39_22_2_14_KP,90.7,No,20,2,Yes,10,Outsideclassroom,No,53_7,dejar,simple-finite
53,9,2019,Frankfurt,LA,female,22,English,que por fin consiguió deshacerse del bebé,NA,agent,SC,D,NA,GI,Y,5,nullsub,DE_WR_39_22_2_14_KP,90.7,No,20,2,Yes,10,Outsideclassroom,No,53_9,conseguir,simple-finite
54,1,2019,Frankfurt,LA,female,22,English,"Chaplin encuentra un bebé en la calle,",PRE,agent,MC,D,DEF,NE,N,5,dp,DE_WR_39_22_5_14_SH,90.7,No,14,5,Yes,5,Outsideclassroom,No,54_1,encontrar,simple-finite
54,10,2019,Frankfurt,LA,female,22,English,y corre.,NA,agent,MC,D,NA,GI,Y,5,nullsub,DE_WR_39_22_5_14_SH,90.7,No,14,5,Yes,5,Outsideclassroom,No,54_10,correr,simple-finite
54,11,2019,Frankfurt,LA,female,22,English,El hombre pone el bebé otra vez en el carrito de la mujer.,PRE,agent,MC,D,DEF,GI,N,5,dp,DE_WR_39_22_5_14_SH,90.7,No,14,5,Yes,5,Outsideclassroom,No,54_11,poner,simple-finite
54,12,2019,Frankfurt,LA,female,22,English,Lo encuentra,NA,agent,MC,D,NA,GI,N,5,nullsub,DE_WR_39_22_5_14_SH,90.7,No,14,5,Yes,5,Outsideclassroom,No,54_12,encontrar,simple-finite
54,13,2019,Frankfurt,LA,female,22,English,cuando Chaplin la está pasando.,PRE,agent,SC,D,DEF,GI,N,5,dp,DE_WR_39_22_5_14_SH,90.7,No,14,5,Yes,5,Outsideclassroom,No,54_13,pasar,periphrasis-gerund
54,14,2019,Frankfurt,LA,female,22,English,Le pega con su bastón,NA,agent,MC,D,NA,GI,N,5,nullsub,DE_WR_39_22_5_14_SH,90.7,No,14,5,Yes,5,Outsideclassroom,No,54_14,pegar,simple-finite
54,15,2019,Frankfurt,LA,female,22,English,y le acusa al policía.,NA,agent,MC,D,NA,GI,Y,5,nullsub,DE_WR_39_22_5_14_SH,90.7,No,14,5,Yes,5,Outsideclassroom,No,54_15,acusar,simple-finite
54,16,2019,Frankfurt,LA,female,22,English,Champlin toma el bebé,PRE,agent,MC,D,DEF,GI,N,5,dp,DE_WR_39_22_5_14_SH,90.7,No,14,5,Yes,5,Outsideclassroom,No,54_16,tomar,simple-finite
54,17,2019,Frankfurt,LA,female,22,English,y se va.,NA,agent,MC,D,NA,GI,Y,5,nullsub,DE_WR_39_22_5_14_SH,90.7,No,14,5,Yes,5,Outsideclassroom,No,54_17,irse,simple-finite
54,18,2019,Frankfurt,LA,female,22,English,Encuentra una letra,NA,agent,MC,D,NA,GI,N,5,nullsub,DE_WR_39_22_5_14_SH,90.7,No,14,5,Yes,5,Outsideclassroom,No,54_18,encontrar,simple-finite
54,19,2019,Frankfurt,LA,female,22,English,que dice,PRE,agent,SC,D,DEF,GI,N,5,pron,DE_WR_39_22_5_14_SH,90.7,No,14,5,Yes,5,Outsideclassroom,No,54_19,decir,simple-finite
54,2,2019,Frankfurt,LA,female,22,English,lo coge,NA,agent,MC,D,NA,GI,Y,5,nullsub,DE_WR_39_22_5_14_SH,90.7,No,14,5,Yes,5,Outsideclassroom,No,54_2,coger,simple-finite
54,20,2019,Frankfurt,LA,female,22,English,que el niño es un orfan,NA,pacient,SC,D,DEF,GI,N,5,dp,DE_WR_39_22_5_14_SH,90.7,No,14,5,Yes,5,Outsideclassroom,No,54_20,ser,simple-finite
54,21,2019,Frankfurt,LA,female,22,English,y debe ser amado.,NA,pacient,MC,D,NA,GI,Y,5,nullsub,DE_WR_39_22_5_14_SH,90.7,No,14,5,Yes,5,Outsideclassroom,No,54_21,ser,modal
54,22,2019,Frankfurt,LA,female,22,English,Champlin se va con el Bebé el los brazos.,PRE,agent,MC,D,DEF,GI,N,5,dp,DE_WR_39_22_5_14_SH,90.7,No,14,5,Yes,5,Outsideclassroom,No,54_22,irse,simple-finite
54,3,2019,Frankfurt,LA,female,22,English,y lo pone en el carrito de una mujer.,NA,agent,MC,D,NA,GI,Y,5,nullsub,DE_WR_39_22_5_14_SH,90.7,No,14,5,Yes,5,Outsideclassroom,No,54_3,poner,simple-finite
54,4,2019,Frankfurt,LA,female,22,English,La mujer se enfada,PRE,agent,MC,D,DEF,GI,N,5,dp,DE_WR_39_22_5_14_SH,90.7,No,14,5,Yes,5,Outsideclassroom,No,54_4,enfadarse,simple-finite
54,5,2019,Frankfurt,LA,female,22,English,y Chaplin lo retira,PRE,agent,MC,D,DEF,GI,N,5,dp,DE_WR_39_22_5_14_SH,90.7,No,14,5,Yes,5,Outsideclassroom,No,54_5,retira,simple-finite
54,6,2019,Frankfurt,LA,female,22,English,y quiere ponerlo otra vez en la calle.,NA,agent,MC,D,NA,GI,Y,5,nullsub,DE_WR_39_22_5_14_SH,90.7,No,14,5,Yes,5,Outsideclassroom,No,54_6,poner,modal
54,7,2019,Frankfurt,LA,female,22,English,Pero un policía le está mirando.,PRE,agent,MC,D,INDEF,NE,N,5,dp,DE_WR_39_22_5_14_SH,90.7,No,14,5,Yes,5,Outsideclassroom,No,54_7,mirar,periphrasis-gerund
54,8,2019,Frankfurt,LA,female,22,English,Por eso coge el bebé de nuevo,NA,agent,MC,D,NA,GI,N,5,nullsub,DE_WR_39_22_5_14_SH,90.7,No,14,5,Yes,5,Outsideclassroom,No,54_8,coger,simple-finite
54,9,2019,Frankfurt,LA,female,22,English,y lo da a un hombre viejo,NA,agent,MC,D,NA,GI,Y,5,nullsub,DE_WR_39_22_5_14_SH,90.7,No,14,5,Yes,5,Outsideclassroom,No,54_9,dar,simple-finite
55,1,2019,Frankfurt,LA,female,22,English,La historia trata de un hombre en los años 60,PRE,agent,MC,D,DEF,NE,N,5,dp,DE_WR_39_22_6_14_VM,90.7,No,16,6,Yes,10,Outsideclassroom,No,55_1,tratar,periphrasis-lexical
55,10,2019,Frankfurt,LA,female,22,English,por lo tanto el protagonista quiere dejarlo de vuelta en la esquina,PRE,agent,SC,D,DEF,GI,N,5,dp,DE_WR_39_22_6_14_VM,90.7,No,16,6,Yes,10,Outsideclassroom,No,55_10,dejar,modal
55,11,2019,Frankfurt,LA,female,22,English,dónde lo encontró.,NA,agent,SC,D,NA,GI,Y,5,nullsub,DE_WR_39_22_6_14_VM,90.7,No,16,6,Yes,10,Outsideclassroom,No,55_11,encontrar,simple-finite
55,12,2019,Frankfurt,LA,female,22,English,Justo en ese momento pasa un policía,POST,pacient,MC,D,INDEF,NE,N,5,dp,DE_WR_39_22_6_14_VM,90.7,No,16,6,Yes,10,Outsideclassroom,No,55_12,pasar,simple-finite
55,13,2019,Frankfurt,LA,female,22,English,y debajo de sus ojos vigilosos se lo lleva consigo otra vez.,NA,agent,MC,D,NA,GI,N,5,nullsub,DE_WR_39_22_6_14_VM,90.7,No,16,6,Yes,10,Outsideclassroom,No,55_13,llevarse,simple-finite
55,14,2019,Frankfurt,LA,female,22,English,Cuando ve a un hombre judío,NA,pacient,SC,D,NA,GI,Y,5,nullsub,DE_WR_39_22_6_14_VM,90.7,No,16,6,Yes,10,Outsideclassroom,No,55_14,ver,simple-finite
55,15,2019,Frankfurt,LA,female,22,English,se lo da a él,NA,agent,SC,D,NA,GI,Y,5,nullsub,DE_WR_39_22_6_14_VM,90.7,No,16,6,Yes,10,Outsideclassroom,No,55_15,dar,simple-finite
55,16,2019,Frankfurt,LA,female,22,English,y luego se escapa.,NA,agent,MC,D,NA,GI,Y,5,nullsub,DE_WR_39_22_6_14_VM,90.7,No,16,6,Yes,10,Outsideclassroom,No,55_16,escaparse,simple-finite
55,18,2019,Frankfurt,LA,female,22,English,que el problema está solucionado.,PRE,pacient,SC,D,DEF,NE,N,5,dp,DE_WR_39_22_6_14_VM,90.7,No,16,6,Yes,10,Outsideclassroom,No,55_18,estar,simple-finite
55,19,2019,Frankfurt,LA,female,22,English,Pero la mala suerte le parece seguir,PRE,pacient,MC,D,DEF,NE,N,5,dp,DE_WR_39_22_6_14_VM,90.7,No,16,6,Yes,10,Outsideclassroom,No,55_19,parecer,infinitive
55,2,2019,Frankfurt,LA,female,22,English,que anda caminando por una calle.,PRE,agent,SC,D,DEF,GI,N,5,pron,DE_WR_39_22_6_14_VM,90.7,No,16,6,Yes,10,Outsideclassroom,No,55_2,caminar,periphrasis-gerund
55,20,2019,Frankfurt,LA,female,22,English,porque el hombre judío deja el bebé con la mujer,PRE,agent,MC,D,DEF,GI,N,5,dp,DE_WR_39_22_6_14_VM,90.7,No,16,6,Yes,10,Outsideclassroom,No,55_20,dejar,simple-finite
55,21,2019,Frankfurt,LA,female,22,English,al que el protagonista anteriormente ha intentado darlo.,PRE,agent,SC,D,DEF,GI,N,5,dp,DE_WR_39_22_6_14_VM,90.7,No,16,6,Yes,10,Outsideclassroom,No,55_21,intentar,infinitive
55,22,2019,Frankfurt,LA,female,22,English,"Cuando ella se da cuenta de eso,",PRE,pacient,SC,D,DEF,GI,N,5,pron,DE_WR_39_22_6_14_VM,90.7,No,16,6,Yes,10,Outsideclassroom,No,55_22,darse,periphrasis-lexical
55,23,2019,Frankfurt,LA,female,22,English,el protagonista justo está pasando al lado de la mujer.,PRE,agent,MC,D,DEF,GI,N,5,dp,DE_WR_39_22_6_14_VM,90.7,No,16,6,Yes,10,Outsideclassroom,No,55_23,pasar,periphrasis-gerund
55,24,2019,Frankfurt,LA,female,22,English,Obviamente piensa,NA,agent,MC,D,NA,GI,N,5,nullsub,DE_WR_39_22_6_14_VM,90.7,No,16,6,Yes,10,Outsideclassroom,No,55_24,pensar,simple-finite
55,25,2019,Frankfurt,LA,female,22,English,"que fue él,",POST,pacient,SC,D,DEF,GI,N,5,pron,DE_WR_39_22_6_14_VM,90.7,No,16,6,Yes,10,Outsideclassroom,No,55_25,ser,simple-finite
55,26,2019,Frankfurt,LA,female,22,English,"quien se lo había dejado de vuelta,",PRE,agent,SC,D,DEF,GI,Y,5,pron,DE_WR_39_22_6_14_VM,90.7,No,16,6,Yes,10,Outsideclassroom,No,55_26,dejar,simple-finite
55,27,2019,Frankfurt,LA,female,22,English,y empieza a gritarle.,NA,agent,MC,D,NA,GI,N,5,nullsub,DE_WR_39_22_6_14_VM,90.7,No,16,6,Yes,10,Outsideclassroom,No,55_27,gritar,periphrasis-lexical
55,28,2019,Frankfurt,LA,female,22,English,A causa del quilombo […] viene el policía,POST,pacient,MC,D,DEF,NE,N,5,dp,DE_WR_39_22_6_14_VM,90.7,No,16,6,Yes,10,Outsideclassroom,No,55_28,venir,simple-finite
55,29,2019,Frankfurt,LA,female,22,English,que provoca,PRE,agent,SC,D,DEF,GI,Y,5,pron,DE_WR_39_22_6_14_VM,90.7,No,16,6,Yes,10,Outsideclassroom,No,55_29,provocar,simple-finite
55,3,2019,Frankfurt,LA,female,22,English,En una esquina encuentra a un bebé,NA,agent,MC,D,NA,GI,Y,5,nullsub,DE_WR_39_22_6_14_VM,90.7,No,16,6,Yes,10,Outsideclassroom,No,55_3,encontrar,simple-finite
55,30,2019,Frankfurt,LA,female,22,English,y el protagonista se va con el bebé.,PRE,agent,MC,D,DEF,GI,N,5,dp,DE_WR_39_22_6_14_VM,90.7,No,16,6,Yes,10,Outsideclassroom,No,55_30,irse,simple-finite
55,32,2019,Frankfurt,LA,female,22,English,"que estaba en la ropa del bebé,",PRE,pacient,SC,D,DEF,GI,N,5,pron,DE_WR_39_22_6_14_VM,90.7,No,16,6,Yes,10,Outsideclassroom,No,55_32,estar,simple-finite
55,33,2019,Frankfurt,LA,female,22,English,decide quedarse con el orfano.,NA,agent,MC,D,NA,GI,Y,5,nullsub,DE_WR_39_22_6_14_VM,90.7,No,16,6,Yes,10,Outsideclassroom,No,55_33,decidir,infinitive
55,4,2019,Frankfurt,LA,female,22,English,que está solito.,PRE,pacient,SC,D,DEF,GI,N,5,pron,DE_WR_39_22_6_14_VM,90.7,No,16,6,Yes,10,Outsideclassroom,No,55_4,estar,simple-finite
55,6,2019,Frankfurt,LA,female,22,English,quien se quedara con el bebé,PRE,agent,SC,D,DEF,GI,Y,5,pron,DE_WR_39_22_6_14_VM,90.7,No,16,6,Yes,10,Outsideclassroom,No,55_6,quedar,simple-finite
55,7,2019,Frankfurt,LA,female,22,English,lo da primero a una mujer,NA,agent,MC,D,NA,GI,N,5,nullsub,DE_WR_39_22_6_14_VM,90.7,No,16,6,Yes,10,Outsideclassroom,No,55_7,dar,simple-finite
55,8,2019,Frankfurt,LA,female,22,English,que está paseando con el suyo.,PRE,agent,SC,D,DEF,GI,N,5,pron,DE_WR_39_22_6_14_VM,90.7,No,16,6,Yes,10,Outsideclassroom,No,55_8,pasear,periphrasis-gerund
55,9,2019,Frankfurt,LA,female,22,English,"Ella no lo quiere tener,",PRE,pacient,MC,D,DEF,GI,Y,5,pron,DE_WR_39_22_6_14_VM,90.7,No,16,6,Yes,10,Outsideclassroom,No,55_9,tener,modal
56,1,2018,Hamburg,LA,female,29,English,Charlie Chaplin está caminando por un barrio pobre con casas,PRE,agent,MC,D,DEF,NE,N,5,dp,DE_WR_39_29_13_14_JL,90.7,No,16,13,Yes,4,Outsideclassroom,No,56_1,caminar,periphrasis-gerund
56,10,2018,Hamburg,LA,female,29,English,Charlie está asustado,PRE,pacient,MC,D,DEF,GI,N,5,dp,DE_WR_39_29_13_14_JL,90.7,No,16,13,Yes,4,Outsideclassroom,No,56_10,estar,simple-finite
56,11,2018,Hamburg,LA,female,29,English,y no sabe realmente,NA,agent,MC,D,NA,GI,Y,5,nullsub,DE_WR_39_29_13_14_JL,90.7,No,16,13,Yes,4,Outsideclassroom,No,56_11,saber,simple-finite
56,14,2018,Hamburg,LA,female,29,English,Charlie se decide de recoger el bebe,PRE,agent,MC,D,DEF,GI,Y,5,dp,DE_WR_39_29_13_14_JL,90.7,No,16,13,Yes,4,Outsideclassroom,No,56_14,decidirse,infinitive
56,15,2018,Hamburg,LA,female,29,English,pero no quiere tomar la responsabilidad,NA,agent,MC,D,NA,GI,Y,5,nullsub,DE_WR_39_29_13_14_JL,90.7,No,16,13,Yes,4,Outsideclassroom,No,56_15,tomar,simple-finite
56,16,2018,Hamburg,LA,female,29,English,e intenta a deshacerse del bebe.,NA,agent,MC,D,NA,GI,Y,5,nullsub,DE_WR_39_29_13_14_JL,90.7,No,16,13,Yes,4,Outsideclassroom,No,56_16,intentar,infinitive
56,17,2018,Hamburg,LA,female,29,English,"Primero, intenta de meter el bebe al carrito de una madre",NA,agent,MC,D,NA,GI,Y,5,nullsub,DE_WR_39_29_13_14_JL,90.7,No,16,13,Yes,4,Outsideclassroom,No,56_17,intentar,infinitive
56,18,2018,Hamburg,LA,female,29,English,"que también anda con su bebe,",PRE,agent,SC,D,DEF,GI,N,5,pron,DE_WR_39_29_13_14_JL,90.7,No,16,13,Yes,4,Outsideclassroom,No,56_18,andar,simple-finite
56,19,2018,Hamburg,LA,female,29,English,pero ella no lo acepta.,PRE,agent,MC,D,DEF,GI,Y,5,pron,DE_WR_39_29_13_14_JL,90.7,No,16,13,Yes,4,Outsideclassroom,No,56_19,aceptar,simple-finite
56,2,2018,Hamburg,LA,female,29,English,que parecen a ruinas.,PRE,pacient,SC,D,DEF,GI,N,5,pron,DE_WR_39_29_13_14_JL,90.7,No,16,13,Yes,4,Outsideclassroom,No,56_2,parecer,simple-finite
56,20,2018,Hamburg,LA,female,29,English,"Después, Charlie sigue haciendo vueltas",PRE,agent,MC,D,DEF,GI,N,5,dp,DE_WR_39_29_13_14_JL,90.7,No,16,13,Yes,4,Outsideclassroom,No,56_20,hacer,periphrasis-gerund
56,21,2018,Hamburg,LA,female,29,English,y hace varios intentos,NA,agent,MC,D,NA,GI,Y,5,nullsub,DE_WR_39_29_13_14_JL,90.7,No,16,13,Yes,4,Outsideclassroom,No,56_21,hacer,simple-finite
56,23,2018,Hamburg,LA,female,29,English,"Sin embargo, el bebe siempre termina de nuevo con é",PRE,pacient,MC,D,DEF,GI,N,5,dp,DE_WR_39_29_13_14_JL,90.7,No,16,13,Yes,4,Outsideclassroom,No,56_23,terminar,simple-finite
56,24,2018,Hamburg,LA,female,29,English,y nadie quiere llevarselo,PRE,pacient,MC,D,INDEF,NE,N,5,pron,DE_WR_39_29_13_14_JL,90.7,No,16,13,Yes,4,Outsideclassroom,No,56_24,llevar,modal
56,26,2018,Hamburg,LA,female,29,English,"Al final, Charlie está desesperado",PRE,pacient,MC,D,DEF,GI,N,5,dp,DE_WR_39_29_13_14_JL,90.7,No,16,13,Yes,4,Outsideclassroom,No,56_26,estar,simple-finite
56,27,2018,Hamburg,LA,female,29,English,y se sienta con el bebe en el peatonal,NA,agent,MC,D,NA,GI,Y,5,nullsub,DE_WR_39_29_13_14_JL,90.7,No,16,13,Yes,4,Outsideclassroom,No,56_27,sentarse,simple-finite
56,29,2018,Hamburg,LA,female,29,English,"La primera idea […] es meter el bebe al alcantarrillo,",PRE,agent,MC,D,DEF,NE,N,5,dp,DE_WR_39_29_13_14_JL,90.7,No,16,13,Yes,4,Outsideclassroom,No,56_29,meter,simple-finite
56,3,2018,Hamburg,LA,female,29,English,Aparentemente ya no vive gente en este barrio.,POST,pacient,MC,D,INDEF,NE,N,5,dp,DE_WR_39_29_13_14_JL,90.7,No,16,13,Yes,4,Outsideclassroom,No,56_3,vivir,simple-finite
56,30,2018,Hamburg,LA,female,29,English,que le ocurre,PRE,pacient,SC,D,DEF,GI,Y,5,pron,DE_WR_39_29_13_14_JL,90.7,No,16,13,Yes,4,Outsideclassroom,No,56_30,ocurrir,simple-finite
56,31,2018,Hamburg,LA,female,29,English,pero no lo hace,NA,agent,MC,D,NA,GI,N,5,nullsub,DE_WR_39_29_13_14_JL,90.7,No,16,13,Yes,4,Outsideclassroom,No,56_31,hacer,simple-finite
56,32,2018,Hamburg,LA,female,29,English,porque su conciencia no se lo permite.,PRE,agent,MC,D,DEF,NE,N,5,dp,DE_WR_39_29_13_14_JL,90.7,No,16,13,Yes,4,Outsideclassroom,No,56_32,permitir,simple-finite
56,33,2018,Hamburg,LA,female,29,English,Cuando encuentra una nota debajo de las telas,NA,agent,SC,D,NA,GI,N,5,nullsub,DE_WR_39_29_13_14_JL,90.7,No,16,13,Yes,4,Outsideclassroom,No,56_33,encontrar,simple-finite
56,34,2018,Hamburg,LA,female,29,English,que amarran el bebe,PRE,agent,SC,D,DEF,GI,N,5,pron,DE_WR_39_29_13_14_JL,90.7,No,16,13,Yes,4,Outsideclassroom,No,56_34,amarrar,simple-finite
56,35,2018,Hamburg,LA,female,29,English,que dice,PRE,agent,SC,D,DEF,GI,N,5,pron,DE_WR_39_29_13_14_JL,90.7,No,16,13,Yes,4,Outsideclassroom,No,56_35,decir,simple-finite
56,36,2018,Hamburg,LA,female,29,English,que el bebe es un huerfano,NA,pacient,SC,D,DEF,GI,N,5,dp,DE_WR_39_29_13_14_JL,90.7,No,16,13,Yes,4,Outsideclassroom,No,56_36,ser,simple-finite
56,37,2018,Hamburg,LA,female,29,English,que necesita alguien,NA,agent,SC,D,NA,GI,Y,5,nullsub,DE_WR_39_29_13_14_JL,90.7,No,16,13,Yes,4,Outsideclassroom,No,56_37,necesitar,simple-finite
56,38,2018,Hamburg,LA,female,29,English,"que le cuida,",NA,agent,SC,D,NA,GI,N,5,nullsub,DE_WR_39_29_13_14_JL,90.7,No,16,13,Yes,4,Outsideclassroom,No,56_38,cuidar,simple-finite
56,39,2018,Hamburg,LA,female,29,English,Charlie decide de un momento al otro quedarse con el bebe,PRE,agent,MC,D,DEF,GI,N,5,dp,DE_WR_39_29_13_14_JL,90.7,No,16,13,Yes,4,Outsideclassroom,No,56_39,decidir,infinitive
56,40,2018,Hamburg,LA,female,29,English,y se pone feliz.,NA,agent,MC,D,NA,GI,Y,5,nullsub,DE_WR_39_29_13_14_JL,90.7,No,16,13,Yes,4,Outsideclassroom,No,56_40,ponerse,simple-finite
56,5,2018,Hamburg,LA,female,29,English,y obreros desechan piedras rotas por las ventanas.,PRE,agent,MC,D,INDEF,NE,N,5,dp,DE_WR_39_29_13_14_JL,90.7,No,16,13,Yes,4,Outsideclassroom,No,56_5,desechar,simple-finite
56,6,2018,Hamburg,LA,female,29,English,"De repente, Charlie Chaplin encuentra un paquete bien amarrado en el suelo al lado de un basurero.",PRE,agent,MC,D,DEF,GI,N,5,dp,DE_WR_39_29_13_14_JL,90.7,No,16,13,Yes,4,Outsideclassroom,No,56_6,encontrar,simple-finite
56,7,2018,Hamburg,LA,female,29,English,"Acercándose, Charlie Chaplin nota",PRE,pacient,MC,D,DEF,GI,Y,5,dp,DE_WR_39_29_13_14_JL,90.7,No,16,13,Yes,4,Outsideclassroom,No,56_7,notar,simple-finite
56,8,2018,Hamburg,LA,female,29,English,que el paquete es una bebe,NA,pacient,SC,D,DEF,NE,N,5,dp,DE_WR_39_29_13_14_JL,90.7,No,16,13,Yes,4,Outsideclassroom,No,56_8,ser,simple-finite
56,9,2018,Hamburg,LA,female,29,English,que ha sido dejado en la calle.,PRE,pacient,SC,D,DEF,GI,N,5,pron,DE_WR_39_29_13_14_JL,90.7,No,16,13,Yes,4,Outsideclassroom,No,56_9,dejar,passive
57,1,2018,Frankfurt,LA,female,46,"French, English, Hungarian","Un hombre (Charlie) está paseando por una callecita,",PRE,agent,MC,D,INDEF,NE,N,5,dp,DE_WR_39_46_30_14_IK,90.7,No,16,30,Yes,45,Outsideclassroom,Yes,57_1,pasear,periphrasis-gerund
57,11,2018,Frankfurt,LA,female,46,"French, English, Hungarian",la mujer le explica,PRE,agent,MC,D,DEF,GI,Y,5,dp,DE_WR_39_46_30_14_IK,90.7,No,16,30,Yes,45,Outsideclassroom,Yes,57_11,explicar,simple-finite
57,12,2018,Frankfurt,LA,female,46,"French, English, Hungarian","que se ha equivocado,",NA,agent,SC,D,NA,GI,N,5,nullsub,DE_WR_39_46_30_14_IK,90.7,No,16,30,Yes,45,Outsideclassroom,Yes,57_12,equivocarse,simple-finite
57,13,2018,Frankfurt,LA,female,46,"French, English, Hungarian",y Charlie se va con el bebé en sus brazos.,PRE,agent,MC,D,DEF,GI,Y,5,dp,DE_WR_39_46_30_14_IK,90.7,No,16,30,Yes,45,Outsideclassroom,Yes,57_13,irse,simple-finite
57,14,2018,Frankfurt,LA,female,46,"French, English, Hungarian",Deja al bebé en el rincón,NA,agent,MC,D,NA,GI,Y,5,nullsub,DE_WR_39_46_30_14_IK,90.7,No,16,30,Yes,45,Outsideclassroom,Yes,57_14,dejar,simple-finite
57,15,2018,Frankfurt,LA,female,46,"French, English, Hungarian",donde lo ha encontrado,NA,agent,SC,D,NA,GI,Y,5,nullsub,DE_WR_39_46_30_14_IK,90.7,No,16,30,Yes,45,Outsideclassroom,Yes,57_15,encontrar,simple-finite
57,17,2018,Frankfurt,LA,female,46,"French, English, Hungarian",porque viene un policía,POST,pacient,SC,D,INDEF,NE,N,5,dp,DE_WR_39_46_30_14_IK,90.7,No,16,30,Yes,45,Outsideclassroom,Yes,57_17,venir,simple-finite
57,19,2018,Frankfurt,LA,female,46,"French, English, Hungarian",que la criatura es su responsabilidad.,PRE,pacient,SC,D,DEF,GI,N,5,dp,DE_WR_39_46_30_14_IK,90.7,No,16,30,Yes,45,Outsideclassroom,Yes,57_19,ser,simple-finite
57,22,2018,Frankfurt,LA,female,46,"French, English, Hungarian","Charlie le pasa el bebé,",PRE,pacient,MC,D,DEF,GI,N,5,dp,DE_WR_39_46_30_14_IK,90.7,No,16,30,Yes,45,Outsideclassroom,Yes,57_22,pasar,simple-finite
57,24,2018,Frankfurt,LA,female,46,"French, English, Hungarian",que quiere ajustarse los zapatos.,NA,agent,SC,D,NA,GI,Y,5,nullsub,DE_WR_39_46_30_14_IK,90.7,No,16,30,Yes,45,Outsideclassroom,Yes,57_24,ajustarse,simple-finite
57,25,2018,Frankfurt,LA,female,46,"French, English, Hungarian",Se va corriendo,NA,agent,MC,D,NA,GI,Y,5,nullsub,DE_WR_39_46_30_14_IK,90.7,No,16,30,Yes,45,Outsideclassroom,Yes,57_25,correr,periphrasis-gerund
57,26,2018,Frankfurt,LA,female,46,"French, English, Hungarian",y se esconde.,NA,agent,MC,D,NA,GI,Y,5,nullsub,DE_WR_39_46_30_14_IK,90.7,No,16,30,Yes,45,Outsideclassroom,Yes,57_26,esconderse,simple-finite
57,27,2018,Frankfurt,LA,female,46,"French, English, Hungarian","El otro hombre busca a Charlie,",PRE,agent,MC,D,DEF,GI,N,5,dp,DE_WR_39_46_30_14_IK,90.7,No,16,30,Yes,45,Outsideclassroom,Yes,57_27,buscar,simple-finite
57,28,2018,Frankfurt,LA,female,46,"French, English, Hungarian",pero como no lo encuentra,NA,agent,SC,D,NA,GI,Y,5,nullsub,DE_WR_39_46_30_14_IK,90.7,No,16,30,Yes,45,Outsideclassroom,Yes,57_28,encontrar,simple-finite
57,29,2018,Frankfurt,LA,female,46,"French, English, Hungarian","y que nota el coche de bebé aparcado delante de una tienda,",NA,pacient,SC,D,NA,GI,Y,5,nullsub,DE_WR_39_46_30_14_IK,90.7,No,16,30,Yes,45,Outsideclassroom,Yes,57_29,notar,simple-finite
57,3,2018,Frankfurt,LA,female,46,"French, English, Hungarian",cuando encuentra a un bebé abandonado en un rincón de la calle.,NA,agent,SC,D,NA,GI,Y,5,nullsub,DE_WR_39_46_30_14_IK,90.7,No,16,30,Yes,45,Outsideclassroom,Yes,57_3,encontrar,simple-finite
57,30,2018,Frankfurt,LA,female,46,"French, English, Hungarian",deja el bebé en el coche.,NA,agent,MC,D,NA,GI,Y,5,nullsub,DE_WR_39_46_30_14_IK,90.7,No,16,30,Yes,45,Outsideclassroom,Yes,57_30,dejar,simple-finite
57,31,2018,Frankfurt,LA,female,46,"French, English, Hungarian","Charlie sale de su rincón,",PRE,agent,MC,D,DEF,GI,N,5,dp,DE_WR_39_46_30_14_IK,90.7,No,16,30,Yes,45,Outsideclassroom,Yes,57_31,salir,simple-finite
57,32,2018,Frankfurt,LA,female,46,"French, English, Hungarian","encuentra al policía,",NA,agent,MC,D,NA,GI,Y,5,nullsub,DE_WR_39_46_30_14_IK,90.7,No,16,30,Yes,45,Outsideclassroom,Yes,57_32,encontrar,simple-finite
57,33,2018,Frankfurt,LA,female,46,"French, English, Hungarian",torna,NA,agent,MC,D,NA,GI,Y,5,nullsub,DE_WR_39_46_30_14_IK,90.7,No,16,30,Yes,45,Outsideclassroom,Yes,57_33,tornar,simple-finite
57,34,2018,Frankfurt,LA,female,46,"French, English, Hungarian",y se va en otra dirección,NA,agent,MC,D,NA,GI,Y,5,nullsub,DE_WR_39_46_30_14_IK,90.7,No,16,30,Yes,45,Outsideclassroom,Yes,57_34,irse,simple-finite
57,35,2018,Frankfurt,LA,female,46,"French, English, Hungarian",que es exactamente,PRE,pacient,SC,D,DEF,GI,N,5,pron,DE_WR_39_46_30_14_IK,90.7,No,16,30,Yes,45,Outsideclassroom,Yes,57_35,ser,simple-finite
57,36,2018,Frankfurt,LA,female,46,"French, English, Hungarian",dónde está el coche de bebé.,POST,pacient,SC,D,DEF,GI,N,5,dp,DE_WR_39_46_30_14_IK,90.7,No,16,30,Yes,45,Outsideclassroom,Yes,57_36,estar,simple-finite
57,37,2018,Frankfurt,LA,female,46,"French, English, Hungarian","Sale la mujer de la tienda,",POST,agent,MC,D,DEF,GI,N,5,dp,DE_WR_39_46_30_14_IK,90.7,No,16,30,Yes,45,Outsideclassroom,Yes,57_37,salir,simple-finite
57,38,2018,Frankfurt,LA,female,46,"French, English, Hungarian","y cuando ve a Charlie pasando,",NA,pacient,SC,D,NA,GI,Y,5,nullsub,DE_WR_39_46_30_14_IK,90.7,No,16,30,Yes,45,Outsideclassroom,Yes,57_38,ver,simple-finite
57,39,2018,Frankfurt,LA,female,46,"French, English, Hungarian",piensa,NA,agent,MC,D,NA,GI,Y,5,nullsub,DE_WR_39_46_30_14_IK,90.7,No,16,30,Yes,45,Outsideclassroom,Yes,57_39,pensar,simple-finite
57,4,2018,Frankfurt,LA,female,46,"French, English, Hungarian","Pasa una mujer con coche de bebé,",POST,pacient,MC,D,INDEF,NE,N,5,dp,DE_WR_39_46_30_14_IK,90.7,No,16,30,Yes,45,Outsideclassroom,Yes,57_4,pasar,simple-finite
57,40,2018,Frankfurt,LA,female,46,"French, English, Hungarian",que otra vez fue él,POST,pacient,SC,D,DEF,GI,N,5,pron,DE_WR_39_46_30_14_IK,90.7,No,16,30,Yes,45,Outsideclassroom,Yes,57_40,ser,simple-finite
57,41,2018,Frankfurt,LA,female,46,"French, English, Hungarian",que le puso el bebé en el coche.,PRE,agent,SC,D,DEF,GI,Y,5,pron,DE_WR_39_46_30_14_IK,90.7,No,16,30,Yes,45,Outsideclassroom,Yes,57_41,poner,simple-finite
57,42,2018,Frankfurt,LA,female,46,"French, English, Hungarian",Empieza un disputo,POST,pacient,MC,D,INDEF,NE,N,5,dp,DE_WR_39_46_30_14_IK,90.7,No,16,30,Yes,45,Outsideclassroom,Yes,57_42,empezar,simple-finite
57,43,2018,Frankfurt,LA,female,46,"French, English, Hungarian",que atrae al policía.,PRE,agent,SC,D,DEF,GI,Y,5,pron,DE_WR_39_46_30_14_IK,90.7,No,16,30,Yes,45,Outsideclassroom,Yes,57_43,atraer,simple-finite
57,44,2018,Frankfurt,LA,female,46,"French, English, Hungarian",Así Charlie se va otra vez con la criatura en sus brazos.,PRE,agent,MC,D,DEF,GI,N,5,dp,DE_WR_39_46_30_14_IK,90.7,No,16,30,Yes,45,Outsideclassroom,Yes,57_44,irse,simple-finite
57,46,2018,Frankfurt,LA,female,46,"French, English, Hungarian",piensa en alguna solución.,NA,agent,MC,D,NA,GI,Y,5,nullsub,DE_WR_39_46_30_14_IK,90.7,No,16,30,Yes,45,Outsideclassroom,Yes,57_46,pensar,simple-finite
57,47,2018,Frankfurt,LA,female,46,"French, English, Hungarian",Al final encuentra una noticia dejada en las ropas del bebé.,NA,agent,MC,D,NA,GI,Y,5,nullsub,DE_WR_39_46_30_14_IK,90.7,No,16,30,Yes,45,Outsideclassroom,Yes,57_47,encontrar,simple-finite
57,50,2018,Frankfurt,LA,female,46,"French, English, Hungarian",Charlie se deja mover de esas palabras,PRE,agent,MC,D,DEF,GI,Y,5,dp,DE_WR_39_46_30_14_IK,90.7,No,16,30,Yes,45,Outsideclassroom,Yes,57_50,mover,modal
57,51,2018,Frankfurt,LA,female,46,"French, English, Hungarian",y acepta el bebé como el suyo.,NA,agent,MC,D,NA,GI,Y,5,nullsub,DE_WR_39_46_30_14_IK,90.7,No,16,30,Yes,45,Outsideclassroom,Yes,57_51,aceptar,simple-finite
57,6,2018,Frankfurt,LA,female,46,"French, English, Hungarian","que el bebé sea él de la mujer,",PRE,pacient,SC,D,DEF,GI,N,5,dp,DE_WR_39_46_30_14_IK,90.7,No,16,30,Yes,45,Outsideclassroom,Yes,57_6,ser,simple-finite
57,7,2018,Frankfurt,LA,female,46,"French, English, Hungarian","o al menos que ella pueda cuidar del bebé mejor que él,",PRE,agent,SC,D,DEF,GI,N,5,pron,DE_WR_39_46_30_14_IK,90.7,No,16,30,Yes,45,Outsideclassroom,Yes,57_7,cuidar,modal
57,8,2018,Frankfurt,LA,female,46,"French, English, Hungarian",la llama,NA,agent,MC,D,NA,GI,N,5,nullsub,DE_WR_39_46_30_14_IK,90.7,No,16,30,Yes,45,Outsideclassroom,Yes,57_8,llamar,simple-finite
57,9,2018,Frankfurt,LA,female,46,"French, English, Hungarian",y le pone el bebé en el coche.,NA,agent,MC,D,NA,GI,Y,5,nullsub,DE_WR_39_46_30_14_IK,90.7,No,16,30,Yes,45,Outsideclassroom,Yes,57_9,poner,simple-finite
58,1,2018,Bonn,LA,male,19,English,El vídeo empieza con Charlie Chaplin,PRE,agent,MC,D,DEF,NE,N,5,dp,DE_WR_40_19_4_14_MS,93,No,15,4,Yes,15,Insideclassroom,No,58_1,empezar,simple-finite
58,10,2018,Bonn,LA,male,19,English,y se acerca a élla,NA,agent,MC,D,NA,GI,N,5,nullsub,DE_WR_40_19_4_14_MS,93,No,15,4,Yes,15,Insideclassroom,No,58_10,acercarse,simple-finite
58,12,2018,Bonn,LA,male,19,English,"que ha encontrado él,",POST,agent,SC,D,DEF,GI,Y,5,pron,DE_WR_40_19_4_14_MS,93,No,15,4,Yes,15,Insideclassroom,No,58_12,encontrar,simple-finite
58,13,2018,Bonn,LA,male,19,English,porque supone,NA,agent,SC,D,NA,GI,Y,5,nullsub,DE_WR_40_19_4_14_MS,93,No,15,4,Yes,15,Insideclassroom,No,58_13,suponer,simple-finite
58,14,2018,Bonn,LA,male,19,English,que es el bebé de la mujer.,NA,pacient,SC,D,DEF,GI,N,5,dp,DE_WR_40_19_4_14_MS,93,No,15,4,Yes,15,Insideclassroom,No,58_14,ser,simple-finite
58,16,2018,Bonn,LA,male,19,English,ésta se enfada con Chaplin,PRE,agent,MC,D,DEF,GI,N,5,pron,DE_WR_40_19_4_14_MS,93,No,15,4,Yes,15,Insideclassroom,No,58_16,enfadarse,simple-finite
58,17,2018,Bonn,LA,male,19,English,"ya que, […] el niño […] no es suya.",PRE,pacient,MC,D,DEF,GI,N,5,dp,DE_WR_40_19_4_14_MS,93,No,15,4,Yes,15,Insideclassroom,No,58_17,ser,simple-finite
58,19,2018,Bonn,LA,male,19,English,que ha encontrado él,POST,agent,SC,D,DEF,GI,N,5,pron,DE_WR_40_19_4_14_MS,93,No,15,4,Yes,15,Insideclassroom,No,58_19,encontrar,simple-finite
58,20,2018,Bonn,LA,male,19,English,Por eso él se queda con el bebé,PRE,agent,MC,D,DEF,GI,Y,5,pron,DE_WR_40_19_4_14_MS,93,No,15,4,Yes,15,Insideclassroom,No,58_20,quedarse,simple-finite
58,21,2018,Bonn,LA,male,19,English,y sigue buscando un lugar,NA,agent,MC,D,NA,GI,Y,5,nullsub,DE_WR_40_19_4_14_MS,93,No,15,4,Yes,15,Insideclassroom,No,58_21,buscar,periphrasis-gerund
58,23,2018,Bonn,LA,male,19,English,"Cuando ve a otro hombre,",NA,pacient,SC,D,NA,GI,Y,5,nullsub,DE_WR_40_19_4_14_MS,93,No,15,4,Yes,15,Insideclassroom,No,58_23,ver,simple-finite
58,24,2018,Bonn,LA,male,19,English,finge,NA,agent,MC,D,NA,GI,Y,5,nullsub,DE_WR_40_19_4_14_MS,93,No,15,4,Yes,15,Insideclassroom,No,58_24,fingir,simple-finite
58,25,2018,Bonn,LA,male,19,English,que tenga una piedra en su zapato,NA,pacient,SC,D,NA,GI,Y,5,nullsub,DE_WR_40_19_4_14_MS,93,No,15,4,Yes,15,Insideclassroom,No,58_25,tener,simple-finite
58,26,2018,Bonn,LA,male,19,English,y pide al hombre,NA,agent,MC,D,NA,GI,Y,5,nullsub,DE_WR_40_19_4_14_MS,93,No,15,4,Yes,15,Insideclassroom,No,58_26,pedir,simple-finite
58,27,2018,Bonn,LA,male,19,English,que él cuidara al bebé,PRE,agent,SC,IM,DEF,GI,N,5,pron,DE_WR_40_19_4_14_MS,93,No,15,4,Yes,15,Insideclassroom,No,58_27,cuidar,simple-finite
58,28,2018,Bonn,LA,male,19,English,mientras que saque la piedra d e su zapato.,NA,agent,SC,D,NA,GI,N,5,nullsub,DE_WR_40_19_4_14_MS,93,No,15,4,Yes,15,Insideclassroom,No,58_28,sacar,simple-finite
58,29,2018,Bonn,LA,male,19,English,Cuando el otro hombre tiene al bebé en sus manos,PRE,pacient,SC,D,DEF,GI,N,5,dp,DE_WR_40_19_4_14_MS,93,No,15,4,Yes,15,Insideclassroom,No,58_29,tener,simple-finite
58,3,2018,Bonn,LA,male,19,English,cuando encuentra a un bebé,NA,agent,SC,D,NA,GI,Y,5,nullsub,DE_WR_40_19_4_14_MS,93,No,15,4,Yes,15,Insideclassroom,No,58_3,encontrar,simple-finite
58,30,2018,Bonn,LA,male,19,English,Chaplin se da la fuga.,PRE,agent,MC,D,DEF,GI,N,5,dp,DE_WR_40_19_4_14_MS,93,No,15,4,Yes,15,Insideclassroom,No,58_30,darse,periphrasis-lexical
58,31,2018,Bonn,LA,male,19,English,Ahora el aludido hombre busca un lugar,PRE,agent,MC,D,DEF,GI,N,5,dp,DE_WR_40_19_4_14_MS,93,No,15,4,Yes,15,Insideclassroom,No,58_31,buscar,simple-finite
58,34,2018,Bonn,LA,male,19,English,encuentra la carra para niños de la mujer del inicio del vídeo.,NA,agent,MC,D,NA,GI,Y,5,nullsub,DE_WR_40_19_4_14_MS,93,No,15,4,Yes,15,Insideclassroom,No,58_34,encontrar,simple-finite
58,35,2018,Bonn,LA,male,19,English,Deja al bebé en la carra,NA,agent,MC,D,NA,GI,Y,5,nullsub,DE_WR_40_19_4_14_MS,93,No,15,4,Yes,15,Insideclassroom,No,58_35,dejar,simple-finite
58,36,2018,Bonn,LA,male,19,English,y se va.,NA,agent,MC,D,NA,GI,Y,5,nullsub,DE_WR_40_19_4_14_MS,93,No,15,4,Yes,15,Insideclassroom,No,58_36,irse,simple-finite
58,37,2018,Bonn,LA,male,19,English,Luego Chaplin pasa la carra,PRE,pacient,MC,D,DEF,GI,N,5,dp,DE_WR_40_19_4_14_MS,93,No,15,4,Yes,15,Insideclassroom,No,58_37,pasar,simple-finite
58,38,2018,Bonn,LA,male,19,English,cuando la mujer vuelve,PRE,agent,SC,D,DEF,GI,N,5,dp,DE_WR_40_19_4_14_MS,93,No,15,4,Yes,15,Insideclassroom,No,58_38,volver,simple-finite
58,39,2018,Bonn,LA,male,19,English,"y lo encuentra junto a la carra,",NA,agent,MC,D,NA,GI,Y,5,nullsub,DE_WR_40_19_4_14_MS,93,No,15,4,Yes,15,Insideclassroom,No,58_39,encontrar,simple-finite
58,40,2018,Bonn,LA,male,19,English,"en la que yacen los dos bebés, el suyo y él",POST,pacient,SC,D,DEF,NE,N,5,dp,DE_WR_40_19_4_14_MS,93,No,15,4,Yes,15,Insideclassroom,No,58_40,yacer,simple-finite
58,41,2018,Bonn,LA,male,19,English,que Chaplin ha encontrado al principio del vídeo.,PRE,agent,SC,D,DEF,GI,N,5,dp,DE_WR_40_19_4_14_MS,93,No,15,4,Yes,15,Insideclassroom,No,58_41,encontrar,simple-finite
58,42,2018,Bonn,LA,male,19,English,Se enfada de nuevo con él,NA,agent,MC,D,NA,GI,N,5,nullsub,DE_WR_40_19_4_14_MS,93,No,15,4,Yes,15,Insideclassroom,No,58_42,enfadarse,simple-finite
58,43,2018,Bonn,LA,male,19,English,y revuelve el bebé a Chaplin.,NA,agent,MC,D,NA,GI,Y,5,nullsub,DE_WR_40_19_4_14_MS,93,No,15,4,Yes,15,Insideclassroom,No,58_43,devolver,simple-finite
58,44,2018,Bonn,LA,male,19,English,Después él se va a buscar otro lugar.,PRE,agent,MC,D,DEF,GI,N,5,pron,DE_WR_40_19_4_14_MS,93,No,15,4,Yes,15,Insideclassroom,No,58_44,irse,periphrasis-lexical
58,45,2018,Bonn,LA,male,19,English,Buscando se sienta en la acera con el bebé,NA,agent,SC,D,NA,GI,Y,5,nullsub,DE_WR_40_19_4_14_MS,93,No,15,4,Yes,15,Insideclassroom,No,58_45,sentarse,simple-finite
58,46,2018,Bonn,LA,male,19,English,y encuentra una nota en la manta,NA,agent,MC,D,NA,GI,Y,5,nullsub,DE_WR_40_19_4_14_MS,93,No,15,4,Yes,15,Insideclassroom,No,58_46,encontrar,simple-finite
58,47,2018,Bonn,LA,male,19,English,en la que está el bebé.,POST,pacient,SC,D,DEF,GI,N,5,dp,DE_WR_40_19_4_14_MS,93,No,15,4,Yes,15,Insideclassroom,No,58_47,estar,simple-finite
58,48,2018,Bonn,LA,male,19,English,La nota dice,PRE,agent,MC,D,DEF,GI,Y,5,dp,DE_WR_40_19_4_14_MS,93,No,15,4,Yes,15,Insideclassroom,No,58_48,decir,simple-finite
58,49,2018,Bonn,LA,male,19,English,que cuide al niño,NA,agent,SC,IM,NA,GI,N,5,nullsub,DE_WR_40_19_4_14_MS,93,No,15,4,Yes,15,Insideclassroom,No,58_49,cuidar,simple-finite
58,5,2018,Bonn,LA,male,19,English,Él pone al bebé en sus manos,PRE,agent,MC,D,DEF,GI,N,5,pron,DE_WR_40_19_4_14_MS,93,No,15,4,Yes,15,Insideclassroom,No,58_5,poner,simple-finite
58,50,2018,Bonn,LA,male,19,English,porque éste sea huérfano.,PRE,pacient,SC,D,DEF,GI,N,5,pron,DE_WR_40_19_4_14_MS,93,No,15,4,Yes,15,Insideclassroom,No,58_50,ser,simple-finite
58,52,2018,Bonn,LA,male,19,English,Champlin se queda con el niño,PRE,agent,MC,D,DEF,GI,N,5,dp,DE_WR_40_19_4_14_MS,93,No,15,4,Yes,15,Insideclassroom,No,58_52,quedarse,simple-finite
58,53,2018,Bonn,LA,male,19,English,y sigue pasando por la calle con él.,NA,agent,MC,D,NA,GI,Y,5,nullsub,DE_WR_40_19_4_14_MS,93,No,15,4,Yes,15,Insideclassroom,No,58_53,pasar,periphrasis-gerund
58,54,2018,Bonn,LA,male,19,English,Así acaba el vídeo.,POST,pacient,MC,D,DEF,GI,N,5,dp,DE_WR_40_19_4_14_MS,93,No,15,4,Yes,15,Insideclassroom,No,58_54,acabar,simple-finite
58,6,2018,Bonn,LA,male,19,English,y se da la vuelta para averiguar,NA,agent,MC,D,NA,GI,Y,5,nullsub,DE_WR_40_19_4_14_MS,93,No,15,4,Yes,15,Insideclassroom,No,58_6,darse,simple-finite
58,7,2018,Bonn,LA,male,19,English,a quién pertenece el bebé.,POST,pacient,SC,D,DEF,GI,N,5,dp,DE_WR_40_19_4_14_MS,93,No,15,4,Yes,15,Insideclassroom,No,58_7,pertenecer,simple-finite
58,8,2018,Bonn,LA,male,19,English,Ve a una mujer con otro bebé,NA,pacient,MC,D,NA,GI,N,5,nullsub,DE_WR_40_19_4_14_MS,93,No,15,4,Yes,15,Insideclassroom,No,58_8,ver,simple-finite
59,1,2018,Bremen,LA,female,20,English,"Un hombre llevando traje y sombrero, con un bigote especial, está andando por una calleja",PRE,agent,MC,D,INDEF,NE,N,5,dp,DE_WR_40_20_9_14_SK,93,No,11,9,No,15,Outsideclassroom,No,59_1,andar,periphrasis-gerund
59,11,2018,Bremen,LA,female,20,English,"que el bebé no pertenece a la mujer,",PRE,pacient,SC,D,DEF,GI,N,5,dp,DE_WR_40_20_9_14_SK,93,No,11,9,No,15,Outsideclassroom,No,59_11,pertenecer,simple-finite
59,12,2018,Bremen,LA,female,20,English,porque se pone enfadada,NA,agent,SC,D,NA,GI,N,5,nullsub,DE_WR_40_20_9_14_SK,93,No,11,9,No,15,Outsideclassroom,No,59_12,ponerse,simple-finite
59,13,2018,Bremen,LA,female,20,English,y se marcha.,NA,agent,MC,D,NA,GI,Y,5,nullsub,DE_WR_40_20_9_14_SK,93,No,11,9,No,15,Outsideclassroom,No,59_13,marcharse,simple-finite
59,14,2018,Bremen,LA,female,20,English,"después, el hombre quiere devolver el bebé al suelo",PRE,agent,MC,D,DEF,GI,N,5,dp,DE_WR_40_20_9_14_SK,93,No,11,9,No,15,Outsideclassroom,No,59_14,devolver,simple-finite
59,15,2018,Bremen,LA,female,20,English,cuando un guardia aparece.,PRE,pacient,SC,D,INDEF,NE,N,5,dp,DE_WR_40_20_9_14_SK,93,No,11,9,No,15,Outsideclassroom,No,59_15,aparecer,simple-finite
59,16,2018,Bremen,LA,female,20,English,"Entonces sigue andando con el bebé,",NA,agent,MC,D,NA,GI,N,5,nullsub,DE_WR_40_20_9_14_SK,93,No,11,9,No,15,Outsideclassroom,No,59_16,andar,periphrasis-gerund
59,17,2018,Bremen,LA,female,20,English,le da a cualquier hombre,NA,agent,MC,D,NA,GI,Y,5,nullsub,DE_WR_40_20_9_14_SK,93,No,11,9,No,15,Outsideclassroom,No,59_17,dar,simple-finite
59,18,2018,Bremen,LA,female,20,English,y sale corriendo.,NA,agent,MC,D,NA,GI,Y,5,nullsub,DE_WR_40_20_9_14_SK,93,No,11,9,No,15,Outsideclassroom,No,59_18,salir,periphrasis-gerund
59,19,2018,Bremen,LA,female,20,English,"El extraño le sigue a él,",PRE,agent,MC,D,DEF,GI,N,5,dp,DE_WR_40_20_9_14_SK,93,No,11,9,No,15,Outsideclassroom,No,59_19,seguir,simple-finite
59,2,2018,Bremen,LA,female,20,English,"y está fumando,",NA,agent,MC,D,NA,GI,Y,5,nullsub,DE_WR_40_20_9_14_SK,93,No,11,9,No,15,Outsideclassroom,No,59_2,fumar,periphrasis-gerund
59,20,2018,Bremen,LA,female,20,English,pero no le puede encontrar.,NA,agent,MC,D,NA,GI,Y,5,nullsub,DE_WR_40_20_9_14_SK,93,No,11,9,No,15,Outsideclassroom,No,59_20,encontrar,modal
59,21,2018,Bremen,LA,female,20,English,"Descubre un cochecito de niños delante de una tienda,",NA,pacient,MC,D,NA,GI,Y,5,nullsub,DE_WR_40_20_9_14_SK,93,No,11,9,No,15,Outsideclassroom,No,59_21,descubrir,simple-finite
59,22,2018,Bremen,LA,female,20,English,depone el bebé allí,NA,agent,MC,D,NA,GI,Y,5,nullsub,DE_WR_40_20_9_14_SK,93,No,11,9,No,15,Outsideclassroom,No,59_22,deponer,simple-finite
59,23,2018,Bremen,LA,female,20,English,y se va.,NA,agent,MC,D,NA,GI,Y,5,nullsub,DE_WR_40_20_9_14_SK,93,No,11,9,No,15,Outsideclassroom,No,59_23,irse,simple-finite
59,24,2018,Bremen,LA,female,20,English,"Cuando la mujer del cochecito sale de la tienda,",PRE,agent,SC,D,DEF,GI,N,5,dp,DE_WR_40_20_9_14_SK,93,No,11,9,No,15,Outsideclassroom,No,59_24,salir,simple-finite
59,25,2018,Bremen,LA,female,20,English,el hombre […] pasa por la tienda,PRE,pacient,MC,D,DEF,GI,N,5,dp,DE_WR_40_20_9_14_SK,93,No,11,9,No,15,Outsideclassroom,No,59_25,pasar,simple-finite
59,26,2018,Bremen,LA,female,20,English,"que encontró el bebé en el suelo,",PRE,agent,SC,D,DEF,GI,Y,5,pron,DE_WR_40_20_9_14_SK,93,No,11,9,No,15,Outsideclassroom,No,59_26,encontrar,simple-finite
59,27,2018,Bremen,LA,female,20,English,y la mujer […]  empieza a golpearle con su paraguas.,PRE,agent,MC,D,DEF,GI,N,5,dp,DE_WR_40_20_9_14_SK,93,No,11,9,No,15,Outsideclassroom,No,59_27,golpear,periphrasis-lexical
59,28,2018,Bremen,LA,female,20,English,que le reconoce,PRE,agent,SC,D,DEF,GI,Y,5,pron,DE_WR_40_20_9_14_SK,93,No,11,9,No,15,Outsideclassroom,No,59_28,reconocer,simple-finite
59,29,2018,Bremen,LA,female,20,English,"Por obligación, el hombre coge el bebé",PRE,agent,MC,D,DEF,GI,N,5,dp,DE_WR_40_20_9_14_SK,93,No,11,9,No,15,Outsideclassroom,No,59_29,coger,simple-finite
59,3,2018,Bremen,LA,female,20,English,"cuando de repente encuentra a un bebé,",NA,agent,SC,D,NA,GI,Y,5,nullsub,DE_WR_40_20_9_14_SK,93,No,11,9,No,15,Outsideclassroom,No,59_3,encontrar,simple-finite
59,30,2018,Bremen,LA,female,20,English,y se siente en una acera.,NA,agent,MC,D,NA,GI,Y,5,nullsub,DE_WR_40_20_9_14_SK,93,No,11,9,No,15,Outsideclassroom,No,59_30,sentarse,simple-finite
59,31,2018,Bremen,LA,female,20,English,Por un momento pequeño piensa en tirar el bebé en la canalización,NA,agent,MC,D,NA,GI,Y,5,nullsub,DE_WR_40_20_9_14_SK,93,No,11,9,No,15,Outsideclassroom,No,59_31,pensar,simple-finite
59,32,2018,Bremen,LA,female,20,English,pero lo deja.,NA,agent,MC,D,NA,GI,Y,5,nullsub,DE_WR_40_20_9_14_SK,93,No,11,9,No,15,Outsideclassroom,No,59_32,dejar,simple-finite
59,33,2018,Bremen,LA,female,20,English,Encuentra en la ropa del bebé un papel,NA,agent,MC,D,NA,GI,Y,5,nullsub,DE_WR_40_20_9_14_SK,93,No,11,9,No,15,Outsideclassroom,No,59_33,encontrar,simple-finite
59,34,2018,Bremen,LA,female,20,English,que dice:,PRE,agent,SC,D,DEF,GI,N,5,pron,DE_WR_40_20_9_14_SK,93,No,11,9,No,15,Outsideclassroom,No,59_34,decir,simple-finite
59,36,2018,Bremen,LA,female,20,English,"Al final, el hombre sonríe",PRE,agent,MC,D,DEF,GI,N,5,dp,DE_WR_40_20_9_14_SK,93,No,11,9,No,15,Outsideclassroom,No,59_36,sonreír,simple-finite
59,37,2018,Bremen,LA,female,20,English,y se va con el bebé en sus brazos.,NA,agent,MC,D,NA,GI,Y,5,nullsub,DE_WR_40_20_9_14_SK,93,No,11,9,No,15,Outsideclassroom,No,59_37,irse,simple-finite
59,5,2018,Bremen,LA,female,20,English,Mira a una mujer,NA,agent,MC,D,NA,GI,N,5,nullsub,DE_WR_40_20_9_14_SK,93,No,11,9,No,15,Outsideclassroom,No,59_5,mirar,simple-finite
59,6,2018,Bremen,LA,female,20,English,"que está cerca con un cochecito de niños,",PRE,pacient,SC,D,DEF,GI,N,5,pron,DE_WR_40_20_9_14_SK,93,No,11,9,No,15,Outsideclassroom,No,59_6,estar,simple-finite
59,7,2018,Bremen,LA,female,20,English,se acerca a ella,NA,agent,MC,D,NA,GI,N,5,nullsub,DE_WR_40_20_9_14_SK,93,No,11,9,No,15,Outsideclassroom,No,59_7,acercarse,simple-finite
59,8,2018,Bremen,LA,female,20,English,y le dice:,NA,agent,MC,D,NA,GI,Y,5,nullsub,DE_WR_40_20_9_14_SK,93,No,11,9,No,15,Outsideclassroom,No,59_8,decir,simple-finite
59,9,2018,Bremen,LA,female,20,English,"""Perdón, usted dejó caer algo"".",PRE,pacient,MC,D,DEF,GI,N,5,pron,DE_WR_40_20_9_14_SK,93,No,11,9,No,15,Outsideclassroom,No,59_9,caer,modal
6,1,2018,NA,UB,female,20,English,El video es sobre un hombre,PRE,pacient,MC,D,DEF,NE,N,2,dp,DE_WR_23_20_3_14_SH,53.5,No,16,3,Yes,8,Outsideclassroom,No,6_1,ser,simple-finite
6,10,2018,NA,UB,female,20,English,"El baby es muy pequena,",PRE,pacient,MC,D,DEF,GI,N,2,dp,DE_WR_23_20_3_14_SH,53.5,No,16,3,Yes,8,Outsideclassroom,No,6_10,ser,simple-finite
6,11,2018,NA,UB,female,20,English,creo que no mayor de un ano.,NA,agent,MC,D,NA,GI,N,2,nullsub,DE_WR_23_20_3_14_SH,53.5,No,16,3,Yes,8,Outsideclassroom,No,6_11,creer,simple-finite
6,2,2018,NA,UB,female,20,English,que fuma en una calle.,PRE,agent,MC,D,DEF,GI,N,2,pron,DE_WR_23_20_3_14_SH,53.5,No,16,3,Yes,8,Outsideclassroom,No,6_2,fumar,simple-finite
6,3,2018,NA,UB,female,20,English,De repente el hombre lo ha visto un baby,PRE,pacient,MC,D,DEF,GI,Y,2,dp,DE_WR_23_20_3_14_SH,53.5,No,16,3,Yes,8,Outsideclassroom,No,6_3,ver,simple-finite
6,4,2018,NA,UB,female,20,English,que esta en el suelo.,PRE,pacient,SC,D,DEF,GI,N,2,pron,DE_WR_23_20_3_14_SH,53.5,No,16,3,Yes,8,Outsideclassroom,No,6_4,estar,simple-finite
6,5,2018,NA,UB,female,20,English,La madre del baby no lo quiere.,PRE,agent,MC,D,DEF,NE,N,2,dp,DE_WR_23_20_3_14_SH,53.5,No,16,3,Yes,8,Outsideclassroom,No,6_5,querer,simple-finite
6,6,2018,NA,UB,female,20,English,"Por eso el hombre trata en otro hombre,",PRE,agent,MC,D,DEF,GI,N,2,dp,DE_WR_23_20_3_14_SH,53.5,No,16,3,Yes,8,Outsideclassroom,No,6_6,tratar,simple-finite
6,7,2018,NA,UB,female,20,English,pero el también no lo quiere.,PRE,agent,MC,D,DEF,GI,N,2,pron,DE_WR_23_20_3_14_SH,53.5,No,16,3,Yes,8,Outsideclassroom,No,6_7,querer,simple-finite
6,8,2018,NA,UB,female,20,English,Al fin el hombre lo quiere,PRE,agent,MC,D,DEF,GI,N,2,dp,DE_WR_23_20_3_14_SH,53.5,No,16,3,Yes,8,Outsideclassroom,No,6_8,querer,simple-finite
6,9,2018,NA,UB,female,20,English,y el es muy alegre sobre el baby.,PRE,pacient,MC,D,DEF,GI,Y,2,pron,DE_WR_23_20_3_14_SH,53.5,No,16,3,Yes,8,Outsideclassroom,No,6_9,ser,simple-finite
60,1,2018,Granada,UI,female,21,English,"El título del video es ""The Kid""",PRE,pacient,MC,D,DEF,NE,N,4,dp,DE_WR_40_21_3_14_KK,93,No,14,3,Yes,20,Insideclassroom,No,60_1,ser,simple-finite
60,10,2018,Granada,UI,female,21,English,Está muy sorprendiente,NA,pacient,MC,D,NA,GI,Y,4,nullsub,DE_WR_40_21_3_14_KK,93,No,14,3,Yes,20,Insideclassroom,No,60_10,estar,simple-finite
60,11,2018,Granada,UI,female,21,English,y busca a un respnsable por la area.,NA,agent,MC,D,NA,GI,Y,4,nullsub,DE_WR_40_21_3_14_KK,93,No,14,3,Yes,20,Insideclassroom,No,60_11,buscar,simple-finite
60,12,2018,Granada,UI,female,21,English,Entonces quiere metir el niño al coche de bébes de una mujer,NA,agent,MC,D,NA,GI,Y,4,nullsub,DE_WR_40_21_3_14_KK,93,No,14,3,Yes,20,Insideclassroom,No,60_12,meter,simple-finite
60,14,2018,Granada,UI,female,21,English,que ella haya perdido algo.,PRE,agent,SC,D,DEF,GI,N,4,pron,DE_WR_40_21_3_14_KK,93,No,14,3,Yes,20,Insideclassroom,No,60_14,perder,simple-finite
60,15,2018,Granada,UI,female,21,English,Ella actua muy enfadada,PRE,agent,MC,D,DEF,GI,Y,4,pron,DE_WR_40_21_3_14_KK,93,No,14,3,Yes,20,Insideclassroom,No,60_15,actuar,simple-finite
60,16,2018,Granada,UI,female,21,English,cuando le da cuenta,NA,pacient,SC,D,NA,GI,Y,4,nullsub,DE_WR_40_21_3_14_KK,93,No,14,3,Yes,20,Insideclassroom,No,60_16,darse,periphrasis-lexical
60,17,2018,Granada,UI,female,21,English,porque no es su bébe,POST,pacient,SC,D,DEF,GI,N,4,dp,DE_WR_40_21_3_14_KK,93,No,14,3,Yes,20,Insideclassroom,No,60_17,ser,simple-finite
60,18,2018,Granada,UI,female,21,English,y entonces Chaplin tiene que seguir con el bébe en sus brazos.,PRE,agent,MC,D,DEF,GI,N,4,dp,DE_WR_40_21_3_14_KK,93,No,14,3,Yes,20,Insideclassroom,No,60_18,seguir,modal
60,19,2018,Granada,UI,female,21,English,Vuelve al sitio,NA,agent,MC,D,NA,GI,Y,4,nullsub,DE_WR_40_21_3_14_KK,93,No,14,3,Yes,20,Insideclassroom,No,60_19,volver,simple-finite
60,2,2018,Granada,UI,female,21,English,y fue hecho por Charlie Chaplin.,NA,pacient,MC,D,NA,GI,Y,4,nullsub,DE_WR_40_21_3_14_KK,93,No,14,3,Yes,20,Insideclassroom,No,60_2,hacer,passive
60,20,2018,Granada,UI,female,21,English,donde encontró el niño,NA,agent,SC,D,NA,GI,Y,4,nullsub,DE_WR_40_21_3_14_KK,93,No,14,3,Yes,20,Insideclassroom,No,60_20,encontrar,simple-finite
60,22,2018,Granada,UI,female,21,English,Pero de repente aparace un hombre de la policia,POST,pacient,MC,D,INDEF,NE,Y,4,dp,DE_WR_40_21_3_14_KK,93,No,14,3,Yes,20,Insideclassroom,No,60_22,aparecer,simple-finite
60,23,2018,Granada,UI,female,21,English,asi que tiene que quedarse con el bébe en sus brazos.,NA,pacient,MC,D,NA,GI,N,4,nullsub,DE_WR_40_21_3_14_KK,93,No,14,3,Yes,20,Insideclassroom,No,60_23,quedarse,modal
60,24,2018,Granada,UI,female,21,English,Lleva caminando con el niño,NA,pacient,MC,D,NA,GI,Y,4,nullsub,DE_WR_40_21_3_14_KK,93,No,14,3,Yes,20,Insideclassroom,No,60_24,caminar,periphrasis-gerund
60,25,2018,Granada,UI,female,21,English,cuando encuentra otro hombre.,NA,agent,SC,D,NA,GI,Y,4,nullsub,DE_WR_40_21_3_14_KK,93,No,14,3,Yes,20,Insideclassroom,No,60_25,encontrar,simple-finite
60,26,2018,Granada,UI,female,21,English,Le da el bébe con el motivo de arreglar sus zapatos,NA,agent,MC,D,NA,GI,Y,4,nullsub,DE_WR_40_21_3_14_KK,93,No,14,3,Yes,20,Insideclassroom,No,60_26,dar,simple-finite
60,27,2018,Granada,UI,female,21,English,y empieza a correr,NA,agent,MC,D,NA,GI,Y,4,nullsub,DE_WR_40_21_3_14_KK,93,No,14,3,Yes,20,Insideclassroom,No,60_27,correr,periphrasis-lexical
60,28,2018,Granada,UI,female,21,English,para que el otro hombre se quede con el niño.,PRE,agent,SC,D,DEF,GI,N,4,dp,DE_WR_40_21_3_14_KK,93,No,14,3,Yes,20,Insideclassroom,No,60_28,quedarse,simple-finite
60,29,2018,Granada,UI,female,21,English,El mismo hombre sigue a Chaplin corriendo,PRE,agent,MC,D,DEF,GI,Y,4,dp,DE_WR_40_21_3_14_KK,93,No,14,3,Yes,20,Insideclassroom,No,60_29,seguir,simple-finite
60,30,2018,Granada,UI,female,21,English,porque tampoco quiere quedarse con el bébe.,NA,pacient,SC,D,NA,GI,Y,4,nullsub,DE_WR_40_21_3_14_KK,93,No,14,3,Yes,20,Insideclassroom,No,60_30,quedarse,modal
60,32,2018,Granada,UI,female,21,English,encuentra dicha mujer con el coche para niños del principio.,NA,agent,MC,D,NA,GI,Y,4,nullsub,DE_WR_40_21_3_14_KK,93,No,14,3,Yes,20,Insideclassroom,No,60_32,encontrar,simple-finite
60,33,2018,Granada,UI,female,21,English,Mete el bébe por dentro,NA,agent,MC,D,NA,GI,Y,4,nullsub,DE_WR_40_21_3_14_KK,93,No,14,3,Yes,20,Insideclassroom,No,60_33,meter,simple-finite
60,34,2018,Granada,UI,female,21,English,y abandona el sitio.,NA,agent,MC,D,NA,GI,Y,4,nullsub,DE_WR_40_21_3_14_KK,93,No,14,3,Yes,20,Insideclassroom,No,60_34,abandonar,simple-finite
60,35,2018,Granada,UI,female,21,English,"Chaplin, […] cruza por esa calle",PRE,agent,MC,D,DEF,GI,N,4,dp,DE_WR_40_21_3_14_KK,93,No,14,3,Yes,20,Insideclassroom,No,60_35,cruzar,simple-finite
60,36,2018,Granada,UI,female,21,English,"que ahora se siente muy libre y seguro,",PRE,agent,SC,D,DEF,GI,Y,4,pron,DE_WR_40_21_3_14_KK,93,No,14,3,Yes,20,Insideclassroom,No,60_36,sentarse,simple-finite
60,37,2018,Granada,UI,female,21,English,donde en el mismo momento […] aprace la señora del principio.,POST,pacient,SC,D,DEF,GI,N,4,dp,DE_WR_40_21_3_14_KK,93,No,14,3,Yes,20,Insideclassroom,No,60_37,aparecer,simple-finite
60,38,2018,Granada,UI,female,21,English,Cuando ve el otro niño en su carril,NA,pacient,SC,D,NA,GI,Y,4,nullsub,DE_WR_40_21_3_14_KK,93,No,14,3,Yes,20,Insideclassroom,No,60_38,ver,simple-finite
60,39,2018,Granada,UI,female,21,English,se enfada,NA,agent,MC,D,NA,GI,Y,4,nullsub,DE_WR_40_21_3_14_KK,93,No,14,3,Yes,20,Insideclassroom,No,60_39,enfadarse,simple-finite
60,40,2018,Granada,UI,female,21,English,y empieza a pegarle a Chaplin,NA,agent,MC,D,NA,GI,Y,4,nullsub,DE_WR_40_21_3_14_KK,93,No,14,3,Yes,20,Insideclassroom,No,60_40,pegar,periphrasis-lexical
60,41,2018,Granada,UI,female,21,English,porque piensa,NA,agent,SC,D,NA,GI,Y,4,nullsub,DE_WR_40_21_3_14_KK,93,No,14,3,Yes,20,Insideclassroom,No,60_41,pensar,simple-finite
60,42,2018,Granada,UI,female,21,English,que el ha puesto el niño de nuevo.,PRE,agent,SC,D,DEF,GI,N,4,pron,DE_WR_40_21_3_14_KK,93,No,14,3,Yes,20,Insideclassroom,No,60_42,poner,simple-finite
60,43,2018,Granada,UI,female,21,English,Así que Chaplin tiene que quedarse otra vez con el niño.,PRE,pacient,MC,D,DEF,GI,N,4,dp,DE_WR_40_21_3_14_KK,93,No,14,3,Yes,20,Insideclassroom,No,60_43,quedarse,modal
60,44,2018,Granada,UI,female,21,English,"Para un momento está pensando en poner el bébe a la canalisación,",NA,agent,MC,D,NA,GI,Y,4,nullsub,DE_WR_40_21_3_14_KK,93,No,14,3,Yes,20,Insideclassroom,No,60_44,pensar,periphrasis-gerund
60,45,2018,Granada,UI,female,21,English,pero se lo lamenta,NA,agent,MC,D,NA,GI,Y,4,nullsub,DE_WR_40_21_3_14_KK,93,No,14,3,Yes,20,Insideclassroom,No,60_45,lamentar,simple-finite
60,46,2018,Granada,UI,female,21,English,y entonces no lo hace.,NA,agent,MC,D,NA,GI,Y,4,nullsub,DE_WR_40_21_3_14_KK,93,No,14,3,Yes,20,Insideclassroom,No,60_46,hacer,simple-finite
60,47,2018,Granada,UI,female,21,English,Descubre una carta escrita por dentro de las ropas del bébe,NA,pacient,MC,D,NA,GI,Y,4,nullsub,DE_WR_40_21_3_14_KK,93,No,14,3,Yes,20,Insideclassroom,No,60_47,descubrir,simple-finite
60,48,2018,Granada,UI,female,21,English,que pide,PRE,agent,SC,D,DEF,GI,N,4,pron,DE_WR_40_21_3_14_KK,93,No,14,3,Yes,20,Insideclassroom,No,60_48,pedir,simple-finite
60,49,2018,Granada,UI,female,21,English,que alguien le ame y cuide al niño.,PRE,agent,SC,D,INDEF,NE,N,4,pron,DE_WR_40_21_3_14_KK,93,No,14,3,Yes,20,Insideclassroom,No,60_49,amar,simple-finite
60,5,2018,Granada,UI,female,21,English,Lleva un traje,NA,pacient,MC,D,NA,GI,Y,4,nullsub,DE_WR_40_21_3_14_KK,93,No,14,3,Yes,20,Insideclassroom,No,60_5,llevar,simple-finite
60,52,2018,Granada,UI,female,21,English,y se quede con ello.,NA,agent,MC,D,NA,GI,Y,4,nullsub,DE_WR_40_21_3_14_KK,93,No,14,3,Yes,20,Insideclassroom,No,60_52,quedarse,simple-finite
60,6,2018,Granada,UI,female,21,English,y fuma,NA,agent,MC,D,NA,GI,Y,4,nullsub,DE_WR_40_21_3_14_KK,93,No,14,3,Yes,20,Insideclassroom,No,60_6,fumar,simple-finite
60,7,2018,Granada,UI,female,21,English,mientras la gente tira basura desde su ventanas.,PRE,agent,SC,D,DEF,NE,N,4,dp,DE_WR_40_21_3_14_KK,93,No,14,3,Yes,20,Insideclassroom,No,60_7,tirar,simple-finite
60,8,2018,Granada,UI,female,21,English,Empieza a fumar un cigarillo,NA,agent,MC,D,NA,GI,N,4,nullsub,DE_WR_40_21_3_14_KK,93,No,14,3,Yes,20,Insideclassroom,No,60_8,fumar,periphrasis-lexical
60,9,2018,Granada,UI,female,21,English,cuando de repente encuentra un bébe en el suelo.,NA,agent,SC,D,NA,GI,Y,4,nullsub,DE_WR_40_21_3_14_KK,93,No,14,3,Yes,20,Insideclassroom,No,60_9,encontrar,simple-finite
61,1,2018,Bremen,UI,female,22,English,Al principio del vídeo Chaplin está caminando en una callejón del fondo hacia adelante,PRE,agent,MC,D,DEF,NE,N,4,dp,DE_WR_40_22_6_14_SK,93,No,16,6,Yes,18,Outsideclassroom,No,61_1,caminar,periphrasis-gerund
61,10,2018,Bremen,UI,female,22,English,intenta meter el bebé junto con el otro bebé en el carrito,NA,agent,MC,D,NA,GI,N,4,nullsub,DE_WR_40_22_6_14_SK,93,No,16,6,Yes,18,Outsideclassroom,No,61_10,intentar,infinitive
61,11,2018,Bremen,UI,female,22,English,"pero la mujer se da cuenta,",PRE,pacient,MC,D,DEF,GI,N,4,dp,DE_WR_40_22_6_14_SK,93,No,16,6,Yes,18,Outsideclassroom,No,61_11,darse,periphrasis-lexical
61,12,2018,Bremen,UI,female,22,English,se enfada,NA,agent,MC,D,NA,GI,Y,4,nullsub,DE_WR_40_22_6_14_SK,93,No,16,6,Yes,18,Outsideclassroom,No,61_12,enfadarse,simple-finite
61,13,2018,Bremen,UI,female,22,English,y Chaplin vuelve a coger el bebé.,PRE,agent,MC,D,DEF,GI,N,4,dp,DE_WR_40_22_6_14_SK,93,No,16,6,Yes,18,Outsideclassroom,No,61_13,coger,periphrasis-lexical
61,14,2018,Bremen,UI,female,22,English,Depués quiere dejarlo en el lugar,NA,agent,MC,D,NA,GI,Y,4,nullsub,DE_WR_40_22_6_14_SK,93,No,16,6,Yes,18,Outsideclassroom,No,61_14,dejar,modal
61,15,2018,Bremen,UI,female,22,English,donde lo encontró,NA,agent,SC,D,NA,GI,Y,4,nullsub,DE_WR_40_22_6_14_SK,93,No,16,6,Yes,18,Outsideclassroom,No,61_15,encontrar,simple-finite
61,16,2018,Bremen,UI,female,22,English,pero no puede hacerlo,NA,agent,MC,D,NA,GI,Y,4,nullsub,DE_WR_40_22_6_14_SK,93,No,16,6,Yes,18,Outsideclassroom,No,61_16,hacer,modal
61,17,2018,Bremen,UI,female,22,English,dado que viene un policía,POST,pacient,SC,D,INDEF,NE,N,4,dp,DE_WR_40_22_6_14_SK,93,No,16,6,Yes,18,Outsideclassroom,No,61_17,venir,simple-finite
61,18,2018,Bremen,UI,female,22,English,que está observando la escena.,PRE,agent,SC,D,DEF,GI,Y,4,pron,DE_WR_40_22_6_14_SK,93,No,16,6,Yes,18,Outsideclassroom,No,61_18,observar,periphrasis-gerund
61,19,2018,Bremen,UI,female,22,English,"Pues, camina unos metros",NA,agent,MC,D,NA,GI,N,4,nullsub,DE_WR_40_22_6_14_SK,93,No,16,6,Yes,18,Outsideclassroom,No,61_19,caminar,simple-finite
61,2,2018,Bremen,UI,female,22,English,mientras la gente tira basura por la ventana a la calle.,PRE,agent,SC,D,DEF,NE,N,4,dp,DE_WR_40_22_6_14_SK,93,No,16,6,Yes,18,Outsideclassroom,No,61_2,tirar,simple-finite
61,20,2018,Bremen,UI,female,22,English,hasta que se encuentra con un hombre un poco cojo.,NA,pacient,SC,D,NA,GI,Y,4,nullsub,DE_WR_40_22_6_14_SK,93,No,16,6,Yes,18,Outsideclassroom,No,61_20,encontrarse,simple-finite
61,21,2018,Bremen,UI,female,22,English,Chaplin finge,PRE,agent,MC,D,DEF,GI,Y,4,dp,DE_WR_40_22_6_14_SK,93,No,16,6,Yes,18,Outsideclassroom,No,61_21,fingir,simple-finite
61,22,2018,Bremen,UI,female,22,English,que tiene que atarse los zapatos de nuevo,NA,agent,SC,D,NA,GI,Y,4,nullsub,DE_WR_40_22_6_14_SK,93,No,16,6,Yes,18,Outsideclassroom,No,61_22,atarse,modal
61,23,2018,Bremen,UI,female,22,English,y pide al otro hobre,NA,agent,MC,D,NA,GI,Y,4,nullsub,DE_WR_40_22_6_14_SK,93,No,16,6,Yes,18,Outsideclassroom,No,61_23,pedir,simple-finite
61,24,2018,Bremen,UI,female,22,English,que coja el bebé durante un momento.,NA,agent,SC,D,NA,GI,N,4,nullsub,DE_WR_40_22_6_14_SK,93,No,16,6,Yes,18,Outsideclassroom,No,61_24,coger,simple-finite
61,25,2018,Bremen,UI,female,22,English,Cuando lo hace,NA,agent,SC,D,NA,GI,Y,4,nullsub,DE_WR_40_22_6_14_SK,93,No,16,6,Yes,18,Outsideclassroom,No,61_25,hacer,simple-finite
61,26,2018,Bremen,UI,female,22,English,Chaplin huye rápidamente,PRE,agent,MC,D,DEF,GI,N,4,dp,DE_WR_40_22_6_14_SK,93,No,16,6,Yes,18,Outsideclassroom,No,61_26,huír,simple-finite
61,27,2018,Bremen,UI,female,22,English,y cree,NA,agent,MC,D,NA,GI,Y,4,nullsub,DE_WR_40_22_6_14_SK,93,No,16,6,Yes,18,Outsideclassroom,No,61_27,creer,simple-finite
61,28,2018,Bremen,UI,female,22,English,que por fin se pude deshacer del bebé.,NA,pacient,SC,D,NA,GI,Y,4,nullsub,DE_WR_40_22_6_14_SK,93,No,16,6,Yes,18,Outsideclassroom,No,61_28,deshacerse,modal
61,29,2018,Bremen,UI,female,22,English,El hombre cojo en busca de Chaplin e encuentra por casualidad con el carrito de da mujer de antes,PRE,agent,MC,D,DEF,GI,N,4,dp,DE_WR_40_22_6_14_SK,93,No,16,6,Yes,18,Outsideclassroom,No,61_29,encontrar,simple-finite
61,3,2018,Bremen,UI,female,22,English,Algo de la basura le cae encima a Chaplin.,PRE,pacient,MC,D,INDEF,NE,N,4,pron,DE_WR_40_22_6_14_SK,93,No,16,6,Yes,18,Outsideclassroom,No,61_3,caer,simple-finite
61,30,2018,Bremen,UI,female,22,English,y mete el bebé dentro.,NA,agent,MC,D,NA,GI,Y,4,nullsub,DE_WR_40_22_6_14_SK,93,No,16,6,Yes,18,Outsideclassroom,No,61_30,meter,simple-finite
61,31,2018,Bremen,UI,female,22,English,Justo en el momento […] Chaplin pasa a su lado.,PRE,pacient,MC,D,DEF,GI,N,4,dp,DE_WR_40_22_6_14_SK,93,No,16,6,Yes,18,Outsideclassroom,No,61_31,pasar,simple-finite
61,32,2018,Bremen,UI,female,22,English,"en el que la mujer sale de la tiende,",PRE,agent,SC,D,DEF,GI,N,4,dp,DE_WR_40_22_6_14_SK,93,No,16,6,Yes,18,Outsideclassroom,No,61_32,salir,simple-finite
61,33,2018,Bremen,UI,female,22,English,"Evidentemente, la mujer piensa",PRE,agent,MC,D,DEF,GI,Y,4,dp,DE_WR_40_22_6_14_SK,93,No,16,6,Yes,18,Outsideclassroom,No,61_33,pensar,simple-finite
61,34,2018,Bremen,UI,female,22,English,que Chaplin ha intentado meter el bebé de nuevo en su carrito.,PRE,agent,SC,D,DEF,GI,N,4,dp,DE_WR_40_22_6_14_SK,93,No,16,6,Yes,18,Outsideclassroom,No,61_34,intentar,simple-finite
61,35,2018,Bremen,UI,female,22,English,"Se enfada aún más,",NA,agent,MC,D,NA,GI,N,4,nullsub,DE_WR_40_22_6_14_SK,93,No,16,6,Yes,18,Outsideclassroom,No,61_35,enfadarse,simple-finite
61,36,2018,Bremen,UI,female,22,English,corre detrás de Chaplin,NA,agent,MC,D,NA,GI,Y,4,nullsub,DE_WR_40_22_6_14_SK,93,No,16,6,Yes,18,Outsideclassroom,No,61_36,correr,simple-finite
61,37,2018,Bremen,UI,female,22,English,y le da una buena leche con un paraguas.,NA,agent,MC,D,NA,GI,Y,4,nullsub,DE_WR_40_22_6_14_SK,93,No,16,6,Yes,18,Outsideclassroom,No,61_37,dar,simple-finite
61,38,2018,Bremen,UI,female,22,English,Chaplin se ocupa de nuevo del bebé,PRE,agent,MC,D,DEF,GI,N,4,dp,DE_WR_40_22_6_14_SK,93,No,16,6,Yes,18,Outsideclassroom,No,61_38,ocuparse,simple-finite
61,39,2018,Bremen,UI,female,22,English,Está pensando en tirarlo en las alcanterías,NA,agent,MC,D,NA,GI,Y,4,nullsub,DE_WR_40_22_6_14_SK,93,No,16,6,Yes,18,Outsideclassroom,No,61_39,pensar,periphrasis-gerund
61,40,2018,Bremen,UI,female,22,English,pero el bebé le da pena.,PRE,agent,MC,D,DEF,GI,N,4,dp,DE_WR_40_22_6_14_SK,93,No,16,6,Yes,18,Outsideclassroom,No,61_40,dar,simple-finite
61,41,2018,Bremen,UI,female,22,English,Cuando lee el papelito,NA,agent,SC,D,NA,GI,N,4,nullsub,DE_WR_40_22_6_14_SK,93,No,16,6,Yes,18,Outsideclassroom,No,61_41,leer,simple-finite
61,42,2018,Bremen,UI,female,22,English,que llevo el bebé consigo,PRE,pacient,SC,D,DEF,GI,N,4,dp,DE_WR_40_22_6_14_SK,93,No,16,6,Yes,18,Outsideclassroom,No,61_42,llevar,simple-finite
61,43,2018,Bremen,UI,female,22,English,decide a quedarselo.,NA,agent,MC,D,NA,GI,N,4,nullsub,DE_WR_40_22_6_14_SK,93,No,16,6,Yes,18,Outsideclassroom,No,61_43,decidir,simple-finite
61,5,2018,Bremen,UI,female,22,English,enciende,NA,agent,MC,D,NA,GI,N,4,nullsub,DE_WR_40_22_6_14_SK,93,No,16,6,Yes,18,Outsideclassroom,No,61_5,encender,simple-finite
61,6,2018,Bremen,UI,female,22,English,y empieza a fumar.,NA,agent,MC,D,NA,GI,Y,4,nullsub,DE_WR_40_22_6_14_SK,93,No,16,6,Yes,18,Outsideclassroom,No,61_6,fumar,periphrasis-gerund
61,7,2018,Bremen,UI,female,22,English,De repente se fija de un bebé  envuelto en mantal en el suelo.,NA,agent,MC,D,NA,GI,Y,4,nullsub,DE_WR_40_22_6_14_SK,93,No,16,6,Yes,18,Outsideclassroom,No,61_7,fijarse,simple-finite
61,8,2018,Bremen,UI,female,22,English,Lo coge aúpa,NA,agent,MC,D,NA,GI,Y,4,nullsub,DE_WR_40_22_6_14_SK,93,No,16,6,Yes,18,Outsideclassroom,No,61_8,coger,simple-finite
61,9,2018,Bremen,UI,female,22,English,Cuando pasa una mujer con un carrito,POST,pacient,SC,D,INDEF,NE,N,4,dp,DE_WR_40_22_6_14_SK,93,No,16,6,Yes,18,Outsideclassroom,No,61_9,pasar,simple-finite
62,1,2018,Bremen,LA,female,23,English,Al principio Charlie Chaplin está caminando por la calle.,PRE,agent,MC,D,DEF,NE,N,5,dp,DE_WR_40_23_22_14_JR,93,No,1,22,Yes,25,Outsideclassroom,No,62_1,caminar,periphrasis-gerund
62,10,2018,Bremen,LA,female,23,English,Así se lo traye.,NA,agent,MC,D,NA,GI,Y,5,nullsub,DE_WR_40_23_22_14_JR,93,No,1,22,Yes,25,Outsideclassroom,No,62_10,traer,simple-finite
62,11,2018,Bremen,LA,female,23,English,"Dado que la mujer,[…] está enfadada",PRE,pacient,SC,D,DEF,GI,N,5,dp,DE_WR_40_23_22_14_JR,93,No,1,22,Yes,25,Outsideclassroom,No,62_11,estar,simple-finite
62,12,2018,Bremen,LA,female,23,English,"que ya tiene un bébé,",PRE,pacient,SC,D,DEF,GI,Y,5,pron,DE_WR_40_23_22_14_JR,93,No,1,22,Yes,25,Outsideclassroom,No,62_12,tener,simple-finite
62,13,2018,Bremen,LA,female,23,English,"porque el traido niño no es suyo,",PRE,pacient,SC,D,DEF,GI,N,5,dp,DE_WR_40_23_22_14_JR,93,No,1,22,Yes,25,Outsideclassroom,No,62_13,ser,simple-finite
62,14,2018,Bremen,LA,female,23,English,Charlie vuelve a poner el recién nacido al lugar,PRE,agent,MC,D,DEF,GI,N,5,dp,DE_WR_40_23_22_14_JR,93,No,1,22,Yes,25,Outsideclassroom,No,62_14,poner,periphrasis-lexical
62,15,2018,Bremen,LA,female,23,English,donde lo encontró.,NA,agent,SC,D,NA,GI,Y,5,nullsub,DE_WR_40_23_22_14_JR,93,No,1,22,Yes,25,Outsideclassroom,No,62_15,encontrar,simple-finite
62,16,2018,Bremen,LA,female,23,English,Pero lo tiene que recoger,NA,agent,MC,D,NA,GI,Y,5,nullsub,DE_WR_40_23_22_14_JR,93,No,1,22,Yes,25,Outsideclassroom,No,62_16,recoger,modal
62,17,2018,Bremen,LA,female,23,English,porque ya viene la policía,POST,pacient,SC,D,DEF,NE,N,5,dp,DE_WR_40_23_22_14_JR,93,No,1,22,Yes,25,Outsideclassroom,No,62_17,venir,simple-finite
62,18,2018,Bremen,LA,female,23,English,y Chaplin se lo da a otro hombre,PRE,agent,MC,D,DEF,GI,N,5,dp,DE_WR_40_23_22_14_JR,93,No,1,22,Yes,25,Outsideclassroom,No,62_18,dar,simple-finite
62,2,2018,Bremen,LA,female,23,English,En un momento algo […] Le caye de una casa sobre su espalda.,PRE,pacient,MC,D,INDEF,NE,N,5,pron,DE_WR_40_23_22_14_JR,93,No,1,22,Yes,25,Outsideclassroom,No,62_2,caer,simple-finite
62,20,2018,Bremen,LA,female,23,English,Charlie se va corriendo.,PRE,agent,MC,D,DEF,GI,Y,5,dp,DE_WR_40_23_22_14_JR,93,No,1,22,Yes,25,Outsideclassroom,No,62_20,irse,periphrasis-gerund
62,21,2018,Bremen,LA,female,23,English,El otro hombre […] mete el bébé en el cochecito de la mujer con el otro niño.,PRE,agent,MC,D,DEF,GI,N,5,dp,DE_WR_40_23_22_14_JR,93,No,1,22,Yes,25,Outsideclassroom,No,62_21,meter,simple-finite
62,22,2018,Bremen,LA,female,23,English,que no sabe,PRE,agent,SC,D,DEF,GI,Y,5,pron,DE_WR_40_23_22_14_JR,93,No,1,22,Yes,25,Outsideclassroom,No,62_22,saber,simple-finite
62,24,2018,Bremen,LA,female,23,English,Cuando la madre lo ve en combinación con Charlie,PRE,pacient,SC,D,DEF,GI,N,5,dp,DE_WR_40_23_22_14_JR,93,No,1,22,Yes,25,Outsideclassroom,No,62_24,ver,simple-finite
62,25,2018,Bremen,LA,female,23,English,"que está pasando contento,",PRE,agent,SC,D,DEF,GI,N,5,pron,DE_WR_40_23_22_14_JR,93,No,1,22,Yes,25,Outsideclassroom,No,62_25,pasar,periphrasis-gerund
62,26,2018,Bremen,LA,female,23,English,le pega con sus paraguas.,NA,agent,MC,D,NA,GI,N,5,nullsub,DE_WR_40_23_22_14_JR,93,No,1,22,Yes,25,Outsideclassroom,No,62_26,pegar,simple-finite
62,27,2018,Bremen,LA,female,23,English,Luego Charlie toma el bébé de nuevo,PRE,agent,MC,D,DEF,GI,N,5,dp,DE_WR_40_23_22_14_JR,93,No,1,22,Yes,25,Outsideclassroom,No,62_27,tomar,simple-finite
62,28,2018,Bremen,LA,female,23,English,y desperado se siente al piso.,NA,agent,MC,D,NA,GI,Y,5,nullsub,DE_WR_40_23_22_14_JR,93,No,1,22,Yes,25,Outsideclassroom,No,62_28,sentarse,simple-finite
62,29,2018,Bremen,LA,female,23,English,Allí encuentra un papel,NA,agent,MC,D,NA,GI,Y,5,nullsub,DE_WR_40_23_22_14_JR,93,No,1,22,Yes,25,Outsideclassroom,No,62_29,encontrar,simple-finite
62,3,2018,Bremen,LA,female,23,English,que parece a basura,NA,pacient,SC,D,DEF,GI,Y,5,nullsub,DE_WR_40_23_22_14_JR,93,No,1,22,Yes,25,Outsideclassroom,No,62_3,parecer,simple-finite
62,32,2018,Bremen,LA,female,23,English,cuyos padres perdieron la vida.,PRE,agent,SC,D,DEF,GI,N,5,dp,DE_WR_40_23_22_14_JR,93,No,1,22,Yes,25,Outsideclassroom,No,62_32,perder,simple-finite
62,4,2018,Bremen,LA,female,23,English,Después toma un cigarrillo de una caja,NA,agent,MC,D,NA,GI,N,5,nullsub,DE_WR_40_23_22_14_JR,93,No,1,22,Yes,25,Outsideclassroom,No,62_4,tomar,simple-finite
62,5,2018,Bremen,LA,female,23,English,y la encende.,NA,agent,MC,D,NA,GI,Y,5,nullsub,DE_WR_40_23_22_14_JR,93,No,1,22,Yes,25,Outsideclassroom,No,62_5,encender,simple-finite
62,6,2018,Bremen,LA,female,23,English,Las guantas las tira a la basura.,NA,agent,MC,D,NA,GI,Y,5,nullsub,DE_WR_40_23_22_14_JR,93,No,1,22,Yes,25,Outsideclassroom,No,62_6,tirar,simple-finite
62,7,2018,Bremen,LA,female,23,English,Charlie encuentra un bébé,PRE,agent,MC,D,DEF,GI,Y,5,dp,DE_WR_40_23_22_14_JR,93,No,1,22,Yes,25,Outsideclassroom,No,62_7,encontrar,simple-finite
62,8,2018,Bremen,LA,female,23,English,y cree,NA,agent,MC,D,NA,GI,Y,5,nullsub,DE_WR_40_23_22_14_JR,93,No,1,22,Yes,25,Outsideclassroom,No,62_8,creer,simple-finite
62,9,2018,Bremen,LA,female,23,English,que veía a la madre del niño.,NA,pacient,SC,D,NA,GI,Y,5,nullsub,DE_WR_40_23_22_14_JR,93,No,1,22,Yes,25,Outsideclassroom,No,62_9,ver,simple-finite
63,1,2018,Hamburg,LA,female,25,English,"Al principio del video, Charles Chaplin está caminando en una calle.",PRE,agent,MC,D,DEF,NE,N,5,dp,DE_WR_40_25_11_14_LM,93,No,14,11,Yes,10,Outsideclassroom,No,63_1,caminar,periphrasis-gerund
63,10,2018,Hamburg,LA,female,25,English,y lo pone en un cochecito.,NA,agent,MC,D,NA,GI,Y,5,nullsub,DE_WR_40_25_11_14_LM,93,No,14,11,Yes,10,Outsideclassroom,No,63_10,ponerse,simple-finite
63,11,2018,Hamburg,LA,female,25,English,En aquel cochecito ya está leyendo otro bebé.,POST,pacient,MC,D,DEF,NE,N,5,dp,DE_WR_40_25_11_14_LM,93,No,14,11,Yes,10,Outsideclassroom,No,63_11,estar,simple-finite
63,12,2018,Hamburg,LA,female,25,English,"La mujer […] se enfada mucho con Charles,",PRE,agent,MC,D,DEF,GI,N,5,dp,DE_WR_40_25_11_14_LM,93,No,14,11,Yes,10,Outsideclassroom,No,63_12,enfadarse,simple-finite
63,13,2018,Hamburg,LA,female,25,English,que está manejando el cochecito,PRE,agent,SC,D,DEF,GI,Y,5,pron,DE_WR_40_25_11_14_LM,93,No,14,11,Yes,10,Outsideclassroom,No,63_13,manejar,periphrasis-gerund
63,14,2018,Hamburg,LA,female,25,English,entonces él coge el bebé,PRE,agent,MC,D,DEF,GI,N,5,pron,DE_WR_40_25_11_14_LM,93,No,14,11,Yes,10,Outsideclassroom,No,63_14,coger,simple-finite
63,15,2018,Hamburg,LA,female,25,English,y la mujer se va.,PRE,agent,MC,D,DEF,GI,N,5,dp,DE_WR_40_25_11_14_LM,93,No,14,11,Yes,10,Outsideclassroom,No,63_15,irse,simple-finite
63,17,2018,Hamburg,LA,female,25,English,que Charles no sabe,PRE,agent,SC,D,DEF,GI,N,5,dp,DE_WR_40_25_11_14_LM,93,No,14,11,Yes,10,Outsideclassroom,No,63_17,saber,simple-finite
63,19,2018,Hamburg,LA,female,25,English,"así que lo pone otra vez en el suelo en el lugar,",NA,agent,MC,D,NA,GI,Y,5,nullsub,DE_WR_40_25_11_14_LM,93,No,14,11,Yes,10,Outsideclassroom,No,63_19,ponerse,simple-finite
63,20,2018,Hamburg,LA,female,25,English,donde lo había descubierto antes.,NA,pacient,SC,D,NA,GI,Y,5,nullsub,DE_WR_40_25_11_14_LM,93,No,14,11,Yes,10,Outsideclassroom,No,63_20,descubrir,simple-finite
63,21,2018,Hamburg,LA,female,25,English,Justo en ese momento viene un policía,POST,pacient,MC,D,INDEF,NE,N,5,dp,DE_WR_40_25_11_14_LM,93,No,14,11,Yes,10,Outsideclassroom,No,63_21,venir,simple-finite
63,22,2018,Hamburg,LA,female,25,English,que se fija de Charles.,PRE,agent,SC,D,DEF,GI,Y,5,pron,DE_WR_40_25_11_14_LM,93,No,14,11,Yes,10,Outsideclassroom,No,63_22,fijarse,simple-finite
63,23,2018,Hamburg,LA,female,25,English,"Inmediatamente, Charles coge el bebé de nuevo",PRE,agent,MC,D,DEF,GI,N,5,dp,DE_WR_40_25_11_14_LM,93,No,14,11,Yes,10,Outsideclassroom,No,63_23,coger,simple-finite
63,24,2018,Hamburg,LA,female,25,English,y se va a otra calle.,NA,agent,MC,D,NA,GI,Y,5,nullsub,DE_WR_40_25_11_14_LM,93,No,14,11,Yes,10,Outsideclassroom,No,63_24,irse,simple-finite
63,25,2018,Hamburg,LA,female,25,English,Allí ve a un hombre mayor.,NA,pacient,MC,D,NA,GI,Y,5,nullsub,DE_WR_40_25_11_14_LM,93,No,14,11,Yes,10,Outsideclassroom,No,63_25,ver,simple-finite
63,26,2018,Hamburg,LA,female,25,English,Charles le da el bebé,PRE,agent,MC,D,DEF,GI,Y,5,dp,DE_WR_40_25_11_14_LM,93,No,14,11,Yes,10,Outsideclassroom,No,63_26,dar,simple-finite
63,27,2018,Hamburg,LA,female,25,English,porque simula hacerse un nudo en el zapato.,NA,agent,SC,D,NA,GI,Y,5,nullsub,DE_WR_40_25_11_14_LM,93,No,14,11,Yes,10,Outsideclassroom,No,63_27,simular,simple-finite
63,29,2018,Hamburg,LA,female,25,English,Charles se escapa.,PRE,agent,MC,D,DEF,GI,Y,5,dp,DE_WR_40_25_11_14_LM,93,No,14,11,Yes,10,Outsideclassroom,No,63_29,escaparse,simple-finite
63,3,2018,Hamburg,LA,female,25,English,que le tira piedras a su cabeza.,PRE,agent,SC,D,DEF,GI,Y,5,pron,DE_WR_40_25_11_14_LM,93,No,14,11,Yes,10,Outsideclassroom,No,63_3,tirar,simple-finite
63,30,2018,Hamburg,LA,female,25,English,El hombre mayor pone el bebé otra vez en en el cochecito,PRE,agent,MC,D,DEF,GI,N,5,dp,DE_WR_40_25_11_14_LM,93,No,14,11,Yes,10,Outsideclassroom,No,63_30,poner,simple-finite
63,31,2018,Hamburg,LA,female,25,English,y se va corriendo.,NA,agent,MC,D,NA,GI,Y,5,nullsub,DE_WR_40_25_11_14_LM,93,No,14,11,Yes,10,Outsideclassroom,No,63_31,irse,periphrasis-gerund
63,32,2018,Hamburg,LA,female,25,English,La madre se enfada de nuevo,PRE,agent,MC,D,DEF,GI,N,5,dp,DE_WR_40_25_11_14_LM,93,No,14,11,Yes,10,Outsideclassroom,No,63_32,enfadarse,simple-finite
63,33,2018,Hamburg,LA,female,25,English,"y cuando ve a Charles,",NA,pacient,SC,D,NA,GI,Y,5,nullsub,DE_WR_40_25_11_14_LM,93,No,14,11,Yes,10,Outsideclassroom,No,63_33,ver,simple-finite
63,34,2018,Hamburg,LA,female,25,English,le pega con su paraguas.,NA,agent,MC,D,NA,GI,Y,5,nullsub,DE_WR_40_25_11_14_LM,93,No,14,11,Yes,10,Outsideclassroom,No,63_34,pegar,simple-finite
63,35,2018,Hamburg,LA,female,25,English,El policía aparece otra vez,PRE,pacient,MC,D,DEF,GI,N,5,dp,DE_WR_40_25_11_14_LM,93,No,14,11,Yes,10,Outsideclassroom,No,63_35,aparecer,simple-finite
63,36,2018,Hamburg,LA,female,25,English,y ve,NA,pacient,MC,D,NA,GI,Y,5,nullsub,DE_WR_40_25_11_14_LM,93,No,14,11,Yes,10,Outsideclassroom,No,63_36,ver,simple-finite
63,37,2018,Hamburg,LA,female,25,English,cómo Charles y la madre están discutiendo.,PRE,agent,SC,D,DEF,GI,N,5,dp,DE_WR_40_25_11_14_LM,93,No,14,11,Yes,10,Outsideclassroom,No,63_37,discutir,periphrasis-gerund
63,38,2018,Hamburg,LA,female,25,English,Charles coge otra vez el bebé para salir de la situación.,PRE,agent,MC,D,DEF,GI,N,5,dp,DE_WR_40_25_11_14_LM,93,No,14,11,Yes,10,Outsideclassroom,No,63_38,coger,simple-finite
63,39,2018,Hamburg,LA,female,25,English,Charles se siente con el bebé en en suelo.,PRE,agent,MC,D,DEF,GI,Y,5,dp,DE_WR_40_25_11_14_LM,93,No,14,11,Yes,10,Outsideclassroom,No,63_39,sentarse,simple-finite
63,4,2018,Hamburg,LA,female,25,English,Charles sigue caminando por la calle,PRE,agent,MC,D,DEF,GI,N,5,dp,DE_WR_40_25_11_14_LM,93,No,14,11,Yes,10,Outsideclassroom,No,63_4,caminar,periphrasis-gerund
63,40,2018,Hamburg,LA,female,25,English,En el mantel del bebé descubre una nota,NA,pacient,MC,D,NA,GI,Y,5,nullsub,DE_WR_40_25_11_14_LM,93,No,14,11,Yes,10,Outsideclassroom,No,63_40,descubrir,simple-finite
63,41,2018,Hamburg,LA,female,25,English,que pone,PRE,agent,SC,D,DEF,GI,N,5,pron,DE_WR_40_25_11_14_LM,93,No,14,11,Yes,10,Outsideclassroom,No,63_41,poner,simple-finite
63,43,2018,Hamburg,LA,female,25,English,Charles le regala una sonrisa cariñosa al bebé,PRE,agent,MC,D,DEF,GI,N,5,dp,DE_WR_40_25_11_14_LM,93,No,14,11,Yes,10,Outsideclassroom,No,63_43,regalar,simple-finite
63,44,2018,Hamburg,LA,female,25,English,y se van.,NA,agent,MC,D,NA,GI,N,5,nullsub,DE_WR_40_25_11_14_LM,93,No,14,11,Yes,10,Outsideclassroom,No,63_44,irse,simple-finite
63,5,2018,Hamburg,LA,female,25,English,hasta que se para,NA,pacient,SC,D,NA,GI,Y,5,nullsub,DE_WR_40_25_11_14_LM,93,No,14,11,Yes,10,Outsideclassroom,No,63_5,pararse,simple-finite
63,7,2018,Hamburg,LA,female,25,English,"Un poquito más tarde, descubre un bebé",NA,pacient,MC,D,NA,GI,Y,5,nullsub,DE_WR_40_25_11_14_LM,93,No,14,11,Yes,10,Outsideclassroom,No,63_7,descubrir,simple-finite
63,8,2018,Hamburg,LA,female,25,English,que está leyendo en una esquina de la calle enfrente de una casa.,PRE,agent,SC,D,DEF,GI,N,5,pron,DE_WR_40_25_11_14_LM,93,No,14,11,Yes,10,Outsideclassroom,No,63_8,leer,periphrasis-gerund
63,9,2018,Hamburg,LA,female,25,English,Charles coge el bebé,PRE,agent,MC,D,DEF,GI,N,5,dp,DE_WR_40_25_11_14_LM,93,No,14,11,Yes,10,Outsideclassroom,No,63_9,coger,simple-finite
64,1,2018,Würzburg,LA,female,26,"English, French","La película,  [...] es de aproximadamente 4 minutos",PRE,pacient,MC,D,DEF,NE,N,5,dp,DE_WR_40_26_9_14_JB,93,No,17,9,Yes,5,Outsideclassroom,No,64_1,ser,simple-finite
64,10,2018,Würzburg,LA,female,26,"English, French",y tienen un palo de madera en la mano.,NA,pacient,MC,D,NA,GI,Y,5,nullsub,DE_WR_40_26_9_14_JB,93,No,17,9,Yes,5,Outsideclassroom,No,64_10,tener,simple-finite
64,11,2018,Würzburg,LA,female,26,"English, French","En los primeros segundos, observamos",NA,agent,MC,D,NA,GI,N,5,nullsub,DE_WR_40_26_9_14_JB,93,No,17,9,Yes,5,Outsideclassroom,No,64_11,observar,simple-finite
64,12,2018,Würzburg,LA,female,26,"English, French",como algunas piedras caen de un techo,PRE,pacient,SC,D,INDEF,NE,N,5,dp,DE_WR_40_26_9_14_JB,93,No,17,9,Yes,5,Outsideclassroom,No,64_12,caer,simple-finite
64,13,2018,Würzburg,LA,female,26,"English, French","y casi caen a la cabeza de Chaplin,",NA,pacient,MC,D,NA,GI,Y,5,nullsub,DE_WR_40_26_9_14_JB,93,No,17,9,Yes,5,Outsideclassroom,No,64_13,caer,simple-finite
64,14,2018,Würzburg,LA,female,26,"English, French",después de este choque coje un cigarro de su bolsillo,NA,agent,MC,D,NA,GI,N,5,nullsub,DE_WR_40_26_9_14_JB,93,No,17,9,Yes,5,Outsideclassroom,No,64_14,cojer,simple-finite
64,15,2018,Würzburg,LA,female,26,"English, French",y lo enciende.,NA,agent,MC,D,NA,GI,Y,5,nullsub,DE_WR_40_26_9_14_JB,93,No,17,9,Yes,5,Outsideclassroom,No,64_15,encender,simple-finite
64,16,2018,Würzburg,LA,female,26,"English, French","Cuando sigue dando la vuelta,",NA,agent,SC,D,NA,GI,Y,5,nullsub,DE_WR_40_26_9_14_JB,93,No,17,9,Yes,5,Outsideclassroom,No,64_16,seguir,simple-finite
64,17,2018,Würzburg,LA,female,26,"English, French",mira al suelo,NA,agent,MC,D,NA,GI,Y,5,nullsub,DE_WR_40_26_9_14_JB,93,No,17,9,Yes,5,Outsideclassroom,No,64_17,mirar,simple-finite
64,18,2018,Würzburg,LA,female,26,"English, French",y se da cuenta,NA,pacient,MC,D,NA,GI,Y,5,nullsub,DE_WR_40_26_9_14_JB,93,No,17,9,Yes,5,Outsideclassroom,No,64_18,darse ,periphrasis-lexical
64,2,2018,Würzburg,LA,female,26,"English, French","en la que aparece el famosos actor Charlie Chaplin,",POST,pacient,SC,D,DEF,NE,N,5,dp,DE_WR_40_26_9_14_JB,93,No,17,9,Yes,5,Outsideclassroom,No,64_2,aparecer,simple-finite
64,20,2018,Würzburg,LA,female,26,"English, French",que parece no tener madre,PRE,pacient,SC,D,DEF,GI,Y,5,pron,DE_WR_40_26_9_14_JB,93,No,17,9,Yes,5,Outsideclassroom,No,64_20,parecer,infinitive
64,21,2018,Würzburg,LA,female,26,"English, French",que se ocupe de ello.,PRE,agent,SC,D,DEF,GI,N,5,pron,DE_WR_40_26_9_14_JB,93,No,17,9,Yes,5,Outsideclassroom,No,64_21,ocuparse,simple-finite
64,22,2018,Würzburg,LA,female,26,"English, French",Chaplin coge el bebé a los brazos,PRE,agent,MC,D,DEF,GI,N,5,dp,DE_WR_40_26_9_14_JB,93,No,17,9,Yes,5,Outsideclassroom,No,64_22,coger,simple-finite
64,23,2018,Würzburg,LA,female,26,"English, French",y intenta encontrar  la madre,NA,agent,MC,D,NA,GI,Y,5,nullsub,DE_WR_40_26_9_14_JB,93,No,17,9,Yes,5,Outsideclassroom,No,64_23,intentar,infinitive
64,25,2018,Würzburg,LA,female,26,"English, French","pero la mujer […] por fin no quiere el bebé,",PRE,agent,MC,D,DEF,GI,N,5,dp,DE_WR_40_26_9_14_JB,93,No,17,9,Yes,5,Outsideclassroom,No,64_25,querer,simple-finite
64,26,2018,Würzburg,LA,female,26,"English, French",que puede encontrar,PRE,agent,SC,D,DEF,GI,N,5,pron,DE_WR_40_26_9_14_JB,93,No,17,9,Yes,5,Outsideclassroom,No,64_26,encontrar,simple-finite
64,27,2018,Würzburg,LA,female,26,"English, French",ya tiene un hijo.,NA,pacient,MC,D,NA,NE,Y,5,nullsub,DE_WR_40_26_9_14_JB,93,No,17,9,Yes,5,Outsideclassroom,No,64_27,tener,simple-finite
64,28,2018,Würzburg,LA,female,26,"English, French",Siguen varias escenas,POST,pacient,MC,D,INDEF,NE,N,5,dp,DE_WR_40_26_9_14_JB,93,No,17,9,Yes,5,Outsideclassroom,No,64_28,seguir,simple-finite
64,29,2018,Würzburg,LA,female,26,"English, French","en las que Chaplin trata de dejar el bebé en varios lugares,",PRE,agent,SC,D,DEF,GI,N,5,dp,DE_WR_40_26_9_14_JB,93,No,17,9,Yes,5,Outsideclassroom,No,64_29,tratar,infinitive
64,3,2018,Würzburg,LA,female,26,"English, French",y nos presenta la corta historia de un hombre (Chaplin),NA,agent,MC,D,NA,GI,Y,5,nullsub,DE_WR_40_26_9_14_JB,93,No,17,9,Yes,5,Outsideclassroom,No,64_3,presentar,simple-finite
64,30,2018,Würzburg,LA,female,26,"English, French",pero una vez un hombre de la policía interviene,PRE,agent,MC,D,INDEF,NE,N,5,dp,DE_WR_40_26_9_14_JB,93,No,17,9,Yes,5,Outsideclassroom,No,64_30,intervenir,simple-finite
64,31,2018,Würzburg,LA,female,26,"English, French","y, otra vez, otro hombre, […]   lo pone en el carrito de niño de la mujer",PRE,agent,MC,D,INDEF,NE,N,5,dp,DE_WR_40_26_9_14_JB,93,No,17,9,Yes,5,Outsideclassroom,No,64_31,poner,simple-finite
64,32,2018,Würzburg,LA,female,26,"English, French","a quien Chaplin ha dejado el bebé,",PRE,agent,SC,D,DEF,GI,N,5,dp,DE_WR_40_26_9_14_JB,93,No,17,9,Yes,5,Outsideclassroom,No,64_32,dejar,simple-finite
64,33,2018,Würzburg,LA,female,26,"English, French",que ya conocemos.,NA,agent,SC,D,NA,GI,N,5,nullsub,DE_WR_40_26_9_14_JB,93,No,17,9,Yes,5,Outsideclassroom,No,64_33,conocer,simple-finite
64,34,2018,Würzburg,LA,female,26,"English, French","Por fin, Chaplin se da cuenta",PRE,pacient,MC,D,DEF,GI,N,5,dp,DE_WR_40_26_9_14_JB,93,No,17,9,Yes,5,Outsideclassroom,No,64_34,darse ,periphrasis-lexical
64,35,2018,Würzburg,LA,female,26,"English, French","de que no puede soltar el bebé en ningún lugar,",NA,agent,SC,D,NA,GI,Y,5,nullsub,DE_WR_40_26_9_14_JB,93,No,17,9,Yes,5,Outsideclassroom,No,64_35,soltar,modal
64,36,2018,Würzburg,LA,female,26,"English, French",se sienta en la calle,NA,agent,MC,D,NA,GI,Y,5,nullsub,DE_WR_40_26_9_14_JB,93,No,17,9,Yes,5,Outsideclassroom,No,64_36,sentarse,simple-finite
64,38,2018,Würzburg,LA,female,26,"English, French",que está pensando sobre dejar el bebé caer en el sumidero de la calle.,NA,agent,SC,D,NA,GI,Y,5,nullsub,DE_WR_40_26_9_14_JB,93,No,17,9,Yes,5,Outsideclassroom,No,64_38,pensar,periphrasis-gerund
64,39,2018,Würzburg,LA,female,26,"English, French","Sin embargo, por fin, descubre un papelito dentro del pañuelo de bebé",NA,pacient,MC,D,NA,GI,Y,5,nullsub,DE_WR_40_26_9_14_JB,93,No,17,9,Yes,5,Outsideclassroom,No,64_39,descubrir,simple-finite
64,4,2018,Würzburg,LA,female,26,"English, French",que encuentro a un bebé,NA,agent,SC,D,NA,GI,N,5,nullsub,DE_WR_40_26_9_14_JB,93,No,17,9,Yes,5,Outsideclassroom,No,64_4,encontrar,simple-finite
64,40,2018,Würzburg,LA,female,26,"English, French",en el que se ha escrito alguien,POST,agent,SC,D,INDEF,NE,N,5,pron,DE_WR_40_26_9_14_JB,93,No,17,9,Yes,5,Outsideclassroom,No,64_40,escribir,simple-finite
64,42,2018,Würzburg,LA,female,26,"English, French",coge el bebé con una risa intensa,NA,agent,MC,D,NA,GI,N,5,nullsub,DE_WR_40_26_9_14_JB,93,No,17,9,Yes,5,Outsideclassroom,No,64_42,coger,simple-finite
64,43,2018,Würzburg,LA,female,26,"English, French","y sigue su camino,",NA,agent,MC,D,NA,GI,Y,5,nullsub,DE_WR_40_26_9_14_JB,93,No,17,9,Yes,5,Outsideclassroom,No,64_43,seguir,simple-finite
64,5,2018,Würzburg,LA,female,26,"English, French",y no sabe realmente,NA,agent,MC,D,NA,GI,Y,5,nullsub,DE_WR_40_26_9_14_JB,93,No,17,9,Yes,5,Outsideclassroom,No,64_5,saber,simple-finite
64,6,2018,Würzburg,LA,female,26,"English, French",qué hacer con él.,NA,agent,SC,I,NA,NA,NA,5,nullsub,DE_WR_40_26_9_14_JB,93,No,17,9,Yes,5,Outsideclassroom,No,64_6,hacer,simple-finite
64,7,2018,Würzburg,LA,female,26,"English, French","Al principio, vemos a Chaplin",NA,pacient,MC,D,NA,NE,N,5,nullsub,DE_WR_40_26_9_14_JB,93,No,17,9,Yes,5,Outsideclassroom,No,64_7,ver,simple-finite
64,8,2018,Würzburg,LA,female,26,"English, French","como está dando un paseo por una zona de  casas,",NA,agent,SC,D,NA,GI,N,5,nullsub,DE_WR_40_26_9_14_JB,93,No,17,9,Yes,5,Outsideclassroom,No,64_8,dar,periphrasis-gerund
64,9,2018,Würzburg,LA,female,26,"English, French",lleva el traje típico de los años 20,NA,pacient,MC,D,NA,GI,Y,5,nullsub,DE_WR_40_26_9_14_JB,93,No,17,9,Yes,5,Outsideclassroom,No,64_9,llevar,simple-finite
65,1,2018,Bochum,LI,female,26,English,"Chaplin se pasea por la calle,",PRE,agent,MC,D,DEF,NE,N,3,dp,DE_WR_40_26_9_14_SJ,93,No,17,9,Yes,10,Outsideclassroom,No,65_1,pasear,simple-finite
65,10,2018,Bochum,LI,female,26,English,y él tiene que retomar el bebé.,PRE,agent,MC,D,DEF,GI,N,3,pron,DE_WR_40_26_9_14_SJ,93,No,17,9,Yes,10,Outsideclassroom,No,65_10,retomar,modal
65,11,2018,Bochum,LI,female,26,English,Un hombre viejo pasa la calle,PRE,pacient,MC,D,INDEF,NE,N,3,dp,DE_WR_40_26_9_14_SJ,93,No,17,9,Yes,10,Outsideclassroom,No,65_11,pasar,simple-finite
65,12,2018,Bochum,LI,female,26,English,y Chaplin le da el bebé,PRE,agent,MC,D,DEF,GI,N,3,dp,DE_WR_40_26_9_14_SJ,93,No,17,9,Yes,10,Outsideclassroom,No,65_12,dar,simple-finite
65,13,2018,Bochum,LI,female,26,English,"y desaparece,",NA,pacient,MC,D,NA,GI,Y,3,nullsub,DE_WR_40_26_9_14_SJ,93,No,17,9,Yes,10,Outsideclassroom,No,65_13,desaparecer,simple-finite
65,14,2018,Bochum,LI,female,26,English,porque corre.,NA,agent,SC,D,NA,GI,Y,3,nullsub,DE_WR_40_26_9_14_SJ,93,No,17,9,Yes,10,Outsideclassroom,No,65_14,correr,simple-finite
65,15,2018,Bochum,LI,female,26,English,El hombre viejo deja el bebé en el coche para niños de la madre.,PRE,agent,MC,D,DEF,GI,N,3,dp,DE_WR_40_26_9_14_SJ,93,No,17,9,Yes,10,Outsideclassroom,No,65_15,dejar,simple-finite
65,16,2018,Bochum,LI,female,26,English,Chaplin pasa por la calle,PRE,pacient,MC,D,DEF,GI,N,3,dp,DE_WR_40_26_9_14_SJ,93,No,17,9,Yes,10,Outsideclassroom,No,65_16,pasar,simple-finite
65,17,2018,Bochum,LI,female,26,English,y la madre le reconoce.,PRE,agent,MC,D,DEF,GI,N,3,dp,DE_WR_40_26_9_14_SJ,93,No,17,9,Yes,10,Outsideclassroom,No,65_17,reconocer,simple-finite
65,18,2018,Bochum,LI,female,26,English,Lo está golpeando.,NA,agent,MC,D,NA,GI,Y,3,nullsub,DE_WR_40_26_9_14_SJ,93,No,17,9,Yes,10,Outsideclassroom,No,65_18,golpear,periphrasis-gerund
65,19,2018,Bochum,LI,female,26,English,Chaplin toma al bebé,PRE,agent,MC,D,DEF,GI,N,3,dp,DE_WR_40_26_9_14_SJ,93,No,17,9,Yes,10,Outsideclassroom,No,65_19,tomar,simple-finite
65,2,2018,Bochum,LI,female,26,English,"cuando una mujer echa basura, mejor piedras pequeñas, de la ventana.",PRE,agent,SC,D,INDEF,NE,N,3,dp,DE_WR_40_26_9_14_SJ,93,No,17,9,Yes,10,Outsideclassroom,No,65_2,echar,simple-finite
65,20,2018,Bochum,LI,female,26,English,y encuentra una carta,NA,agent,MC,D,NA,GI,Y,3,nullsub,DE_WR_40_26_9_14_SJ,93,No,17,9,Yes,10,Outsideclassroom,No,65_20,encontrar,simple-finite
65,22,2018,Bochum,LI,female,26,English,"El bebé es un pobre huérfano,",PRE,pacient,MC,D,NA,GI,N,3,dp,DE_WR_40_26_9_14_SJ,93,No,17,9,Yes,10,Outsideclassroom,No,65_22,ser,simple-finite
65,23,2018,Bochum,LI,female,26,English,por favor lo ame.,NA,agent,MC,IM,NA,NA,NA,3,nullsub,DE_WR_40_26_9_14_SJ,93,No,17,9,Yes,10,Outsideclassroom,No,65_23,amar,simple-finite
65,3,2018,Bochum,LI,female,26,English,Chaplin siempre tiene que tener cuiado.,PRE,pacient,MC,D,DEF,GI,Y,3,dp,DE_WR_40_26_9_14_SJ,93,No,17,9,Yes,10,Outsideclassroom,No,65_3,tener,modal
65,4,2018,Bochum,LI,female,26,English,Se halla un bebé al suelo de la calle.,POST,pacient,MC,D,INDEF,NE,N,3,dp,DE_WR_40_26_9_14_SJ,93,No,17,9,Yes,10,Outsideclassroom,No,65_4,hallarse,simple-finite
65,5,2018,Bochum,LI,female,26,English,"Quiere dejarlo en el suelo,",NA,agent,MC,D,NA,GI,N,3,nullsub,DE_WR_40_26_9_14_SJ,93,No,17,9,Yes,10,Outsideclassroom,No,65_5,dejar,modal
65,6,2018,Bochum,LI,female,26,English,pero llega un polícia,POST,pacient,MC,D,INDEF,NE,N,3,dp,DE_WR_40_26_9_14_SJ,93,No,17,9,Yes,10,Outsideclassroom,No,65_6,llegar,simple-finite
65,7,2018,Bochum,LI,female,26,English,que discute con él.,PRE,agent,SC,D,DEF,GI,Y,3,pron,DE_WR_40_26_9_14_SJ,93,No,17,9,Yes,10,Outsideclassroom,No,65_7,discutir,simple-finite
65,8,2018,Bochum,LI,female,26,English,Después intenta dejar el bebé en un coche para niños.,NA,agent,MC,D,NA,GI,N,3,nullsub,DE_WR_40_26_9_14_SJ,93,No,17,9,Yes,10,Outsideclassroom,No,65_8,intentar,infinitive
65,9,2018,Bochum,LI,female,26,English,La madre discute con Chaplin,PRE,agent,MC,D,DEF,GI,N,3,dp,DE_WR_40_26_9_14_SJ,93,No,17,9,Yes,10,Outsideclassroom,No,65_9,discutir,simple-finite
66,1,2018,Santiago de Compostela,LA,female,31,"English, Galician",Charlie Chaplin está de paseo.,PRE,pacient,MC,D,DEF,NE,N,5,dp,DE_WR_40_31_13_14_SM,93,No,18,13,Yes,10,Outsideclassroom,Yes,66_1,estar,simple-finite
66,10,2018,Santiago de Compostela,LA,female,31,"English, Galician",y se enciendo uno nuevo de una caja metálica de pitillos semifumados con una cerilla,NA,agent,MC,D,NA,GI,N,5,nullsub,DE_WR_40_31_13_14_SM,93,No,18,13,Yes,10,Outsideclassroom,Yes,66_10,encender,simple-finite
66,11,2018,Santiago de Compostela,LA,female,31,"English, Galician",que enciende en la suela del zapato.,NA,agent,SC,D,NA,GI,Y,5,nullsub,DE_WR_40_31_13_14_SM,93,No,18,13,Yes,10,Outsideclassroom,Yes,66_11,encender,simple-finite
66,12,2018,Santiago de Compostela,LA,female,31,"English, Galician","A unos metros más, en la esquina de una casa encuentra a un bebé en el suelo.",NA,agent,MC,D,NA,GI,Y,5,nullsub,DE_WR_40_31_13_14_SM,93,No,18,13,Yes,10,Outsideclassroom,Yes,66_12,encontrar,simple-finite
66,13,2018,Santiago de Compostela,LA,female,31,"English, Galician",Lo sube a sus brazos,NA,agent,MC,D,NA,GI,Y,5,nullsub,DE_WR_40_31_13_14_SM,93,No,18,13,Yes,10,Outsideclassroom,Yes,66_13,subir,simple-finite
66,14,2018,Santiago de Compostela,LA,female,31,"English, Galician","y empieza a mirar para ver,",NA,agent,MC,D,NA,GI,Y,5,nullsub,DE_WR_40_31_13_14_SM,93,No,18,13,Yes,10,Outsideclassroom,Yes,66_14,mirar,periphrasis-lexical
66,15,2018,Santiago de Compostela,LA,female,31,"English, Galician",dónde están los padres.,POST,pacient,SC,I,DEF,NE,N,5,dp,DE_WR_40_31_13_14_SM,93,No,18,13,Yes,10,Outsideclassroom,Yes,66_15,estar,simple-finite
66,16,2018,Santiago de Compostela,LA,female,31,"English, Galician",Ve a una señora con un bebé en un carrito,NA,pacient,MC,D,NA,GI,N,5,nullsub,DE_WR_40_31_13_14_SM,93,No,18,13,Yes,10,Outsideclassroom,Yes,66_16,ver,simple-finite
66,17,2018,Santiago de Compostela,LA,female,31,"English, Galician",y deja al bebé encontrado en el carrito.,NA,agent,MC,D,NA,GI,Y,5,nullsub,DE_WR_40_31_13_14_SM,93,No,18,13,Yes,10,Outsideclassroom,Yes,66_17,dejar,simple-finite
66,18,2018,Santiago de Compostela,LA,female,31,"English, Galician",Pero la mujer vuelve,PRE,agent,MC,D,DEF,GI,N,5,dp,DE_WR_40_31_13_14_SM,93,No,18,13,Yes,10,Outsideclassroom,Yes,66_18,volver,simple-finite
66,19,2018,Santiago de Compostela,LA,female,31,"English, Galician",y se enfada.,NA,agent,MC,D,NA,GI,Y,5,nullsub,DE_WR_40_31_13_14_SM,93,No,18,13,Yes,10,Outsideclassroom,Yes,66_19,enfadarse,simple-finite
66,20,2018,Santiago de Compostela,LA,female,31,"English, Galician",Entonces decide dejar al niño,NA,agent,MC,D,NA,GI,N,5,nullsub,DE_WR_40_31_13_14_SM,93,No,18,13,Yes,10,Outsideclassroom,Yes,66_20,decidir,simple-finite
66,21,2018,Santiago de Compostela,LA,female,31,"English, Galician",donde lo encontró -,NA,agent,SC,D,NA,GI,Y,5,nullsub,DE_WR_40_31_13_14_SM,93,No,18,13,Yes,10,Outsideclassroom,Yes,66_21,encontrar,simple-finite
66,22,2018,Santiago de Compostela,LA,female,31,"English, Galician",pero se enfrenta con un policía.,NA,agent,MC,D,NA,GI,Y,5,nullsub,DE_WR_40_31_13_14_SM,93,No,18,13,Yes,10,Outsideclassroom,Yes,66_22,enfrentarse,simple-finite
66,24,2018,Santiago de Compostela,LA,female,31,"English, Galician",se lleva el niño,NA,agent,MC,D,NA,GI,N,5,nullsub,DE_WR_40_31_13_14_SM,93,No,18,13,Yes,10,Outsideclassroom,Yes,66_24,llevarse,simple-finite
66,25,2018,Santiago de Compostela,LA,female,31,"English, Galician","y lo deja en los brazos de un señor viejo barbudo,",NA,agent,MC,D,NA,GI,Y,5,nullsub,DE_WR_40_31_13_14_SM,93,No,18,13,Yes,10,Outsideclassroom,Yes,66_25,dejar,simple-finite
66,27,2018,Santiago de Compostela,LA,female,31,"English, Galician",y se va corriendo.,NA,agent,MC,D,NA,GI,Y,5,nullsub,DE_WR_40_31_13_14_SM,93,No,18,13,Yes,10,Outsideclassroom,Yes,66_27,irse,periphrasis-gerund
66,28,2018,Santiago de Compostela,LA,female,31,"English, Galician",El viejo lo busca,PRE,agent,MC,D,DEF,GI,N,5,dp,DE_WR_40_31_13_14_SM,93,No,18,13,Yes,10,Outsideclassroom,Yes,66_28,buscar,simple-finite
66,29,2018,Santiago de Compostela,LA,female,31,"English, Galician","pero no le ve,",NA,pacient,MC,D,NA,GI,Y,5,nullsub,DE_WR_40_31_13_14_SM,93,No,18,13,Yes,10,Outsideclassroom,Yes,66_29,ver,simple-finite
66,3,2018,Santiago de Compostela,LA,female,31,"English, Galician",La zona de la ciudad parece muy pobre.,PRE,pacient,MC,D,DEF,NE,N,5,dp,DE_WR_40_31_13_14_SM,93,No,18,13,Yes,10,Outsideclassroom,Yes,66_3,parecer,simple-finite
66,30,2018,Santiago de Compostela,LA,female,31,"English, Galician",y deja el bebé en el mismo carrito de la misma señora de antes.,NA,agent,MC,D,NA,GI,Y,5,nullsub,DE_WR_40_31_13_14_SM,93,No,18,13,Yes,10,Outsideclassroom,Yes,66_30,dejar,simple-finite
66,31,2018,Santiago de Compostela,LA,female,31,"English, Galician",Charlie pensó,PRE,agent,MC,D,DEF,GI,N,5,dp,DE_WR_40_31_13_14_SM,93,No,18,13,Yes,10,Outsideclassroom,Yes,66_31,pensar,simple-finite
66,32,2018,Santiago de Compostela,LA,female,31,"English, Galician",que se salvó,NA,agent,SC,D,NA,GI,Y,5,nullsub,DE_WR_40_31_13_14_SM,93,No,18,13,Yes,10,Outsideclassroom,Yes,66_32,salvarse,simple-finite
66,33,2018,Santiago de Compostela,LA,female,31,"English, Galician",pero cuando pasa al carrito la mujer emocionada,NA,pacient,SC,D,NA,GI,Y,5,nullsub,DE_WR_40_31_13_14_SM,93,No,18,13,Yes,10,Outsideclassroom,Yes,66_33,pasar,simple-finite
66,34,2018,Santiago de Compostela,LA,female,31,"English, Galician",le ve,NA,pacient,MC,D,NA,GI,N,5,nullsub,DE_WR_40_31_13_14_SM,93,No,18,13,Yes,10,Outsideclassroom,Yes,66_34,ver,simple-finite
66,35,2018,Santiago de Compostela,LA,female,31,"English, Galician",y le devuelve el bebé otra vez con el policía,NA,agent,MC,D,NA,GI,Y,5,nullsub,DE_WR_40_31_13_14_SM,93,No,18,13,Yes,10,Outsideclassroom,Yes,66_35,devolver,simple-finite
66,37,2018,Santiago de Compostela,LA,female,31,"English, Galician",Entonces se sienta en el lado de la carretera,NA,agent,MC,D,NA,GI,N,5,nullsub,DE_WR_40_31_13_14_SM,93,No,18,13,Yes,10,Outsideclassroom,Yes,66_37,sentarse,simple-finite
66,38,2018,Santiago de Compostela,LA,female,31,"English, Galician","y encuentra una carta,",NA,agent,MC,D,NA,GI,Y,5,nullsub,DE_WR_40_31_13_14_SM,93,No,18,13,Yes,10,Outsideclassroom,Yes,66_38,encontrar,simple-finite
66,4,2018,Santiago de Compostela,LA,female,31,"English, Galician",Algunas de las casas se están cayendo,PRE,pacient,MC,D,INDEF,NE,N,5,pron,DE_WR_40_31_13_14_SM,93,No,18,13,Yes,10,Outsideclassroom,Yes,66_4,caer,simple-finite
66,40,2018,Santiago de Compostela,LA,female,31,"English, Galician",que alguien se encarga del huérfano,PRE,agent,SC,IM,INDEF,NE,N,5,pron,DE_WR_40_31_13_14_SM,93,No,18,13,Yes,10,Outsideclassroom,Yes,66_40,encargarse,simple-finite
66,42,2018,Santiago de Compostela,LA,female,31,"English, Galician",Entonces se lleva al bebé.,NA,agent,MC,D,NA,GI,N,5,nullsub,DE_WR_40_31_13_14_SM,93,No,18,13,Yes,10,Outsideclassroom,Yes,66_42,llevarse,simple-finite
66,5,2018,Santiago de Compostela,LA,female,31,"English, Galician",y casi Le caen unos ladrillos.,POST,pacient,MC,D,INDEF,NE,N,5,dp,DE_WR_40_31_13_14_SM,93,No,18,13,Yes,10,Outsideclassroom,Yes,66_5,caer,simple-finite
66,6,2018,Santiago de Compostela,LA,female,31,"English, Galician","Avanza algo más,",NA,agent,MC,D,NA,GI,N,5,nullsub,DE_WR_40_31_13_14_SM,93,No,18,13,Yes,10,Outsideclassroom,Yes,66_6,avanzar,simple-finite
66,8,2018,Santiago de Compostela,LA,female,31,"English, Galician",y le tiran basura.,NA,agent,MC,D,NA,NE,N,5,nullsub,DE_WR_40_31_13_14_SM,93,No,18,13,Yes,10,Outsideclassroom,Yes,66_8,tirar,simple-finite
66,9,2018,Santiago de Compostela,LA,female,31,"English, Galician",La basura también le apaga su cigarro,PRE,agent,MC,D,DEF,GI,N,5,dp,DE_WR_40_31_13_14_SM,93,No,18,13,Yes,10,Outsideclassroom,Yes,66_9,apagar,simple-finite
67,1,2018,Leipzig,LA,female,20,English,En el videoclip vemos la historia de  Charles Chaplin,NA,pacient,MC,D,NA,NE,N,5,nullsub,DE_WR_41_20_6_14_AB,95.3,No,14,6,Yes,20,Outsideclassroom,No,67_1,ver,simple-finite
67,10,2018,Leipzig,LA,female,20,English,y le explica,NA,agent,MC,D,NA,GI,Y,5,nullsub,DE_WR_41_20_6_14_AB,95.3,No,14,6,Yes,20,Outsideclassroom,No,67_10,explicar,simple-finite
67,11,2018,Leipzig,LA,female,20,English,que este bebé no es el suyo.,PRE,pacient,SC,D,DEF,GI,N,5,dp,DE_WR_41_20_6_14_AB,95.3,No,14,6,Yes,20,Outsideclassroom,No,67_11,ser,simple-finite
67,12,2018,Leipzig,LA,female,20,English,Entonces Charly quiere poner el bebé en el lugar,PRE,agent,MC,D,DEF,GI,N,5,dp,DE_WR_41_20_6_14_AB,95.3,No,14,6,Yes,20,Outsideclassroom,No,67_12,poner,modal
67,13,2018,Leipzig,LA,female,20,English,"donde lo ha encontrado,",NA,agent,SC,D,NA,GI,Y,5,nullsub,DE_WR_41_20_6_14_AB,95.3,No,14,6,Yes,20,Outsideclassroom,No,67_13,encontrar,simple-finite
67,14,2018,Leipzig,LA,female,20,English,pero aparece un policía,POST,pacient,MC,D,INDEF,NE,N,5,dp,DE_WR_41_20_6_14_AB,95.3,No,14,6,Yes,20,Outsideclassroom,No,67_14,aparecer,simple-finite
67,15,2018,Leipzig,LA,female,20,English,y él tiene que llevárselo otra vez.,PRE,pacient,MC,D,DEF,GI,N,5,pron,DE_WR_41_20_6_14_AB,95.3,No,14,6,Yes,20,Outsideclassroom,No,67_15,llevarse,modal
67,16,2018,Leipzig,LA,female,20,English,Luego pide a un hombre,NA,agent,MC,D,NA,GI,Y,5,nullsub,DE_WR_41_20_6_14_AB,95.3,No,14,6,Yes,20,Outsideclassroom,No,67_16,pedir,simple-finite
67,17,2018,Leipzig,LA,female,20,English,que pasa por la calle,PRE,pacient,SC,D,DEF,GI,N,5,pron,DE_WR_41_20_6_14_AB,95.3,No,14,6,Yes,20,Outsideclassroom,No,67_17,pasar,simple-finite
67,18,2018,Leipzig,LA,female,20,English,que coja a bebé,NA,agent,SC,IM,NA,GI,N,5,nullsub,DE_WR_41_20_6_14_AB,95.3,No,14,6,Yes,20,Outsideclassroom,No,67_18,coger,simple-finite
67,19,2018,Leipzig,LA,female,20,English,porque se han abierto sus cordones.,POST,pacient,SC,D,DEF,NE,N,5,dp,DE_WR_41_20_6_14_AB,95.3,No,14,6,Yes,20,Outsideclassroom,No,67_19,abrir,simple-finite
67,2,2018,Leipzig,LA,female,20,English,que encuentra a un bebé en la calle a lado de un cubo de basura.,PRE,agent,SC,D,DEF,GI,N,5,pron,DE_WR_41_20_6_14_AB,95.3,No,14,6,Yes,20,Outsideclassroom,No,67_2,encontrar,simple-finite
67,20,2018,Leipzig,LA,female,20,English,Charly se va corriendo,PRE,agent,MC,D,DEF,GI,N,5,dp,DE_WR_41_20_6_14_AB,95.3,No,14,6,Yes,20,Outsideclassroom,No,67_20,correr,simple-finite
67,21,2018,Leipzig,LA,female,20,English,y el hombre se queda con el bebé.,PRE,agent,MC,D,DEF,GI,N,5,dp,DE_WR_41_20_6_14_AB,95.3,No,14,6,Yes,20,Outsideclassroom,No,67_21,quedarse,simple-finite
67,22,2018,Leipzig,LA,female,20,English,Por casualidad lo pone en el mismo cochecito como Charly,NA,agent,MC,D,NA,GI,Y,5,nullsub,DE_WR_41_20_6_14_AB,95.3,No,14,6,Yes,20,Outsideclassroom,No,67_22,poner,simple-finite
67,23,2018,Leipzig,LA,female,20,English,y se va.,NA,agent,MC,D,NA,GI,Y,5,nullsub,DE_WR_41_20_6_14_AB,95.3,No,14,6,Yes,20,Outsideclassroom,No,67_23,irse,simple-finite
67,24,2018,Leipzig,LA,female,20,English,Luego Charly pasa por el cochecito,PRE,pacient,MC,D,DEF,GI,N,5,dp,DE_WR_41_20_6_14_AB,95.3,No,14,6,Yes,20,Outsideclassroom,No,67_24,pasar,simple-finite
67,25,2018,Leipzig,LA,female,20,English,y la mujer se enfada otra vez con él.,PRE,agent,MC,D,DEF,GI,N,5,dp,DE_WR_41_20_6_14_AB,95.3,No,14,6,Yes,20,Outsideclassroom,No,67_25,enfadarse,simple-finite
67,26,2018,Leipzig,LA,female,20,English,el policía aparece,PRE,pacient,MC,D,DEF,GI,N,5,dp,DE_WR_41_20_6_14_AB,95.3,No,14,6,Yes,20,Outsideclassroom,No,67_26,aparecer,simple-finite
67,27,2018,Leipzig,LA,female,20,English,y le obligan  a llevárselo otra vez.,NA,agent,MC,D,NA,GI,N,5,nullsub,DE_WR_41_20_6_14_AB,95.3,No,14,6,Yes,20,Outsideclassroom,No,67_27,obligar,infinitive
67,28,2018,Leipzig,LA,female,20,English,Está pensando en tirar el bebé en un imbornal,NA,agent,MC,D,NA,GI,N,5,nullsub,DE_WR_41_20_6_14_AB,95.3,No,14,6,Yes,20,Outsideclassroom,No,67_28,pensar,periphrasis-gerund
67,29,2018,Leipzig,LA,female,20,English,", pero encuentra una notica",NA,agent,MC,D,NA,GI,Y,5,nullsub,DE_WR_41_20_6_14_AB,95.3,No,14,6,Yes,20,Outsideclassroom,No,67_29,encontrar,simple-finite
67,3,2018,Leipzig,LA,female,20,English,Charly no sabe,PRE,agent,MC,D,DEF,GI,Y,5,dp,DE_WR_41_20_6_14_AB,95.3,No,14,6,Yes,20,Outsideclassroom,No,67_3,saber,simple-finite
67,30,2018,Leipzig,LA,female,20,English,que dice,PRE,agent,SC,D,DEF,GI,N,5,pron,DE_WR_41_20_6_14_AB,95.3,No,14,6,Yes,20,Outsideclassroom,No,67_30,decir,simple-finite
67,31,2018,Leipzig,LA,female,20,English,que la persona debe preocuparse de él.,PRE,agent,SC,D,DEF,NE,N,5,dp,DE_WR_41_20_6_14_AB,95.3,No,14,6,Yes,20,Outsideclassroom,No,67_31,deber,simple-finite
67,32,2018,Leipzig,LA,female,20,English,que encuentra al bebé,PRE,agent,SC,D,DEF,GI,Y,5,pron,DE_WR_41_20_6_14_AB,95.3,No,14,6,Yes,20,Outsideclassroom,No,67_32,encontrar,simple-finite
67,33,2018,Leipzig,LA,female,20,English,"Así que, al final, Charly se lo lleva.",PRE,agent,MC,D,DEF,GI,N,5,dp,DE_WR_41_20_6_14_AB,95.3,No,14,6,Yes,20,Outsideclassroom,No,67_33,llevarse,simple-finite
67,4,2018,Leipzig,LA,female,20,English,"de quién es el bebé,",POST,pacient,SC,D,DEF,GI,N,5,dp,DE_WR_41_20_6_14_AB,95.3,No,14,6,Yes,20,Outsideclassroom,No,67_4,ser,simple-finite
67,5,2018,Leipzig,LA,female,20,English,pero supone,NA,agent,MC,D,NA,GI,N,5,nullsub,DE_WR_41_20_6_14_AB,95.3,No,14,6,Yes,20,Outsideclassroom,No,67_5,suponer,simple-finite
67,6,2018,Leipzig,LA,female,20,English,que es de una mujer,NA,pacient,SC,D,NA,GI,N,5,nullsub,DE_WR_41_20_6_14_AB,95.3,No,14,6,Yes,20,Outsideclassroom,No,67_6,ser,simple-finite
67,7,2018,Leipzig,LA,female,20,English,que pasa por la calle con un cochecito.,PRE,pacient,SC,D,DEF,GI,N,5,pron,DE_WR_41_20_6_14_AB,95.3,No,14,6,Yes,20,Outsideclassroom,No,67_7,pasar,simple-finite
67,8,2018,Leipzig,LA,female,20,English,Por eso pone el bebé en el cochecito.,NA,agent,MC,D,NA,GI,N,5,nullsub,DE_WR_41_20_6_14_AB,95.3,No,14,6,Yes,20,Outsideclassroom,No,67_8,ponerse,simple-finite
67,9,2018,Leipzig,LA,female,20,English,La mujer se enfada,PRE,agent,MC,D,DEF,GI,N,5,dp,DE_WR_41_20_6_14_AB,95.3,No,14,6,Yes,20,Outsideclassroom,No,67_9,enfadarse,simple-finite
68,10,2019,Erlangen,UA,female,21,Italian,se saca un cigarillo de una cajita,NA,agent,MC,D,NA,GI,Y,6,nullsub,DE_WR_41_21_2_14_CB,95.3,No,19,2,Yes,20,Insideclassroom,Yes,68_10,sacar,simple-finite
68,11,2019,Erlangen,UA,female,21,Italian,y lo enciende.,NA,agent,MC,D,NA,GI,Y,6,nullsub,DE_WR_41_21_2_14_CB,95.3,No,19,2,Yes,20,Insideclassroom,Yes,68_11,encender,simple-finite
68,12,2019,Erlangen,UA,female,21,Italian,"Un instante más tarde, ve a un bebé abandonado",NA,pacient,MC,D,NA,GI,Y,6,nullsub,DE_WR_41_21_2_14_CB,95.3,No,19,2,Yes,20,Insideclassroom,Yes,68_12,ver,simple-finite
68,13,2019,Erlangen,UA,female,21,Italian,que alguien había puesto por el suelo.,PRE,agent,SC,D,INDEF,NE,N,6,pron,DE_WR_41_21_2_14_CB,95.3,No,19,2,Yes,20,Insideclassroom,Yes,68_13,poner,simple-finite
68,14,2019,Erlangen,UA,female,21,Italian,"Él tome el bebé,",PRE,agent,MC,D,DEF,GI,N,6,pron,DE_WR_41_21_2_14_CB,95.3,No,19,2,Yes,20,Insideclassroom,Yes,68_14,tomar,simple-finite
68,15,2019,Erlangen,UA,female,21,Italian,pero se da cuenta,NA,pacient,MC,D,NA,GI,Y,6,nullsub,DE_WR_41_21_2_14_CB,95.3,No,19,2,Yes,20,Insideclassroom,Yes,68_15,darse ,periphrasis-lexical
68,16,2019,Erlangen,UA,female,21,Italian,de que no sabe,NA,agent,SC,D,NA,GI,Y,6,nullsub,DE_WR_41_21_2_14_CB,95.3,No,19,2,Yes,20,Insideclassroom,Yes,68_16,saber,simple-finite
68,18,2019,Erlangen,UA,female,21,Italian,Primero lo pone en el cochecito para niños de una mujer,NA,agent,MC,D,NA,GI,Y,6,nullsub,DE_WR_41_21_2_14_CB,95.3,No,19,2,Yes,20,Insideclassroom,Yes,68_18,poner,simple-finite
68,20,2019,Erlangen,UA,female,21,Italian,que lo había olvidado ella.,POST,pacient,SC,D,DEF,GI,N,6,pron,DE_WR_41_21_2_14_CB,95.3,No,19,2,Yes,20,Insideclassroom,Yes,68_20,olvidar,simple-finite
68,21,2019,Erlangen,UA,female,21,Italian,La mujer se enfada mucho,PRE,agent,MC,D,DEF,GI,Y,6,dp,DE_WR_41_21_2_14_CB,95.3,No,19,2,Yes,20,Insideclassroom,Yes,68_21,enfadarse,simple-finite
68,22,2019,Erlangen,UA,female,21,Italian,y él tiene que sacarlo del cochecito.,PRE,agent,MC,D,DEF,GI,N,6,pron,DE_WR_41_21_2_14_CB,95.3,No,19,2,Yes,20,Insideclassroom,Yes,68_22,sacar,modal
68,23,2019,Erlangen,UA,female,21,Italian,Después lo da a un anciano,NA,agent,MC,D,NA,GI,Y,6,nullsub,DE_WR_41_21_2_14_CB,95.3,No,19,2,Yes,20,Insideclassroom,Yes,68_23,darse ,simple-finite
68,25,2019,Erlangen,UA,female,21,Italian,En el momento […] empieza a cazar el hombre,NA,agent,MC,D,NA,GI,N,6,nullsub,DE_WR_41_21_2_14_CB,95.3,No,19,2,Yes,20,Insideclassroom,Yes,68_25,cazar,periphrasis-lexical
68,26,2019,Erlangen,UA,female,21,Italian,en el que el anciano entiende,PRE,agent,SC,D,DEF,GI,Y,6,dp,DE_WR_41_21_2_14_CB,95.3,No,19,2,Yes,20,Insideclassroom,Yes,68_26,entender,simple-finite
68,27,2019,Erlangen,UA,female,21,Italian,"lo que está pasando,",PRE,agent,SC,D,DEF,NE,N,6,pron,DE_WR_41_21_2_14_CB,95.3,No,19,2,Yes,20,Insideclassroom,Yes,68_27,pasar,periphrasis-gerund
68,29,2019,Erlangen,UA,female,21,Italian,"El hombre corre por toda la ciudad,",PRE,agent,MC,D,DEF,GI,N,6,dp,DE_WR_41_21_2_14_CB,95.3,No,19,2,Yes,20,Insideclassroom,Yes,68_29,correr,simple-finite
68,3,2019,Erlangen,UA,female,21,Italian,De las plantas superiores de una casa están cayendo bloques de ladrillo,POST,pacient,MC,D,NA,NE,N,6,dp,DE_WR_41_21_2_14_CB,95.3,No,19,2,Yes,20,Insideclassroom,Yes,68_3,caer,periphrasis-gerund
68,31,2019,Erlangen,UA,female,21,Italian,pero no lo consigue.,NA,agent,MC,D,NA,GI,Y,6,nullsub,DE_WR_41_21_2_14_CB,95.3,No,19,2,Yes,20,Insideclassroom,Yes,68_31,conseguir,simple-finite
68,32,2019,Erlangen,UA,female,21,Italian,"Otra vez intenta meterlo en el cochecito para niños de la mujer,",NA,agent,MC,D,NA,GI,Y,6,nullsub,DE_WR_41_21_2_14_CB,95.3,No,19,2,Yes,20,Insideclassroom,Yes,68_32,intentar,infinitive
68,33,2019,Erlangen,UA,female,21,Italian,pero cuando ella sale de una tienda,PRE,agent,SC,D,DEF,GI,N,6,pron,DE_WR_41_21_2_14_CB,95.3,No,19,2,Yes,20,Insideclassroom,Yes,68_33,salir,simple-finite
68,34,2019,Erlangen,UA,female,21,Italian,"y se da cuenta,",NA,pacient,MC,D,NA,GI,Y,6,nullsub,DE_WR_41_21_2_14_CB,95.3,No,19,2,Yes,20,Insideclassroom,Yes,68_34,darse ,periphrasis-lexical
68,35,2019,Erlangen,UA,female,21,Italian,golpea al hombre con su paraaguas.,NA,agent,MC,D,NA,GI,Y,6,nullsub,DE_WR_41_21_2_14_CB,95.3,No,19,2,Yes,20,Insideclassroom,Yes,68_35,golpear,simple-finite
68,36,2019,Erlangen,UA,female,21,Italian,Frustrado y desorientado el hombre se sienta al margen de la calle con el bebé en los brazos.,PRE,agent,MC,D,DEF,GI,N,6,dp,DE_WR_41_21_2_14_CB,95.3,No,19,2,Yes,20,Insideclassroom,Yes,68_36,sentarse,simple-finite
68,37,2019,Erlangen,UA,female,21,Italian,"En la ropa del bebé encuentra una carta,",NA,agent,MC,D,NA,GI,Y,6,nullsub,DE_WR_41_21_2_14_CB,95.3,No,19,2,Yes,20,Insideclassroom,Yes,68_37,encontrar,simple-finite
68,41,2019,Erlangen,UA,female,21,Italian,El hombre sonríe,PRE,agent,MC,D,DEF,GI,N,6,dp,DE_WR_41_21_2_14_CB,95.3,No,19,2,Yes,20,Insideclassroom,Yes,68_41,sonreír,simple-finite
68,42,2019,Erlangen,UA,female,21,Italian,y se va.,NA,agent,MC,D,NA,GI,Y,6,nullsub,DE_WR_41_21_2_14_CB,95.3,No,19,2,Yes,20,Insideclassroom,Yes,68_42,irse,simple-finite
68,5,2019,Erlangen,UA,female,21,Italian,El hombre se quita del polvo,PRE,agent,MC,D,DEF,GI,N,6,dp,DE_WR_41_21_2_14_CB,95.3,No,19,2,Yes,20,Insideclassroom,Yes,68_5,llevarse,simple-finite
68,6,2019,Erlangen,UA,female,21,Italian,que la caída de los bloques provocó,PRE,agent,SC,D,DEF,NE,N,6,dp,DE_WR_41_21_2_14_CB,95.3,No,19,2,Yes,20,Insideclassroom,Yes,68_6,provocar,simple-finite
68,7,2019,Erlangen,UA,female,21,Italian,y sigue andando.,NA,agent,MC,D,NA,GI,N,6,nullsub,DE_WR_41_21_2_14_CB,95.3,No,19,2,Yes,20,Insideclassroom,Yes,68_7,andar,periphrasis-gerund
68,8,2019,Erlangen,UA,female,21,Italian,Se pone los guantes,NA,agent,MC,D,NA,GI,Y,6,nullsub,DE_WR_41_21_2_14_CB,95.3,No,19,2,Yes,20,Insideclassroom,Yes,68_8,ponerse,simple-finite
69,11,2018,Munich,LI,female,21,English,"que ya tiene un bebé,",NA,pacient,SC,D,NA,GI,Y,3,nullsub,DE_WR_41_21_3_14_MP,95.3,No,18,3,Yes,15,Outsideclassroom,No,69_11,tener,simple-finite
69,12,2018,Munich,LI,female,21,English,pero la mujer no lo quiere,PRE,agent,MC,D,DEF,GI,Y,3,dp,DE_WR_41_21_3_14_MP,95.3,No,18,3,Yes,15,Outsideclassroom,No,69_12,querer,simple-finite
69,13,2018,Munich,LI,female,21,English,y rechaza el bebé.,NA,agent,MC,D,NA,GI,Y,3,nullsub,DE_WR_41_21_3_14_MP,95.3,No,18,3,Yes,15,Outsideclassroom,No,69_13,rechazar,simple-finite
69,14,2018,Munich,LI,female,21,English,Después Chaplin intenta dejar el bebé,PRE,agent,MC,D,DEF,GI,N,3,dp,DE_WR_41_21_3_14_MP,95.3,No,18,3,Yes,15,Outsideclassroom,No,69_14,intentar,infinitive
69,15,2018,Munich,LI,female,21,English,"donde lo encontró,",NA,agent,SC,D,NA,GI,Y,3,nullsub,DE_WR_41_21_3_14_MP,95.3,No,18,3,Yes,15,Outsideclassroom,No,69_15,encontrar,simple-finite
69,16,2018,Munich,LI,female,21,English,"pero le ve la policia,",POST,pacient,MC,D,DEF,NE,N,3,dp,DE_WR_41_21_3_14_MP,95.3,No,18,3,Yes,15,Outsideclassroom,No,69_16,ver,simple-finite
69,17,2018,Munich,LI,female,21,English,asi que se va,NA,agent,MC,D,NA,GI,N,3,nullsub,DE_WR_41_21_3_14_MP,95.3,No,18,3,Yes,15,Outsideclassroom,No,69_17,irse,simple-finite
69,19,2018,Munich,LI,female,21,English,Cuando encuentra otro hombre,NA,agent,SC,D,NA,GI,Y,3,nullsub,DE_WR_41_21_3_14_MP,95.3,No,18,3,Yes,15,Outsideclassroom,No,69_19,encontrar,simple-finite
69,20,2018,Munich,LI,female,21,English,intenta dejar el bebé con el,NA,agent,MC,D,NA,GI,Y,3,nullsub,DE_WR_41_21_3_14_MP,95.3,No,18,3,Yes,15,Outsideclassroom,No,69_20,intentar,infinitive
69,22,2018,Munich,LI,female,21,English,el otro hombre deja el bebé con la misma mujer,PRE,agent,MC,D,DEF,GI,N,3,dp,DE_WR_41_21_3_14_MP,95.3,No,18,3,Yes,15,Outsideclassroom,No,69_22,dejar,simple-finite
69,23,2018,Munich,LI,female,21,English,a la que antes había encontrado Chaplin,POST,agent,SC,D,DEF,GI,N,3,dp,DE_WR_41_21_3_14_MP,95.3,No,18,3,Yes,15,Outsideclassroom,No,69_23,encontrar,simple-finite
69,24,2018,Munich,LI,female,21,English,y que ya tiene un bebé.,PRE,pacient,MC,D,DEF,GI,N,3,pron,DE_WR_41_21_3_14_MP,95.3,No,18,3,Yes,15,Outsideclassroom,No,69_24,tener,simple-finite
69,25,2018,Munich,LI,female,21,English,Cuando la mujer se da cuenta de esto,PRE,pacient,SC,D,DEF,GI,N,3,dp,DE_WR_41_21_3_14_MP,95.3,No,18,3,Yes,15,Outsideclassroom,No,69_25,darse ,periphrasis-lexical
69,26,2018,Munich,LI,female,21,English,"ve a Chaplin,",NA,pacient,MC,D,NA,GI,Y,3,nullsub,DE_WR_41_21_3_14_MP,95.3,No,18,3,Yes,15,Outsideclassroom,No,69_26,ver,simple-finite
69,27,2018,Munich,LI,female,21,English,empieza a lamentar en alta voz,NA,agent,MC,D,NA,GI,Y,3,nullsub,DE_WR_41_21_3_14_MP,95.3,No,18,3,Yes,15,Outsideclassroom,No,69_27,lamentar,simple-finite
69,28,2018,Munich,LI,female,21,English,y la policia se acerca.,PRE,agent,MC,D,DEF,GI,N,3,dp,DE_WR_41_21_3_14_MP,95.3,No,18,3,Yes,15,Outsideclassroom,No,69_28,acercarse,simple-finite
69,29,2018,Munich,LI,female,21,English,"Por eso Chaplin se va con el bebé de nuevo,",PRE,agent,MC,D,DEF,GI,N,3,dp,DE_WR_41_21_3_14_MP,95.3,No,18,3,Yes,15,Outsideclassroom,No,69_29,irse,simple-finite
69,3,2018,Munich,LI,female,21,English,mientras que gente está echando basura,PRE,agent,SC,D,INDEF,NE,N,3,dp,DE_WR_41_21_3_14_MP,95.3,No,18,3,Yes,15,Outsideclassroom,No,69_3,echar,periphrasis-gerund
69,30,2018,Munich,LI,female,21,English,porque no quiere,NA,agent,SC,D,NA,GI,Y,3,nullsub,DE_WR_41_21_3_14_MP,95.3,No,18,3,Yes,15,Outsideclassroom,No,69_30,querer,simple-finite
69,31,2018,Munich,LI,female,21,English,que la policia le eche la bronca.,PRE,agent,SC,D,DEF,GI,N,3,dp,DE_WR_41_21_3_14_MP,95.3,No,18,3,Yes,15,Outsideclassroom,No,69_31,echar,simple-finite
69,32,2018,Munich,LI,female,21,English,Al final se sienta con el,NA,agent,MC,D,NA,GI,N,3,nullsub,DE_WR_41_21_3_14_MP,95.3,No,18,3,Yes,15,Outsideclassroom,No,69_32,sentarse,simple-finite
69,33,2018,Munich,LI,female,21,English,y aparece bastante contento.,NA,pacient,MC,D,NA,GI,Y,3,nullsub,DE_WR_41_21_3_14_MP,95.3,No,18,3,Yes,15,Outsideclassroom,No,69_33,aparecer,simple-finite
69,34,2018,Munich,LI,female,21,English,"Le gusta el bebé,",POST,pacient,MC,D,DEF,GI,N,3,dp,DE_WR_41_21_3_14_MP,95.3,No,18,3,Yes,15,Outsideclassroom,No,69_34,gustar,simple-finite
69,35,2018,Munich,LI,female,21,English,"empieza a sonreír,",NA,agent,MC,D,NA,GI,N,3,nullsub,DE_WR_41_21_3_14_MP,95.3,No,18,3,Yes,15,Outsideclassroom,No,69_35,sonreír,periphrasis-lexical
69,36,2018,Munich,LI,female,21,English,"y se va con el otra vez,",NA,agent,MC,D,NA,GI,Y,3,nullsub,DE_WR_41_21_3_14_MP,95.3,No,18,3,Yes,15,Outsideclassroom,No,69_36,irse,simple-finite
69,37,2018,Munich,LI,female,21,English,pero sin intentar dejarlo con alguien.,NA,agent,SC,D,NA,GI,Y,3,nullsub,DE_WR_41_21_3_14_MP,95.3,No,18,3,Yes,15,Outsideclassroom,No,69_37,intentar,infinitive
69,4,2018,Munich,LI,female,21,English,que hace sucio Chaplin tambien.,PRE,agent,SC,D,DEF,GI,N,3,pron,DE_WR_41_21_3_14_MP,95.3,No,18,3,Yes,15,Outsideclassroom,No,69_4,hacer,simple-finite
69,5,2018,Munich,LI,female,21,English,Mientras que está lamentando,NA,agent,SC,D,NA,GI,N,3,nullsub,DE_WR_41_21_3_14_MP,95.3,No,18,3,Yes,15,Outsideclassroom,No,69_5,lamentar,periphrasis-gerund
69,6,2018,Munich,LI,female,21,English,se da cuenta de,NA,pacient,MC,D,NA,GI,Y,3,nullsub,DE_WR_41_21_3_14_MP,95.3,No,18,3,Yes,15,Outsideclassroom,No,69_6,darse ,periphrasis-lexical
69,7,2018,Munich,LI,female,21,English,lo que alguien dejó su bebé en este patio.,PRE,agent,SC,D,INDEF,NE,N,3,pron,DE_WR_41_21_3_14_MP,95.3,No,18,3,Yes,15,Outsideclassroom,No,69_7,dejar,simple-finite
69,8,2018,Munich,LI,female,21,English,Al principio Chaplin piensa,PRE,agent,MC,D,DEF,GI,N,3,dp,DE_WR_41_21_3_14_MP,95.3,No,18,3,Yes,15,Outsideclassroom,No,69_8,pensar,simple-finite
69,9,2018,Munich,LI,female,21,English,que fue dejado por una mujar,NA,pacient,SC,D,NA,GI,N,3,nullsub,DE_WR_41_21_3_14_MP,95.3,No,18,3,Yes,15,Outsideclassroom,No,69_9,dejar,passive
7,1,2018,NA,UB,female,34,English,Es un video con Charlie Chaplin.,POST,pacient,MC,D,INDEF,NE,N,2,dp,DE_WR_24_34_4_14_SO,55.8,Yes,30,4,Yes,360,Outsideclassroom,Yes,7_1,ser,simple-finite
7,10,2018,NA,UB,female,34,English,Charlie quiere poner el bebe en su coche con el otro bebe.,PRE,agent,MC,D,DEF,GI,N,2,dp,DE_WR_24_34_4_14_SO,55.8,Yes,30,4,Yes,360,Outsideclassroom,Yes,7_10,poner,modal
7,11,2018,NA,UB,female,34,English,Pero la mujer no se gusta,NA,agent,MC,D,NA,GI,N,2,nullsub,DE_WR_24_34_4_14_SO,55.8,Yes,30,4,Yes,360,Outsideclassroom,Yes,7_11,gustar,simple-finite
7,12,2018,NA,UB,female,34,English,y Charlie necesita,PRE,agent,MC,D,DEF,GI,N,2,dp,DE_WR_24_34_4_14_SO,55.8,Yes,30,4,Yes,360,Outsideclassroom,Yes,7_12,necesitar,simple-finite
7,13,2018,NA,UB,female,34,English,y pone el bebe otra vez.,NA,agent,MC,D,NA,GI,Y,2,nullsub,DE_WR_24_34_4_14_SO,55.8,Yes,30,4,Yes,360,Outsideclassroom,Yes,7_13,poner,simple-finite
7,14,2018,NA,UB,female,34,English,"Despues Charlie quiere pone el nino en la calle,",PRE,agent,MC,D,DEF,GI,Y,2,dp,DE_WR_24_34_4_14_SO,55.8,Yes,30,4,Yes,360,Outsideclassroom,Yes,7_14,poner,modal
7,15,2018,NA,UB,female,34,English,en este momento la policia esta alla,PRE,pacient,MC,D,DEF,GI,N,2,dp,DE_WR_24_34_4_14_SO,55.8,Yes,30,4,Yes,360,Outsideclassroom,Yes,7_15,estar,simple-finite
7,16,2018,NA,UB,female,34,English,y el plan esta rompio.,PRE,pacient,MC,D,DEF,NE,N,2,dp,DE_WR_24_34_4_14_SO,55.8,Yes,30,4,Yes,360,Outsideclassroom,Yes,7_16,estar,simple-finite
7,17,2018,NA,UB,female,34,English,Charlie pone el nino en los brazos de un otro senor en esta calle.,PRE,agent,MC,D,DEF,GI,N,2,dp,DE_WR_24_34_4_14_SO,55.8,Yes,30,4,Yes,360,Outsideclassroom,Yes,7_17,poner,simple-finite
7,18,2018,NA,UB,female,34,English,Ello traje el bebe,PRE,agent,MC,D,DEF,GI,Y,2,pron,DE_WR_24_34_4_14_SO,55.8,Yes,30,4,Yes,360,Outsideclassroom,Yes,7_18,traer,simple-finite
7,19,2018,NA,UB,female,34,English,y pone el en el coche de las senora.,NA,agent,MC,D,NA,GI,Y,2,nullsub,DE_WR_24_34_4_14_SO,55.8,Yes,30,4,Yes,360,Outsideclassroom,Yes,7_19,poner,simple-finite
7,2,2018,NA,UB,female,34,English,El esta caminando,PRE,pacient,MC,D,DEF,GI,N,2,pron,DE_WR_24_34_4_14_SO,55.8,Yes,30,4,Yes,360,Outsideclassroom,Yes,7_2,estar,simple-finite
7,20,2018,NA,UB,female,34,English,Cuando la senora ve Charlie,PRE,pacient,MC,D,DEF,GI,N,2,dp,DE_WR_24_34_4_14_SO,55.8,Yes,30,4,Yes,360,Outsideclassroom,Yes,7_20,ver,simple-finite
7,21,2018,NA,UB,female,34,English,pone la bebe en los brazos de ello.,NA,agent,MC,D,NA,GI,Y,2,nullsub,DE_WR_24_34_4_14_SO,55.8,Yes,30,4,Yes,360,Outsideclassroom,Yes,7_21,poner,simple-finite
7,22,2018,NA,UB,female,34,English,Charlie se sienta,PRE,agent,MC,D,DEF,GI,N,2,dp,DE_WR_24_34_4_14_SO,55.8,Yes,30,4,Yes,360,Outsideclassroom,Yes,7_22,sentarse,simple-finite
7,23,2018,NA,UB,female,34,English,y mire al nino.,NA,agent,MC,D,NA,GI,Y,2,nullsub,DE_WR_24_34_4_14_SO,55.8,Yes,30,4,Yes,360,Outsideclassroom,Yes,7_23,mirar,simple-finite
7,24,2018,NA,UB,female,34,English,Hay un papel en la camisa del bebe,NA,pacient,MC,D,NA,NE,N,2,nullsub,DE_WR_24_34_4_14_SO,55.8,Yes,30,4,Yes,360,Outsideclassroom,Yes,7_24,haber,simple-finite
7,25,2018,NA,UB,female,34,English,que dize:,PRE,agent,MC,D,DEF,NE,Y,2,pron,DE_WR_24_34_4_14_SO,55.8,Yes,30,4,Yes,360,Outsideclassroom,Yes,7_25,decir,simple-finite
7,26,2018,NA,UB,female,34,English,"""Necesito amor y abrazos por favor,",NA,agent,MC,D,NA,GI,N,2,nullsub,DE_WR_24_34_4_14_SO,55.8,Yes,30,4,Yes,360,Outsideclassroom,Yes,7_26,necesitar,simple-finite
7,27,2018,NA,UB,female,34,English,"no tengo madre ni padre!""",NA,pacient,MC,D,NA,GI,Y,2,nullsub,DE_WR_24_34_4_14_SO,55.8,Yes,30,4,Yes,360,Outsideclassroom,Yes,7_27,tener,simple-finite
7,3,2018,NA,UB,female,34,English,cuando piedras estan volando desde la casa.,PRE,agent,SC,D,INDEF,NE,N,2,dp,DE_WR_24_34_4_14_SO,55.8,Yes,30,4,Yes,360,Outsideclassroom,Yes,7_3,volar,periphrasis-gerund
7,4,2018,NA,UB,female,34,English,"Cuando mire,",NA,agent,SC,D,NA,GI,N,2,nullsub,DE_WR_24_34_4_14_SO,55.8,Yes,30,4,Yes,360,Outsideclassroom,Yes,7_4,mirar,simple-finite
7,5,2018,NA,UB,female,34,English,ve un bebe en la calle que sta solito.,NA,pacient,MC,D,NA,GI,Y,2,nullsub,DE_WR_24_34_4_14_SO,55.8,Yes,30,4,Yes,360,Outsideclassroom,Yes,7_5,ver,simple-finite
7,6,2018,NA,UB,female,34,English,Charlie pone el nino,PRE,agent,MC,D,DEF,GI,Y,2,dp,DE_WR_24_34_4_14_SO,55.8,Yes,30,4,Yes,360,Outsideclassroom,Yes,7_6,poner,simple-finite
7,7,2018,NA,UB,female,34,English,pero no se,NA,agent,MC,D,NA,GI,Y,2,nullsub,DE_WR_24_34_4_14_SO,55.8,Yes,30,4,Yes,360,Outsideclassroom,Yes,7_7,saber,simple-finite
7,8,2018,NA,UB,female,34,English,que lo que nesesita.,NA,agent,SC,I,NA,GI,N,2,nullsub,DE_WR_24_34_4_14_SO,55.8,Yes,30,4,Yes,360,Outsideclassroom,Yes,7_8,necesitar,simple-finite
7,9,2018,NA,UB,female,34,English,"Cuando una mujer con su nino camina en este calle,",PRE,agent,MC,D,INDEF,NE,N,2,dp,DE_WR_24_34_4_14_SO,55.8,Yes,30,4,Yes,360,Outsideclassroom,Yes,7_9,caminar,simple-finite
70,10,2019,Erlangen,UA,female,21,English,Él intenta poner el bebé en su lugar original,PRE,agent,MC,D,DEF,GI,N,6,pron,DE_WR_41_21_5_14_HB,95.3,No,16,5,No,10,Insideclassroom,No,70_10,intentar,infinitive
70,11,2019,Erlangen,UA,female,21,English,pero un policía le ve,PRE,pacient,MC,D,INDEF,NE,N,6,dp,DE_WR_41_21_5_14_HB,95.3,No,16,5,No,10,Insideclassroom,No,70_11,ver,simple-finite
70,12,2019,Erlangen,UA,female,21,English,y por eso levanta al bebé otra vez,NA,agent,MC,D,NA,GI,N,6,nullsub,DE_WR_41_21_5_14_HB,95.3,No,16,5,No,10,Insideclassroom,No,70_12,levantar,simple-finite
70,13,2019,Erlangen,UA,female,21,English,y se va.,NA,agent,MC,D,NA,GI,Y,6,nullsub,DE_WR_41_21_5_14_HB,95.3,No,16,5,No,10,Insideclassroom,No,70_13,irse,simple-finite
70,14,2019,Erlangen,UA,female,21,English,Ve a un hombre,NA,pacient,MC,D,NA,GI,Y,6,nullsub,DE_WR_41_21_5_14_HB,95.3,No,16,5,No,10,Insideclassroom,No,70_14,ver,simple-finite
70,15,2019,Erlangen,UA,female,21,English,y decide darle el bebé sin decir algo y salir corriendo.,NA,agent,MC,D,NA,GI,Y,6,nullsub,DE_WR_41_21_5_14_HB,95.3,No,16,5,No,10,Insideclassroom,No,70_15,decidir,infinitive
70,16,2019,Erlangen,UA,female,21,English,El hombre está sorprendido,PRE,pacient,MC,D,DEF,GI,N,6,dp,DE_WR_41_21_5_14_HB,95.3,No,16,5,No,10,Insideclassroom,No,70_16,estar,simple-finite
70,17,2019,Erlangen,UA,female,21,English,y sigue a Charles.,NA,agent,MC,D,NA,GI,Y,6,nullsub,DE_WR_41_21_5_14_HB,95.3,No,16,5,No,10,Insideclassroom,No,70_17,seguir,simple-finite
70,18,2019,Erlangen,UA,female,21,English,No puede encontrarle,NA,agent,MC,D,NA,GI,Y,6,nullsub,DE_WR_41_21_5_14_HB,95.3,No,16,5,No,10,Insideclassroom,No,70_18,encontrar,modal
70,19,2019,Erlangen,UA,female,21,English,pero ve un cochecito enfrente de una tienda.,NA,pacient,MC,D,NA,GI,Y,6,nullsub,DE_WR_41_21_5_14_HB,95.3,No,16,5,No,10,Insideclassroom,No,70_19,ver,simple-finite
70,2,2019,Erlangen,UA,female,21,English,En ella encuentra a un bebé en la calle.,NA,agent,MC,D,NA,GI,N,6,nullsub,DE_WR_41_21_5_14_HB,95.3,No,16,5,No,10,Insideclassroom,No,70_2,encontrar,simple-finite
70,20,2019,Erlangen,UA,female,21,English,Pone el bebé en él,NA,agent,MC,D,NA,GI,Y,6,nullsub,DE_WR_41_21_5_14_HB,95.3,No,16,5,No,10,Insideclassroom,No,70_20,poner,simple-finite
70,21,2019,Erlangen,UA,female,21,English,y corre.,NA,agent,MC,D,NA,GI,Y,6,nullsub,DE_WR_41_21_5_14_HB,95.3,No,16,5,No,10,Insideclassroom,No,70_21,correr,simple-finite
70,22,2019,Erlangen,UA,female,21,English,La madre sale de la tienda,PRE,agent,MC,D,DEF,GI,N,6,dp,DE_WR_41_21_5_14_HB,95.3,No,16,5,No,10,Insideclassroom,No,70_22,salir,simple-finite
70,23,2019,Erlangen,UA,female,21,English,y ve primero al bebé,NA,pacient,MC,D,NA,GI,Y,6,nullsub,DE_WR_41_21_5_14_HB,95.3,No,16,5,No,10,Insideclassroom,No,70_23,ver,simple-finite
70,25,2019,Erlangen,UA,female,21,English,que está pasando por la tienda.,PRE,agent,SC,D,DEF,GI,N,6,pron,DE_WR_41_21_5_14_HB,95.3,No,16,5,No,10,Insideclassroom,No,70_25,pasar,periphrasis-gerund
70,26,2019,Erlangen,UA,female,21,English,Ella dice otra vez,PRE,agent,MC,D,DEF,GI,N,6,pron,DE_WR_41_21_5_14_HB,95.3,No,16,5,No,10,Insideclassroom,No,70_26,decir,simple-finite
70,27,2019,Erlangen,UA,female,21,English,que no es su bebé,POST,pacient,SC,D,DEF,GI,N,6,dp,DE_WR_41_21_5_14_HB,95.3,No,16,5,No,10,Insideclassroom,No,70_27,caer,simple-finite
70,28,2019,Erlangen,UA,female,21,English,y él le levanta,PRE,agent,MC,D,DEF,GI,N,6,pron,DE_WR_41_21_5_14_HB,95.3,No,16,5,No,10,Insideclassroom,No,70_28,levantar,simple-finite
70,29,2019,Erlangen,UA,female,21,English,y se va.,NA,agent,MC,D,NA,GI,Y,6,nullsub,DE_WR_41_21_5_14_HB,95.3,No,16,5,No,10,Insideclassroom,No,70_29,irse,simple-finite
70,3,2019,Erlangen,UA,female,21,English,Primero piensa,NA,agent,MC,D,NA,GI,Y,6,nullsub,DE_WR_41_21_5_14_HB,95.3,No,16,5,No,10,Insideclassroom,No,70_3,pensar,simple-finite
70,30,2019,Erlangen,UA,female,21,English,Luego encuentra un papel sujetado al bebé,NA,agent,MC,D,NA,GI,Y,6,nullsub,DE_WR_41_21_5_14_HB,95.3,No,16,5,No,10,Insideclassroom,No,70_30,encontrar,simple-finite
70,31,2019,Erlangen,UA,female,21,English,que dice,PRE,agent,SC,D,DEF,GI,N,6,pron,DE_WR_41_21_5_14_HB,95.3,No,16,5,No,10,Insideclassroom,No,70_31,decir,simple-finite
70,33,2019,Erlangen,UA,female,21,English,Charles sonríe,PRE,agent,MC,D,DEF,GI,N,6,dp,DE_WR_41_21_5_14_HB,95.3,No,16,5,No,10,Insideclassroom,No,70_33,sonreír,simple-finite
70,34,2019,Erlangen,UA,female,21,English,y se va junto con el bebé.,NA,agent,MC,D,NA,GI,Y,6,nullsub,DE_WR_41_21_5_14_HB,95.3,No,16,5,No,10,Insideclassroom,No,70_34,irse,simple-finite
70,5,2019,Erlangen,UA,female,21,English,"que ha entrado una casa cercana,",PRE,agent,SC,D,DEF,GI,N,6,pron,DE_WR_41_21_5_14_HB,95.3,No,16,5,No,10,Insideclassroom,No,70_5,entrar,simple-finite
70,7,2019,Erlangen,UA,female,21,English,la mujer sale del edificio,PRE,agent,MC,D,DEF,GI,N,6,dp,DE_WR_41_21_5_14_HB,95.3,No,16,5,No,10,Insideclassroom,No,70_7,salir,simple-finite
70,8,2019,Erlangen,UA,female,21,English,y dice,NA,agent,MC,D,NA,GI,Y,6,nullsub,DE_WR_41_21_5_14_HB,95.3,No,16,5,No,10,Insideclassroom,No,70_8,decir,simple-finite
70,9,2019,Erlangen,UA,female,21,English,que no es su bebé.,POST,pacient,SC,D,DEF,GI,N,6,dp,DE_WR_41_21_5_14_HB,95.3,No,16,5,No,10,Insideclassroom,No,70_9,ser,simple-finite
71,1,2019,Wien,LA,female,22,English,Charles Chaplin camina por la calle,PRE,agent,MC,D,DEF,NE,N,5,dp,DE_WR_41_22_8.5_14_AF,95.3,No,13,8.5,Yes,15,Insideclassroom,No,71_1,caminar,simple-finite
71,10,2019,Wien,LA,female,22,English,y lo pone en el sitio,NA,agent,MC,D,NA,GI,Y,5,nullsub,DE_WR_41_22_8.5_14_AF,95.3,No,13,8.5,Yes,15,Insideclassroom,No,71_10,poner,simple-finite
71,11,2019,Wien,LA,female,22,English,donde lo he encontrado.,NA,agent,SC,D,NA,GI,Y,5,nullsub,DE_WR_41_22_8.5_14_AF,95.3,No,13,8.5,Yes,15,Insideclassroom,No,71_11,encontrar,simple-finite
71,12,2019,Wien,LA,female,22,English,Cuando se da la vuelta al bebé,NA,pacient,SC,D,NA,GI,Y,5,nullsub,DE_WR_41_22_8.5_14_AF,95.3,No,13,8.5,Yes,15,Insideclassroom,No,71_12,darse ,periphrasis-lexical
71,13,2019,Wien,LA,female,22,English,encuentra con un policia,NA,agent,MC,D,NA,GI,Y,5,nullsub,DE_WR_41_22_8.5_14_AF,95.3,No,13,8.5,Yes,15,Insideclassroom,No,71_13,encontrar,simple-finite
71,14,2019,Wien,LA,female,22,English,"y por eso coge el bebé otra vez,",NA,agent,MC,D,NA,GI,Y,5,nullsub,DE_WR_41_22_8.5_14_AF,95.3,No,13,8.5,Yes,15,Insideclassroom,No,71_14,coger,simple-finite
71,15,2019,Wien,LA,female,22,English,para que no parezca como un criminal.,NA,pacient,SC,D,NA,GI,Y,5,nullsub,DE_WR_41_22_8.5_14_AF,95.3,No,13,8.5,Yes,15,Insideclassroom,No,71_15,parecer,simple-finite
71,16,2019,Wien,LA,female,22,English,Recoge el bebé de nuevo,NA,agent,MC,D,NA,GI,Y,5,nullsub,DE_WR_41_22_8.5_14_AF,95.3,No,13,8.5,Yes,15,Insideclassroom,No,71_16,recoger,simple-finite
71,17,2019,Wien,LA,female,22,English,y lo da a un hombre,NA,agent,MC,D,NA,GI,Y,5,nullsub,DE_WR_41_22_8.5_14_AF,95.3,No,13,8.5,Yes,15,Insideclassroom,No,71_17,dar,simple-finite
71,19,2019,Wien,LA,female,22,English,El hombre de la calle pone el bebé en el cochecito de la madre de antes.,PRE,agent,MC,D,DEF,GI,Y,5,dp,DE_WR_41_22_8.5_14_AF,95.3,No,13,8.5,Yes,15,Insideclassroom,No,71_19,poner,simple-finite
71,2,2019,Wien,LA,female,22,English,cuando se caen escombros de construcción.,POST,pacient,SC,D,INDEF,NE,N,5,dp,DE_WR_41_22_8.5_14_AF,95.3,No,13,8.5,Yes,15,Insideclassroom,No,71_2,caer,simple-finite
71,20,2019,Wien,LA,female,22,English,"Cuando Charles Chaplin pasa por el cochecito la madre,",PRE,pacient,SC,D,DEF,GI,N,5,dp,DE_WR_41_22_8.5_14_AF,95.3,No,13,8.5,Yes,15,Insideclassroom,No,71_20,pasar,simple-finite
71,21,2019,Wien,LA,female,22,English,ella piensa,PRE,agent,MC,D,DEF,GI,N,5,pron,DE_WR_41_22_8.5_14_AF,95.3,No,13,8.5,Yes,15,Insideclassroom,No,71_21,pensar,simple-finite
71,22,2019,Wien,LA,female,22,English,que ha sido él,POST,pacient,SC,D,DEF,GI,N,5,pron,DE_WR_41_22_8.5_14_AF,95.3,No,13,8.5,Yes,15,Insideclassroom,No,71_22,ser,simple-finite
71,23,2019,Wien,LA,female,22,English,que ha puesto el bebé allí otra vez.,PRE,agent,SC,D,DEF,GI,Y,5,pron,DE_WR_41_22_8.5_14_AF,95.3,No,13,8.5,Yes,15,Insideclassroom,No,71_23,poner,simple-finite
71,24,2019,Wien,LA,female,22,English,Lo pega con su paraguas,NA,agent,MC,D,NA,GI,N,5,nullsub,DE_WR_41_22_8.5_14_AF,95.3,No,13,8.5,Yes,15,Insideclassroom,No,71_24,pegar,simple-finite
71,25,2019,Wien,LA,female,22,English,y Charles Chaplin recoge el bebé.,PRE,agent,MC,D,DEF,GI,N,5,dp,DE_WR_41_22_8.5_14_AF,95.3,No,13,8.5,Yes,15,Insideclassroom,No,71_25,recoger,simple-finite
71,26,2019,Wien,LA,female,22,English,Mientras que se sienta con el bebé,NA,agent,SC,D,NA,GI,Y,5,nullsub,DE_WR_41_22_8.5_14_AF,95.3,No,13,8.5,Yes,15,Insideclassroom,No,71_26,sentarse,simple-finite
71,27,2019,Wien,LA,female,22,English,encuentra una hoja,NA,agent,MC,D,NA,GI,Y,5,nullsub,DE_WR_41_22_8.5_14_AF,95.3,No,13,8.5,Yes,15,Insideclassroom,No,71_27,encontrar,simple-finite
71,29,2019,Wien,LA,female,22,English,que por favor alguien debe cuidarse del bebé.,PRE,agent,SC,D,INDEF,NE,N,5,pron,DE_WR_41_22_8.5_14_AF,95.3,No,13,8.5,Yes,15,Insideclassroom,No,71_29,cuidarse,modal
71,3,2019,Wien,LA,female,22,English,De repente ve un pequeño bebé.,NA,pacient,MC,D,NA,GI,N,5,nullsub,DE_WR_41_22_8.5_14_AF,95.3,No,13,8.5,Yes,15,Insideclassroom,No,71_3,ver,simple-finite
71,4,2019,Wien,LA,female,22,English,Lo coge,NA,agent,MC,D,NA,GI,Y,5,nullsub,DE_WR_41_22_8.5_14_AF,95.3,No,13,8.5,Yes,15,Insideclassroom,No,71_4,coger,simple-finite
71,5,2019,Wien,LA,female,22,English,y quiere ponerlo en un sitio seguro.,NA,agent,MC,D,NA,GI,Y,5,nullsub,DE_WR_41_22_8.5_14_AF,95.3,No,13,8.5,Yes,15,Insideclassroom,No,71_5,poner,modal
71,6,2019,Wien,LA,female,22,English,Por eso lo pone en un cochecito con otro bebé.,NA,agent,MC,D,NA,GI,Y,5,nullsub,DE_WR_41_22_8.5_14_AF,95.3,No,13,8.5,Yes,15,Insideclassroom,No,71_6,poner,simple-finite
71,7,2019,Wien,LA,female,22,English,Cuando la madre del otro bebé vuelve de la tienda,PRE,agent,SC,D,DEF,NE,N,5,dp,DE_WR_41_22_8.5_14_AF,95.3,No,13,8.5,Yes,15,Insideclassroom,No,71_7,volver,simple-finite
71,8,2019,Wien,LA,female,22,English,grita a Charles Chaplin.,NA,agent,MC,D,NA,GI,Y,5,nullsub,DE_WR_41_22_8.5_14_AF,95.3,No,13,8.5,Yes,15,Insideclassroom,No,71_8,gritar,simple-finite
71,9,2019,Wien,LA,female,22,English,Él coge el bebé,PRE,agent,MC,D,DEF,GI,N,5,pron,DE_WR_41_22_8.5_14_AF,95.3,No,13,8.5,Yes,15,Insideclassroom,No,71_9,coger,simple-finite
72,1,2018,Kiel,UI,female,23,English,"Un día un hombre elegante, concretamente Charles Chaplin, anduvo por las calles,",PRE,agent,MC,D,DEF,NE,N,4,dp,DE_WR_41_23_5_14_PN,95.3,No,17,5,Yes,16,Outsideclassroom,No,72_1,andar,simple-finite
72,10,2018,Kiel,UI,female,23,English,Charles Chaplin puso el bebé en el carro de la mujer,PRE,agent,MC,D,DEF,GI,N,4,dp,DE_WR_41_23_5_14_PN,95.3,No,17,5,Yes,16,Outsideclassroom,No,72_10,poner,simple-finite
72,11,2018,Kiel,UI,female,23,English,y la dijo en un inglés muy educado:,NA,agent,MC,D,NA,GI,Y,4,nullsub,DE_WR_41_23_5_14_PN,95.3,No,17,5,Yes,16,Outsideclassroom,No,72_11,decir,simple-finite
72,13,2018,Kiel,UI,female,23,English,Elle se enfadó,PRE,agent,MC,D,DEF,GI,N,4,pron,DE_WR_41_23_5_14_PN,95.3,No,17,5,Yes,16,Outsideclassroom,No,72_13,enfadarse,simple-finite
72,14,2018,Kiel,UI,female,23,English,y negó,NA,agent,MC,D,NA,GI,Y,4,nullsub,DE_WR_41_23_5_14_PN,95.3,No,17,5,Yes,16,Outsideclassroom,No,72_14,negar,simple-finite
72,15,2018,Kiel,UI,female,23,English,que el bebé no sea el suyo.,PRE,pacient,SC,D,DEF,GI,N,4,dp,DE_WR_41_23_5_14_PN,95.3,No,17,5,Yes,16,Outsideclassroom,No,72_15,ser,simple-finite
72,16,2018,Kiel,UI,female,23,English,Por eso Charles quería devolver el bebé exactamente,PRE,agent,MC,D,DEF,GI,N,4,dp,DE_WR_41_23_5_14_PN,95.3,No,17,5,Yes,16,Outsideclassroom,No,72_16,devolver,modal
72,17,2018,Kiel,UI,female,23,English,donde lo había encontrado antes.,NA,agent,SC,D,NA,GI,Y,4,nullsub,DE_WR_41_23_5_14_PN,95.3,No,17,5,Yes,16,Outsideclassroom,No,72_17,encontrar,simple-finite
72,18,2018,Kiel,UI,female,23,English,Desgraciadamente vino un hombre de la policía en el momento,POST,pacient,MC,D,INDEF,NE,N,4,dp,DE_WR_41_23_5_14_PN,95.3,No,17,5,Yes,16,Outsideclassroom,No,72_18,venir,simple-finite
72,19,2018,Kiel,UI,female,23,English,"en que Charles estaba poniendo el bebé al suelo,",PRE,agent,SC,D,DEF,GI,N,4,dp,DE_WR_41_23_5_14_PN,95.3,No,17,5,Yes,16,Outsideclassroom,No,72_19,poner,periphrasis-gerund
72,2,2018,Kiel,UI,female,23,English,se encendió un cigarrillo,NA,agent,MC,D,NA,GI,Y,4,nullsub,DE_WR_41_23_5_14_PN,95.3,No,17,5,Yes,16,Outsideclassroom,No,72_2,encender,simple-finite
72,20,2018,Kiel,UI,female,23,English,cuando él se giró casi se topó con este hombre,PRE,agent,SC,D,DEF,GI,Y,4,pron,DE_WR_41_23_5_14_PN,95.3,No,17,5,Yes,16,Outsideclassroom,No,72_20,girarse,simple-finite
72,21,2018,Kiel,UI,female,23,English,y reconoció,NA,agent,MC,D,NA,GI,Y,4,nullsub,DE_WR_41_23_5_14_PN,95.3,No,17,5,Yes,16,Outsideclassroom,No,72_21,reconocer,simple-finite
72,22,2018,Kiel,UI,female,23,English,que no debería dejar el bebé solo.,NA,agent,SC,D,NA,GI,Y,4,nullsub,DE_WR_41_23_5_14_PN,95.3,No,17,5,Yes,16,Outsideclassroom,No,72_22,dejar,modal
72,23,2018,Kiel,UI,female,23,English,De esta manera recogió al bebé otra vez,NA,agent,MC,D,NA,GI,Y,4,nullsub,DE_WR_41_23_5_14_PN,95.3,No,17,5,Yes,16,Outsideclassroom,No,72_23,recoger,simple-finite
72,24,2018,Kiel,UI,female,23,English,"y siguió andando por las calles con la intención de encontrar algún sitio,",NA,agent,MC,D,NA,GI,Y,4,nullsub,DE_WR_41_23_5_14_PN,95.3,No,17,5,Yes,16,Outsideclassroom,No,72_24,andar,periphrasis-gerund
72,26,2018,Kiel,UI,female,23,English,Unos segundos más tarde encontró a un hombre,NA,agent,MC,D,NA,GI,Y,4,nullsub,DE_WR_41_23_5_14_PN,95.3,No,17,5,Yes,16,Outsideclassroom,No,72_26,encontrar,simple-finite
72,27,2018,Kiel,UI,female,23,English,"que anduvo lentamente,",PRE,agent,SC,D,DEF,GI,N,4,pron,DE_WR_41_23_5_14_PN,95.3,No,17,5,Yes,16,Outsideclassroom,No,72_27,andar,simple-finite
72,28,2018,Kiel,UI,female,23,English,Charles pretendió,PRE,agent,MC,D,DEF,GI,N,4,dp,DE_WR_41_23_5_14_PN,95.3,No,17,5,Yes,16,Outsideclassroom,No,72_28,pretender,simple-finite
72,29,2018,Kiel,UI,female,23,English,que tuviera problemas con sus zapatos,NA,pacient,SC,D,NA,GI,Y,4,nullsub,DE_WR_41_23_5_14_PN,95.3,No,17,5,Yes,16,Outsideclassroom,No,72_29,tener,simple-finite
72,3,2018,Kiel,UI,female,23,English,y de repente encontró a un bebé,NA,agent,MC,D,NA,GI,Y,4,nullsub,DE_WR_41_23_5_14_PN,95.3,No,17,5,Yes,16,Outsideclassroom,No,72_3,encontrar,simple-finite
72,30,2018,Kiel,UI,female,23,English,y preguntó a este hombre,NA,agent,MC,D,NA,GI,Y,4,nullsub,DE_WR_41_23_5_14_PN,95.3,No,17,5,Yes,16,Outsideclassroom,No,72_30,preguntar,simple-finite
72,31,2018,Kiel,UI,female,23,English,si él pudiera coger al bebé por un breve momento.,PRE,agent,SC,I,DEF,GI,N,4,dp,DE_WR_41_23_5_14_PN,95.3,No,17,5,Yes,16,Outsideclassroom,No,72_31,coger,modal
72,32,2018,Kiel,UI,female,23,English,"Justamente en el momento cuando el bebé estaba en las manos de este hombre,",PRE,pacient,SC,D,DEF,GI,N,4,dp,DE_WR_41_23_5_14_PN,95.3,No,17,5,Yes,16,Outsideclassroom,No,72_32,estar,simple-finite
72,33,2018,Kiel,UI,female,23,English,Charles se estiró,PRE,agent,MC,D,DEF,GI,N,4,dp,DE_WR_41_23_5_14_PN,95.3,No,17,5,Yes,16,Outsideclassroom,No,72_33,estirar,simple-finite
72,34,2018,Kiel,UI,female,23,English,y empezó de correr a otro sitio para esconderse.,NA,agent,MC,D,NA,GI,Y,4,nullsub,DE_WR_41_23_5_14_PN,95.3,No,17,5,Yes,16,Outsideclassroom,No,72_34,correr,periphrasis-lexical
72,35,2018,Kiel,UI,female,23,English,En el mismo tiempo el hombre lento encontró el carro de la mujer,PRE,agent,MC,D,DEF,GI,N,4,dp,DE_WR_41_23_5_14_PN,95.3,No,17,5,Yes,16,Outsideclassroom,No,72_35,encontrar,simple-finite
72,36,2018,Kiel,UI,female,23,English,y entonces se deshizo del bebé.,NA,pacient,MC,D,NA,GI,Y,4,nullsub,DE_WR_41_23_5_14_PN,95.3,No,17,5,Yes,16,Outsideclassroom,No,72_36,deshacerse,simple-finite
72,37,2018,Kiel,UI,female,23,English,Un rato más tarde Charles salió de su escondite,PRE,agent,MC,D,DEF,GI,N,4,dp,DE_WR_41_23_5_14_PN,95.3,No,17,5,Yes,16,Outsideclassroom,No,72_37,salir,simple-finite
72,38,2018,Kiel,UI,female,23,English,"y, otra vez, casi se topó con el hombre de la policía.",NA,agent,MC,D,NA,GI,Y,4,nullsub,DE_WR_41_23_5_14_PN,95.3,No,17,5,Yes,16,Outsideclassroom,No,72_38,toparse,simple-finite
72,39,2018,Kiel,UI,female,23,English,Charles anduvo rápidamente en alguna dirección,PRE,agent,MC,D,DEF,GI,Y,4,dp,DE_WR_41_23_5_14_PN,95.3,No,17,5,Yes,16,Outsideclassroom,No,72_39,andar,simple-finite
72,4,2018,Kiel,UI,female,23,English,que estaba al suelo gritando.,PRE,pacient,SC,D,DEF,GI,N,4,pron,DE_WR_41_23_5_14_PN,95.3,No,17,5,Yes,16,Outsideclassroom,No,72_4,estar,periphrasis-gerund
72,40,2018,Kiel,UI,female,23,English,"y su camino se cruzaba con la mujer con el carro,",PRE,agent,MC,D,DEF,NE,N,4,dp,DE_WR_41_23_5_14_PN,95.3,No,17,5,Yes,16,Outsideclassroom,No,72_40,cruzar,simple-finite
72,41,2018,Kiel,UI,female,23,English,"cuando le vio,",NA,pacient,SC,D,NA,GI,N,4,nullsub,DE_WR_41_23_5_14_PN,95.3,No,17,5,Yes,16,Outsideclassroom,No,72_41,ver,simple-finite
72,42,2018,Kiel,UI,female,23,English,le golpeó muchas veces con sus paraguas,NA,agent,MC,D,NA,GI,Y,4,nullsub,DE_WR_41_23_5_14_PN,95.3,No,17,5,Yes,16,Outsideclassroom,No,72_42,golpear,simple-finite
72,43,2018,Kiel,UI,female,23,English,y Charles se veía otra vez con el bebé en las manos.,PRE,pacient,MC,D,DEF,GI,N,4,dp,DE_WR_41_23_5_14_PN,95.3,No,17,5,Yes,16,Outsideclassroom,No,72_43,ver,simple-finite
72,45,2018,Kiel,UI,female,23,English,"estaba pensando en ponerlo en la canalización,",NA,agent,MC,D,NA,GI,Y,4,nullsub,DE_WR_41_23_5_14_PN,95.3,No,17,5,Yes,16,Outsideclassroom,No,72_45,pensar,periphrasis-gerund
72,46,2018,Kiel,UI,female,23,English,pero cuando el encontró una carta,PRE,agent,SC,D,DEF,GI,Y,4,pron,DE_WR_41_23_5_14_PN,95.3,No,17,5,Yes,16,Outsideclassroom,No,72_46,encontrar,simple-finite
72,49,2018,Kiel,UI,female,23,English,"él empezó de sonreír,",PRE,pacient,MC,D,DEF,GI,N,4,pron,DE_WR_41_23_5_14_PN,95.3,No,17,5,Yes,16,Outsideclassroom,No,72_49,empezar,simple-finite
72,5,2018,Kiel,UI,female,23,English,Él miró hacia arriba  para ver,PRE,agent,MC,D,DEF,GI,N,4,pron,DE_WR_41_23_5_14_PN,95.3,No,17,5,Yes,16,Outsideclassroom,No,72_5,mirar,simple-finite
72,50,2018,Kiel,UI,female,23,English,se quedó con el bebé,NA,agent,MC,D,NA,GI,Y,4,nullsub,DE_WR_41_23_5_14_PN,95.3,No,17,5,Yes,16,Outsideclassroom,No,72_50,quedarse,simple-finite
72,51,2018,Kiel,UI,female,23,English,y se marchó.,NA,agent,MC,D,NA,GI,Y,4,nullsub,DE_WR_41_23_5_14_PN,95.3,No,17,5,Yes,16,Outsideclassroom,No,72_51,marcharse,simple-finite
72,6,2018,Kiel,UI,female,23,English,"de dónde había venido,",NA,agent,SC,I,NA,GI,N,4,nullsub,DE_WR_41_23_5_14_PN,95.3,No,17,5,Yes,16,Outsideclassroom,No,72_6,venir,simple-finite
72,7,2018,Kiel,UI,female,23,English,entonces cogió a este bebe,NA,agent,MC,D,NA,GI,N,4,nullsub,DE_WR_41_23_5_14_PN,95.3,No,17,5,Yes,16,Outsideclassroom,No,72_7,coger,simple-finite
72,8,2018,Kiel,UI,female,23,English,y la vio a una mujer con un carro con un bebé dentro.,NA,pacient,MC,D,NA,GI,Y,4,nullsub,DE_WR_41_23_5_14_PN,95.3,No,17,5,Yes,16,Outsideclassroom,No,72_8,ver,simple-finite
72,9,2018,Kiel,UI,female,23,English,"Cuando la mujer entraba en una casa,",PRE,agent,SC,D,DEF,GI,N,4,dp,DE_WR_41_23_5_14_PN,95.3,No,17,5,Yes,16,Outsideclassroom,No,72_9,entrar,simple-finite
73,1,2018,Bamberg,UA,female,23,English,En el vídeo el hombre Charles Chaplin sale de una casa,PRE,agent,MC,D,DEF,NE,N,6,dp,DE_WR_41_23_7_14_ML,95.3,No,16,7,Yes,5,Outsideclassroom,No,73_1,salir,simple-finite
73,10,2018,Bamberg,UA,female,23,English,Lo toma en sus brazos,NA,agent,MC,D,NA,GI,N,6,nullsub,DE_WR_41_23_7_14_ML,95.3,No,16,7,Yes,5,Outsideclassroom,No,73_10,tomar,simple-finite
73,11,2018,Bamberg,UA,female,23,English,pero no sabe,NA,agent,MC,D,NA,GI,Y,6,nullsub,DE_WR_41_23_7_14_ML,95.3,No,16,7,Yes,5,Outsideclassroom,No,73_11,saber,simple-finite
73,13,2018,Bamberg,UA,female,23,English,Ve a una mujer,NA,pacient,MC,D,NA,GI,Y,6,nullsub,DE_WR_41_23_7_14_ML,95.3,No,16,7,Yes,5,Outsideclassroom,No,73_13,ver,simple-finite
73,14,2018,Bamberg,UA,female,23,English,que ya tiene un bebé,PRE,pacient,SC,D,DEF,GI,N,6,pron,DE_WR_41_23_7_14_ML,95.3,No,16,7,Yes,5,Outsideclassroom,No,73_14,tener,simple-finite
73,15,2018,Bamberg,UA,female,23,English,e intenta poner el bebé […],NA,agent,MC,D,NA,GI,N,6,nullsub,DE_WR_41_23_7_14_ML,95.3,No,16,7,Yes,5,Outsideclassroom,No,73_15,intentar,infinitive
73,16,2018,Bamberg,UA,female,23,English,que encontró al lado del bebé de la mujer,NA,agent,SC,D,NA,GI,Y,6,nullsub,DE_WR_41_23_7_14_ML,95.3,No,16,7,Yes,5,Outsideclassroom,No,73_16,encontrar,simple-finite
73,17,2018,Bamberg,UA,female,23,English,pero se enoja,NA,agent,MC,D,NA,GI,N,6,nullsub,DE_WR_41_23_7_14_ML,95.3,No,16,7,Yes,5,Outsideclassroom,No,73_17,enojarse,simple-finite
73,18,2018,Bamberg,UA,female,23,English,porque piensa,NA,agent,SC,D,NA,GI,Y,6,nullsub,DE_WR_41_23_7_14_ML,95.3,No,16,7,Yes,5,Outsideclassroom,No,73_18,pensar,simple-finite
73,19,2018,Bamberg,UA,female,23,English,que el es el padre.,PRE,pacient,SC,D,DEF,NE,N,6,pron,DE_WR_41_23_7_14_ML,95.3,No,16,7,Yes,5,Outsideclassroom,No,73_19,ser,simple-finite
73,2,2018,Bamberg,UA,female,23,English,en la que alguien de arriba tira cosas por la ventana afuera.,PRE,agent,SC,D,INDEF,NE,N,6,pron,DE_WR_41_23_7_14_ML,95.3,No,16,7,Yes,5,Outsideclassroom,No,73_2,tirar,simple-finite
73,20,2018,Bamberg,UA,female,23,English,Cuando entonces quiere acostar el bebé en el suelo,NA,agent,SC,D,NA,GI,Y,6,nullsub,DE_WR_41_23_7_14_ML,95.3,No,16,7,Yes,5,Outsideclassroom,No,73_20,acostar,modal
73,21,2018,Bamberg,UA,female,23,English,donde lo encontró,NA,agent,SC,D,NA,GI,Y,6,nullsub,DE_WR_41_23_7_14_ML,95.3,No,16,7,Yes,5,Outsideclassroom,No,73_21,encontrar,simple-finite
73,22,2018,Bamberg,UA,female,23,English,viene un policía,POST,pacient,MC,D,INDEF,NE,N,6,dp,DE_WR_41_23_7_14_ML,95.3,No,16,7,Yes,5,Outsideclassroom,No,73_22,venir,simple-finite
73,23,2018,Bamberg,UA,female,23,English,y Chaplin lo toma de nuevo al bebé.,PRE,agent,MC,D,DEF,GI,N,6,dp,DE_WR_41_23_7_14_ML,95.3,No,16,7,Yes,5,Outsideclassroom,No,73_23,tomar,simple-finite
73,24,2018,Bamberg,UA,female,23,English,Un anciano después también ve a la mujer,PRE,pacient,MC,D,INDEF,NE,N,6,dp,DE_WR_41_23_7_14_ML,95.3,No,16,7,Yes,5,Outsideclassroom,No,73_24,ver,simple-finite
73,25,2018,Bamberg,UA,female,23,English,al que Chaplin dio el bebé,PRE,agent,SC,D,DEF,GI,N,6,dp,DE_WR_41_23_7_14_ML,95.3,No,16,7,Yes,5,Outsideclassroom,No,73_25,dar,simple-finite
73,26,2018,Bamberg,UA,female,23,English,y pone el bebé en su carrillo al lado del otro bebé,NA,agent,MC,D,NA,GI,N,6,nullsub,DE_WR_41_23_7_14_ML,95.3,No,16,7,Yes,5,Outsideclassroom,No,73_26,poner,simple-finite
73,27,2018,Bamberg,UA,female,23,English,sin que elle se de cuenta.,PRE,pacient,SC,D,DEF,GI,N,6,pron,DE_WR_41_23_7_14_ML,95.3,No,16,7,Yes,5,Outsideclassroom,No,73_27,darse ,periphrasis-lexical
73,28,2018,Bamberg,UA,female,23,English,Pero cuando ella se da cuenta,PRE,pacient,SC,D,DEF,GI,N,6,pron,DE_WR_41_23_7_14_ML,95.3,No,16,7,Yes,5,Outsideclassroom,No,73_28,darse ,periphrasis-lexical
73,29,2018,Bamberg,UA,female,23,English,y ve a Chaplin,NA,pacient,MC,D,NA,GI,Y,6,nullsub,DE_WR_41_23_7_14_ML,95.3,No,16,7,Yes,5,Outsideclassroom,No,73_29,ver,simple-finite
73,3,2018,Bamberg,UA,female,23,English,Chaplin se enoja,PRE,agent,MC,D,DEF,GI,N,6,dp,DE_WR_41_23_7_14_ML,95.3,No,16,7,Yes,5,Outsideclassroom,No,73_3,enojar,simple-finite
73,31,2018,Bamberg,UA,female,23,English,lo pega,NA,agent,MC,D,NA,GI,N,6,nullsub,DE_WR_41_23_7_14_ML,95.3,No,16,7,Yes,5,Outsideclassroom,No,73_31,pegar,simple-finite
73,32,2018,Bamberg,UA,female,23,English,y viene la policía,POST,pacient,MC,D,DEF,GI,N,6,dp,DE_WR_41_23_7_14_ML,95.3,No,16,7,Yes,5,Outsideclassroom,No,73_32,venir,simple-finite
73,33,2018,Bamberg,UA,female,23,English,que causa,PRE,agent,SC,D,DEF,GI,Y,6,pron,DE_WR_41_23_7_14_ML,95.3,No,16,7,Yes,5,Outsideclassroom,No,73_33,causar,simple-finite
73,34,2018,Bamberg,UA,female,23,English,que Chaplin de nuevo toma el bebé,PRE,agent,SC,D,DEF,GI,N,6,dp,DE_WR_41_23_7_14_ML,95.3,No,16,7,Yes,5,Outsideclassroom,No,73_34,tomar,simple-finite
73,35,2018,Bamberg,UA,female,23,English,y se va.,NA,agent,MC,D,NA,GI,Y,6,nullsub,DE_WR_41_23_7_14_ML,95.3,No,16,7,Yes,5,Outsideclassroom,No,73_35,irse,simple-finite
73,36,2018,Bamberg,UA,female,23,English,Se siente en la calle con el bebé,NA,agent,MC,D,NA,GI,Y,6,nullsub,DE_WR_41_23_7_14_ML,95.3,No,16,7,Yes,5,Outsideclassroom,No,73_36,sentarse,simple-finite
73,37,2018,Bamberg,UA,female,23,English,y encuentra un papel en su ropa,NA,agent,MC,D,NA,GI,Y,6,nullsub,DE_WR_41_23_7_14_ML,95.3,No,16,7,Yes,5,Outsideclassroom,No,73_37,encontrar,simple-finite
73,39,2018,Bamberg,UA,female,23,English,que alguien ame y cuide a ese bebé huérfano.,PRE,agent,SC,IM,INDEF,NE,N,6,pron,DE_WR_41_23_7_14_ML,95.3,No,16,7,Yes,5,Outsideclassroom,No,73_39,amar,simple-finite
73,4,2018,Bamberg,UA,female,23,English,porque casi le pegó una planta,NA,agent,SC,D,NA,NE,N,6,nullsub,DE_WR_41_23_7_14_ML,95.3,No,16,7,Yes,5,Outsideclassroom,No,73_4,pegar,simple-finite
73,40,2018,Bamberg,UA,female,23,English,En este momento la música se pone más alegre,PRE,agent,MC,D,DEF,NE,N,6,dp,DE_WR_41_23_7_14_ML,95.3,No,16,7,Yes,5,Outsideclassroom,No,73_40,ponerse,simple-finite
73,41,2018,Bamberg,UA,female,23,English,y Chaplin por primera vez mira con cariño al bebé,PRE,agent,MC,D,DEF,GI,N,6,dp,DE_WR_41_23_7_14_ML,95.3,No,16,7,Yes,5,Outsideclassroom,No,73_41,mirar,simple-finite
73,44,2018,Bamberg,UA,female,23,English,que ahora lo acepta,NA,agent,SC,D,NA,GI,Y,6,nullsub,DE_WR_41_23_7_14_ML,95.3,No,16,7,Yes,5,Outsideclassroom,No,73_44,aceptar,simple-finite
73,45,2018,Bamberg,UA,female,23,English,y quiere cuidar por el,NA,agent,MC,D,NA,GI,Y,6,nullsub,DE_WR_41_23_7_14_ML,95.3,No,16,7,Yes,5,Outsideclassroom,No,73_45,cuidar,modal
73,5,2018,Bamberg,UA,female,23,English,que tiraron afuera.,PRE,agent,SC,D,DEF,NE,N,6,pron,DE_WR_41_23_7_14_ML,95.3,No,16,7,Yes,5,Outsideclassroom,No,73_5,tirar,simple-finite
73,6,2018,Bamberg,UA,female,23,English,Se pega un cigarrillo,NA,agent,MC,D,NA,GI,N,6,nullsub,DE_WR_41_23_7_14_ML,95.3,No,16,7,Yes,5,Outsideclassroom,No,73_6,pegar,simple-finite
73,7,2018,Bamberg,UA,female,23,English,y mientras está fumando,NA,agent,SC,D,NA,GI,Y,6,nullsub,DE_WR_41_23_7_14_ML,95.3,No,16,7,Yes,5,Outsideclassroom,No,73_7,fumar,periphrasis-gerund
73,8,2018,Bamberg,UA,female,23,English,ve a un bebé llorando.,NA,pacient,MC,D,NA,GI,Y,6,nullsub,DE_WR_41_23_7_14_ML,95.3,No,16,7,Yes,5,Outsideclassroom,No,73_8,ver,simple-finite
73,9,2018,Bamberg,UA,female,23,English,Ese bebé está acostado en el suelo de la calle al lado de la pared de la casa.,PRE,pacient,MC,D,DEF,GI,N,6,dp,DE_WR_41_23_7_14_ML,95.3,No,16,7,Yes,5,Outsideclassroom,No,73_9,estar,simple-finite
74,1,2019,Frankfurt,UA,female,25,English,"En la pelicula ""the kid"" Charles Chaplin camina fumando",PRE,agent,MC,D,DEF,NE,N,6,dp,DE_WR_41_25_6_14_SK,95.3,No,19,6,Yes,20,Outsideclassroom,No,74_1,caminar,periphrasis-gerund
74,10,2019,Frankfurt,UA,female,25,English,se enfada con Chaplin.,NA,agent,MC,D,NA,GI,Y,6,nullsub,DE_WR_41_25_6_14_SK,95.3,No,19,6,Yes,20,Outsideclassroom,No,74_10,enfadarse,simple-finite
74,11,2019,Frankfurt,UA,female,25,English,Por eso toma al bébé,NA,agent,MC,D,NA,GI,N,6,nullsub,DE_WR_41_25_6_14_SK,95.3,No,19,6,Yes,20,Outsideclassroom,No,74_11,tomar,simple-finite
74,12,2019,Frankfurt,UA,female,25,English,y quire dejarlo al lado de la basura,NA,agent,MC,D,NA,GI,Y,6,nullsub,DE_WR_41_25_6_14_SK,95.3,No,19,6,Yes,20,Outsideclassroom,No,74_12,querer,simple-finite
74,13,2019,Frankfurt,UA,female,25,English,pero no puede,NA,agent,MC,D,NA,GI,Y,6,nullsub,DE_WR_41_25_6_14_SK,95.3,No,19,6,Yes,20,Outsideclassroom,No,74_13,poder,simple-finite
74,14,2019,Frankfurt,UA,female,25,English,porque aparece un policía.,POST,pacient,SC,D,INDEF,NE,N,6,dp,DE_WR_41_25_6_14_SK,95.3,No,19,6,Yes,20,Outsideclassroom,No,74_14,aparecer,simple-finite
74,15,2019,Frankfurt,UA,female,25,English,Busca otra solución,NA,agent,MC,D,NA,GI,N,6,nullsub,DE_WR_41_25_6_14_SK,95.3,No,19,6,Yes,20,Outsideclassroom,No,74_15,buscar,simple-finite
74,17,2019,Frankfurt,UA,female,25,English,El hombre mayor también quire quitarse del bébé,PRE,agent,MC,D,DEF,GI,N,6,dp,DE_WR_41_25_6_14_SK,95.3,No,19,6,Yes,20,Outsideclassroom,No,74_17,quitarse,modal
74,19,2019,Frankfurt,UA,female,25,English,Cuando la mujer regresa,PRE,agent,SC,D,DEF,GI,N,6,dp,DE_WR_41_25_6_14_SK,95.3,No,19,6,Yes,20,Outsideclassroom,No,74_19,regresar,simple-finite
74,2,2019,Frankfurt,UA,female,25,English,cuando encuentra a un bébé al lado de un cubo de basura.,NA,agent,SC,D,NA,GI,Y,6,nullsub,DE_WR_41_25_6_14_SK,95.3,No,19,6,Yes,20,Outsideclassroom,No,74_2,encontrar,simple-finite
74,20,2019,Frankfurt,UA,female,25,English,se enfada otra vez con Chaplin,NA,agent,MC,D,NA,GI,Y,6,nullsub,DE_WR_41_25_6_14_SK,95.3,No,19,6,Yes,20,Outsideclassroom,No,74_20,enfadarse,simple-finite
74,21,2019,Frankfurt,UA,female,25,English,y lo golpea con su paraguas,NA,agent,MC,D,NA,GI,Y,6,nullsub,DE_WR_41_25_6_14_SK,95.3,No,19,6,Yes,20,Outsideclassroom,No,74_21,golpear,simple-finite
74,22,2019,Frankfurt,UA,female,25,English,porque piensa,NA,agent,SC,D,NA,GI,Y,6,nullsub,DE_WR_41_25_6_14_SK,95.3,No,19,6,Yes,20,Outsideclassroom,No,74_22,pensar,simple-finite
74,23,2019,Frankfurt,UA,female,25,English,que es él,POST,pacient,SC,D,DEF,GI,N,6,pron,DE_WR_41_25_6_14_SK,95.3,No,19,6,Yes,20,Outsideclassroom,No,74_23,ser,simple-finite
74,24,2019,Frankfurt,UA,female,25,English,quién ha puesto el bébé en el cochecito otra vez.,PRE,agent,SC,D,DEF,GI,Y,6,pron,DE_WR_41_25_6_14_SK,95.3,No,19,6,Yes,20,Outsideclassroom,No,74_24,poner,simple-finite
74,25,2019,Frankfurt,UA,female,25,English,De nuevo aparece el policía,POST,pacient,MC,D,DEF,GI,N,6,dp,DE_WR_41_25_6_14_SK,95.3,No,19,6,Yes,20,Outsideclassroom,No,74_25,aparecer,simple-finite
74,26,2019,Frankfurt,UA,female,25,English,al que la mujer informa,PRE,agent,SC,D,DEF,GI,N,6,dp,DE_WR_41_25_6_14_SK,95.3,No,19,6,Yes,20,Outsideclassroom,No,74_26,informar,simple-finite
74,27,2019,Frankfurt,UA,female,25,English,que Chaplin ha dejado al bébé en el cochecito.,PRE,agent,SC,D,DEF,GI,N,6,dp,DE_WR_41_25_6_14_SK,95.3,No,19,6,Yes,20,Outsideclassroom,No,74_27,dejar,simple-finite
74,28,2019,Frankfurt,UA,female,25,English,El policía regaña a Chaplin,PRE,agent,MC,D,DEF,GI,N,6,dp,DE_WR_41_25_6_14_SK,95.3,No,19,6,Yes,20,Outsideclassroom,No,74_28,regañar,simple-finite
74,29,2019,Frankfurt,UA,female,25,English,y Chaplin toma al bébé otra vez.,PRE,agent,MC,D,DEF,GI,N,6,dp,DE_WR_41_25_6_14_SK,95.3,No,19,6,Yes,20,Outsideclassroom,No,74_29,tomar,simple-finite
74,3,2019,Frankfurt,UA,female,25,English,No sabe,NA,agent,MC,D,NA,GI,Y,6,nullsub,DE_WR_41_25_6_14_SK,95.3,No,19,6,Yes,20,Outsideclassroom,No,74_3,saber,simple-finite
74,30,2019,Frankfurt,UA,female,25,English,Después Chaplin quiere tirar al bébé en la canalización,PRE,agent,MC,D,DEF,GI,Y,6,dp,DE_WR_41_25_6_14_SK,95.3,No,19,6,Yes,20,Outsideclassroom,No,74_30,tirar,modal
74,31,2019,Frankfurt,UA,female,25,English,pero encuentra un papel,NA,agent,MC,D,NA,GI,Y,6,nullsub,DE_WR_41_25_6_14_SK,95.3,No,19,6,Yes,20,Outsideclassroom,No,74_31,encontrar,simple-finite
74,33,2019,Frankfurt,UA,female,25,English,Por eso Chaplin lo guarda.,PRE,agent,MC,D,DEF,GI,Y,6,dp,DE_WR_41_25_6_14_SK,95.3,No,19,6,Yes,20,Outsideclassroom,No,74_33,guardar,simple-finite
74,5,2019,Frankfurt,UA,female,25,English,y busca una solución para quitarse del bébé.,NA,agent,MC,D,NA,GI,Y,6,nullsub,DE_WR_41_25_6_14_SK,95.3,No,19,6,Yes,20,Outsideclassroom,No,74_5,buscar,simple-finite
74,6,2019,Frankfurt,UA,female,25,English,Ve a una mujer con un cochecito con otro bébé,NA,pacient,MC,D,NA,GI,Y,6,nullsub,DE_WR_41_25_6_14_SK,95.3,No,19,6,Yes,20,Outsideclassroom,No,74_6,ver,simple-finite
74,7,2019,Frankfurt,UA,female,25,English,que deja el cochecito un rato para entrar en una casa.,PRE,agent,SC,D,DEF,GI,N,6,pron,DE_WR_41_25_6_14_SK,95.3,No,19,6,Yes,20,Outsideclassroom,No,74_7,dejar,simple-finite
74,8,2019,Frankfurt,UA,female,25,English,Chaplin decide dejar al bébé en el cochecito.,PRE,agent,MC,D,DEF,GI,N,6,dp,DE_WR_41_25_6_14_SK,95.3,No,19,6,Yes,20,Outsideclassroom,No,74_8,decidir,infinitive
74,9,2019,Frankfurt,UA,female,25,English,Cuando la mujer regresa,PRE,agent,SC,D,DEF,GI,N,6,dp,DE_WR_41_25_6_14_SK,95.3,No,19,6,Yes,20,Outsideclassroom,No,74_9,regresar,simple-finite
75,1,2018,Hamburg,UA,female,30,English,El video cuenta la historia,PRE,agent,MC,D,DEF,NE,N,6,dp,DE_WR_41_30_4_14_MS,95.3,Yes,6,4,Yes,10,Outsideclassroom,Yes,75_1,contar,simple-finite
75,10,2018,Hamburg,UA,female,30,English,En este momento descubre un bebé,NA,pacient,MC,D,NA,GI,Y,6,nullsub,DE_WR_41_30_4_14_MS,95.3,Yes,6,4,Yes,10,Outsideclassroom,Yes,75_10,descubrir,simple-finite
75,11,2018,Hamburg,UA,female,30,English,que lo habían dejado solo en la calle.,NA,agent,SC,D,NA,GI,N,6,nullsub,DE_WR_41_30_4_14_MS,95.3,Yes,6,4,Yes,10,Outsideclassroom,Yes,75_11,dejar,simple-finite
75,12,2018,Hamburg,UA,female,30,English,Lo recoge del suelo,NA,agent,SC,D,NA,GI,N,6,nullsub,DE_WR_41_30_4_14_MS,95.3,Yes,6,4,Yes,10,Outsideclassroom,Yes,75_12,recoger,simple-finite
75,13,2018,Hamburg,UA,female,30,English,"y intenta dejarlo varias veces con otra gente, como una senora",NA,agent,MC,D,NA,GI,Y,6,nullsub,DE_WR_41_30_4_14_MS,95.3,Yes,6,4,Yes,10,Outsideclassroom,Yes,75_13,intentar,infinitive
75,15,2018,Hamburg,UA,female,30,English,Tambien intenta dejarlo otra vez en el lugar,NA,agent,MC,D,NA,GI,Y,6,nullsub,DE_WR_41_30_4_14_MS,95.3,Yes,6,4,Yes,10,Outsideclassroom,Yes,75_15,intentar,infinitive
75,16,2018,Hamburg,UA,female,30,English,"en donde lo encontró,",NA,agent,SC,D,NA,GI,Y,6,nullsub,DE_WR_41_30_4_14_MS,95.3,Yes,6,4,Yes,10,Outsideclassroom,Yes,75_16,encontrar,simple-finite
75,18,2018,Hamburg,UA,female,30,English,como le está observando un policía,POST,agent,SC,D,INDEF,NE,N,6,dp,DE_WR_41_30_4_14_MS,95.3,Yes,6,4,Yes,10,Outsideclassroom,Yes,75_18,estar,simple-finite
75,19,2018,Hamburg,UA,female,30,English,Al final del video encuentra una carta metida en la sabana,NA,agent,MC,D,NA,GI,N,6,nullsub,DE_WR_41_30_4_14_MS,95.3,Yes,6,4,Yes,10,Outsideclassroom,Yes,75_19,encontrar,simple-finite
75,2,2018,Hamburg,UA,female,30,English,de cómo el Charles Chaplin encontró un bebé en la calle por coincidencia,PRE,agent,SC,D,DEF,NE,N,6,dp,DE_WR_41_30_4_14_MS,95.3,Yes,6,4,Yes,10,Outsideclassroom,Yes,75_2,encontrar,simple-finite
75,20,2018,Hamburg,UA,female,30,English,en que el bebé está envuelto .,PRE,pacient,SC,D,DEF,GI,N,6,dp,DE_WR_41_30_4_14_MS,95.3,Yes,6,4,Yes,10,Outsideclassroom,Yes,75_20,estar,simple-finite
75,22,2018,Hamburg,UA,female,30,English,que por favor amen y cuiden al bebé orfáno,NA,agent,SC,IM,NA,GI,N,6,nullsub,DE_WR_41_30_4_14_MS,95.3,Yes,6,4,Yes,10,Outsideclassroom,Yes,75_22,amar,simple-finite
75,23,2018,Hamburg,UA,female,30,English,Y asi vemos,NA,pacient,MC,D,NA,GI,N,6,nullsub,DE_WR_41_30_4_14_MS,95.3,Yes,6,4,Yes,10,Outsideclassroom,Yes,75_23,ver,simple-finite
75,24,2018,Hamburg,UA,female,30,English,como el Charles se va con el bebé en la mano y una mirada contenta.,PRE,agent,SC,D,DEF,GI,N,6,dp,DE_WR_41_30_4_14_MS,95.3,Yes,6,4,Yes,10,Outsideclassroom,Yes,75_24,irse,simple-finite
75,4,2018,Hamburg,UA,female,30,English,En el principio del video vemos a Charles,NA,pacient,MC,D,NA,NE,N,6,nullsub,DE_WR_41_30_4_14_MS,95.3,Yes,6,4,Yes,10,Outsideclassroom,Yes,75_4,ver,simple-finite
75,6,2018,Hamburg,UA,female,30,English,donde la gente parece botar basura de las ventanas.,PRE,pacient,SC,D,DEF,NE,N,6,dp,DE_WR_41_30_4_14_MS,95.3,Yes,6,4,Yes,10,Outsideclassroom,Yes,75_6,parecer,simple-finite
75,7,2018,Hamburg,UA,female,30,English,"Cuando se le está callendo algo por encima,",POST,pacient,SC,D,NA,NE,N,6,pron,DE_WR_41_30_4_14_MS,95.3,Yes,6,4,Yes,10,Outsideclassroom,Yes,75_7,caer,periphrasis-gerund
75,8,2018,Hamburg,UA,female,30,English,pierde su cigarrillo,NA,agent,MC,D,NA,GI,N,6,nullsub,DE_WR_41_30_4_14_MS,95.3,Yes,6,4,Yes,10,Outsideclassroom,Yes,75_8,perder,simple-finite
75,9,2018,Hamburg,UA,female,30,English,y tiene que parar para encenderse un nuevo.,NA,agent,MC,D,NA,GI,Y,6,nullsub,DE_WR_41_30_4_14_MS,95.3,Yes,6,4,Yes,10,Outsideclassroom,Yes,75_9,parar,modal
76,10,2020,Granada,UA,female,55,English,"en que lleva a su hijo,",NA,pacient,SC,D,NA,GI,N,6,nullsub,DE_WR_41_55_22_14_IRR,95.3,Yes,33,22,Yes,17,Outsideclassroom,Yes,76_10,llevar,simple-finite
76,11,2020,Granada,UA,female,55,English,"deja el bebé encontrado en el mismo carrito,",NA,agent,MC,D,NA,GI,N,6,nullsub,DE_WR_41_55_22_14_IRR,95.3,Yes,33,22,Yes,17,Outsideclassroom,Yes,76_11,dejar,simple-finite
76,12,2020,Granada,UA,female,55,English,pero la mujer no es la madre,NA,pacient,MC,D,DEF,NE,N,6,dp,DE_WR_41_55_22_14_IRR,95.3,Yes,33,22,Yes,17,Outsideclassroom,Yes,76_12,ser,simple-finite
76,13,2020,Granada,UA,female,55,English,y no quiere acoger al bebé encontrado.,NA,agent,MC,D,NA,GI,Y,6,nullsub,DE_WR_41_55_22_14_IRR,95.3,Yes,33,22,Yes,17,Outsideclassroom,Yes,76_13,acoger,simple-finite
76,14,2020,Granada,UA,female,55,English,"Después, intenta deshacerse del bebé en el mismo lugar",NA,agent,MC,D,NA,GI,N,6,nullsub,DE_WR_41_55_22_14_IRR,95.3,Yes,33,22,Yes,17,Outsideclassroom,Yes,76_14,intentar,infinitive
76,15,2020,Granada,UA,female,55,English,"donde lo había encontrado,",NA,agent,SC,D,NA,GI,Y,6,nullsub,DE_WR_41_55_22_14_IRR,95.3,Yes,33,22,Yes,17,Outsideclassroom,Yes,76_15,encontrar,simple-finite
76,16,2020,Granada,UA,female,55,English,pero en el momento de depositar al bebé en el suelo aparece un policía,POST,pacient,MC,D,DEF,NE,N,6,dp,DE_WR_41_55_22_14_IRR,95.3,Yes,33,22,Yes,17,Outsideclassroom,Yes,76_16,depositar,simple-finite
76,18,2020,Granada,UA,female,55,English,lo vuelve a coger en brazos.,NA,agent,MC,D,NA,GI,Y,6,nullsub,DE_WR_41_55_22_14_IRR,95.3,Yes,33,22,Yes,17,Outsideclassroom,Yes,76_18,coger,periphrasis-lexical
76,2,2020,Granada,UA,female,55,English,Charles Chaplin parece ser un hombre pobre.,NA,pacient,MC,D,DEF,NE,N,6,dp,DE_WR_41_55_22_14_IRR,95.3,Yes,33,22,Yes,17,Outsideclassroom,Yes,76_2,parecer,simple-finite
76,20,2020,Granada,UA,female,55,English,finge tener que atarse los cordones del zapato.,NA,agent,MC,D,NA,GI,Y,6,nullsub,DE_WR_41_55_22_14_IRR,95.3,Yes,33,22,Yes,17,Outsideclassroom,Yes,76_20,fingir,infinitive
76,21,2020,Granada,UA,female,55,English,Le deja al hombre el bebé,NA,agent,MC,D,NA,GI,Y,6,nullsub,DE_WR_41_55_22_14_IRR,95.3,Yes,33,22,Yes,17,Outsideclassroom,Yes,76_21,dejar,simple-finite
76,22,2020,Granada,UA,female,55,English,e intenta escaparse de la situación.,NA,agent,MC,D,NA,GI,Y,6,nullsub,DE_WR_41_55_22_14_IRR,95.3,Yes,33,22,Yes,17,Outsideclassroom,Yes,76_22,intentar,infinitive
76,23,2020,Granada,UA,female,55,English,El otro vuelve a dejar el bebé en el carrito de la misma mujer de antes,PRE,agent,MC,D,INDEF,GI,N,6,pron,DE_WR_41_55_22_14_IRR,95.3,Yes,33,22,Yes,17,Outsideclassroom,Yes,76_23,dejar,simple-finite
76,24,2020,Granada,UA,female,55,English,y casualmente Charles Chaplin pasa,PRE,pacient,MC,D,DEF,GI,N,6,dp,DE_WR_41_55_22_14_IRR,95.3,Yes,33,22,Yes,17,Outsideclassroom,Yes,76_24,pasar,simple-finite
76,25,2020,Granada,UA,female,55,English,"y mientras ella le acusa de haberle dejado de nuevo ""su bebé"",",PRE,agent,SC,D,DEF,GI,N,6,pron,DE_WR_41_55_22_14_IRR,95.3,Yes,33,22,Yes,17,Outsideclassroom,Yes,76_25,acusar,simple-finite
76,26,2020,Granada,UA,female,55,English,justo pasa el policía,POST,pacient,MC,D,DEF,GI,N,6,dp,DE_WR_41_55_22_14_IRR,95.3,Yes,33,22,Yes,17,Outsideclassroom,Yes,76_26,pasar,simple-finite
76,27,2020,Granada,UA,female,55,English,y se ve obligado a coger el bebé otra vez.,NA,pacient,MC,D,NA,GI,N,6,nullsub,DE_WR_41_55_22_14_IRR,95.3,Yes,33,22,Yes,17,Outsideclassroom,Yes,76_27,verse,simple-finite
76,28,2020,Granada,UA,female,55,English,Se sienta con el bebé en la acera,NA,agent,MC,D,NA,GI,Y,6,nullsub,DE_WR_41_55_22_14_IRR,95.3,Yes,33,22,Yes,17,Outsideclassroom,Yes,76_28,sentarse,simple-finite
76,29,2020,Granada,UA,female,55,English,y no sabe muy bien,NA,agent,MC,D,NA,GI,Y,6,nullsub,DE_WR_41_55_22_14_IRR,95.3,Yes,33,22,Yes,17,Outsideclassroom,Yes,76_29,saber,simple-finite
76,3,2020,Granada,UA,female,55,English,Va paseando por el barrio,NA,agent,MC,D,NA,GI,Y,6,nullsub,DE_WR_41_55_22_14_IRR,95.3,Yes,33,22,Yes,17,Outsideclassroom,Yes,76_3,pasear,periphrasis-gerund
76,31,2020,Granada,UA,female,55,English,Al final encuentra una nota junto al bebé.,NA,agent,MC,D,NA,GI,Y,6,nullsub,DE_WR_41_55_22_14_IRR,95.3,Yes,33,22,Yes,17,Outsideclassroom,Yes,76_31,encontrar,simple-finite
76,32,2020,Granada,UA,female,55,English,"Pone ""cuide de él con mucho amor"".",NA,agent,MC,IM,NA,GI,N,6,nullsub,DE_WR_41_55_22_14_IRR,95.3,Yes,33,22,Yes,17,Outsideclassroom,Yes,76_32,cuidar,simple-finite
76,33,2020,Granada,UA,female,55,English,Se enternece con el bebé en sus brazos,NA,agent,MC,D,NA,GI,N,6,nullsub,DE_WR_41_55_22_14_IRR,95.3,Yes,33,22,Yes,17,Outsideclassroom,Yes,76_33,enternecer,simple-finite
76,34,2020,Granada,UA,female,55,English,y decide quedárselo para cuidar de él.,NA,agent,MC,D,NA,GI,Y,6,nullsub,DE_WR_41_55_22_14_IRR,95.3,Yes,33,22,Yes,17,Outsideclassroom,Yes,76_34,decidir,infinitive
76,4,2020,Granada,UA,female,55,English,y se encuentra un bebé abandonado.,NA,agent,MC,D,NA,GI,Y,6,nullsub,DE_WR_41_55_22_14_IRR,95.3,Yes,33,22,Yes,17,Outsideclassroom,Yes,76_4,encontrar,simple-finite
76,5,2020,Granada,UA,female,55,English,Lo coge en brazos,NA,agent,MC,D,NA,GI,Y,6,nullsub,DE_WR_41_55_22_14_IRR,95.3,Yes,33,22,Yes,17,Outsideclassroom,Yes,76_5,coger,simple-finite
76,6,2020,Granada,UA,female,55,English,y mira a su alrededor  para averiguar,NA,agent,MC,D,NA,GI,Y,6,nullsub,DE_WR_41_55_22_14_IRR,95.3,Yes,33,22,Yes,17,Outsideclassroom,Yes,76_6,mirar,simple-finite
76,7,2020,Granada,UA,female,55,English,de dónde puede a haber aparecido,NA,pacient,SC,I,NA,GI,N,6,nullsub,DE_WR_41_55_22_14_IRR,95.3,Yes,33,22,Yes,17,Outsideclassroom,Yes,76_7,aparecer,modal
76,8,2020,Granada,UA,female,55,English,o a dónde puede pertenecer.,NA,pacient,SC,I,NA,GI,N,6,nullsub,DE_WR_41_55_22_14_IRR,95.3,Yes,33,22,Yes,17,Outsideclassroom,Yes,76_8,pertencer,modal
77,1,2019,Münster,UA,female,20,Turkish,Chaplin estaba caminando por una calle pequeña,PRE,agent,MC,D,DEF,NE,N,6,dp,DE_WR_42_20_4_14_NA,97.7,No,16,4,No,10,Insideclassroom,Yes,77_1,caminar,periphrasis-gerund
77,10,2019,Münster,UA,female,20,Turkish,Pero ella no le quería,PRE,agent,MC,D,DEF,GI,N,6,pron,DE_WR_42_20_4_14_NA,97.7,No,16,4,No,10,Insideclassroom,Yes,77_10,querer,simple-finite
77,11,2019,Münster,UA,female,20,Turkish,y gritó al pobre Chuplin.,NA,agent,MC,D,NA,GI,Y,6,nullsub,DE_WR_42_20_4_14_NA,97.7,No,16,4,No,10,Insideclassroom,Yes,77_11,gritar,simple-finite
77,12,2019,Münster,UA,female,20,Turkish,"Luego, le puso en los brazos de un señor",NA,agent,MC,D,NA,GI,N,6,nullsub,DE_WR_42_20_4_14_NA,97.7,No,16,4,No,10,Insideclassroom,Yes,77_12,poner,simple-finite
77,15,2019,Münster,UA,female,20,Turkish,Pero el señor tambièn puso el bebe al cochecito de la mujer mencionada,PRE,agent,MC,D,DEF,GI,N,6,dp,DE_WR_42_20_4_14_NA,97.7,No,16,4,No,10,Insideclassroom,Yes,77_15,poner,simple-finite
77,16,2019,Münster,UA,female,20,Turkish,y ella fue a un policía,PRE,pacient,MC,D,DEF,GI,N,6,pron,DE_WR_42_20_4_14_NA,97.7,No,16,4,No,10,Insideclassroom,Yes,77_16,ser,simple-finite
77,17,2019,Münster,UA,female,20,Turkish,que dio el bebe de nuevo a Chuplin.,PRE,agent,SC,D,DEF,GI,N,6,pron,DE_WR_42_20_4_14_NA,97.7,No,16,4,No,10,Insideclassroom,Yes,77_17,dar,simple-finite
77,18,2019,Münster,UA,female,20,Turkish,Chuplin recogió el bebe,PRE,agent,MC,D,DEF,GI,N,6,dp,DE_WR_42_20_4_14_NA,97.7,No,16,4,No,10,Insideclassroom,Yes,77_18,recoger,simple-finite
77,19,2019,Münster,UA,female,20,Turkish,y se sentió al margen de la calle.,NA,agent,MC,D,NA,GI,Y,6,nullsub,DE_WR_42_20_4_14_NA,97.7,No,16,4,No,10,Insideclassroom,Yes,77_19,sentarse,simple-finite
77,2,2019,Münster,UA,female,20,Turkish,donde personas tiraron cosas por la ventana.,PRE,agent,SC,D,INDEF,NE,N,6,dp,DE_WR_42_20_4_14_NA,97.7,No,16,4,No,10,Insideclassroom,Yes,77_2,tirar,simple-finite
77,20,2019,Münster,UA,female,20,Turkish,Encontró un papel,NA,agent,MC,D,NA,GI,Y,6,nullsub,DE_WR_42_20_4_14_NA,97.7,No,16,4,No,10,Insideclassroom,Yes,77_20,encontrar,simple-finite
77,23,2019,Münster,UA,female,20,Turkish,y le da amor.,NA,agent,MC,D,NA,NA,NA,6,nullsub,DE_WR_42_20_4_14_NA,97.7,No,16,4,No,10,Insideclassroom,Yes,77_23,dar,simple-finite
77,24,2019,Münster,UA,female,20,Turkish,"Chuplin miró al niño,",PRE,agent,MC,D,DEF,GI,N,6,dp,DE_WR_42_20_4_14_NA,97.7,No,16,4,No,10,Insideclassroom,Yes,77_24,mirar,simple-finite
77,25,2019,Münster,UA,female,20,Turkish,sonrió,NA,agent,MC,D,NA,GI,Y,6,nullsub,DE_WR_42_20_4_14_NA,97.7,No,16,4,No,10,Insideclassroom,Yes,77_25,sonreír,simple-finite
77,26,2019,Münster,UA,female,20,Turkish,y se fue con el chiquito en sus brazos.,NA,agent,MC,D,NA,GI,Y,6,nullsub,DE_WR_42_20_4_14_NA,97.7,No,16,4,No,10,Insideclassroom,Yes,77_26,irse,simple-finite
77,3,2019,Münster,UA,female,20,Turkish,Dos veces casi le acertaron.,NA,agent,MC,D,NA,GI,N,6,nullsub,DE_WR_42_20_4_14_NA,97.7,No,16,4,No,10,Insideclassroom,Yes,77_3,acertar,simple-finite
77,4,2019,Münster,UA,female,20,Turkish,"Cuando buscaba un cigarro en la bolsa de su abrigo para fumar otra vez,",NA,agent,SC,D,NA,GI,N,6,nullsub,DE_WR_42_20_4_14_NA,97.7,No,16,4,No,10,Insideclassroom,Yes,77_4,buscar,simple-finite
77,5,2019,Münster,UA,female,20,Turkish,encontró un bebe,NA,agent,MC,D,NA,GI,Y,6,nullsub,DE_WR_42_20_4_14_NA,97.7,No,16,4,No,10,Insideclassroom,Yes,77_5,encontrar,simple-finite
77,6,2019,Münster,UA,female,20,Turkish,que estaba en la calle.,PRE,pacient,SC,D,DEF,GI,N,6,pron,DE_WR_42_20_4_14_NA,97.7,No,16,4,No,10,Insideclassroom,Yes,77_6,estar,simple-finite
77,7,2019,Münster,UA,female,20,Turkish,Él que no quería dejarle,PRE,agent,MC,D,DEF,GI,N,6,pron,DE_WR_42_20_4_14_NA,97.7,No,16,4,No,10,Insideclassroom,Yes,77_7,dejar,modal
77,8,2019,Münster,UA,female,20,Turkish,solo buscó su madre o un lugar para el niño chiquito.,NA,agent,MC,D,NA,GI,Y,6,nullsub,DE_WR_42_20_4_14_NA,97.7,No,16,4,No,10,Insideclassroom,Yes,77_8,buscar,simple-finite
77,9,2019,Münster,UA,female,20,Turkish,"Primero, le puso en el cochecito de una mujer.",NA,agent,MC,D,NA,GI,Y,6,nullsub,DE_WR_42_20_4_14_NA,97.7,No,16,4,No,10,Insideclassroom,Yes,77_9,poner,simple-finite
78,1,2018,Hamburg,LA,female,23,"Arabic, English",Charlie Chaplin camina de manera despistada por un patio detrás de un edificio,PRE,agent,MC,D,DEF,NE,N,5,dp,DE_WR_42_24_11_14_MCC,97.7,Yes,13,11,Yes,65,Outsideclassroom,Yes,78_1,caminar,simple-finite
78,10,2018,Hamburg,LA,female,23,"Arabic, English",le cae una gran cantidad de escombros.,POST,pacient,MC,D,INDEF,NE,N,5,dp,DE_WR_42_24_11_14_MCC,97.7,Yes,13,11,Yes,65,Outsideclassroom,Yes,78_10,caer,simple-finite
78,11,2018,Hamburg,LA,female,23,"Arabic, English","Por un momento se queda irritado,",NA,agent,MC,D,NA,GI,N,5,nullsub,DE_WR_42_24_11_14_MCC,97.7,Yes,13,11,Yes,65,Outsideclassroom,Yes,78_11,quedarse,simple-finite
78,12,2018,Hamburg,LA,female,23,"Arabic, English",pero despues enciende otro cigarillo.,NA,agent,MC,D,NA,GI,Y,5,nullsub,DE_WR_42_24_11_14_MCC,97.7,Yes,13,11,Yes,65,Outsideclassroom,Yes,78_12,encender,simple-finite
78,13,2018,Hamburg,LA,female,23,"Arabic, English",De repente encuentra en el suelo por los basureros un bebé envuelto en sábanas.,NA,agent,MC,D,NA,GI,Y,5,nullsub,DE_WR_42_24_11_14_MCC,97.7,Yes,13,11,Yes,65,Outsideclassroom,Yes,78_13,encontrar,simple-finite
78,14,2018,Hamburg,LA,female,23,"Arabic, English",Lo recoge,NA,agent,MC,D,NA,GI,Y,5,nullsub,DE_WR_42_24_11_14_MCC,97.7,Yes,13,11,Yes,65,Outsideclassroom,Yes,78_14,recoger,simple-finite
78,15,2018,Hamburg,LA,female,23,"Arabic, English",y mira hacia arriba,NA,agent,MC,D,NA,GI,Y,5,nullsub,DE_WR_42_24_11_14_MCC,97.7,Yes,13,11,Yes,65,Outsideclassroom,Yes,78_15,mirar,simple-finite
78,16,2018,Hamburg,LA,female,23,"Arabic, English",mientras al fondo una señora con un carro de bebé va pasando muy apurada.,PRE,agent,SC,D,INDEF,NE,N,5,dp,DE_WR_42_24_11_14_MCC,97.7,Yes,13,11,Yes,65,Outsideclassroom,Yes,78_16,ir,periphrasis-gerund
78,17,2018,Hamburg,LA,female,23,"Arabic, English",Charlie la llama,PRE,agent,MC,D,DEF,GI,N,5,dp,DE_WR_42_24_11_14_MCC,97.7,Yes,13,11,Yes,65,Outsideclassroom,Yes,78_17,llamar,simple-finite
78,18,2018,Hamburg,LA,female,23,"Arabic, English","y se acerca a ella,",NA,agent,MC,D,NA,GI,Y,5,nullsub,DE_WR_42_24_11_14_MCC,97.7,Yes,13,11,Yes,65,Outsideclassroom,Yes,78_18,acercar,simple-finite
78,19,2018,Hamburg,LA,female,23,"Arabic, English",no obstante la señora se va,PRE,agent,MC,D,DEF,GI,N,5,dp,DE_WR_42_24_11_14_MCC,97.7,Yes,13,11,Yes,65,Outsideclassroom,Yes,78_19,irse,simple-finite
78,2,2018,Hamburg,LA,female,23,"Arabic, English",que está lleno de basura.,PRE,pacient,SC,D,DEF,GI,N,5,pron,DE_WR_42_24_11_14_MCC,97.7,Yes,13,11,Yes,65,Outsideclassroom,Yes,78_2,estar,simple-finite
78,20,2018,Hamburg,LA,female,23,"Arabic, English",y deja el carro un momento.,NA,agent,MC,D,NA,GI,Y,5,nullsub,DE_WR_42_24_11_14_MCC,97.7,Yes,13,11,Yes,65,Outsideclassroom,Yes,78_20,dejar,simple-finite
78,21,2018,Hamburg,LA,female,23,"Arabic, English","Justo cuando regresa,",NA,agent,SC,D,NA,GI,N,5,nullsub,DE_WR_42_24_11_14_MCC,97.7,Yes,13,11,Yes,65,Outsideclassroom,Yes,78_21,regresar,simple-finite
78,22,2018,Hamburg,LA,female,23,"Arabic, English",Charlie le pone el bebé en el carrito,PRE,agent,MC,D,DEF,GI,N,5,dp,DE_WR_42_24_11_14_MCC,97.7,Yes,13,11,Yes,65,Outsideclassroom,Yes,78_22,poner,simple-finite
78,23,2018,Hamburg,LA,female,23,"Arabic, English",como si fuera de ella.,NA,pacient,SC,D,NA,GI,N,5,nullsub,DE_WR_42_24_11_14_MCC,97.7,Yes,13,11,Yes,65,Outsideclassroom,Yes,78_23,ser,simple-finite
78,24,2018,Hamburg,LA,female,23,"Arabic, English",La señora se queja,PRE,agent,MC,D,DEF,GI,N,5,dp,DE_WR_42_24_11_14_MCC,97.7,Yes,13,11,Yes,65,Outsideclassroom,Yes,78_24,quejarse,simple-finite
78,25,2018,Hamburg,LA,female,23,"Arabic, English",y le dice,NA,agent,MC,D,NA,GI,Y,5,nullsub,DE_WR_42_24_11_14_MCC,97.7,Yes,13,11,Yes,65,Outsideclassroom,Yes,78_25,decir,simple-finite
78,26,2018,Hamburg,LA,female,23,"Arabic, English",que se vaya en seguida.,NA,agent,SC,IM,NA,GI,N,5,nullsub,DE_WR_42_24_11_14_MCC,97.7,Yes,13,11,Yes,65,Outsideclassroom,Yes,78_26,irse,simple-finite
78,27,2018,Hamburg,LA,female,23,"Arabic, English","Charlie muy nervioso casi se lleva el bebé de la señora por equivocación,",PRE,agent,MC,D,DEF,GI,Y,5,dp,DE_WR_42_24_11_14_MCC,97.7,Yes,13,11,Yes,65,Outsideclassroom,Yes,78_27,llevarse,simple-finite
78,28,2018,Hamburg,LA,female,23,"Arabic, English",pero finalmente regresa con el bebé al lugar,NA,agent,MC,D,NA,GI,Y,5,nullsub,DE_WR_42_24_11_14_MCC,97.7,Yes,13,11,Yes,65,Outsideclassroom,Yes,78_28,regresar,simple-finite
78,29,2018,Hamburg,LA,female,23,"Arabic, English",en el que lo ha encontrado.,NA,agent,SC,D,NA,GI,Y,5,nullsub,DE_WR_42_24_11_14_MCC,97.7,Yes,13,11,Yes,65,Outsideclassroom,Yes,78_29,encontrar,simple-finite
78,3,2018,Hamburg,LA,female,23,"Arabic, English",Desde uno de los pisos de arriba del edificio una persona está botando escombros,PRE,agent,MC,D,INDEF,NE,N,5,dp,DE_WR_42_24_11_14_MCC,97.7,Yes,13,11,Yes,65,Outsideclassroom,Yes,78_3,botar,periphrasis-gerund
78,30,2018,Hamburg,LA,female,23,"Arabic, English","Cuando ya está a punto de dejar el bebé ahi mismo,",NA,NA,SC,D,NA,GI,Y,5,nullsub,DE_WR_42_24_11_14_MCC,97.7,Yes,13,11,Yes,65,Outsideclassroom,Yes,78_30,estar,periphrasis-lexical
78,31,2018,Hamburg,LA,female,23,"Arabic, English",se encuentra a un policía,NA,agent,MC,D,NA,GI,Y,5,nullsub,DE_WR_42_24_11_14_MCC,97.7,Yes,13,11,Yes,65,Outsideclassroom,Yes,78_31,encontrar,simple-finite
78,32,2018,Hamburg,LA,female,23,"Arabic, English",y rapidamente vuelve a recoger el bebé.,NA,agent,MC,D,NA,GI,Y,5,nullsub,DE_WR_42_24_11_14_MCC,97.7,Yes,13,11,Yes,65,Outsideclassroom,Yes,78_32,recoger,periphrasis-lexical
78,33,2018,Hamburg,LA,female,23,"Arabic, English",En su desesperación se lo entrega a un señor,NA,agent,MC,D,NA,GI,Y,5,nullsub,DE_WR_42_24_11_14_MCC,97.7,Yes,13,11,Yes,65,Outsideclassroom,Yes,78_33,entregar,simple-finite
78,34,2018,Hamburg,LA,female,23,"Arabic, English",que va caminando por las calles.,PRE,agent,SC,D,DEF,GI,N,5,pron,DE_WR_42_24_11_14_MCC,97.7,Yes,13,11,Yes,65,Outsideclassroom,Yes,78_34,ir,periphrasis-gerund
78,35,2018,Hamburg,LA,female,23,"Arabic, English",Charlie sale corriendo,PRE,agent,MC,D,DEF,GI,N,5,dp,DE_WR_42_24_11_14_MCC,97.7,Yes,13,11,Yes,65,Outsideclassroom,Yes,78_35,salir,periphrasis-gerund
78,36,2018,Hamburg,LA,female,23,"Arabic, English",y se esconde.,NA,agent,MC,D,NA,GI,Y,5,nullsub,DE_WR_42_24_11_14_MCC,97.7,Yes,13,11,Yes,65,Outsideclassroom,Yes,78_36,esconder,simple-finite
78,37,2018,Hamburg,LA,female,23,"Arabic, English",El señor busca un lugar,PRE,agent,MC,D,DEF,GI,N,5,dp,DE_WR_42_24_11_14_MCC,97.7,Yes,13,11,Yes,65,Outsideclassroom,Yes,78_37,buscar,simple-finite
78,39,2018,Hamburg,LA,female,23,"Arabic, English",y lo acuesta justo en el proximo carro de bebé,NA,agent,MC,D,NA,GI,Y,5,nullsub,DE_WR_42_24_11_14_MCC,97.7,Yes,13,11,Yes,65,Outsideclassroom,Yes,78_39,acostar,simple-finite
78,4,2018,Hamburg,LA,female,23,"Arabic, English",que se caen en Charlie.,PRE,pacient,SC,D,DEF,GI,N,5,pron,DE_WR_42_24_11_14_MCC,97.7,Yes,13,11,Yes,65,Outsideclassroom,Yes,78_4,caerse,simple-finite
78,40,2018,Hamburg,LA,female,23,"Arabic, English","Mientras tanto, Charlie sale de su escondite",PRE,agent,MC,D,DEF,GI,N,5,dp,DE_WR_42_24_11_14_MCC,97.7,Yes,13,11,Yes,65,Outsideclassroom,Yes,78_40,salir,simple-finite
78,41,2018,Hamburg,LA,female,23,"Arabic, English",y como la señora ya lo conoce,PRE,agent,SC,D,DEF,GI,N,5,dp,DE_WR_42_24_11_14_MCC,97.7,Yes,13,11,Yes,65,Outsideclassroom,Yes,78_41,conocer,simple-finite
78,42,2018,Hamburg,LA,female,23,"Arabic, English",corre detrás de él,NA,agent,MC,D,NA,GI,Y,5,nullsub,DE_WR_42_24_11_14_MCC,97.7,Yes,13,11,Yes,65,Outsideclassroom,Yes,78_42,correr,simple-finite
78,43,2018,Hamburg,LA,female,23,"Arabic, English",y le pega con su sombrilla en cuanto lo ve.,NA,agent,MC,D,NA,GI,Y,5,nullsub,DE_WR_42_24_11_14_MCC,97.7,Yes,13,11,Yes,65,Outsideclassroom,Yes,78_43,pegar,simple-finite
78,44,2018,Hamburg,LA,female,23,"Arabic, English",Llega el policia,POST,pacient,MC,D,DEF,GI,N,5,dp,DE_WR_42_24_11_14_MCC,97.7,Yes,13,11,Yes,65,Outsideclassroom,Yes,78_44,llegar,simple-finite
78,45,2018,Hamburg,LA,female,23,"Arabic, English",que se da cuenta del ruido en la calle,PRE,pacient,SC,D,DEF,GI,Y,5,pron,DE_WR_42_24_11_14_MCC,97.7,Yes,13,11,Yes,65,Outsideclassroom,Yes,78_45,darse ,periphrasis-lexical
78,46,2018,Hamburg,LA,female,23,"Arabic, English",y la señora se queja,PRE,agent,MC,D,DEF,GI,N,5,dp,DE_WR_42_24_11_14_MCC,97.7,Yes,13,11,Yes,65,Outsideclassroom,Yes,78_46,quejarse,simple-finite
78,47,2018,Hamburg,LA,female,23,"Arabic, English",de que Charlie no deja de acostar un bebé extraño en su carrito.,PRE,agent,SC,D,DEF,GI,N,5,dp,DE_WR_42_24_11_14_MCC,97.7,Yes,13,11,Yes,65,Outsideclassroom,Yes,78_47,dejar,infinitive
78,48,2018,Hamburg,LA,female,23,"Arabic, English",Charlie no tiene otra opción,PRE,pacient,MC,D,DEF,GI,Y,5,dp,DE_WR_42_24_11_14_MCC,97.7,Yes,13,11,Yes,65,Outsideclassroom,Yes,78_48,tener,simple-finite
78,5,2018,Hamburg,LA,female,23,"Arabic, English","Charlie voltea a ver,",PRE,agent,MC,D,DEF,GI,N,5,dp,DE_WR_42_24_11_14_MCC,97.7,Yes,13,11,Yes,65,Outsideclassroom,Yes,78_5,ver,periphrasis-lexical
78,50,2018,Hamburg,LA,female,23,"Arabic, English",que tomar el bebé e irse.,NA,agent,SC,D,NA,NA,NA,5,nullsub,DE_WR_42_24_11_14_MCC,97.7,Yes,13,11,Yes,65,Outsideclassroom,Yes,78_50,tomar,simple-finite
78,51,2018,Hamburg,LA,female,23,"Arabic, English",y por un momento toma en cuenta hacer desaparecer el bebé ahí mismo.,NA,agent,MC,D,NA,GI,Y,5,nullsub,DE_WR_42_24_11_14_MCC,97.7,Yes,13,11,Yes,65,Outsideclassroom,Yes,78_51,tomar,simple-finite
78,52,2018,Hamburg,LA,female,23,"Arabic, English",Lo queda viendo,NA,pacient,MC,D,NA,GI,Y,5,nullsub,DE_WR_42_24_11_14_MCC,97.7,Yes,13,11,Yes,65,Outsideclassroom,Yes,78_52,ver,simple-finite
78,53,2018,Hamburg,LA,female,23,"Arabic, English",y se da cuenta,NA,pacient,MC,D,NA,GI,Y,5,nullsub,DE_WR_42_24_11_14_MCC,97.7,Yes,13,11,Yes,65,Outsideclassroom,Yes,78_53,darse,periphrasis-lexical
78,55,2018,Hamburg,LA,female,23,"Arabic, English",Saca el papelito,NA,agent,MC,D,NA,GI,N,5,nullsub,DE_WR_42_24_11_14_MCC,97.7,Yes,13,11,Yes,65,Outsideclassroom,Yes,78_55,sacar,simple-finite
78,56,2018,Hamburg,LA,female,23,"Arabic, English",y lee:,NA,agent,MC,D,NA,GI,Y,5,nullsub,DE_WR_42_24_11_14_MCC,97.7,Yes,13,11,Yes,65,Outsideclassroom,Yes,78_56,leer,simple-finite
78,59,2018,Hamburg,LA,female,23,"Arabic, English",Charlie se sienta en la acera,PRE,agent,MC,D,DEF,GI,N,5,dp,DE_WR_42_24_11_14_MCC,97.7,Yes,13,11,Yes,65,Outsideclassroom,Yes,78_59,sentarse,simple-finite
78,6,2018,Hamburg,LA,female,23,"Arabic, English","pero sin embargo, no se demuestra interesado en eso",NA,agent,MC,D,NA,GI,Y,5,nullsub,DE_WR_42_24_11_14_MCC,97.7,Yes,13,11,Yes,65,Outsideclassroom,Yes,78_6,demostrar,simple-finite
78,60,2018,Hamburg,LA,female,23,"Arabic, English",la actitud de Charlie hacia el bebé cambia completamente.,PRE,pacient,MC,D,DEF,NE,N,5,dp,DE_WR_42_24_11_14_MCC,97.7,Yes,13,11,Yes,65,Outsideclassroom,Yes,78_60,cambiar,simple-finite
78,61,2018,Hamburg,LA,female,23,"Arabic, English",Lo empieza a tratar con cariño,NA,agent,MC,D,NA,GI,N,5,nullsub,DE_WR_42_24_11_14_MCC,97.7,Yes,13,11,Yes,65,Outsideclassroom,Yes,78_61,empezar,simple-finite
78,62,2018,Hamburg,LA,female,23,"Arabic, English",y se lo lleva.,NA,pacient,MC,D,NA,GI,Y,5,nullsub,DE_WR_42_24_11_14_MCC,97.7,Yes,13,11,Yes,65,Outsideclassroom,Yes,78_62,llevar,simple-finite
78,7,2018,Hamburg,LA,female,23,"Arabic, English",y sigue caminando –,NA,agent,MC,D,NA,GI,Y,5,nullsub,DE_WR_42_24_11_14_MCC,97.7,Yes,13,11,Yes,65,Outsideclassroom,Yes,78_7,caminar,periphrasis-gerund
78,9,2018,Hamburg,LA,female,23,"Arabic, English","Cuando toma su bastón listo para marcharse,",NA,agent,SC,D,NA,GI,Y,5,nullsub,DE_WR_42_24_11_14_MCC,97.7,Yes,13,11,Yes,65,Outsideclassroom,Yes,78_9,tomar,simple-finite
79,1,2018,Kiel,UA,female,24,English,"El cortometraje ""The kid- The baby"" con Charly Chaplin como protagonista trata de un hombre",PRE,agent,MC,D,DEF,NE,N,6,dp,DE_WR_42_24_14_14_ARUG,97.7,No,14,14,Yes,7,Outsideclassroom,No,79_1,tratar,periphrasis-lexical
79,10,2018,Kiel,UA,female,24,English,que usa un bastón.,PRE,agent,SC,D,DEF,GI,N,6,pron,DE_WR_42_24_14_14_ARUG,97.7,No,14,14,Yes,7,Outsideclassroom,No,79_10,usar,simple-finite
79,11,2018,Kiel,UA,female,24,English,Pide al anciano,NA,agent,MC,D,NA,GI,N,6,nullsub,DE_WR_42_24_14_14_ARUG,97.7,No,14,14,Yes,7,Outsideclassroom,No,79_11,pedir,simple-finite
79,12,2018,Kiel,UA,female,24,English,que ataje al bebé,PRE,pacient,SC,IM,DEF,GI,N,6,pron,DE_WR_42_24_14_14_ARUG,97.7,No,14,14,Yes,7,Outsideclassroom,No,79_12,atajar,simple-finite
79,13,2018,Kiel,UA,female,24,English,mientras que se ata los cordones con la intención de salir corriendo.,NA,agent,SC,D,NA,GI,N,6,nullsub,DE_WR_42_24_14_14_ARUG,97.7,No,14,14,Yes,7,Outsideclassroom,No,79_13,atarse,simple-finite
79,14,2018,Kiel,UA,female,24,English,El anciano se queda con el bebé,PRE,agent,MC,D,DEF,GI,N,6,dp,DE_WR_42_24_14_14_ARUG,97.7,No,14,14,Yes,7,Outsideclassroom,No,79_14,quedarse,simple-finite
79,15,2018,Kiel,UA,female,24,English,e intenta sacarse el bebé del mismo modo,NA,agent,MC,D,NA,GI,Y,6,nullsub,DE_WR_42_24_14_14_ARUG,97.7,No,14,14,Yes,7,Outsideclassroom,No,79_15,intentar,infinitive
79,16,2018,Kiel,UA,female,24,English,que antes lo hizo el otro hombre.,POST,agent,SC,D,DEF,NE,N,6,dp,DE_WR_42_24_14_14_ARUG,97.7,No,14,14,Yes,7,Outsideclassroom,No,79_16,hacer,simple-finite
79,17,2018,Kiel,UA,female,24,English,Cuando el protagonista pasa por el carrito de la señora,PRE,pacient,SC,D,DEF,GI,N,6,dp,DE_WR_42_24_14_14_ARUG,97.7,No,14,14,Yes,7,Outsideclassroom,No,79_17,pasar,simple-finite
79,18,2018,Kiel,UA,female,24,English,ella se da cuenta,PRE,pacient,MC,D,DEF,GI,N,6,pron,DE_WR_42_24_14_14_ARUG,97.7,No,14,14,Yes,7,Outsideclassroom,No,79_18,darse ,periphrasis-lexical
79,19,2018,Kiel,UA,female,24,English,y grita,NA,agent,MC,D,NA,GI,Y,6,nullsub,DE_WR_42_24_14_14_ARUG,97.7,No,14,14,Yes,7,Outsideclassroom,No,79_19,gritar,simple-finite
79,2,2018,Kiel,UA,female,24,English,que encuentra a un bebé tirado en una calle de un barrio de pocos recursos.,PRE,agent,SC,D,DEF,GI,N,6,pron,DE_WR_42_24_14_14_ARUG,97.7,No,14,14,Yes,7,Outsideclassroom,No,79_2,encontrar,simple-finite
79,20,2018,Kiel,UA,female,24,English,hasta que viene el policía,POST,pacient,SC,D,DEF,GI,N,6,dp,DE_WR_42_24_14_14_ARUG,97.7,No,14,14,Yes,7,Outsideclassroom,No,79_20,venir,simple-finite
79,21,2018,Kiel,UA,female,24,English,y el protagonista se ve obligado a llevar al bebé consigo.,PRE,pacient,MC,D,DEF,GI,N,6,dp,DE_WR_42_24_14_14_ARUG,97.7,No,14,14,Yes,7,Outsideclassroom,No,79_21,verse,simple-finite
79,22,2018,Kiel,UA,female,24,English,Deprimido se sienta en la vereda,NA,agent,MC,D,NA,GI,Y,6,nullsub,DE_WR_42_24_14_14_ARUG,97.7,No,14,14,Yes,7,Outsideclassroom,No,79_22,sentarse,simple-finite
79,23,2018,Kiel,UA,female,24,English,y encuentra un papel envuelto la tela,NA,agent,MC,D,NA,GI,Y,6,nullsub,DE_WR_42_24_14_14_ARUG,97.7,No,14,14,Yes,7,Outsideclassroom,No,79_23,encontrar,simple-finite
79,24,2018,Kiel,UA,female,24,English,que cubre al bebé.,PRE,agent,SC,D,DEF,GI,N,6,pron,DE_WR_42_24_14_14_ARUG,97.7,No,14,14,Yes,7,Outsideclassroom,No,79_24,cubrir,simple-finite
79,26,2018,Kiel,UA,female,24,English,que el bebé es un huérfano,PRE,pacient,SC,D,DEF,GI,N,6,dp,DE_WR_42_24_14_14_ARUG,97.7,No,14,14,Yes,7,Outsideclassroom,No,79_26,ser,simple-finite
79,27,2018,Kiel,UA,female,24,English,"y que la persona […] se encargue, por favor, de él con mucho amor y cuidado.",PRE,agent,SC,IM,DEF,NE,N,6,dp,DE_WR_42_24_14_14_ARUG,97.7,No,14,14,Yes,7,Outsideclassroom,No,79_27,encargarse,simple-finite
79,28,2018,Kiel,UA,female,24,English,que lo encuentre,PRE,agent,SC,D,DEF,GI,Y,6,pron,DE_WR_42_24_14_14_ARUG,97.7,No,14,14,Yes,7,Outsideclassroom,No,79_28,encontrar,simple-finite
79,29,2018,Kiel,UA,female,24,English,Con este mensaje el protagonista al final se siente feliz,PRE,agent,MC,D,DEF,GI,N,6,dp,DE_WR_42_24_14_14_ARUG,97.7,No,14,14,Yes,7,Outsideclassroom,No,79_29,sentirse,simple-finite
79,3,2018,Kiel,UA,female,24,English,Primero el hombre intenta poner el bebé en el carrito de una señora,PRE,agent,MC,D,DEF,GI,Y,6,dp,DE_WR_42_24_14_14_ARUG,97.7,No,14,14,Yes,7,Outsideclassroom,No,79_3,intentar,infinitive
79,30,2018,Kiel,UA,female,24,English,que no tenga que seguir buscando a los padres,NA,pacient,SC,D,NA,GI,Y,6,nullsub,DE_WR_42_24_14_14_ARUG,97.7,No,14,14,Yes,7,Outsideclassroom,No,79_30,tener,simple-finite
79,31,2018,Kiel,UA,female,24,English,y cuida al bebé.,NA,agent,MC,D,NA,GI,Y,6,nullsub,DE_WR_42_24_14_14_ARUG,97.7,No,14,14,Yes,7,Outsideclassroom,No,79_31,cuidar,simple-finite
79,4,2018,Kiel,UA,female,24,English,pero ella se da cuenta.,PRE,pacient,MC,D,DEF,GI,N,6,pron,DE_WR_42_24_14_14_ARUG,97.7,No,14,14,Yes,7,Outsideclassroom,No,79_4,darse ,periphrasis-lexical
79,5,2018,Kiel,UA,female,24,English,Entonces el hombre piensa en dejar el bebé otra vez en el lugar,PRE,agent,MC,D,DEF,GI,N,6,dp,DE_WR_42_24_14_14_ARUG,97.7,No,14,14,Yes,7,Outsideclassroom,No,79_5,pensar,simple-finite
79,6,2018,Kiel,UA,female,24,English,"en el que lo encontró,",NA,agent,SC,D,NA,GI,Y,6,nullsub,DE_WR_42_24_14_14_ARUG,97.7,No,14,14,Yes,7,Outsideclassroom,No,79_6,encontrar,simple-finite
79,7,2018,Kiel,UA,female,24,English,pero aparece un policía,POST,pacient,MC,D,INDEF,NE,N,6,dp,DE_WR_42_24_14_14_ARUG,97.7,No,14,14,Yes,7,Outsideclassroom,No,79_7,aparecer,simple-finite
79,8,2018,Kiel,UA,female,24,English,y por eso lleva el bebé consigo,NA,pacient,MC,D,NA,GI,N,6,nullsub,DE_WR_42_24_14_14_ARUG,97.7,No,14,14,Yes,7,Outsideclassroom,No,79_8,llevar,simple-finite
8,1,2018,NA,LI,male,30,NA,Chaplin es la calle.,PRE,pacient,MC,D,DEF,NE,N,3,dp,DE_WR_25_30_5_14_SD,58.1,No,25,5,Yes,45,Outsideclassroom,No,8_1,ser,simple-finite
8,10,2018,NA,LI,male,30,NA,Pero ella no quiere un bebé más.,PRE,agent,MC,D,DEF,GI,Y,3,pron,DE_WR_25_30_5_14_SD,58.1,No,25,5,Yes,45,Outsideclassroom,No,8_10,querer,simple-finite
8,11,2018,NA,LI,male,30,NA,Chaplin quería dejar el bebé en la calle.,PRE,agent,MC,D,DEF,GI,N,3,dp,DE_WR_25_30_5_14_SD,58.1,No,25,5,Yes,45,Outsideclassroom,No,8_11,dejar,modal
8,12,2018,NA,LI,male,30,NA,Pero la policia ha viste a el.,PRE,pacient,MC,D,DEF,NE,N,3,dp,DE_WR_25_30_5_14_SD,58.1,No,25,5,Yes,45,Outsideclassroom,No,8_12,ver,simple-finite
8,13,2018,NA,LI,male,30,NA,En el fin Chaplin quiere quedar con el bebé.,PRE,pacient,MC,D,DEF,GI,N,3,dp,DE_WR_25_30_5_14_SD,58.1,No,25,5,Yes,45,Outsideclassroom,No,8_13,quedar,modal
8,14,2018,NA,LI,male,30,NA,Porque el encontrar una letra con el bebé.,NA,agent,SC,D,NA,GI,Y,3,nullsub,DE_WR_25_30_5_14_SD,58.1,No,25,5,Yes,45,Outsideclassroom,No,8_14,encontrar,simple-finite
8,2,2018,NA,LI,male,30,NA,Basura se calló a su cabeza.,PRE,pacient,MC,D,INDEF,NE,N,3,dp,DE_WR_25_30_5_14_SD,58.1,No,25,5,Yes,45,Outsideclassroom,No,8_2,caer,simple-finite
8,3,2018,NA,LI,male,30,NA,Y el fuma una cigarra.,PRE,agent,MC,D,DEF,GI,N,3,pron,DE_WR_25_30_5_14_SD,58.1,No,25,5,Yes,45,Outsideclassroom,No,8_3,fumar,simple-finite
8,4,2018,NA,LI,male,30,NA,Después el encontrar un bebé.,PRE,agent,MC,D,DEF,GI,Y,3,pron,DE_WR_25_30_5_14_SD,58.1,No,25,5,Yes,45,Outsideclassroom,No,8_4,encontrar,simple-finite
8,5,2018,NA,LI,male,30,NA,El no sabe,PRE,agent,MC,D,DEF,GI,Y,3,pron,DE_WR_25_30_5_14_SD,58.1,No,25,5,Yes,45,Outsideclassroom,No,8_5,saber,simple-finite
8,6,2018,NA,LI,male,30,NA,dónde puede quedarse.,NA,pacient,SC,I,NA,GI,Y,3,nullsub,DE_WR_25_30_5_14_SD,58.1,No,25,5,Yes,45,Outsideclassroom,No,8_6,quedarse,modal
8,7,2018,NA,LI,male,30,NA,O de donde está.,NA,pacient,SC,I,NA,GI,Y,3,nullsub,DE_WR_25_30_5_14_SD,58.1,No,25,5,Yes,45,Outsideclassroom,No,8_7,estar,simple-finite
8,8,2018,NA,LI,male,30,NA,El pregunto una mujer con un bebé,PRE,agent,MC,D,DEF,GI,Y,3,pron,DE_WR_25_30_5_14_SD,58.1,No,25,5,Yes,45,Outsideclassroom,No,8_8,preguntar,simple-finite
8,9,2018,NA,LI,male,30,NA,que se puede quedar con ella.,NA,pacient,SC,I,NA,GI,N,3,nullsub,DE_WR_25_30_5_14_SD,58.1,No,25,5,Yes,45,Outsideclassroom,No,8_9,quedarse,modal
80,10,2018,Osnabrück,UA,female,26,English,Chaplin le pide perdón,PRE,agent,MC,D,DEF,GI,N,6,dp,DE_WR_42_26_9_14_SK,97.7,No,16,9,Yes,20,Outsideclassroom,No,80_10,pedir,simple-finite
80,12,2018,Osnabrück,UA,female,26,English,que perdió al niño.,NA,agent,SC,D,NA,GI,N,6,nullsub,DE_WR_42_26_9_14_SK,97.7,No,16,9,Yes,20,Outsideclassroom,No,80_12,perder,simple-finite
80,13,2018,Osnabrück,UA,female,26,English,"Sin embargo, la señora le demanda coger al niño e irse con él.",PRE,agent,MC,D,DEF,GI,N,6,dp,DE_WR_42_26_9_14_SK,97.7,No,16,9,Yes,20,Outsideclassroom,No,80_13,coger,simple-finite
80,14,2018,Osnabrück,UA,female,26,English,Chaplin regresa al lugar,PRE,agent,MC,D,DEF,GI,N,6,dp,DE_WR_42_26_9_14_SK,97.7,No,16,9,Yes,20,Outsideclassroom,No,80_14,regresar,simple-finite
80,15,2018,Osnabrück,UA,female,26,English,donde encontró al niño para dejarlo allá.,NA,agent,SC,D,NA,GI,Y,6,nullsub,DE_WR_42_26_9_14_SK,97.7,No,16,9,Yes,20,Outsideclassroom,No,80_15,encontrar,simple-finite
80,16,2018,Osnabrück,UA,female,26,English,"En este momento, un policía le observa.",PRE,agent,MC,D,INDEF,NE,N,6,dp,DE_WR_42_26_9_14_SK,97.7,No,16,9,Yes,20,Outsideclassroom,No,80_16,observar,simple-finite
80,18,2018,Osnabrück,UA,female,26,English,"Chaplin lo ve,",PRE,pacient,MC,D,DEF,GI,N,6,dp,DE_WR_42_26_9_14_SK,97.7,No,16,9,Yes,20,Outsideclassroom,No,80_18,ver,simple-finite
80,19,2018,Osnabrück,UA,female,26,English,recoge al bebe  acuesta al bebe en el wagón,NA,agent,MC,D,NA,GI,Y,6,nullsub,DE_WR_42_26_9_14_SK,97.7,No,16,9,Yes,20,Outsideclassroom,No,80_19,recoger,simple-finite
80,2,2018,Osnabrück,UA,female,26,English,Chaplin halla a un bebe abandonado en la calle.,PRE,agent,MC,D,DEF,NE,N,6,dp,DE_WR_42_26_9_14_SK,97.7,No,16,9,Yes,20,Outsideclassroom,No,80_2,hallar,simple-finite
80,20,2018,Osnabrück,UA,female,26,English,y huye.,NA,agent,MC,D,NA,GI,Y,6,nullsub,DE_WR_42_26_9_14_SK,97.7,No,16,9,Yes,20,Outsideclassroom,No,80_20,huír,simple-finite
80,21,2018,Osnabrück,UA,female,26,English,En su camino cruza con un señor mayor,NA,agent,MC,D,NA,GI,Y,6,nullsub,DE_WR_42_26_9_14_SK,97.7,No,16,9,Yes,20,Outsideclassroom,No,80_21,cruzar,simple-finite
80,22,2018,Osnabrück,UA,female,26,English,y le pide tomar al bebe,NA,agent,MC,D,NA,GI,Y,6,nullsub,DE_WR_42_26_9_14_SK,97.7,No,16,9,Yes,20,Outsideclassroom,No,80_22,pedir,simple-finite
80,24,2018,Osnabrück,UA,female,26,English,Justo en este momento se echa a correr,NA,agent,MC,D,NA,GI,Y,6,nullsub,DE_WR_42_26_9_14_SK,97.7,No,16,9,Yes,20,Outsideclassroom,No,80_24,correr,simple-finite
80,25,2018,Osnabrück,UA,female,26,English,y se esconde,NA,agent,MC,D,NA,GI,Y,6,nullsub,DE_WR_42_26_9_14_SK,97.7,No,16,9,Yes,20,Outsideclassroom,No,80_25,esconder,simple-finite
80,26,2018,Osnabrück,UA,female,26,English,para que el señor no le encuentre.,PRE,agent,SC,D,DEF,GI,N,6,dp,DE_WR_42_26_9_14_SK,97.7,No,16,9,Yes,20,Outsideclassroom,No,80_26,encontrar,simple-finite
80,27,2018,Osnabrück,UA,female,26,English,"Como quiere alejarse del niño,",NA,agent,SC,D,NA,GI,Y,6,nullsub,DE_WR_42_26_9_14_SK,97.7,No,16,9,Yes,20,Outsideclassroom,No,80_27,alejar,modal
80,28,2018,Osnabrück,UA,female,26,English,"el mayor ve el wagón de la mujer anterior delante de una tienda de zapatero,",PRE,pacient,MC,D,DEF,GI,Y,6,dp,DE_WR_42_26_9_14_SK,97.7,No,16,9,Yes,20,Outsideclassroom,No,80_28,ver,simple-finite
80,29,2018,Osnabrück,UA,female,26,English,", y tal como lo hizo Chaplin,",POST,agent,SC,D,DEF,GI,N,6,dp,DE_WR_42_26_9_14_SK,97.7,No,16,9,Yes,20,Outsideclassroom,No,80_29,hacer,simple-finite
80,3,2018,Osnabrück,UA,female,26,English,"En este momento, una mujer con un wagón de bebe pasa por la ruina.",PRE,pacient,MC,D,INDEF,NE,N,6,dp,DE_WR_42_26_9_14_SK,97.7,No,16,9,Yes,20,Outsideclassroom,No,80_3,pasar,simple-finite
80,30,2018,Osnabrück,UA,female,26,English,"En este momento, Chaplin, […] pasa por la tienda",PRE,pacient,MC,D,DEF,GI,Y,6,dp,DE_WR_42_26_9_14_SK,97.7,No,16,9,Yes,20,Outsideclassroom,No,80_30,pasar,simple-finite
80,31,2018,Osnabrück,UA,female,26,English,quien está cierto,PRE,pacient,SC,D,DEF,GI,Y,6,dp,DE_WR_42_26_9_14_SK,97.7,No,16,9,Yes,20,Outsideclassroom,No,80_31,estar,simple-finite
80,32,2018,Osnabrück,UA,female,26,English,"de que el problema se ha solucionado,",PRE,agent,SC,D,DEF,NE,N,6,dp,DE_WR_42_26_9_14_SK,97.7,No,16,9,Yes,20,Outsideclassroom,No,80_32,solucionar,simple-finite
80,33,2018,Osnabrück,UA,female,26,English,cuando la mujer aparece.,PRE,pacient,SC,D,DEF,GI,N,6,dp,DE_WR_42_26_9_14_SK,97.7,No,16,9,Yes,20,Outsideclassroom,No,80_33,aparecer,simple-finite
80,35,2018,Osnabrück,UA,female,26,English,"que Chaplin repitió su crimen de dejar al bebe en su wagón,",PRE,agent,SC,D,DEF,GI,N,6,dp,DE_WR_42_26_9_14_SK,97.7,No,16,9,Yes,20,Outsideclassroom,No,80_35,repetir,simple-finite
80,36,2018,Osnabrück,UA,female,26,English,"se pone furiosa,",NA,agent,MC,D,NA,GI,N,6,nullsub,DE_WR_42_26_9_14_SK,97.7,No,16,9,Yes,20,Outsideclassroom,No,80_36,poner,simple-finite
80,37,2018,Osnabrück,UA,female,26,English,se le acerca,NA,agent,MC,D,NA,GI,Y,6,nullsub,DE_WR_42_26_9_14_SK,97.7,No,16,9,Yes,20,Outsideclassroom,No,80_37,acercar,simple-finite
80,38,2018,Osnabrück,UA,female,26,English,y le da golpes a Chaplin con su paraguas.,NA,agent,MC,D,NA,GI,Y,6,nullsub,DE_WR_42_26_9_14_SK,97.7,No,16,9,Yes,20,Outsideclassroom,No,80_38,dar,simple-finite
80,39,2018,Osnabrück,UA,female,26,English,El policía [...] se da cuenta de la discusión entre los dos,PRE,pacient,MC,D,DEF,GI,N,6,dp,DE_WR_42_26_9_14_SK,97.7,No,16,9,Yes,20,Outsideclassroom,No,80_39,darse ,periphrasis-lexical
80,4,2018,Osnabrück,UA,female,26,English,"Chaplin se acerca al wagón,",PRE,agent,MC,D,DEF,GI,N,6,dp,DE_WR_42_26_9_14_SK,97.7,No,16,9,Yes,20,Outsideclassroom,No,80_4,acercarse,simple-finite
80,40,2018,Osnabrück,UA,female,26,English,que observó a Chaplin en la escena anterior,PRE,agent,SC,D,DEF,GI,Y,6,pron,DE_WR_42_26_9_14_SK,97.7,No,16,9,Yes,20,Outsideclassroom,No,80_40,observar,simple-finite
80,41,2018,Osnabrück,UA,female,26,English,e intenta llegar a saber,NA,agent,MC,D,NA,GI,Y,6,nullsub,DE_WR_42_26_9_14_SK,97.7,No,16,9,Yes,20,Outsideclassroom,No,80_41,intentar,simple-finite
80,42,2018,Osnabrück,UA,female,26,English,lo que pasó.,PRE,pacient,SC,I,DEF,NE,N,6,pron,DE_WR_42_26_9_14_SK,97.7,No,16,9,Yes,20,Outsideclassroom,No,80_42,pasar,simple-finite
80,43,2018,Osnabrück,UA,female,26,English,"Chaplin toma al bebe,",PRE,agent,MC,D,DEF,GI,N,6,dp,DE_WR_42_26_9_14_SK,97.7,No,16,9,Yes,20,Outsideclassroom,No,80_43,tomar,simple-finite
80,44,2018,Osnabrück,UA,female,26,English,y se sienta en el borde de la acera,NA,agent,MC,D,NA,GI,Y,6,nullsub,DE_WR_42_26_9_14_SK,97.7,No,16,9,Yes,20,Outsideclassroom,No,80_44,sentar,simple-finite
80,46,2018,Osnabrück,UA,female,26,English,"De repente encuentra un papel en la ropa del bebe,",NA,agent,MC,D,NA,GI,N,6,nullsub,DE_WR_42_26_9_14_SK,97.7,No,16,9,Yes,20,Outsideclassroom,No,80_46,encontrar,simple-finite
80,48,2018,Osnabrück,UA,female,26,English,que ame y que cuide bien a este orfanato.,NA,agent,SC,IM,NA,GI,N,6,nullsub,DE_WR_42_26_9_14_SK,97.7,No,16,9,Yes,20,Outsideclassroom,No,80_48,amar,simple-finite
80,49,2018,Osnabrück,UA,female,26,English,"Al final, se aleja con el niño.",NA,agent,MC,D,NA,GI,Y,6,nullsub,DE_WR_42_26_9_14_SK,97.7,No,16,9,Yes,20,Outsideclassroom,No,80_49,alejar,simple-finite
80,6,2018,Osnabrück,UA,female,26,English,que el bebe abandonado le pertenece a la mujer.,PRE,pacient,SC,D,DEF,GI,N,6,dp,DE_WR_42_26_9_14_SK,97.7,No,16,9,Yes,20,Outsideclassroom,No,80_6,pertenecer,simple-finite
80,7,2018,Osnabrück,UA,female,26,English,Chaplin le acuesta en el wagón,PRE,agent,MC,D,DEF,GI,N,6,dp,DE_WR_42_26_9_14_SK,97.7,No,16,9,Yes,20,Outsideclassroom,No,80_7,acostar,simple-finite
80,8,2018,Osnabrück,UA,female,26,English,"cuando la madre se acerca ,",PRE,agent,SC,D,DEF,GI,N,6,dp,DE_WR_42_26_9_14_SK,97.7,No,16,9,Yes,20,Outsideclassroom,No,80_8,acercarse,simple-finite
80,9,2018,Osnabrück,UA,female,26,English,furiosa de que le haya puesto un bebe desconocido en el wagón.,NA,agent,SC,D,NA,GI,Y,6,nullsub,DE_WR_42_26_9_14_SK,97.7,No,16,9,Yes,20,Outsideclassroom,No,80_9,poner,simple-finite
81,1,2019,Frankfurt,UA,male,23,English,"El videoclip trata de un hombre llamado Charles Chaplin,",PRE,agent,MC,D,DEF,NE,N,6,dp,DE_WR_43_23_9_14_AH,100,No,14,9,Yes,25,Outsideclassroom,No,81_1,tratar,periphrasis-lexical
81,11,2019,Frankfurt,UA,male,23,English,"Entre tanto, también se quita sus guantes",NA,agent,MC,D,NA,GI,Y,6,nullsub,DE_WR_43_23_9_14_AH,100,No,14,9,Yes,25,Outsideclassroom,No,81_11,quitarse,simple-finite
81,12,2019,Frankfurt,UA,male,23,English,que desecha en un cubo de basura.,NA,agent,SC,D,NA,GI,Y,6,nullsub,DE_WR_43_23_9_14_AH,100,No,14,9,Yes,25,Outsideclassroom,No,81_12,desechar,simple-finite
81,13,2019,Frankfurt,UA,male,23,English,"A continuación, encuentra a un bebé en el suelo,",NA,agent,MC,D,NA,GI,Y,6,nullsub,DE_WR_43_23_9_14_AH,100,No,14,9,Yes,25,Outsideclassroom,No,81_13,encontrar,simple-finite
81,14,2019,Frankfurt,UA,male,23,English,lo recoge,NA,agent,MC,D,NA,GI,Y,6,nullsub,DE_WR_43_23_9_14_AH,100,No,14,9,Yes,25,Outsideclassroom,No,81_14,recoger,simple-finite
81,15,2019,Frankfurt,UA,male,23,English,y lo pone en un cochecito con otro bebé.,NA,agent,MC,D,NA,GI,Y,6,nullsub,DE_WR_43_23_9_14_AH,100,No,14,9,Yes,25,Outsideclassroom,No,81_15,poner,simple-finite
81,16,2019,Frankfurt,UA,male,23,English,"Cuando la madre se da cuenta,",PRE,pacient,SC,D,DEF,NE,N,6,dp,DE_WR_43_23_9_14_AH,100,No,14,9,Yes,25,Outsideclassroom,No,81_16,darse ,periphrasis-lexical
81,18,2019,Frankfurt,UA,male,23,English,y Chaplin tiene que llevarse al bebé otra vez.,PRE,pacient,MC,D,DEF,GI,N,6,dp,DE_WR_43_23_9_14_AH,100,No,14,9,Yes,25,Outsideclassroom,No,81_18,llevarse,modal
81,19,2019,Frankfurt,UA,male,23,English,Decide regresar al sitio,NA,agent,MC,D,NA,GI,Y,6,nullsub,DE_WR_43_23_9_14_AH,100,No,14,9,Yes,25,Outsideclassroom,No,81_19,decidir,infinitive
81,2,2019,Frankfurt,UA,male,23,English,quien pasea por un callejón,PRE,agent,SC,D,DEF,GI,N,6,pron,DE_WR_43_23_9_14_AH,100,No,14,9,Yes,25,Outsideclassroom,No,81_2,pasear,simple-finite
81,20,2019,Frankfurt,UA,male,23,English,donde lo ha encontrado,NA,agent,SC,D,NA,GI,Y,6,nullsub,DE_WR_43_23_9_14_AH,100,No,14,9,Yes,25,Outsideclassroom,No,81_20,encontrar,simple-finite
81,21,2019,Frankfurt,UA,male,23,English,y lo pone en el suelo.,NA,agent,MC,D,NA,GI,Y,6,nullsub,DE_WR_43_23_9_14_AH,100,No,14,9,Yes,25,Outsideclassroom,No,81_21,poner,simple-finite
81,22,2019,Frankfurt,UA,male,23,English,"Sin embargo, un guardia observa esto.",PRE,agent,MC,D,INDEF,NE,N,6,dp,DE_WR_43_23_9_14_AH,100,No,14,9,Yes,25,Outsideclassroom,No,81_22,observar,simple-finite
81,23,2019,Frankfurt,UA,male,23,English,"Por eso, Chaplin vuelve a recogerlo del suelo",PRE,agent,MC,D,DEF,GI,N,6,dp,DE_WR_43_23_9_14_AH,100,No,14,9,Yes,25,Outsideclassroom,No,81_23,recoger,periphrasis-lexical
81,24,2019,Frankfurt,UA,male,23,English,y lo lleva consigo,NA,pacient,MC,D,NA,GI,Y,6,nullsub,DE_WR_43_23_9_14_AH,100,No,14,9,Yes,25,Outsideclassroom,No,81_24,llevar,simple-finite
81,26,2019,Frankfurt,UA,male,23,English,al que se lo da.,NA,agent,SC,D,NA,GI,Y,6,nullsub,DE_WR_43_23_9_14_AH,100,No,14,9,Yes,25,Outsideclassroom,No,81_26,dar,simple-finite
81,27,2019,Frankfurt,UA,male,23,English,"En seguida, se va corriendo",NA,agent,MC,D,NA,GI,Y,6,nullsub,DE_WR_43_23_9_14_AH,100,No,14,9,Yes,25,Outsideclassroom,No,81_27,ir,periphrasis-gerund
81,28,2019,Frankfurt,UA,male,23,English,y se esconde en una sala al lado del lugar,NA,agent,MC,D,NA,GI,Y,6,nullsub,DE_WR_43_23_9_14_AH,100,No,14,9,Yes,25,Outsideclassroom,No,81_28,esconderse,simple-finite
81,29,2019,Frankfurt,UA,male,23,English,donde ha encontrado al bebé.,NA,agent,SC,D,NA,GI,Y,6,nullsub,DE_WR_43_23_9_14_AH,100,No,14,9,Yes,25,Outsideclassroom,No,81_29,encontrar,simple-finite
81,30,2019,Frankfurt,UA,male,23,English,"El hombre viejo, en cambio, no sabe",PRE,agent,MC,D,DEF,GI,N,6,dp,DE_WR_43_23_9_14_AH,100,No,14,9,Yes,25,Outsideclassroom,No,81_30,saber,simple-finite
81,32,2019,Frankfurt,UA,male,23,English,de ahí que lo ponga en un cochecito delante de una tienda,NA,agent,MC,D,NA,GI,Y,6,nullsub,DE_WR_43_23_9_14_AH,100,No,14,9,Yes,25,Outsideclassroom,No,81_32,poner,simple-finite
81,34,2019,Frankfurt,UA,male,23,English,y se eche a huir.,NA,agent,MC,D,NA,GI,Y,6,nullsub,DE_WR_43_23_9_14_AH,100,No,14,9,Yes,25,Outsideclassroom,No,81_34,huír,periphrasis-lexical
81,35,2019,Frankfurt,UA,male,23,English,"Entonces, Chaplin sale de su escondite,",PRE,agent,MC,D,DEF,GI,N,6,dp,DE_WR_43_23_9_14_AH,100,No,14,9,Yes,25,Outsideclassroom,No,81_35,salir,simple-finite
81,36,2019,Frankfurt,UA,male,23,English,choca con el guardia,NA,agent,MC,D,NA,GI,Y,6,nullsub,DE_WR_43_23_9_14_AH,100,No,14,9,Yes,25,Outsideclassroom,No,81_36,chocar,simple-finite
81,37,2019,Frankfurt,UA,male,23,English,y se da la vuelta hacia la calle.,NA,agent,MC,D,NA,GI,Y,6,nullsub,DE_WR_43_23_9_14_AH,100,No,14,9,Yes,25,Outsideclassroom,No,81_37,darse,periphrasis-lexical
81,38,2019,Frankfurt,UA,male,23,English,"Al mismo tiempo, la misma madre sale de una tienda para mirar por su bebé",PRE,agent,MC,D,DEF,GI,N,6,dp,DE_WR_43_23_9_14_AH,100,No,14,9,Yes,25,Outsideclassroom,No,81_38,salir,simple-finite
81,39,2019,Frankfurt,UA,male,23,English,y nota al otro bebé.,NA,pacient,MC,D,NA,GI,Y,6,nullsub,DE_WR_43_23_9_14_AH,100,No,14,9,Yes,25,Outsideclassroom,No,81_39,notar,simple-finite
81,4,2019,Frankfurt,UA,male,23,English,y tiene que evitar la basura tirada por la ventana de la primera planta de un edificio.,NA,agent,MC,D,NA,GI,Y,6,nullsub,DE_WR_43_23_9_14_AH,100,No,14,9,Yes,25,Outsideclassroom,No,81_4,evitar,modal
81,40,2019,Frankfurt,UA,male,23,English,Cuando de repente la mujer ve a Chaplin,PRE,pacient,SC,D,DEF,GI,Y,6,dp,DE_WR_43_23_9_14_AH,100,No,14,9,Yes,25,Outsideclassroom,No,81_40,ver,simple-finite
81,42,2019,Frankfurt,UA,male,23,English,"lo persigue,",NA,agent,MC,D,NA,GI,N,6,nullsub,DE_WR_43_23_9_14_AH,100,No,14,9,Yes,25,Outsideclassroom,No,81_42,perseguir,simple-finite
81,43,2019,Frankfurt,UA,male,23,English,lo tumba con su paraguas,NA,agent,MC,D,NA,GI,Y,6,nullsub,DE_WR_43_23_9_14_AH,100,No,14,9,Yes,25,Outsideclassroom,No,81_43,tumbar,simple-finite
81,44,2019,Frankfurt,UA,male,23,English,y lo lleva a su cochecito,NA,pacient,MC,D,NA,GI,Y,6,nullsub,DE_WR_43_23_9_14_AH,100,No,14,9,Yes,25,Outsideclassroom,No,81_44,llevar,simple-finite
81,45,2019,Frankfurt,UA,male,23,English,donde discuten de tal modo,NA,agent,SC,D,NA,GI,N,6,nullsub,DE_WR_43_23_9_14_AH,100,No,14,9,Yes,25,Outsideclassroom,No,81_45,discutir,simple-finite
81,46,2019,Frankfurt,UA,male,23,English,que aparece el guardia,POST,pacient,SC,D,DEF,GI,N,6,dp,DE_WR_43_23_9_14_AH,100,No,14,9,Yes,25,Outsideclassroom,No,81_46,aparecer,simple-finite
81,47,2019,Frankfurt,UA,male,23,English,y Chaplin se va junto con el bebé.,PRE,agent,MC,D,DEF,GI,N,6,dp,DE_WR_43_23_9_14_AH,100,No,14,9,Yes,25,Outsideclassroom,No,81_47,irse,simple-finite
81,48,2019,Frankfurt,UA,male,23,English,"Después, se sienta, un poco más lejos, en el margen de la calle",NA,agent,MC,D,NA,GI,Y,6,nullsub,DE_WR_43_23_9_14_AH,100,No,14,9,Yes,25,Outsideclassroom,No,81_48,sentarse,simple-finite
81,49,2019,Frankfurt,UA,male,23,English,y piensa deshacerse del bebé,NA,agent,MC,D,NA,GI,Y,6,nullsub,DE_WR_43_23_9_14_AH,100,No,14,9,Yes,25,Outsideclassroom,No,81_49,pensar,infinitive
81,5,2019,Frankfurt,UA,male,23,English,"La primera vez, tiene suerte,",NA,pacient,MC,D,NA,GI,Y,6,nullsub,DE_WR_43_23_9_14_AH,100,No,14,9,Yes,25,Outsideclassroom,No,81_5,tener,simple-finite
81,51,2019,Frankfurt,UA,male,23,English,pero lo deja.,NA,agent,MC,D,NA,GI,Y,6,nullsub,DE_WR_43_23_9_14_AH,100,No,14,9,Yes,25,Outsideclassroom,No,81_51,dejar,simple-finite
81,52,2019,Frankfurt,UA,male,23,English,"Al final, encuentra un papelito con el ruego de cuidar del huérfano en el pañuelo",NA,agent,MC,D,NA,GI,Y,6,nullsub,DE_WR_43_23_9_14_AH,100,No,14,9,Yes,25,Outsideclassroom,No,81_52,encontrar,simple-finite
81,53,2019,Frankfurt,UA,male,23,English,en el que está envuelto el bebé.,POST,pacient,SC,D,DEF,GI,Y,6,dp,DE_WR_43_23_9_14_AH,100,No,14,9,Yes,25,Outsideclassroom,No,81_53,estar,simple-finite
81,55,2019,Frankfurt,UA,male,23,English,"Chaplin mira al bebé,",PRE,agent,MC,D,DEF,GI,N,6,dp,DE_WR_43_23_9_14_AH,100,No,14,9,Yes,25,Outsideclassroom,No,81_55,mirar,simple-finite
81,56,2019,Frankfurt,UA,male,23,English,le sonríe,NA,agent,MC,D,NA,GI,Y,6,nullsub,DE_WR_43_23_9_14_AH,100,No,14,9,Yes,25,Outsideclassroom,No,81_56,sonreír,simple-finite
81,57,2019,Frankfurt,UA,male,23,English,y se lo lleva.,NA,agent,MC,D,NA,GI,Y,6,nullsub,DE_WR_43_23_9_14_AH,100,No,14,9,Yes,25,Outsideclassroom,No,81_57,llevarse,simple-finite
81,6,2019,Frankfurt,UA,male,23,English,"mientras que poco después la basura cae sobre él,",PRE,pacient,SC,D,DEF,GI,N,6,dp,DE_WR_43_23_9_14_AH,100,No,14,9,Yes,25,Outsideclassroom,No,81_6,caer,simple-finite
81,7,2019,Frankfurt,UA,male,23,English,por lo cual comienza a maldecir.,NA,agent,SC,D,NA,GI,N,6,nullsub,DE_WR_43_23_9_14_AH,100,No,14,9,Yes,25,Outsideclassroom,No,81_7,comenzar,simple-finite
81,8,2019,Frankfurt,UA,male,23,English,"Luego, saca un cigarro de una cajita",NA,agent,MC,D,NA,GI,Y,6,nullsub,DE_WR_43_23_9_14_AH,100,No,14,9,Yes,25,Outsideclassroom,No,81_8,sacar,simple-finite
81,9,2019,Frankfurt,UA,male,23,English,"y lo enciende con un fósforo,",NA,agent,MC,D,NA,GI,Y,6,nullsub,DE_WR_43_23_9_14_AH,100,No,14,9,Yes,25,Outsideclassroom,No,81_9,encender,simple-finite
82,1,2018,Hamburg,UA,female,29,English,Charlie Chaplin está caminando entre unas casas.,PRE,agent,MC,D,DEF,NE,N,6,dp,DE_WR_43_29_7_14_KP,100,No,16,7,Yes,20,Outsideclassroom,No,82_1,caminar,periphrasis-gerund
82,10,2018,Hamburg,UA,female,29,English,"y le grita ""awkward ass"" a la persona.",NA,agent,MC,D,NA,GI,Y,6,nullsub,DE_WR_43_29_7_14_KP,100,No,16,7,Yes,20,Outsideclassroom,No,82_10,gritar,simple-finite
82,11,2018,Hamburg,UA,female,29,English,Luego Charlie saca una cajilla con cigarillos,PRE,agent,MC,D,DEF,GI,Y,6,dp,DE_WR_43_29_7_14_KP,100,No,16,7,Yes,20,Outsideclassroom,No,82_11,sacar,simple-finite
82,12,2018,Hamburg,UA,female,29,English,y para calmarse se enciende un nuevo pitillo.,NA,agent,MC,D,NA,GI,Y,6,nullsub,DE_WR_43_29_7_14_KP,100,No,16,7,Yes,20,Outsideclassroom,No,82_12,encenderse,simple-finite
82,14,2018,Hamburg,UA,female,29,English,se quita sus guantes,NA,agent,MC,D,NA,GI,Y,6,nullsub,DE_WR_43_29_7_14_KP,100,No,16,7,Yes,20,Outsideclassroom,No,82_14,quitarse,simple-finite
82,15,2018,Hamburg,UA,female,29,English,y luego ya no se las pone,NA,agent,MC,D,NA,GI,Y,6,nullsub,DE_WR_43_29_7_14_KP,100,No,16,7,Yes,20,Outsideclassroom,No,82_15,ponerse,simple-finite
82,16,2018,Hamburg,UA,female,29,English,sino las tira en un bote de basura a su lado.,NA,agent,SC,D,NA,GI,Y,6,nullsub,DE_WR_43_29_7_14_KP,100,No,16,7,Yes,20,Outsideclassroom,No,82_16,tirar,simple-finite
82,17,2018,Hamburg,UA,female,29,English,Ya más calmado da la vuelta y de forma inesperada encuentra a un bebé en el suelo a un lado de otros botes.,NA,agent,MC,D,NA,GI,Y,6,nullsub,DE_WR_43_29_7_14_KP,100,No,16,7,Yes,20,Outsideclassroom,No,82_17,encontrar,simple-finite
82,18,2018,Hamburg,UA,female,29,English,El bebé está llorando,PRE,agent,MC,D,DEF,GI,N,6,dp,DE_WR_43_29_7_14_KP,100,No,16,7,Yes,20,Outsideclassroom,No,82_18,llorar,periphrasis-gerund
82,19,2018,Hamburg,UA,female,29,English,y Charlie no sabe,PRE,agent,MC,D,DEF,GI,N,6,dp,DE_WR_43_29_7_14_KP,100,No,16,7,Yes,20,Outsideclassroom,No,82_19,saber,simple-finite
82,2,2018,Hamburg,UA,female,29,English,De repente algiuen está tirando basura o piedras desde el primer piso de un edificio.,PRE,agent,MC,D,INDEF,NE,N,6,pron,DE_WR_43_29_7_14_KP,100,No,16,7,Yes,20,Outsideclassroom,No,82_2,tirar,periphrasis-gerund
82,21,2018,Hamburg,UA,female,29,English,Lo agarra,NA,agent,MC,D,NA,GI,Y,6,nullsub,DE_WR_43_29_7_14_KP,100,No,16,7,Yes,20,Outsideclassroom,No,82_21,agarrar,simple-finite
82,22,2018,Hamburg,UA,female,29,English,y se pregunta,NA,agent,MC,D,NA,GI,Y,6,nullsub,DE_WR_43_29_7_14_KP,100,No,16,7,Yes,20,Outsideclassroom,No,82_22,preguntarse,simple-finite
82,23,2018,Hamburg,UA,female,29,English,de dónde ha salido esa criatura tan pequeña.,POST,agent,SC,I,DEF,GI,N,6,dp,DE_WR_43_29_7_14_KP,100,No,16,7,Yes,20,Outsideclassroom,No,82_23,salir,simple-finite
82,25,2018,Hamburg,UA,female,29,English,Charlie piensa,PRE,agent,MC,D,DEF,GI,Y,6,dp,DE_WR_43_29_7_14_KP,100,No,16,7,Yes,20,Outsideclassroom,No,82_25,pensar,simple-finite
82,26,2018,Hamburg,UA,female,29,English,que debe de ser la mamá del bebé.,POST,pacient,SC,D,DEF,GI,N,6,dp,DE_WR_43_29_7_14_KP,100,No,16,7,Yes,20,Outsideclassroom,No,82_26,ser,modal
82,27,2018,Hamburg,UA,female,29,English,Por lo mismo se acerca a ella,NA,agent,MC,D,NA,GI,N,6,nullsub,DE_WR_43_29_7_14_KP,100,No,16,7,Yes,20,Outsideclassroom,No,82_27,acercarse,simple-finite
82,28,2018,Hamburg,UA,female,29,English,y le mete el bebé al carrito.,NA,agent,MC,D,NA,GI,Y,6,nullsub,DE_WR_43_29_7_14_KP,100,No,16,7,Yes,20,Outsideclassroom,No,82_28,meter,simple-finite
82,29,2018,Hamburg,UA,female,29,English,La señora empieza a quejarse,PRE,agent,MC,D,DEF,GI,N,6,dp,DE_WR_43_29_7_14_KP,100,No,16,7,Yes,20,Outsideclassroom,No,82_29,quejarse,periphrasis-lexical
82,3,2018,Hamburg,UA,female,29,English,Charlie está sorprendido,PRE,pacient,MC,D,DEF,GI,N,6,dp,DE_WR_43_29_7_14_KP,100,No,16,7,Yes,20,Outsideclassroom,No,82_3,estar,simple-finite
82,30,2018,Hamburg,UA,female,29,English,ya que ya tiene otro bebé en la carreola,NA,pacient,SC,D,NA,GI,Y,6,nullsub,DE_WR_43_29_7_14_KP,100,No,16,7,Yes,20,Outsideclassroom,No,82_30,tener,simple-finite
82,31,2018,Hamburg,UA,female,29,English,y le dice a Charlie,NA,agent,MC,D,NA,GI,Y,6,nullsub,DE_WR_43_29_7_14_KP,100,No,16,7,Yes,20,Outsideclassroom,No,82_31,decir,simple-finite
82,32,2018,Hamburg,UA,female,29,English,que no es lo suyo.,NA,pacient,SC,D,NA,GI,N,6,nullsub,DE_WR_43_29_7_14_KP,100,No,16,7,Yes,20,Outsideclassroom,No,82_32,ser,simple-finite
82,33,2018,Hamburg,UA,female,29,English,Charlie toma el bebé,PRE,agent,MC,D,DEF,GI,N,6,dp,DE_WR_43_29_7_14_KP,100,No,16,7,Yes,20,Outsideclassroom,No,82_33,tomar,simple-finite
82,34,2018,Hamburg,UA,female,29,English,y como no sabe,NA,agent,SC,D,NA,GI,Y,6,nullsub,DE_WR_43_29_7_14_KP,100,No,16,7,Yes,20,Outsideclassroom,No,82_34,saber,simple-finite
82,35,2018,Hamburg,UA,female,29,English,de quién ni de dónde es,NA,pacient,SC,I,NA,GI,N,6,nullsub,DE_WR_43_29_7_14_KP,100,No,16,7,Yes,20,Outsideclassroom,No,82_35,ser,simple-finite
82,36,2018,Hamburg,UA,female,29,English,lo regresa al lugar,NA,agent,MC,D,NA,GI,Y,6,nullsub,DE_WR_43_29_7_14_KP,100,No,16,7,Yes,20,Outsideclassroom,No,82_36,regresar,simple-finite
82,37,2018,Hamburg,UA,female,29,English,donde lo había encontrado.,NA,agent,SC,D,NA,GI,Y,6,nullsub,DE_WR_43_29_7_14_KP,100,No,16,7,Yes,20,Outsideclassroom,No,82_37,encontrar,simple-finite
82,38,2018,Hamburg,UA,female,29,English,Justamente es ese momento le obersva un guardia,POST,agent,MC,D,INDEF,NE,N,6,dp,DE_WR_43_29_7_14_KP,100,No,16,7,Yes,20,Outsideclassroom,No,82_38,observar,simple-finite
82,39,2018,Hamburg,UA,female,29,English,y Charlie se da cuenta,PRE,pacient,MC,D,DEF,GI,N,6,dp,DE_WR_43_29_7_14_KP,100,No,16,7,Yes,20,Outsideclassroom,No,82_39,darse ,periphrasis-lexical
82,4,2018,Hamburg,UA,female,29,English,y por lo mismo sigue caminando adelante rápidamente.,NA,agent,MC,D,NA,GI,Y,6,nullsub,DE_WR_43_29_7_14_KP,100,No,16,7,Yes,20,Outsideclassroom,No,82_4,caminar,periphrasis-gerund
82,40,2018,Hamburg,UA,female,29,English,que no puede dejarlo en la calle,NA,agent,SC,D,NA,GI,Y,6,nullsub,DE_WR_43_29_7_14_KP,100,No,16,7,Yes,20,Outsideclassroom,No,82_40,dejar,modal
82,41,2018,Hamburg,UA,female,29,English,Lo agarra,NA,agent,MC,D,NA,GI,Y,6,nullsub,DE_WR_43_29_7_14_KP,100,No,16,7,Yes,20,Outsideclassroom,No,82_41,agarrar,simple-finite
82,42,2018,Hamburg,UA,female,29,English,y se va camindo.,NA,agent,MC,D,NA,GI,Y,6,nullsub,DE_WR_43_29_7_14_KP,100,No,16,7,Yes,20,Outsideclassroom,No,82_42,ir,periphrasis-gerund
82,44,2018,Hamburg,UA,female,29,English,Charlie toma la oportunidad,PRE,agent,MC,D,DEF,GI,Y,6,dp,DE_WR_43_29_7_14_KP,100,No,16,7,Yes,20,Outsideclassroom,No,82_44,tomar,simple-finite
82,45,2018,Hamburg,UA,female,29,English,y le pregunta al señor,NA,agent,MC,D,NA,GI,Y,6,nullsub,DE_WR_43_29_7_14_KP,100,No,16,7,Yes,20,Outsideclassroom,No,82_45,preguntar,simple-finite
82,46,2018,Hamburg,UA,female,29,English,si podría sostener un segundo al bebé,NA,agent,SC,I,NA,GI,N,6,nullsub,DE_WR_43_29_7_14_KP,100,No,16,7,Yes,20,Outsideclassroom,No,82_46,sostener,modal
82,48,2018,Hamburg,UA,female,29,English,Cuando el señor apenas lo agarra,PRE,agent,SC,D,DEF,GI,N,6,dp,DE_WR_43_29_7_14_KP,100,No,16,7,Yes,20,Outsideclassroom,No,82_48,agarrar,simple-finite
82,49,2018,Hamburg,UA,female,29,English,Charlie se va corriendo y huyendo.,PRE,agent,MC,D,DEF,GI,N,6,dp,DE_WR_43_29_7_14_KP,100,No,16,7,Yes,20,Outsideclassroom,No,82_49,ir,periphrasis-gerund
82,5,2018,Hamburg,UA,female,29,English,"Mientras camina,",NA,agent,SC,D,NA,GI,Y,6,nullsub,DE_WR_43_29_7_14_KP,100,No,16,7,Yes,20,Outsideclassroom,No,82_5,caminar,simple-finite
82,50,2018,Hamburg,UA,female,29,English,El señor con el bastón […] encuentra la misma carreola de la señora,PRE,agent,MC,D,DEF,GI,N,6,dp,DE_WR_43_29_7_14_KP,100,No,16,7,Yes,20,Outsideclassroom,No,82_50,encontrar,simple-finite
82,52,2018,Hamburg,UA,female,29,English,y se le mete al bebé.,NA,agent,MC,D,NA,GI,Y,6,nullsub,DE_WR_43_29_7_14_KP,100,No,16,7,Yes,20,Outsideclassroom,No,82_52,meter,simple-finite
82,53,2018,Hamburg,UA,female,29,English,Después Charlie pasa la señora,PRE,pacient,MC,D,DEF,GI,N,6,dp,DE_WR_43_29_7_14_KP,100,No,16,7,Yes,20,Outsideclassroom,No,82_53,pasar,simple-finite
82,54,2018,Hamburg,UA,female,29,English,y ella  [...]  le pega al Charlie con sus paraguas,PRE,agent,MC,D,DEF,GI,N,6,pron,DE_WR_43_29_7_14_KP,100,No,16,7,Yes,20,Outsideclassroom,No,82_54,pegar,simple-finite
82,57,2018,Hamburg,UA,female,29,English,En ese momento también llega el guardia otra vez,POST,pacient,MC,D,DEF,GI,N,6,dp,DE_WR_43_29_7_14_KP,100,No,16,7,Yes,20,Outsideclassroom,No,82_57,llegar,simple-finite
82,58,2018,Hamburg,UA,female,29,English,y Charlie no ve otra opción,PRE,pacient,MC,D,DEF,GI,N,6,dp,DE_WR_43_29_7_14_KP,100,No,16,7,Yes,20,Outsideclassroom,No,82_58,ver,simple-finite
82,6,2018,Hamburg,UA,female,29,English,está fumando su cigarillo.,NA,agent,MC,D,NA,GI,Y,6,nullsub,DE_WR_43_29_7_14_KP,100,No,16,7,Yes,20,Outsideclassroom,No,82_6,fumar,periphrasis-gerund
82,60,2018,Hamburg,UA,female,29,English,Otra vez no se pudo deshacerse de esa criatura chiquita.,NA,pacient,MC,D,NA,GI,Y,6,nullsub,DE_WR_43_29_7_14_KP,100,No,16,7,Yes,20,Outsideclassroom,No,82_60,deshacerse,modal
82,61,2018,Hamburg,UA,female,29,English,Ya medio desesperado se siente con el bebé en sus brazos en un andador,NA,agent,MC,D,NA,GI,Y,6,nullsub,DE_WR_43_29_7_14_KP,100,No,16,7,Yes,20,Outsideclassroom,No,82_61,sentarse,simple-finite
82,62,2018,Hamburg,UA,female,29,English,y encuentra un desagüe.,NA,agent,MC,D,NA,GI,Y,6,nullsub,DE_WR_43_29_7_14_KP,100,No,16,7,Yes,20,Outsideclassroom,No,82_62,encontrar,simple-finite
82,63,2018,Hamburg,UA,female,29,English,Pero por mala consciencia no puede dejarlo allí.,NA,agent,MC,D,NA,GI,Y,6,nullsub,DE_WR_43_29_7_14_KP,100,No,16,7,Yes,20,Outsideclassroom,No,82_63,dejar,modal
82,64,2018,Hamburg,UA,female,29,English,Luego en la ropa del bebé encuntra una nota,NA,agent,MC,D,NA,GI,Y,6,nullsub,DE_WR_43_29_7_14_KP,100,No,16,7,Yes,20,Outsideclassroom,No,82_64,encontrar,simple-finite
82,65,2018,Hamburg,UA,female,29,English,que dice,PRE,agent,SC,D,DEF,GI,N,6,pron,DE_WR_43_29_7_14_KP,100,No,16,7,Yes,20,Outsideclassroom,No,82_65,decir,simple-finite
82,67,2018,Hamburg,UA,female,29,English,"Charlie, […], se encariña con la idea,",PRE,agent,MC,D,DEF,GI,N,6,dp,DE_WR_43_29_7_14_KP,100,No,16,7,Yes,20,Outsideclassroom,No,82_67,encariñarse,simple-finite
82,68,2018,Hamburg,UA,female,29,English,responsable como es,NA,pacient,SC,D,NA,GI,Y,6,nullsub,DE_WR_43_29_7_14_KP,100,No,16,7,Yes,20,Outsideclassroom,No,82_68,ser,simple-finite
82,69,2018,Hamburg,UA,female,29,English,se lleva al bebé.,NA,pacient,MC,D,NA,GI,Y,6,nullsub,DE_WR_43_29_7_14_KP,100,No,16,7,Yes,20,Outsideclassroom,No,82_69,llevar,simple-finite
82,7,2018,Hamburg,UA,female,29,English,Ya más adelante una otra persona tira basura desde otro edificio,PRE,agent,MC,D,INDEF,NE,N,6,dp,DE_WR_43_29_7_14_KP,100,No,16,7,Yes,20,Outsideclassroom,No,82_7,tirar,simple-finite
82,70,2018,Hamburg,UA,female,29,English,Lo criará,NA,agent,MC,D,NA,GI,Y,6,nullsub,DE_WR_43_29_7_14_KP,100,No,16,7,Yes,20,Outsideclassroom,No,82_70,criar,simple-finite
82,71,2018,Hamburg,UA,female,29,English,y lo cuidará para siempre como su propio hijo.,NA,agent,MC,D,NA,GI,Y,6,nullsub,DE_WR_43_29_7_14_KP,100,No,16,7,Yes,20,Outsideclassroom,No,82_71,cuidar,simple-finite
82,8,2018,Hamburg,UA,female,29,English,y se le llega directamente a la cabeza de Charlie.,NA,agent,MC,D,NA,GI,N,6,nullsub,DE_WR_43_29_7_14_KP,100,No,16,7,Yes,20,Outsideclassroom,No,82_8,llegar,simple-finite
82,9,2018,Hamburg,UA,female,29,English,"Charlie, bien sorprendido y enojado, mira hacia arriba",PRE,agent,MC,D,DEF,GI,N,6,dp,DE_WR_43_29_7_14_KP,100,No,16,7,Yes,20,Outsideclassroom,No,82_9,mirar,simple-finite
9,1,2018,Münster,LI,female,19,English,Esto  vidéo trata de uno hombre,PRE,pacient,MC,D,DEF,NE,N,3,dp,DE_WR_27_19_1_14_AB,62.8,No,18,1,No,20,Outsideclassroom,No,9_1,tratar,simple-finite
9,10,2018,Münster,LI,female,19,English,Hombre tiene el bébé una otra vez,PRE,pacient,MC,D,DEF,GI,N,3,dp,DE_WR_27_19_1_14_AB,62.8,No,18,1,No,20,Outsideclassroom,No,9_10,tener,simple-finite
9,11,2018,Münster,LI,female,19,English,y la mujer se va.,PRE,agent,MC,D,DEF,GI,N,3,dp,DE_WR_27_19_1_14_AB,62.8,No,18,1,No,20,Outsideclassroom,No,9_11,irse,simple-finite
9,12,2018,Münster,LI,female,19,English,La policia arriba,PRE,agent,MC,D,DEF,NE,N,3,dp,DE_WR_27_19_1_14_AB,62.8,No,18,1,No,20,Outsideclassroom,No,9_12,querer,simple-finite
9,13,2018,Münster,LI,female,19,English,cuando hombre quiere metter el bébé al lado del cubo por una otra vez.,PRE,agent,SC,D,DEF,GI,N,3,dp,DE_WR_27_19_1_14_AB,62.8,No,18,1,No,20,Outsideclassroom,No,9_13,querer,simple-finite
9,14,2018,Münster,LI,female,19,English,Hombre se va,PRE,agent,MC,D,DEF,GI,Y,3,dp,DE_WR_27_19_1_14_AB,62.8,No,18,1,No,20,Outsideclassroom,No,9_14,irse,simple-finite
9,15,2018,Münster,LI,female,19,English,y da el bébé a uno otro hombre,NA,agent,MC,D,NA,GI,Y,3,nullsub,DE_WR_27_19_1_14_AB,62.8,No,18,1,No,20,Outsideclassroom,No,9_15,dar,simple-finite
9,16,2018,Münster,LI,female,19,English,y sale.,NA,agent,MC,D,NA,GI,Y,3,nullsub,DE_WR_27_19_1_14_AB,62.8,No,18,1,No,20,Outsideclassroom,No,9_16,salir,simple-finite
9,17,2018,Münster,LI,female,19,English,El otro hombre pone El bébé en una coche con el otro bébé della mujer,PRE,agent,MC,D,DEF,GI,N,3,dp,DE_WR_27_19_1_14_AB,62.8,No,18,1,No,20,Outsideclassroom,No,9_17,poner,simple-finite
9,18,2018,Münster,LI,female,19,English,y el primo hombre se camufla.,PRE,agent,MC,D,DEF,GI,N,3,dp,DE_WR_27_19_1_14_AB,62.8,No,18,1,No,20,Outsideclassroom,No,9_18,camuflar,simple-finite
9,19,2018,Münster,LI,female,19,English,"La mujer es furiosa,",PRE,pacient,MC,D,DEF,GI,N,3,dp,DE_WR_27_19_1_14_AB,62.8,No,18,1,No,20,Outsideclassroom,No,9_19,ser,simple-finite
9,2,2018,Münster,LI,female,19,English,que está fuera en un patio.,PRE,pacient,SC,D,DEF,GI,N,3,pron,DE_WR_27_19_1_14_AB,62.8,No,18,1,No,20,Outsideclassroom,No,9_2,estar,simple-finite
9,20,2018,Münster,LI,female,19,English,ve el primo hombre,NA,pacient,MC,D,NA,GI,Y,3,nullsub,DE_WR_27_19_1_14_AB,62.8,No,18,1,No,20,Outsideclassroom,No,9_20,ver,simple-finite
9,21,2018,Münster,LI,female,19,English,y le smetta con su ombrello.,NA,agent,MC,D,NA,GI,Y,3,nullsub,DE_WR_27_19_1_14_AB,62.8,No,18,1,No,20,Outsideclassroom,No,9_21,golpear,simple-finite
9,22,2018,Münster,LI,female,19,English,La policia arriba,PRE,pacient,MC,D,DEF,GI,N,3,dp,DE_WR_27_19_1_14_AB,62.8,No,18,1,No,20,Outsideclassroom,No,9_22,llegar,simple-finite
9,23,2018,Münster,LI,female,19,English,y ellos hablan.,PRE,agent,MC,D,DEF,GI,N,3,pron,DE_WR_27_19_1_14_AB,62.8,No,18,1,No,20,Outsideclassroom,No,9_23,hablar,simple-finite
9,24,2018,Münster,LI,female,19,English,Primo hombre tiene El bébé,PRE,pacient,MC,D,DEF,GI,N,3,dp,DE_WR_27_19_1_14_AB,62.8,No,18,1,No,20,Outsideclassroom,No,9_24,tener,simple-finite
9,25,2018,Münster,LI,female,19,English,y se va,NA,agent,MC,D,NA,GI,Y,3,nullsub,DE_WR_27_19_1_14_AB,62.8,No,18,1,No,20,Outsideclassroom,No,9_25,irse,simple-finite
9,26,2018,Münster,LI,female,19,English,y piensa dellas idéas por eliminar el bébé.,NA,agent,MC,D,NA,GI,Y,3,nullsub,DE_WR_27_19_1_14_AB,62.8,No,18,1,No,20,Outsideclassroom,No,9_26,pensar,simple-finite
9,27,2018,Münster,LI,female,19,English,Al fino escubre una lettera con El bébé,NA,pacient,MC,D,NA,GI,Y,3,nullsub,DE_WR_27_19_1_14_AB,62.8,No,18,1,No,20,Outsideclassroom,No,9_27,descubrir,simple-finite
9,28,2018,Münster,LI,female,19,English,que dice: [Please love and take care of this orphan Child.],PRE,agent,SC,D,DEF,GI,N,3,pron,DE_WR_27_19_1_14_AB,62.8,No,18,1,No,20,Outsideclassroom,No,9_28,decir,simple-finite
9,29,2018,Münster,LI,female,19,English,El decide de tener el bébé.,PRE,pacient,MC,D,DEF,GI,N,3,pron,DE_WR_27_19_1_14_AB,62.8,No,18,1,No,20,Outsideclassroom,No,9_29,tener,simple-finite
9,3,2018,Münster,LI,female,19,English,Aqui descubre un box con unos cigarillos,NA,pacient,MC,D,NA,GI,Y,3,nullsub,DE_WR_27_19_1_14_AB,62.8,No,18,1,No,20,Outsideclassroom,No,9_3,descubrir,simple-finite
9,4,2018,Münster,LI,female,19,English,y también descubre un bébé al lado de un cubo.,NA,pacient,MC,D,NA,GI,Y,3,nullsub,DE_WR_27_19_1_14_AB,62.8,No,18,1,No,20,Outsideclassroom,No,9_4,descubrir,simple-finite
9,5,2018,Münster,LI,female,19,English,Tiene el bébé,NA,pacient,MC,D,NA,GI,Y,3,nullsub,DE_WR_27_19_1_14_AB,62.8,No,18,1,No,20,Outsideclassroom,No,9_5,tener,simple-finite
9,6,2018,Münster,LI,female,19,English,y va a la mujer con uno otro bébé,NA,agent,MC,D,NA,GI,Y,3,nullsub,DE_WR_27_19_1_14_AB,62.8,No,18,1,No,20,Outsideclassroom,No,9_6,ir,simple-finite
9,7,2018,Münster,LI,female,19,English,"y dice: [pardon me, you dropped something“.]",NA,agent,MC,D,NA,GI,Y,3,nullsub,DE_WR_27_19_1_14_AB,62.8,No,18,1,No,20,Outsideclassroom,No,9_7,decir,simple-finite
9,8,2018,Münster,LI,female,19,English,La mujer está furiosa,PRE,pacient,MC,D,DEF,GI,N,3,dp,DE_WR_27_19_1_14_AB,62.8,No,18,1,No,20,Outsideclassroom,No,9_8,estar,simple-finite
9,9,2018,Münster,LI,female,19,English,porque no es su bébé.,POST,pacient,SC,D,DEF,GI,N,3,dp,DE_WR_27_19_1_14_AB,62.8,No,18,1,No,20,Outsideclassroom,No,9_9,ser,simple-finite
