sample,Text,Filename,Textnr,Sentence,ID,Year,Score,Proficiency,Sex,Age,Place,Languages.spoken.at.home,AgeExposureSpanish,YearsstudySpanish,AbroadSpanishCountry,ForeignLanguage,DurationTask,LocationTask,ProficiencyNr,NSLhome,NSLadditional,SubjectGenus,SubjectPosition,ClauseType,Specificity,InformationStructure,ReferentialContinuity,Subjecttype,Verb,VerbConstruction,FullText
sample,Charlie Chaplin está caminando por algunos edificios,EN_WR_10_20_1_14_RC,1,1,1_1,2017,23.3,Lower beginner,Male,20,New York City College of Technology,English,19,1,No,,30,Outside classroom,1,No,No,masc,PRE,MC,DEF,NE,N,dp,caminar,periphrasis-gerund,"Charlie Chaplin está caminando por algunos edificios cuando él consigue la basura lanzada en él y lo llaman un asno incómodo. A continuación, saca una lata que tiene cigarrillos en ellos, saca una y comienza a fumar. Mientras que fuma ve a un bebé que grita en la tierra y mira alrededor para la madre. Él ve a una mujer con un cochecito pasando, se detiene le dice ""perdóname cayó algo"" y pone al bebé en el cochecito. Ellos discuten y él toma al bebé. Charlie va a poner al bebé en el mismo lugar que él lo encontró pero un policía lo ve y lo detiene y se va con el bebé. Mientras camina con el bebé, ve a un hombre viejo y le pide que sostenga al bebé para que pueda atarse el zapato, pero acaba huyendo y se esconde. El viejo trata de seguirlo pero no puedo encontrarlo así que comienza a caminar y ve el mismo cochecito que la mujer de antes tiene y pone al bebé en el cochecito y se escapa. La mujer sale de la tienda shes en ve el segundo bebé y luego ve a Charlie caminando por lo que corre y lo golpea en la cabeza con un paraguas diciéndole que tomar el bebé de nuevo y él comienza a discutir, pero el policía se agacha tan Él toma al bebé sin más alboroto. Finalmente se sienta considera poner al bebé en la alcantarilla pero no lo hace entonces lee la nota adjunta al bebé sonríe y se va."
sample,cuando él consigue la basura lanzada en él,EN_WR_10_20_1_14_RC,1,2,1_2,2017,23.3,Lower beginner,Male,20,New York City College of Technology,English,19,1,No,,30,Outside classroom,1,No,No,masc,NA,SC,DEF,GI,Y,pron,conseguir,simple-finite,"Charlie Chaplin está caminando por algunos edificios cuando él consigue la basura lanzada en él y lo llaman un asno incómodo. A continuación, saca una lata que tiene cigarrillos en ellos, saca una y comienza a fumar. Mientras que fuma ve a un bebé que grita en la tierra y mira alrededor para la madre. Él ve a una mujer con un cochecito pasando, se detiene le dice ""perdóname cayó algo"" y pone al bebé en el cochecito. Ellos discuten y él toma al bebé. Charlie va a poner al bebé en el mismo lugar que él lo encontró pero un policía lo ve y lo detiene y se va con el bebé. Mientras camina con el bebé, ve a un hombre viejo y le pide que sostenga al bebé para que pueda atarse el zapato, pero acaba huyendo y se esconde. El viejo trata de seguirlo pero no puedo encontrarlo así que comienza a caminar y ve el mismo cochecito que la mujer de antes tiene y pone al bebé en el cochecito y se escapa. La mujer sale de la tienda shes en ve el segundo bebé y luego ve a Charlie caminando por lo que corre y lo golpea en la cabeza con un paraguas diciéndole que tomar el bebé de nuevo y él comienza a discutir, pero el policía se agacha tan Él toma al bebé sin más alboroto. Finalmente se sienta considera poner al bebé en la alcantarilla pero no lo hace entonces lee la nota adjunta al bebé sonríe y se va."
sample,y lo llaman un asno incómodo,EN_WR_10_20_1_14_RC,1,3,1_3,2017,23.3,Lower beginner,Male,20,New York City College of Technology,English,19,1,No,,30,Outside classroom,1,No,No,unknown,NA,MC,NA,NE,N,nullsub,llamar,simple-finite,"Charlie Chaplin está caminando por algunos edificios cuando él consigue la basura lanzada en él y lo llaman un asno incómodo. A continuación, saca una lata que tiene cigarrillos en ellos, saca una y comienza a fumar. Mientras que fuma ve a un bebé que grita en la tierra y mira alrededor para la madre. Él ve a una mujer con un cochecito pasando, se detiene le dice ""perdóname cayó algo"" y pone al bebé en el cochecito. Ellos discuten y él toma al bebé. Charlie va a poner al bebé en el mismo lugar que él lo encontró pero un policía lo ve y lo detiene y se va con el bebé. Mientras camina con el bebé, ve a un hombre viejo y le pide que sostenga al bebé para que pueda atarse el zapato, pero acaba huyendo y se esconde. El viejo trata de seguirlo pero no puedo encontrarlo así que comienza a caminar y ve el mismo cochecito que la mujer de antes tiene y pone al bebé en el cochecito y se escapa. La mujer sale de la tienda shes en ve el segundo bebé y luego ve a Charlie caminando por lo que corre y lo golpea en la cabeza con un paraguas diciéndole que tomar el bebé de nuevo y él comienza a discutir, pero el policía se agacha tan Él toma al bebé sin más alboroto. Finalmente se sienta considera poner al bebé en la alcantarilla pero no lo hace entonces lee la nota adjunta al bebé sonríe y se va."
sample,"A continuación, saca una lata ",EN_WR_10_20_1_14_RC,1,4,1_4,2017,23.3,Lower beginner,Male,20,New York City College of Technology,English,19,1,No,,30,Outside classroom,1,No,No,masc,NA,MC,NA,GI,N,nullsub,sacar,simple-finite,"Charlie Chaplin está caminando por algunos edificios cuando él consigue la basura lanzada en él y lo llaman un asno incómodo. A continuación, saca una lata que tiene cigarrillos en ellos, saca una y comienza a fumar. Mientras que fuma ve a un bebé que grita en la tierra y mira alrededor para la madre. Él ve a una mujer con un cochecito pasando, se detiene le dice ""perdóname cayó algo"" y pone al bebé en el cochecito. Ellos discuten y él toma al bebé. Charlie va a poner al bebé en el mismo lugar que él lo encontró pero un policía lo ve y lo detiene y se va con el bebé. Mientras camina con el bebé, ve a un hombre viejo y le pide que sostenga al bebé para que pueda atarse el zapato, pero acaba huyendo y se esconde. El viejo trata de seguirlo pero no puedo encontrarlo así que comienza a caminar y ve el mismo cochecito que la mujer de antes tiene y pone al bebé en el cochecito y se escapa. La mujer sale de la tienda shes en ve el segundo bebé y luego ve a Charlie caminando por lo que corre y lo golpea en la cabeza con un paraguas diciéndole que tomar el bebé de nuevo y él comienza a discutir, pero el policía se agacha tan Él toma al bebé sin más alboroto. Finalmente se sienta considera poner al bebé en la alcantarilla pero no lo hace entonces lee la nota adjunta al bebé sonríe y se va."
NA,que tiene cigarrillos en ellos,EN_WR_10_20_1_14_RC,1,5,1_5,2017,23.3,Lower beginner,Male,20,New York City College of Technology,English,19,1,No,,30,Outside classroom,1,No,No,,,,,,,,,,"Charlie Chaplin está caminando por algunos edificios cuando él consigue la basura lanzada en él y lo llaman un asno incómodo. A continuación, saca una lata que tiene cigarrillos en ellos, saca una y comienza a fumar. Mientras que fuma ve a un bebé que grita en la tierra y mira alrededor para la madre. Él ve a una mujer con un cochecito pasando, se detiene le dice ""perdóname cayó algo"" y pone al bebé en el cochecito. Ellos discuten y él toma al bebé. Charlie va a poner al bebé en el mismo lugar que él lo encontró pero un policía lo ve y lo detiene y se va con el bebé. Mientras camina con el bebé, ve a un hombre viejo y le pide que sostenga al bebé para que pueda atarse el zapato, pero acaba huyendo y se esconde. El viejo trata de seguirlo pero no puedo encontrarlo así que comienza a caminar y ve el mismo cochecito que la mujer de antes tiene y pone al bebé en el cochecito y se escapa. La mujer sale de la tienda shes en ve el segundo bebé y luego ve a Charlie caminando por lo que corre y lo golpea en la cabeza con un paraguas diciéndole que tomar el bebé de nuevo y él comienza a discutir, pero el policía se agacha tan Él toma al bebé sin más alboroto. Finalmente se sienta considera poner al bebé en la alcantarilla pero no lo hace entonces lee la nota adjunta al bebé sonríe y se va."
NA,saca una,EN_WR_10_20_1_14_RC,1,6,1_6,2017,23.3,Lower beginner,Male,20,New York City College of Technology,English,19,1,No,,30,Outside classroom,1,No,No,,,,,,,,,,"Charlie Chaplin está caminando por algunos edificios cuando él consigue la basura lanzada en él y lo llaman un asno incómodo. A continuación, saca una lata que tiene cigarrillos en ellos, saca una y comienza a fumar. Mientras que fuma ve a un bebé que grita en la tierra y mira alrededor para la madre. Él ve a una mujer con un cochecito pasando, se detiene le dice ""perdóname cayó algo"" y pone al bebé en el cochecito. Ellos discuten y él toma al bebé. Charlie va a poner al bebé en el mismo lugar que él lo encontró pero un policía lo ve y lo detiene y se va con el bebé. Mientras camina con el bebé, ve a un hombre viejo y le pide que sostenga al bebé para que pueda atarse el zapato, pero acaba huyendo y se esconde. El viejo trata de seguirlo pero no puedo encontrarlo así que comienza a caminar y ve el mismo cochecito que la mujer de antes tiene y pone al bebé en el cochecito y se escapa. La mujer sale de la tienda shes en ve el segundo bebé y luego ve a Charlie caminando por lo que corre y lo golpea en la cabeza con un paraguas diciéndole que tomar el bebé de nuevo y él comienza a discutir, pero el policía se agacha tan Él toma al bebé sin más alboroto. Finalmente se sienta considera poner al bebé en la alcantarilla pero no lo hace entonces lee la nota adjunta al bebé sonríe y se va."
sample,y comienza a fumar,EN_WR_10_20_1_14_RC,1,7,1_7,2017,23.3,Lower beginner,Male,20,New York City College of Technology,English,19,1,No,,30,Outside classroom,1,No,No,masc,NA,MC,NA,GI,Y,nullsub,comenzar,periphrasis-lexical,"Charlie Chaplin está caminando por algunos edificios cuando él consigue la basura lanzada en él y lo llaman un asno incómodo. A continuación, saca una lata que tiene cigarrillos en ellos, saca una y comienza a fumar. Mientras que fuma ve a un bebé que grita en la tierra y mira alrededor para la madre. Él ve a una mujer con un cochecito pasando, se detiene le dice ""perdóname cayó algo"" y pone al bebé en el cochecito. Ellos discuten y él toma al bebé. Charlie va a poner al bebé en el mismo lugar que él lo encontró pero un policía lo ve y lo detiene y se va con el bebé. Mientras camina con el bebé, ve a un hombre viejo y le pide que sostenga al bebé para que pueda atarse el zapato, pero acaba huyendo y se esconde. El viejo trata de seguirlo pero no puedo encontrarlo así que comienza a caminar y ve el mismo cochecito que la mujer de antes tiene y pone al bebé en el cochecito y se escapa. La mujer sale de la tienda shes en ve el segundo bebé y luego ve a Charlie caminando por lo que corre y lo golpea en la cabeza con un paraguas diciéndole que tomar el bebé de nuevo y él comienza a discutir, pero el policía se agacha tan Él toma al bebé sin más alboroto. Finalmente se sienta considera poner al bebé en la alcantarilla pero no lo hace entonces lee la nota adjunta al bebé sonríe y se va."
sample,Mientras que fuma,EN_WR_10_20_1_14_RC,1,8,1_8,2017,23.3,Lower beginner,Male,20,New York City College of Technology,English,19,1,No,,30,Outside classroom,1,No,No,masc,NA,SC,NA,GI,Y,nullsub,fumar,simple-finite,"Charlie Chaplin está caminando por algunos edificios cuando él consigue la basura lanzada en él y lo llaman un asno incómodo. A continuación, saca una lata que tiene cigarrillos en ellos, saca una y comienza a fumar. Mientras que fuma ve a un bebé que grita en la tierra y mira alrededor para la madre. Él ve a una mujer con un cochecito pasando, se detiene le dice ""perdóname cayó algo"" y pone al bebé en el cochecito. Ellos discuten y él toma al bebé. Charlie va a poner al bebé en el mismo lugar que él lo encontró pero un policía lo ve y lo detiene y se va con el bebé. Mientras camina con el bebé, ve a un hombre viejo y le pide que sostenga al bebé para que pueda atarse el zapato, pero acaba huyendo y se esconde. El viejo trata de seguirlo pero no puedo encontrarlo así que comienza a caminar y ve el mismo cochecito que la mujer de antes tiene y pone al bebé en el cochecito y se escapa. La mujer sale de la tienda shes en ve el segundo bebé y luego ve a Charlie caminando por lo que corre y lo golpea en la cabeza con un paraguas diciéndole que tomar el bebé de nuevo y él comienza a discutir, pero el policía se agacha tan Él toma al bebé sin más alboroto. Finalmente se sienta considera poner al bebé en la alcantarilla pero no lo hace entonces lee la nota adjunta al bebé sonríe y se va."
NA,ve a un bebé,EN_WR_10_20_1_14_RC,1,9,1_9,2017,23.3,Lower beginner,Male,20,New York City College of Technology,English,19,1,No,,30,Outside classroom,1,No,No,,,,,,,,,,"Charlie Chaplin está caminando por algunos edificios cuando él consigue la basura lanzada en él y lo llaman un asno incómodo. A continuación, saca una lata que tiene cigarrillos en ellos, saca una y comienza a fumar. Mientras que fuma ve a un bebé que grita en la tierra y mira alrededor para la madre. Él ve a una mujer con un cochecito pasando, se detiene le dice ""perdóname cayó algo"" y pone al bebé en el cochecito. Ellos discuten y él toma al bebé. Charlie va a poner al bebé en el mismo lugar que él lo encontró pero un policía lo ve y lo detiene y se va con el bebé. Mientras camina con el bebé, ve a un hombre viejo y le pide que sostenga al bebé para que pueda atarse el zapato, pero acaba huyendo y se esconde. El viejo trata de seguirlo pero no puedo encontrarlo así que comienza a caminar y ve el mismo cochecito que la mujer de antes tiene y pone al bebé en el cochecito y se escapa. La mujer sale de la tienda shes en ve el segundo bebé y luego ve a Charlie caminando por lo que corre y lo golpea en la cabeza con un paraguas diciéndole que tomar el bebé de nuevo y él comienza a discutir, pero el policía se agacha tan Él toma al bebé sin más alboroto. Finalmente se sienta considera poner al bebé en la alcantarilla pero no lo hace entonces lee la nota adjunta al bebé sonríe y se va."
sample,que grita en la tierra,EN_WR_10_20_1_14_RC,1,10,1_10,2017,23.3,Lower beginner,Male,20,New York City College of Technology,English,19,1,No,,30,Outside classroom,1,No,No,masc,NA,SC,NA,GI,N,nullsub,gritar,simple-finite,"Charlie Chaplin está caminando por algunos edificios cuando él consigue la basura lanzada en él y lo llaman un asno incómodo. A continuación, saca una lata que tiene cigarrillos en ellos, saca una y comienza a fumar. Mientras que fuma ve a un bebé que grita en la tierra y mira alrededor para la madre. Él ve a una mujer con un cochecito pasando, se detiene le dice ""perdóname cayó algo"" y pone al bebé en el cochecito. Ellos discuten y él toma al bebé. Charlie va a poner al bebé en el mismo lugar que él lo encontró pero un policía lo ve y lo detiene y se va con el bebé. Mientras camina con el bebé, ve a un hombre viejo y le pide que sostenga al bebé para que pueda atarse el zapato, pero acaba huyendo y se esconde. El viejo trata de seguirlo pero no puedo encontrarlo así que comienza a caminar y ve el mismo cochecito que la mujer de antes tiene y pone al bebé en el cochecito y se escapa. La mujer sale de la tienda shes en ve el segundo bebé y luego ve a Charlie caminando por lo que corre y lo golpea en la cabeza con un paraguas diciéndole que tomar el bebé de nuevo y él comienza a discutir, pero el policía se agacha tan Él toma al bebé sin más alboroto. Finalmente se sienta considera poner al bebé en la alcantarilla pero no lo hace entonces lee la nota adjunta al bebé sonríe y se va."
NA,y mira alrededor para la madre,EN_WR_10_20_1_14_RC,1,11,1_11,2017,23.3,Lower beginner,Male,20,New York City College of Technology,English,19,1,No,,30,Outside classroom,1,No,No,,,,,,,,,,"Charlie Chaplin está caminando por algunos edificios cuando él consigue la basura lanzada en él y lo llaman un asno incómodo. A continuación, saca una lata que tiene cigarrillos en ellos, saca una y comienza a fumar. Mientras que fuma ve a un bebé que grita en la tierra y mira alrededor para la madre. Él ve a una mujer con un cochecito pasando, se detiene le dice ""perdóname cayó algo"" y pone al bebé en el cochecito. Ellos discuten y él toma al bebé. Charlie va a poner al bebé en el mismo lugar que él lo encontró pero un policía lo ve y lo detiene y se va con el bebé. Mientras camina con el bebé, ve a un hombre viejo y le pide que sostenga al bebé para que pueda atarse el zapato, pero acaba huyendo y se esconde. El viejo trata de seguirlo pero no puedo encontrarlo así que comienza a caminar y ve el mismo cochecito que la mujer de antes tiene y pone al bebé en el cochecito y se escapa. La mujer sale de la tienda shes en ve el segundo bebé y luego ve a Charlie caminando por lo que corre y lo golpea en la cabeza con un paraguas diciéndole que tomar el bebé de nuevo y él comienza a discutir, pero el policía se agacha tan Él toma al bebé sin más alboroto. Finalmente se sienta considera poner al bebé en la alcantarilla pero no lo hace entonces lee la nota adjunta al bebé sonríe y se va."
sample,Él ve a una mujer con un cochecito pasando,EN_WR_10_20_1_14_RC,1,12,1_12,2017,23.3,Lower beginner,Male,20,New York City College of Technology,English,19,1,No,,30,Outside classroom,1,No,No,masc,PRE,MC,DEF,GI,Y,pron,ver,simple-finite,"Charlie Chaplin está caminando por algunos edificios cuando él consigue la basura lanzada en él y lo llaman un asno incómodo. A continuación, saca una lata que tiene cigarrillos en ellos, saca una y comienza a fumar. Mientras que fuma ve a un bebé que grita en la tierra y mira alrededor para la madre. Él ve a una mujer con un cochecito pasando, se detiene le dice ""perdóname cayó algo"" y pone al bebé en el cochecito. Ellos discuten y él toma al bebé. Charlie va a poner al bebé en el mismo lugar que él lo encontró pero un policía lo ve y lo detiene y se va con el bebé. Mientras camina con el bebé, ve a un hombre viejo y le pide que sostenga al bebé para que pueda atarse el zapato, pero acaba huyendo y se esconde. El viejo trata de seguirlo pero no puedo encontrarlo así que comienza a caminar y ve el mismo cochecito que la mujer de antes tiene y pone al bebé en el cochecito y se escapa. La mujer sale de la tienda shes en ve el segundo bebé y luego ve a Charlie caminando por lo que corre y lo golpea en la cabeza con un paraguas diciéndole que tomar el bebé de nuevo y él comienza a discutir, pero el policía se agacha tan Él toma al bebé sin más alboroto. Finalmente se sienta considera poner al bebé en la alcantarilla pero no lo hace entonces lee la nota adjunta al bebé sonríe y se va."
sample,se detiene,EN_WR_10_20_1_14_RC,1,13,1_13,2017,23.3,Lower beginner,Male,20,New York City College of Technology,English,19,1,No,,30,Outside classroom,1,No,No,masc,NA,MC,NA,GI,Y,nullsub,detener,simple-finite,"Charlie Chaplin está caminando por algunos edificios cuando él consigue la basura lanzada en él y lo llaman un asno incómodo. A continuación, saca una lata que tiene cigarrillos en ellos, saca una y comienza a fumar. Mientras que fuma ve a un bebé que grita en la tierra y mira alrededor para la madre. Él ve a una mujer con un cochecito pasando, se detiene le dice ""perdóname cayó algo"" y pone al bebé en el cochecito. Ellos discuten y él toma al bebé. Charlie va a poner al bebé en el mismo lugar que él lo encontró pero un policía lo ve y lo detiene y se va con el bebé. Mientras camina con el bebé, ve a un hombre viejo y le pide que sostenga al bebé para que pueda atarse el zapato, pero acaba huyendo y se esconde. El viejo trata de seguirlo pero no puedo encontrarlo así que comienza a caminar y ve el mismo cochecito que la mujer de antes tiene y pone al bebé en el cochecito y se escapa. La mujer sale de la tienda shes en ve el segundo bebé y luego ve a Charlie caminando por lo que corre y lo golpea en la cabeza con un paraguas diciéndole que tomar el bebé de nuevo y él comienza a discutir, pero el policía se agacha tan Él toma al bebé sin más alboroto. Finalmente se sienta considera poner al bebé en la alcantarilla pero no lo hace entonces lee la nota adjunta al bebé sonríe y se va."
sample,le dice [perdóname cayó algo],EN_WR_10_20_1_14_RC,1,14,1_14,2017,23.3,Lower beginner,Male,20,New York City College of Technology,English,19,1,No,,30,Outside classroom,1,No,No,masc,NA,MC,NA,GI,Y,nullsub,decir,simple-finite,"Charlie Chaplin está caminando por algunos edificios cuando él consigue la basura lanzada en él y lo llaman un asno incómodo. A continuación, saca una lata que tiene cigarrillos en ellos, saca una y comienza a fumar. Mientras que fuma ve a un bebé que grita en la tierra y mira alrededor para la madre. Él ve a una mujer con un cochecito pasando, se detiene le dice ""perdóname cayó algo"" y pone al bebé en el cochecito. Ellos discuten y él toma al bebé. Charlie va a poner al bebé en el mismo lugar que él lo encontró pero un policía lo ve y lo detiene y se va con el bebé. Mientras camina con el bebé, ve a un hombre viejo y le pide que sostenga al bebé para que pueda atarse el zapato, pero acaba huyendo y se esconde. El viejo trata de seguirlo pero no puedo encontrarlo así que comienza a caminar y ve el mismo cochecito que la mujer de antes tiene y pone al bebé en el cochecito y se escapa. La mujer sale de la tienda shes en ve el segundo bebé y luego ve a Charlie caminando por lo que corre y lo golpea en la cabeza con un paraguas diciéndole que tomar el bebé de nuevo y él comienza a discutir, pero el policía se agacha tan Él toma al bebé sin más alboroto. Finalmente se sienta considera poner al bebé en la alcantarilla pero no lo hace entonces lee la nota adjunta al bebé sonríe y se va."
sample,y pone al bebé en el cochecito,EN_WR_10_20_1_14_RC,1,15,1_15,2017,23.3,Lower beginner,Male,20,New York City College of Technology,English,19,1,No,,30,Outside classroom,1,No,No,masc,NA,MC,NA,GI,Y,nullsub,poner,simple-finite,"Charlie Chaplin está caminando por algunos edificios cuando él consigue la basura lanzada en él y lo llaman un asno incómodo. A continuación, saca una lata que tiene cigarrillos en ellos, saca una y comienza a fumar. Mientras que fuma ve a un bebé que grita en la tierra y mira alrededor para la madre. Él ve a una mujer con un cochecito pasando, se detiene le dice ""perdóname cayó algo"" y pone al bebé en el cochecito. Ellos discuten y él toma al bebé. Charlie va a poner al bebé en el mismo lugar que él lo encontró pero un policía lo ve y lo detiene y se va con el bebé. Mientras camina con el bebé, ve a un hombre viejo y le pide que sostenga al bebé para que pueda atarse el zapato, pero acaba huyendo y se esconde. El viejo trata de seguirlo pero no puedo encontrarlo así que comienza a caminar y ve el mismo cochecito que la mujer de antes tiene y pone al bebé en el cochecito y se escapa. La mujer sale de la tienda shes en ve el segundo bebé y luego ve a Charlie caminando por lo que corre y lo golpea en la cabeza con un paraguas diciéndole que tomar el bebé de nuevo y él comienza a discutir, pero el policía se agacha tan Él toma al bebé sin más alboroto. Finalmente se sienta considera poner al bebé en la alcantarilla pero no lo hace entonces lee la nota adjunta al bebé sonríe y se va."
sample,Ellos discuten,EN_WR_10_20_1_14_RC,1,16,1_16,2017,23.3,Lower beginner,Male,20,New York City College of Technology,English,19,1,No,,30,Outside classroom,1,No,No,masc,PRE,MC,DEF,GI,N,pron,discutir,simple-finite,"Charlie Chaplin está caminando por algunos edificios cuando él consigue la basura lanzada en él y lo llaman un asno incómodo. A continuación, saca una lata que tiene cigarrillos en ellos, saca una y comienza a fumar. Mientras que fuma ve a un bebé que grita en la tierra y mira alrededor para la madre. Él ve a una mujer con un cochecito pasando, se detiene le dice ""perdóname cayó algo"" y pone al bebé en el cochecito. Ellos discuten y él toma al bebé. Charlie va a poner al bebé en el mismo lugar que él lo encontró pero un policía lo ve y lo detiene y se va con el bebé. Mientras camina con el bebé, ve a un hombre viejo y le pide que sostenga al bebé para que pueda atarse el zapato, pero acaba huyendo y se esconde. El viejo trata de seguirlo pero no puedo encontrarlo así que comienza a caminar y ve el mismo cochecito que la mujer de antes tiene y pone al bebé en el cochecito y se escapa. La mujer sale de la tienda shes en ve el segundo bebé y luego ve a Charlie caminando por lo que corre y lo golpea en la cabeza con un paraguas diciéndole que tomar el bebé de nuevo y él comienza a discutir, pero el policía se agacha tan Él toma al bebé sin más alboroto. Finalmente se sienta considera poner al bebé en la alcantarilla pero no lo hace entonces lee la nota adjunta al bebé sonríe y se va."
sample,y él toma al bebé,EN_WR_10_20_1_14_RC,1,17,1_17,2017,23.3,Lower beginner,Male,20,New York City College of Technology,English,19,1,No,,30,Outside classroom,1,No,No,masc,PRE,MC,DEF,GI,N,pron,tomar,simple-finite,"Charlie Chaplin está caminando por algunos edificios cuando él consigue la basura lanzada en él y lo llaman un asno incómodo. A continuación, saca una lata que tiene cigarrillos en ellos, saca una y comienza a fumar. Mientras que fuma ve a un bebé que grita en la tierra y mira alrededor para la madre. Él ve a una mujer con un cochecito pasando, se detiene le dice ""perdóname cayó algo"" y pone al bebé en el cochecito. Ellos discuten y él toma al bebé. Charlie va a poner al bebé en el mismo lugar que él lo encontró pero un policía lo ve y lo detiene y se va con el bebé. Mientras camina con el bebé, ve a un hombre viejo y le pide que sostenga al bebé para que pueda atarse el zapato, pero acaba huyendo y se esconde. El viejo trata de seguirlo pero no puedo encontrarlo así que comienza a caminar y ve el mismo cochecito que la mujer de antes tiene y pone al bebé en el cochecito y se escapa. La mujer sale de la tienda shes en ve el segundo bebé y luego ve a Charlie caminando por lo que corre y lo golpea en la cabeza con un paraguas diciéndole que tomar el bebé de nuevo y él comienza a discutir, pero el policía se agacha tan Él toma al bebé sin más alboroto. Finalmente se sienta considera poner al bebé en la alcantarilla pero no lo hace entonces lee la nota adjunta al bebé sonríe y se va."
sample,Charlie va a poner al bebé en el mismo lugar,EN_WR_10_20_1_14_RC,1,18,1_18,2017,23.3,Lower beginner,Male,20,New York City College of Technology,English,19,1,No,,30,Outside classroom,1,No,No,masc,PRE,MC,DEF,GI,Y,dp,poner,simple-finite,"Charlie Chaplin está caminando por algunos edificios cuando él consigue la basura lanzada en él y lo llaman un asno incómodo. A continuación, saca una lata que tiene cigarrillos en ellos, saca una y comienza a fumar. Mientras que fuma ve a un bebé que grita en la tierra y mira alrededor para la madre. Él ve a una mujer con un cochecito pasando, se detiene le dice ""perdóname cayó algo"" y pone al bebé en el cochecito. Ellos discuten y él toma al bebé. Charlie va a poner al bebé en el mismo lugar que él lo encontró pero un policía lo ve y lo detiene y se va con el bebé. Mientras camina con el bebé, ve a un hombre viejo y le pide que sostenga al bebé para que pueda atarse el zapato, pero acaba huyendo y se esconde. El viejo trata de seguirlo pero no puedo encontrarlo así que comienza a caminar y ve el mismo cochecito que la mujer de antes tiene y pone al bebé en el cochecito y se escapa. La mujer sale de la tienda shes en ve el segundo bebé y luego ve a Charlie caminando por lo que corre y lo golpea en la cabeza con un paraguas diciéndole que tomar el bebé de nuevo y él comienza a discutir, pero el policía se agacha tan Él toma al bebé sin más alboroto. Finalmente se sienta considera poner al bebé en la alcantarilla pero no lo hace entonces lee la nota adjunta al bebé sonríe y se va."
sample,que él lo encontró,EN_WR_10_20_1_14_RC,1,19,1_19,2017,23.3,Lower beginner,Male,20,New York City College of Technology,English,19,1,No,,30,Outside classroom,1,No,No,masc,PRE,SC,DEF,GI,Y,pron,encontrar,simple-finite,"Charlie Chaplin está caminando por algunos edificios cuando él consigue la basura lanzada en él y lo llaman un asno incómodo. A continuación, saca una lata que tiene cigarrillos en ellos, saca una y comienza a fumar. Mientras que fuma ve a un bebé que grita en la tierra y mira alrededor para la madre. Él ve a una mujer con un cochecito pasando, se detiene le dice ""perdóname cayó algo"" y pone al bebé en el cochecito. Ellos discuten y él toma al bebé. Charlie va a poner al bebé en el mismo lugar que él lo encontró pero un policía lo ve y lo detiene y se va con el bebé. Mientras camina con el bebé, ve a un hombre viejo y le pide que sostenga al bebé para que pueda atarse el zapato, pero acaba huyendo y se esconde. El viejo trata de seguirlo pero no puedo encontrarlo así que comienza a caminar y ve el mismo cochecito que la mujer de antes tiene y pone al bebé en el cochecito y se escapa. La mujer sale de la tienda shes en ve el segundo bebé y luego ve a Charlie caminando por lo que corre y lo golpea en la cabeza con un paraguas diciéndole que tomar el bebé de nuevo y él comienza a discutir, pero el policía se agacha tan Él toma al bebé sin más alboroto. Finalmente se sienta considera poner al bebé en la alcantarilla pero no lo hace entonces lee la nota adjunta al bebé sonríe y se va."
sample,pero un policía lo ve,EN_WR_10_20_1_14_RC,1,20,1_20,2017,23.3,Lower beginner,Male,20,New York City College of Technology,English,19,1,No,,30,Outside classroom,1,No,No,masc,PRE,MC,INDEF,NE,N,dp,ver,simple-finite,"Charlie Chaplin está caminando por algunos edificios cuando él consigue la basura lanzada en él y lo llaman un asno incómodo. A continuación, saca una lata que tiene cigarrillos en ellos, saca una y comienza a fumar. Mientras que fuma ve a un bebé que grita en la tierra y mira alrededor para la madre. Él ve a una mujer con un cochecito pasando, se detiene le dice ""perdóname cayó algo"" y pone al bebé en el cochecito. Ellos discuten y él toma al bebé. Charlie va a poner al bebé en el mismo lugar que él lo encontró pero un policía lo ve y lo detiene y se va con el bebé. Mientras camina con el bebé, ve a un hombre viejo y le pide que sostenga al bebé para que pueda atarse el zapato, pero acaba huyendo y se esconde. El viejo trata de seguirlo pero no puedo encontrarlo así que comienza a caminar y ve el mismo cochecito que la mujer de antes tiene y pone al bebé en el cochecito y se escapa. La mujer sale de la tienda shes en ve el segundo bebé y luego ve a Charlie caminando por lo que corre y lo golpea en la cabeza con un paraguas diciéndole que tomar el bebé de nuevo y él comienza a discutir, pero el policía se agacha tan Él toma al bebé sin más alboroto. Finalmente se sienta considera poner al bebé en la alcantarilla pero no lo hace entonces lee la nota adjunta al bebé sonríe y se va."
sample,y lo detiene,EN_WR_10_20_1_14_RC,1,21,1_21,2017,23.3,Lower beginner,Male,20,New York City College of Technology,English,19,1,No,,30,Outside classroom,1,No,No,masc,NA,MC,NA,GI,Y,nullsub,detener,simple-finite,"Charlie Chaplin está caminando por algunos edificios cuando él consigue la basura lanzada en él y lo llaman un asno incómodo. A continuación, saca una lata que tiene cigarrillos en ellos, saca una y comienza a fumar. Mientras que fuma ve a un bebé que grita en la tierra y mira alrededor para la madre. Él ve a una mujer con un cochecito pasando, se detiene le dice ""perdóname cayó algo"" y pone al bebé en el cochecito. Ellos discuten y él toma al bebé. Charlie va a poner al bebé en el mismo lugar que él lo encontró pero un policía lo ve y lo detiene y se va con el bebé. Mientras camina con el bebé, ve a un hombre viejo y le pide que sostenga al bebé para que pueda atarse el zapato, pero acaba huyendo y se esconde. El viejo trata de seguirlo pero no puedo encontrarlo así que comienza a caminar y ve el mismo cochecito que la mujer de antes tiene y pone al bebé en el cochecito y se escapa. La mujer sale de la tienda shes en ve el segundo bebé y luego ve a Charlie caminando por lo que corre y lo golpea en la cabeza con un paraguas diciéndole que tomar el bebé de nuevo y él comienza a discutir, pero el policía se agacha tan Él toma al bebé sin más alboroto. Finalmente se sienta considera poner al bebé en la alcantarilla pero no lo hace entonces lee la nota adjunta al bebé sonríe y se va."
NA,y se va con el bebé,EN_WR_10_20_1_14_RC,1,22,1_22,2017,23.3,Lower beginner,Male,20,New York City College of Technology,English,19,1,No,,30,Outside classroom,1,No,No,masc,,,,,,,,,"Charlie Chaplin está caminando por algunos edificios cuando él consigue la basura lanzada en él y lo llaman un asno incómodo. A continuación, saca una lata que tiene cigarrillos en ellos, saca una y comienza a fumar. Mientras que fuma ve a un bebé que grita en la tierra y mira alrededor para la madre. Él ve a una mujer con un cochecito pasando, se detiene le dice ""perdóname cayó algo"" y pone al bebé en el cochecito. Ellos discuten y él toma al bebé. Charlie va a poner al bebé en el mismo lugar que él lo encontró pero un policía lo ve y lo detiene y se va con el bebé. Mientras camina con el bebé, ve a un hombre viejo y le pide que sostenga al bebé para que pueda atarse el zapato, pero acaba huyendo y se esconde. El viejo trata de seguirlo pero no puedo encontrarlo así que comienza a caminar y ve el mismo cochecito que la mujer de antes tiene y pone al bebé en el cochecito y se escapa. La mujer sale de la tienda shes en ve el segundo bebé y luego ve a Charlie caminando por lo que corre y lo golpea en la cabeza con un paraguas diciéndole que tomar el bebé de nuevo y él comienza a discutir, pero el policía se agacha tan Él toma al bebé sin más alboroto. Finalmente se sienta considera poner al bebé en la alcantarilla pero no lo hace entonces lee la nota adjunta al bebé sonríe y se va."
NA,"Mientras camina con el bebé,",EN_WR_10_20_1_14_RC,1,23,1_23,2017,23.3,Lower beginner,Male,20,New York City College of Technology,English,19,1,No,,30,Outside classroom,1,No,No,masc,,,,,,,,,"Charlie Chaplin está caminando por algunos edificios cuando él consigue la basura lanzada en él y lo llaman un asno incómodo. A continuación, saca una lata que tiene cigarrillos en ellos, saca una y comienza a fumar. Mientras que fuma ve a un bebé que grita en la tierra y mira alrededor para la madre. Él ve a una mujer con un cochecito pasando, se detiene le dice ""perdóname cayó algo"" y pone al bebé en el cochecito. Ellos discuten y él toma al bebé. Charlie va a poner al bebé en el mismo lugar que él lo encontró pero un policía lo ve y lo detiene y se va con el bebé. Mientras camina con el bebé, ve a un hombre viejo y le pide que sostenga al bebé para que pueda atarse el zapato, pero acaba huyendo y se esconde. El viejo trata de seguirlo pero no puedo encontrarlo así que comienza a caminar y ve el mismo cochecito que la mujer de antes tiene y pone al bebé en el cochecito y se escapa. La mujer sale de la tienda shes en ve el segundo bebé y luego ve a Charlie caminando por lo que corre y lo golpea en la cabeza con un paraguas diciéndole que tomar el bebé de nuevo y él comienza a discutir, pero el policía se agacha tan Él toma al bebé sin más alboroto. Finalmente se sienta considera poner al bebé en la alcantarilla pero no lo hace entonces lee la nota adjunta al bebé sonríe y se va."
sample,ve a un hombre viejo,EN_WR_10_20_1_14_RC,1,24,1_24,2017,23.3,Lower beginner,Male,20,New York City College of Technology,English,19,1,No,,30,Outside classroom,1,No,No,masc,NA,MC,NA,NE,Y,nullsub,ver,simple-finite,"Charlie Chaplin está caminando por algunos edificios cuando él consigue la basura lanzada en él y lo llaman un asno incómodo. A continuación, saca una lata que tiene cigarrillos en ellos, saca una y comienza a fumar. Mientras que fuma ve a un bebé que grita en la tierra y mira alrededor para la madre. Él ve a una mujer con un cochecito pasando, se detiene le dice ""perdóname cayó algo"" y pone al bebé en el cochecito. Ellos discuten y él toma al bebé. Charlie va a poner al bebé en el mismo lugar que él lo encontró pero un policía lo ve y lo detiene y se va con el bebé. Mientras camina con el bebé, ve a un hombre viejo y le pide que sostenga al bebé para que pueda atarse el zapato, pero acaba huyendo y se esconde. El viejo trata de seguirlo pero no puedo encontrarlo así que comienza a caminar y ve el mismo cochecito que la mujer de antes tiene y pone al bebé en el cochecito y se escapa. La mujer sale de la tienda shes en ve el segundo bebé y luego ve a Charlie caminando por lo que corre y lo golpea en la cabeza con un paraguas diciéndole que tomar el bebé de nuevo y él comienza a discutir, pero el policía se agacha tan Él toma al bebé sin más alboroto. Finalmente se sienta considera poner al bebé en la alcantarilla pero no lo hace entonces lee la nota adjunta al bebé sonríe y se va."
sample,y le pide,EN_WR_10_20_1_14_RC,1,25,1_25,2017,23.3,Lower beginner,Male,20,New York City College of Technology,English,19,1,No,,30,Outside classroom,1,No,No,masc,NA,MC,NA,GI,Y,nullsub,pedir,simple-finite,"Charlie Chaplin está caminando por algunos edificios cuando él consigue la basura lanzada en él y lo llaman un asno incómodo. A continuación, saca una lata que tiene cigarrillos en ellos, saca una y comienza a fumar. Mientras que fuma ve a un bebé que grita en la tierra y mira alrededor para la madre. Él ve a una mujer con un cochecito pasando, se detiene le dice ""perdóname cayó algo"" y pone al bebé en el cochecito. Ellos discuten y él toma al bebé. Charlie va a poner al bebé en el mismo lugar que él lo encontró pero un policía lo ve y lo detiene y se va con el bebé. Mientras camina con el bebé, ve a un hombre viejo y le pide que sostenga al bebé para que pueda atarse el zapato, pero acaba huyendo y se esconde. El viejo trata de seguirlo pero no puedo encontrarlo así que comienza a caminar y ve el mismo cochecito que la mujer de antes tiene y pone al bebé en el cochecito y se escapa. La mujer sale de la tienda shes en ve el segundo bebé y luego ve a Charlie caminando por lo que corre y lo golpea en la cabeza con un paraguas diciéndole que tomar el bebé de nuevo y él comienza a discutir, pero el policía se agacha tan Él toma al bebé sin más alboroto. Finalmente se sienta considera poner al bebé en la alcantarilla pero no lo hace entonces lee la nota adjunta al bebé sonríe y se va."
sample,que sostenga al bebé,EN_WR_10_20_1_14_RC,1,26,1_26,2017,23.3,Lower beginner,Male,20,New York City College of Technology,English,19,1,No,,30,Outside classroom,1,No,No,masc,NA,SC,NA,GI,N,nullsub,sostener,simple-finite,"Charlie Chaplin está caminando por algunos edificios cuando él consigue la basura lanzada en él y lo llaman un asno incómodo. A continuación, saca una lata que tiene cigarrillos en ellos, saca una y comienza a fumar. Mientras que fuma ve a un bebé que grita en la tierra y mira alrededor para la madre. Él ve a una mujer con un cochecito pasando, se detiene le dice ""perdóname cayó algo"" y pone al bebé en el cochecito. Ellos discuten y él toma al bebé. Charlie va a poner al bebé en el mismo lugar que él lo encontró pero un policía lo ve y lo detiene y se va con el bebé. Mientras camina con el bebé, ve a un hombre viejo y le pide que sostenga al bebé para que pueda atarse el zapato, pero acaba huyendo y se esconde. El viejo trata de seguirlo pero no puedo encontrarlo así que comienza a caminar y ve el mismo cochecito que la mujer de antes tiene y pone al bebé en el cochecito y se escapa. La mujer sale de la tienda shes en ve el segundo bebé y luego ve a Charlie caminando por lo que corre y lo golpea en la cabeza con un paraguas diciéndole que tomar el bebé de nuevo y él comienza a discutir, pero el policía se agacha tan Él toma al bebé sin más alboroto. Finalmente se sienta considera poner al bebé en la alcantarilla pero no lo hace entonces lee la nota adjunta al bebé sonríe y se va."
sample,para que pueda atarse el zapato,EN_WR_10_20_1_14_RC,1,27,1_27,2017,23.3,Lower beginner,Male,20,New York City College of Technology,English,19,1,No,,30,Outside classroom,1,No,No,masc,NA,MC,NA,GI,N,nullsub,poder,modal,"Charlie Chaplin está caminando por algunos edificios cuando él consigue la basura lanzada en él y lo llaman un asno incómodo. A continuación, saca una lata que tiene cigarrillos en ellos, saca una y comienza a fumar. Mientras que fuma ve a un bebé que grita en la tierra y mira alrededor para la madre. Él ve a una mujer con un cochecito pasando, se detiene le dice ""perdóname cayó algo"" y pone al bebé en el cochecito. Ellos discuten y él toma al bebé. Charlie va a poner al bebé en el mismo lugar que él lo encontró pero un policía lo ve y lo detiene y se va con el bebé. Mientras camina con el bebé, ve a un hombre viejo y le pide que sostenga al bebé para que pueda atarse el zapato, pero acaba huyendo y se esconde. El viejo trata de seguirlo pero no puedo encontrarlo así que comienza a caminar y ve el mismo cochecito que la mujer de antes tiene y pone al bebé en el cochecito y se escapa. La mujer sale de la tienda shes en ve el segundo bebé y luego ve a Charlie caminando por lo que corre y lo golpea en la cabeza con un paraguas diciéndole que tomar el bebé de nuevo y él comienza a discutir, pero el policía se agacha tan Él toma al bebé sin más alboroto. Finalmente se sienta considera poner al bebé en la alcantarilla pero no lo hace entonces lee la nota adjunta al bebé sonríe y se va."
NA,pero acaba huyendo y se esconde,EN_WR_10_20_1_14_RC,1,28,1_28,2017,23.3,Lower beginner,Male,20,New York City College of Technology,English,19,1,No,,30,Outside classroom,1,No,No,masc,,,,,Y,,,,"Charlie Chaplin está caminando por algunos edificios cuando él consigue la basura lanzada en él y lo llaman un asno incómodo. A continuación, saca una lata que tiene cigarrillos en ellos, saca una y comienza a fumar. Mientras que fuma ve a un bebé que grita en la tierra y mira alrededor para la madre. Él ve a una mujer con un cochecito pasando, se detiene le dice ""perdóname cayó algo"" y pone al bebé en el cochecito. Ellos discuten y él toma al bebé. Charlie va a poner al bebé en el mismo lugar que él lo encontró pero un policía lo ve y lo detiene y se va con el bebé. Mientras camina con el bebé, ve a un hombre viejo y le pide que sostenga al bebé para que pueda atarse el zapato, pero acaba huyendo y se esconde. El viejo trata de seguirlo pero no puedo encontrarlo así que comienza a caminar y ve el mismo cochecito que la mujer de antes tiene y pone al bebé en el cochecito y se escapa. La mujer sale de la tienda shes en ve el segundo bebé y luego ve a Charlie caminando por lo que corre y lo golpea en la cabeza con un paraguas diciéndole que tomar el bebé de nuevo y él comienza a discutir, pero el policía se agacha tan Él toma al bebé sin más alboroto. Finalmente se sienta considera poner al bebé en la alcantarilla pero no lo hace entonces lee la nota adjunta al bebé sonríe y se va."
sample,El viejo trata de seguirlo,EN_WR_10_20_1_14_RC,1,29,1_29,2017,23.3,Lower beginner,Male,20,New York City College of Technology,English,19,1,No,,30,Outside classroom,1,No,No,masc,PRE,MC,DEF,GI,N,dp,tratar,periphrasis-lexical,"Charlie Chaplin está caminando por algunos edificios cuando él consigue la basura lanzada en él y lo llaman un asno incómodo. A continuación, saca una lata que tiene cigarrillos en ellos, saca una y comienza a fumar. Mientras que fuma ve a un bebé que grita en la tierra y mira alrededor para la madre. Él ve a una mujer con un cochecito pasando, se detiene le dice ""perdóname cayó algo"" y pone al bebé en el cochecito. Ellos discuten y él toma al bebé. Charlie va a poner al bebé en el mismo lugar que él lo encontró pero un policía lo ve y lo detiene y se va con el bebé. Mientras camina con el bebé, ve a un hombre viejo y le pide que sostenga al bebé para que pueda atarse el zapato, pero acaba huyendo y se esconde. El viejo trata de seguirlo pero no puedo encontrarlo así que comienza a caminar y ve el mismo cochecito que la mujer de antes tiene y pone al bebé en el cochecito y se escapa. La mujer sale de la tienda shes en ve el segundo bebé y luego ve a Charlie caminando por lo que corre y lo golpea en la cabeza con un paraguas diciéndole que tomar el bebé de nuevo y él comienza a discutir, pero el policía se agacha tan Él toma al bebé sin más alboroto. Finalmente se sienta considera poner al bebé en la alcantarilla pero no lo hace entonces lee la nota adjunta al bebé sonríe y se va."
sample,pero no puedo encontrarlo,EN_WR_10_20_1_14_RC,1,30,1_30,2017,23.3,Lower beginner,Male,20,New York City College of Technology,English,19,1,No,,30,Outside classroom,1,No,No,masc,PRE,MC,NA,GI,Y,nullsub,poder,modal,"Charlie Chaplin está caminando por algunos edificios cuando él consigue la basura lanzada en él y lo llaman un asno incómodo. A continuación, saca una lata que tiene cigarrillos en ellos, saca una y comienza a fumar. Mientras que fuma ve a un bebé que grita en la tierra y mira alrededor para la madre. Él ve a una mujer con un cochecito pasando, se detiene le dice ""perdóname cayó algo"" y pone al bebé en el cochecito. Ellos discuten y él toma al bebé. Charlie va a poner al bebé en el mismo lugar que él lo encontró pero un policía lo ve y lo detiene y se va con el bebé. Mientras camina con el bebé, ve a un hombre viejo y le pide que sostenga al bebé para que pueda atarse el zapato, pero acaba huyendo y se esconde. El viejo trata de seguirlo pero no puedo encontrarlo así que comienza a caminar y ve el mismo cochecito que la mujer de antes tiene y pone al bebé en el cochecito y se escapa. La mujer sale de la tienda shes en ve el segundo bebé y luego ve a Charlie caminando por lo que corre y lo golpea en la cabeza con un paraguas diciéndole que tomar el bebé de nuevo y él comienza a discutir, pero el policía se agacha tan Él toma al bebé sin más alboroto. Finalmente se sienta considera poner al bebé en la alcantarilla pero no lo hace entonces lee la nota adjunta al bebé sonríe y se va."
sample,así que comienza a caminar,EN_WR_10_20_1_14_RC,1,31,1_31,2017,23.3,Lower beginner,Male,20,New York City College of Technology,English,19,1,No,,30,Outside classroom,1,No,No,masc,NA,MC,NA,GI,Y,nullsub,comenzar,periphrasis-lexical,"Charlie Chaplin está caminando por algunos edificios cuando él consigue la basura lanzada en él y lo llaman un asno incómodo. A continuación, saca una lata que tiene cigarrillos en ellos, saca una y comienza a fumar. Mientras que fuma ve a un bebé que grita en la tierra y mira alrededor para la madre. Él ve a una mujer con un cochecito pasando, se detiene le dice ""perdóname cayó algo"" y pone al bebé en el cochecito. Ellos discuten y él toma al bebé. Charlie va a poner al bebé en el mismo lugar que él lo encontró pero un policía lo ve y lo detiene y se va con el bebé. Mientras camina con el bebé, ve a un hombre viejo y le pide que sostenga al bebé para que pueda atarse el zapato, pero acaba huyendo y se esconde. El viejo trata de seguirlo pero no puedo encontrarlo así que comienza a caminar y ve el mismo cochecito que la mujer de antes tiene y pone al bebé en el cochecito y se escapa. La mujer sale de la tienda shes en ve el segundo bebé y luego ve a Charlie caminando por lo que corre y lo golpea en la cabeza con un paraguas diciéndole que tomar el bebé de nuevo y él comienza a discutir, pero el policía se agacha tan Él toma al bebé sin más alboroto. Finalmente se sienta considera poner al bebé en la alcantarilla pero no lo hace entonces lee la nota adjunta al bebé sonríe y se va."
sample,y ve el mismo cochecito,EN_WR_10_20_1_14_RC,1,32,1_32,2017,23.3,Lower beginner,Male,20,New York City College of Technology,English,19,1,No,,30,Outside classroom,1,No,No,masc,NA,MC,NA,GI,Y,nullsub,ver,simple-finite,"Charlie Chaplin está caminando por algunos edificios cuando él consigue la basura lanzada en él y lo llaman un asno incómodo. A continuación, saca una lata que tiene cigarrillos en ellos, saca una y comienza a fumar. Mientras que fuma ve a un bebé que grita en la tierra y mira alrededor para la madre. Él ve a una mujer con un cochecito pasando, se detiene le dice ""perdóname cayó algo"" y pone al bebé en el cochecito. Ellos discuten y él toma al bebé. Charlie va a poner al bebé en el mismo lugar que él lo encontró pero un policía lo ve y lo detiene y se va con el bebé. Mientras camina con el bebé, ve a un hombre viejo y le pide que sostenga al bebé para que pueda atarse el zapato, pero acaba huyendo y se esconde. El viejo trata de seguirlo pero no puedo encontrarlo así que comienza a caminar y ve el mismo cochecito que la mujer de antes tiene y pone al bebé en el cochecito y se escapa. La mujer sale de la tienda shes en ve el segundo bebé y luego ve a Charlie caminando por lo que corre y lo golpea en la cabeza con un paraguas diciéndole que tomar el bebé de nuevo y él comienza a discutir, pero el policía se agacha tan Él toma al bebé sin más alboroto. Finalmente se sienta considera poner al bebé en la alcantarilla pero no lo hace entonces lee la nota adjunta al bebé sonríe y se va."
sample,que la mujer de antes tiene,EN_WR_10_20_1_14_RC,1,33,1_33,2017,23.3,Lower beginner,Male,20,New York City College of Technology,English,19,1,No,,30,Outside classroom,1,No,No,fem,PRE,SC,DEF,GI,N,dp,tener,simple-finite,"Charlie Chaplin está caminando por algunos edificios cuando él consigue la basura lanzada en él y lo llaman un asno incómodo. A continuación, saca una lata que tiene cigarrillos en ellos, saca una y comienza a fumar. Mientras que fuma ve a un bebé que grita en la tierra y mira alrededor para la madre. Él ve a una mujer con un cochecito pasando, se detiene le dice ""perdóname cayó algo"" y pone al bebé en el cochecito. Ellos discuten y él toma al bebé. Charlie va a poner al bebé en el mismo lugar que él lo encontró pero un policía lo ve y lo detiene y se va con el bebé. Mientras camina con el bebé, ve a un hombre viejo y le pide que sostenga al bebé para que pueda atarse el zapato, pero acaba huyendo y se esconde. El viejo trata de seguirlo pero no puedo encontrarlo así que comienza a caminar y ve el mismo cochecito que la mujer de antes tiene y pone al bebé en el cochecito y se escapa. La mujer sale de la tienda shes en ve el segundo bebé y luego ve a Charlie caminando por lo que corre y lo golpea en la cabeza con un paraguas diciéndole que tomar el bebé de nuevo y él comienza a discutir, pero el policía se agacha tan Él toma al bebé sin más alboroto. Finalmente se sienta considera poner al bebé en la alcantarilla pero no lo hace entonces lee la nota adjunta al bebé sonríe y se va."
sample,y pone al bebé en el cochecito,EN_WR_10_20_1_14_RC,1,34,1_34,2017,23.3,Lower beginner,Male,20,New York City College of Technology,English,19,1,No,,30,Outside classroom,1,No,No,masc,NA,MC,NA,GI,N,nullsub,poner,simple-finite,"Charlie Chaplin está caminando por algunos edificios cuando él consigue la basura lanzada en él y lo llaman un asno incómodo. A continuación, saca una lata que tiene cigarrillos en ellos, saca una y comienza a fumar. Mientras que fuma ve a un bebé que grita en la tierra y mira alrededor para la madre. Él ve a una mujer con un cochecito pasando, se detiene le dice ""perdóname cayó algo"" y pone al bebé en el cochecito. Ellos discuten y él toma al bebé. Charlie va a poner al bebé en el mismo lugar que él lo encontró pero un policía lo ve y lo detiene y se va con el bebé. Mientras camina con el bebé, ve a un hombre viejo y le pide que sostenga al bebé para que pueda atarse el zapato, pero acaba huyendo y se esconde. El viejo trata de seguirlo pero no puedo encontrarlo así que comienza a caminar y ve el mismo cochecito que la mujer de antes tiene y pone al bebé en el cochecito y se escapa. La mujer sale de la tienda shes en ve el segundo bebé y luego ve a Charlie caminando por lo que corre y lo golpea en la cabeza con un paraguas diciéndole que tomar el bebé de nuevo y él comienza a discutir, pero el policía se agacha tan Él toma al bebé sin más alboroto. Finalmente se sienta considera poner al bebé en la alcantarilla pero no lo hace entonces lee la nota adjunta al bebé sonríe y se va."
sample,y se escapa,EN_WR_10_20_1_14_RC,1,35,1_35,2017,23.3,Lower beginner,Male,20,New York City College of Technology,English,19,1,No,,30,Outside classroom,1,No,No,masc,NA,MC,NA,GI,Y,nullsub,escapar,simple-finite,"Charlie Chaplin está caminando por algunos edificios cuando él consigue la basura lanzada en él y lo llaman un asno incómodo. A continuación, saca una lata que tiene cigarrillos en ellos, saca una y comienza a fumar. Mientras que fuma ve a un bebé que grita en la tierra y mira alrededor para la madre. Él ve a una mujer con un cochecito pasando, se detiene le dice ""perdóname cayó algo"" y pone al bebé en el cochecito. Ellos discuten y él toma al bebé. Charlie va a poner al bebé en el mismo lugar que él lo encontró pero un policía lo ve y lo detiene y se va con el bebé. Mientras camina con el bebé, ve a un hombre viejo y le pide que sostenga al bebé para que pueda atarse el zapato, pero acaba huyendo y se esconde. El viejo trata de seguirlo pero no puedo encontrarlo así que comienza a caminar y ve el mismo cochecito que la mujer de antes tiene y pone al bebé en el cochecito y se escapa. La mujer sale de la tienda shes en ve el segundo bebé y luego ve a Charlie caminando por lo que corre y lo golpea en la cabeza con un paraguas diciéndole que tomar el bebé de nuevo y él comienza a discutir, pero el policía se agacha tan Él toma al bebé sin más alboroto. Finalmente se sienta considera poner al bebé en la alcantarilla pero no lo hace entonces lee la nota adjunta al bebé sonríe y se va."
sample,La mujer sale de la tienda,EN_WR_10_20_1_14_RC,1,36,1_36,2017,23.3,Lower beginner,Male,20,New York City College of Technology,English,19,1,No,,30,Outside classroom,1,No,No,fem,PRE,MC,DEF,GI,N,dp,salir,simple-finite,"Charlie Chaplin está caminando por algunos edificios cuando él consigue la basura lanzada en él y lo llaman un asno incómodo. A continuación, saca una lata que tiene cigarrillos en ellos, saca una y comienza a fumar. Mientras que fuma ve a un bebé que grita en la tierra y mira alrededor para la madre. Él ve a una mujer con un cochecito pasando, se detiene le dice ""perdóname cayó algo"" y pone al bebé en el cochecito. Ellos discuten y él toma al bebé. Charlie va a poner al bebé en el mismo lugar que él lo encontró pero un policía lo ve y lo detiene y se va con el bebé. Mientras camina con el bebé, ve a un hombre viejo y le pide que sostenga al bebé para que pueda atarse el zapato, pero acaba huyendo y se esconde. El viejo trata de seguirlo pero no puedo encontrarlo así que comienza a caminar y ve el mismo cochecito que la mujer de antes tiene y pone al bebé en el cochecito y se escapa. La mujer sale de la tienda shes en ve el segundo bebé y luego ve a Charlie caminando por lo que corre y lo golpea en la cabeza con un paraguas diciéndole que tomar el bebé de nuevo y él comienza a discutir, pero el policía se agacha tan Él toma al bebé sin más alboroto. Finalmente se sienta considera poner al bebé en la alcantarilla pero no lo hace entonces lee la nota adjunta al bebé sonríe y se va."
sample,shes en ve el segundo bebé,EN_WR_10_20_1_14_RC,1,37,1_37,2017,23.3,Lower beginner,Male,20,New York City College of Technology,English,19,1,No,,30,Outside classroom,1,No,No,unknown,NA,MC,NA,NA,NA,unknown,ver,simple-finite,"Charlie Chaplin está caminando por algunos edificios cuando él consigue la basura lanzada en él y lo llaman un asno incómodo. A continuación, saca una lata que tiene cigarrillos en ellos, saca una y comienza a fumar. Mientras que fuma ve a un bebé que grita en la tierra y mira alrededor para la madre. Él ve a una mujer con un cochecito pasando, se detiene le dice ""perdóname cayó algo"" y pone al bebé en el cochecito. Ellos discuten y él toma al bebé. Charlie va a poner al bebé en el mismo lugar que él lo encontró pero un policía lo ve y lo detiene y se va con el bebé. Mientras camina con el bebé, ve a un hombre viejo y le pide que sostenga al bebé para que pueda atarse el zapato, pero acaba huyendo y se esconde. El viejo trata de seguirlo pero no puedo encontrarlo así que comienza a caminar y ve el mismo cochecito que la mujer de antes tiene y pone al bebé en el cochecito y se escapa. La mujer sale de la tienda shes en ve el segundo bebé y luego ve a Charlie caminando por lo que corre y lo golpea en la cabeza con un paraguas diciéndole que tomar el bebé de nuevo y él comienza a discutir, pero el policía se agacha tan Él toma al bebé sin más alboroto. Finalmente se sienta considera poner al bebé en la alcantarilla pero no lo hace entonces lee la nota adjunta al bebé sonríe y se va."
NA,y luego ve a Charlie caminando,EN_WR_10_20_1_14_RC,1,38,1_38,2017,23.3,Lower beginner,Male,20,New York City College of Technology,English,19,1,No,,30,Outside classroom,1,No,No,fem,,,,,,,,,"Charlie Chaplin está caminando por algunos edificios cuando él consigue la basura lanzada en él y lo llaman un asno incómodo. A continuación, saca una lata que tiene cigarrillos en ellos, saca una y comienza a fumar. Mientras que fuma ve a un bebé que grita en la tierra y mira alrededor para la madre. Él ve a una mujer con un cochecito pasando, se detiene le dice ""perdóname cayó algo"" y pone al bebé en el cochecito. Ellos discuten y él toma al bebé. Charlie va a poner al bebé en el mismo lugar que él lo encontró pero un policía lo ve y lo detiene y se va con el bebé. Mientras camina con el bebé, ve a un hombre viejo y le pide que sostenga al bebé para que pueda atarse el zapato, pero acaba huyendo y se esconde. El viejo trata de seguirlo pero no puedo encontrarlo así que comienza a caminar y ve el mismo cochecito que la mujer de antes tiene y pone al bebé en el cochecito y se escapa. La mujer sale de la tienda shes en ve el segundo bebé y luego ve a Charlie caminando por lo que corre y lo golpea en la cabeza con un paraguas diciéndole que tomar el bebé de nuevo y él comienza a discutir, pero el policía se agacha tan Él toma al bebé sin más alboroto. Finalmente se sienta considera poner al bebé en la alcantarilla pero no lo hace entonces lee la nota adjunta al bebé sonríe y se va."
sample,por lo que corre,EN_WR_10_20_1_14_RC,1,39,1_39,2017,23.3,Lower beginner,Male,20,New York City College of Technology,English,19,1,No,,30,Outside classroom,1,No,No,fem,NA,MC,NA,GI,Y,nullsub,correr,simple-finite,"Charlie Chaplin está caminando por algunos edificios cuando él consigue la basura lanzada en él y lo llaman un asno incómodo. A continuación, saca una lata que tiene cigarrillos en ellos, saca una y comienza a fumar. Mientras que fuma ve a un bebé que grita en la tierra y mira alrededor para la madre. Él ve a una mujer con un cochecito pasando, se detiene le dice ""perdóname cayó algo"" y pone al bebé en el cochecito. Ellos discuten y él toma al bebé. Charlie va a poner al bebé en el mismo lugar que él lo encontró pero un policía lo ve y lo detiene y se va con el bebé. Mientras camina con el bebé, ve a un hombre viejo y le pide que sostenga al bebé para que pueda atarse el zapato, pero acaba huyendo y se esconde. El viejo trata de seguirlo pero no puedo encontrarlo así que comienza a caminar y ve el mismo cochecito que la mujer de antes tiene y pone al bebé en el cochecito y se escapa. La mujer sale de la tienda shes en ve el segundo bebé y luego ve a Charlie caminando por lo que corre y lo golpea en la cabeza con un paraguas diciéndole que tomar el bebé de nuevo y él comienza a discutir, pero el policía se agacha tan Él toma al bebé sin más alboroto. Finalmente se sienta considera poner al bebé en la alcantarilla pero no lo hace entonces lee la nota adjunta al bebé sonríe y se va."
sample,y lo golpea en la cabeza con un paraguas,EN_WR_10_20_1_14_RC,1,40,1_40,2017,23.3,Lower beginner,Male,20,New York City College of Technology,English,19,1,No,,30,Outside classroom,1,No,No,fem,NA,MC,NA,GI,Y,nullsub,golpear,simple-finite,"Charlie Chaplin está caminando por algunos edificios cuando él consigue la basura lanzada en él y lo llaman un asno incómodo. A continuación, saca una lata que tiene cigarrillos en ellos, saca una y comienza a fumar. Mientras que fuma ve a un bebé que grita en la tierra y mira alrededor para la madre. Él ve a una mujer con un cochecito pasando, se detiene le dice ""perdóname cayó algo"" y pone al bebé en el cochecito. Ellos discuten y él toma al bebé. Charlie va a poner al bebé en el mismo lugar que él lo encontró pero un policía lo ve y lo detiene y se va con el bebé. Mientras camina con el bebé, ve a un hombre viejo y le pide que sostenga al bebé para que pueda atarse el zapato, pero acaba huyendo y se esconde. El viejo trata de seguirlo pero no puedo encontrarlo así que comienza a caminar y ve el mismo cochecito que la mujer de antes tiene y pone al bebé en el cochecito y se escapa. La mujer sale de la tienda shes en ve el segundo bebé y luego ve a Charlie caminando por lo que corre y lo golpea en la cabeza con un paraguas diciéndole que tomar el bebé de nuevo y él comienza a discutir, pero el policía se agacha tan Él toma al bebé sin más alboroto. Finalmente se sienta considera poner al bebé en la alcantarilla pero no lo hace entonces lee la nota adjunta al bebé sonríe y se va."
sample,diciéndole,EN_WR_10_20_1_14_RC,1,41,1_41,2017,23.3,Lower beginner,Male,20,New York City College of Technology,English,19,1,No,,30,Outside classroom,1,No,No,fem,NA,MC,NA,GI,Y,nullsub,decir,periphrasis-gerund,"Charlie Chaplin está caminando por algunos edificios cuando él consigue la basura lanzada en él y lo llaman un asno incómodo. A continuación, saca una lata que tiene cigarrillos en ellos, saca una y comienza a fumar. Mientras que fuma ve a un bebé que grita en la tierra y mira alrededor para la madre. Él ve a una mujer con un cochecito pasando, se detiene le dice ""perdóname cayó algo"" y pone al bebé en el cochecito. Ellos discuten y él toma al bebé. Charlie va a poner al bebé en el mismo lugar que él lo encontró pero un policía lo ve y lo detiene y se va con el bebé. Mientras camina con el bebé, ve a un hombre viejo y le pide que sostenga al bebé para que pueda atarse el zapato, pero acaba huyendo y se esconde. El viejo trata de seguirlo pero no puedo encontrarlo así que comienza a caminar y ve el mismo cochecito que la mujer de antes tiene y pone al bebé en el cochecito y se escapa. La mujer sale de la tienda shes en ve el segundo bebé y luego ve a Charlie caminando por lo que corre y lo golpea en la cabeza con un paraguas diciéndole que tomar el bebé de nuevo y él comienza a discutir, pero el policía se agacha tan Él toma al bebé sin más alboroto. Finalmente se sienta considera poner al bebé en la alcantarilla pero no lo hace entonces lee la nota adjunta al bebé sonríe y se va."
sample,que tomar el bebé de nuevo,EN_WR_10_20_1_14_RC,1,42,1_42,2017,23.3,Lower beginner,Male,20,New York City College of Technology,English,19,1,No,,30,Outside classroom,1,No,No,fem,NA,SC,NA,GI,N,nullsub,tomar,simple-finite,"Charlie Chaplin está caminando por algunos edificios cuando él consigue la basura lanzada en él y lo llaman un asno incómodo. A continuación, saca una lata que tiene cigarrillos en ellos, saca una y comienza a fumar. Mientras que fuma ve a un bebé que grita en la tierra y mira alrededor para la madre. Él ve a una mujer con un cochecito pasando, se detiene le dice ""perdóname cayó algo"" y pone al bebé en el cochecito. Ellos discuten y él toma al bebé. Charlie va a poner al bebé en el mismo lugar que él lo encontró pero un policía lo ve y lo detiene y se va con el bebé. Mientras camina con el bebé, ve a un hombre viejo y le pide que sostenga al bebé para que pueda atarse el zapato, pero acaba huyendo y se esconde. El viejo trata de seguirlo pero no puedo encontrarlo así que comienza a caminar y ve el mismo cochecito que la mujer de antes tiene y pone al bebé en el cochecito y se escapa. La mujer sale de la tienda shes en ve el segundo bebé y luego ve a Charlie caminando por lo que corre y lo golpea en la cabeza con un paraguas diciéndole que tomar el bebé de nuevo y él comienza a discutir, pero el policía se agacha tan Él toma al bebé sin más alboroto. Finalmente se sienta considera poner al bebé en la alcantarilla pero no lo hace entonces lee la nota adjunta al bebé sonríe y se va."
NA,y él comienza a discutir,EN_WR_10_20_1_14_RC,1,43,1_43,2017,23.3,Lower beginner,Male,20,New York City College of Technology,English,19,1,No,,30,Outside classroom,1,No,No,masc,,,,,,,,,"Charlie Chaplin está caminando por algunos edificios cuando él consigue la basura lanzada en él y lo llaman un asno incómodo. A continuación, saca una lata que tiene cigarrillos en ellos, saca una y comienza a fumar. Mientras que fuma ve a un bebé que grita en la tierra y mira alrededor para la madre. Él ve a una mujer con un cochecito pasando, se detiene le dice ""perdóname cayó algo"" y pone al bebé en el cochecito. Ellos discuten y él toma al bebé. Charlie va a poner al bebé en el mismo lugar que él lo encontró pero un policía lo ve y lo detiene y se va con el bebé. Mientras camina con el bebé, ve a un hombre viejo y le pide que sostenga al bebé para que pueda atarse el zapato, pero acaba huyendo y se esconde. El viejo trata de seguirlo pero no puedo encontrarlo así que comienza a caminar y ve el mismo cochecito que la mujer de antes tiene y pone al bebé en el cochecito y se escapa. La mujer sale de la tienda shes en ve el segundo bebé y luego ve a Charlie caminando por lo que corre y lo golpea en la cabeza con un paraguas diciéndole que tomar el bebé de nuevo y él comienza a discutir, pero el policía se agacha tan Él toma al bebé sin más alboroto. Finalmente se sienta considera poner al bebé en la alcantarilla pero no lo hace entonces lee la nota adjunta al bebé sonríe y se va."
sample,pero el policía se agacha tan,EN_WR_10_20_1_14_RC,1,44,1_44,2017,23.3,Lower beginner,Male,20,New York City College of Technology,English,19,1,No,,30,Outside classroom,1,No,No,masc,PRE,MC,DEF,GI,N,dp,agachar,simple-finite,"Charlie Chaplin está caminando por algunos edificios cuando él consigue la basura lanzada en él y lo llaman un asno incómodo. A continuación, saca una lata que tiene cigarrillos en ellos, saca una y comienza a fumar. Mientras que fuma ve a un bebé que grita en la tierra y mira alrededor para la madre. Él ve a una mujer con un cochecito pasando, se detiene le dice ""perdóname cayó algo"" y pone al bebé en el cochecito. Ellos discuten y él toma al bebé. Charlie va a poner al bebé en el mismo lugar que él lo encontró pero un policía lo ve y lo detiene y se va con el bebé. Mientras camina con el bebé, ve a un hombre viejo y le pide que sostenga al bebé para que pueda atarse el zapato, pero acaba huyendo y se esconde. El viejo trata de seguirlo pero no puedo encontrarlo así que comienza a caminar y ve el mismo cochecito que la mujer de antes tiene y pone al bebé en el cochecito y se escapa. La mujer sale de la tienda shes en ve el segundo bebé y luego ve a Charlie caminando por lo que corre y lo golpea en la cabeza con un paraguas diciéndole que tomar el bebé de nuevo y él comienza a discutir, pero el policía se agacha tan Él toma al bebé sin más alboroto. Finalmente se sienta considera poner al bebé en la alcantarilla pero no lo hace entonces lee la nota adjunta al bebé sonríe y se va."
sample,Él toma al bebé sin más alboroto,EN_WR_10_20_1_14_RC,1,45,1_45,2017,23.3,Lower beginner,Male,20,New York City College of Technology,English,19,1,No,,30,Outside classroom,1,No,No,masc,PRE,MC,DEF,GI,N,pron,tomar,simple-finite,"Charlie Chaplin está caminando por algunos edificios cuando él consigue la basura lanzada en él y lo llaman un asno incómodo. A continuación, saca una lata que tiene cigarrillos en ellos, saca una y comienza a fumar. Mientras que fuma ve a un bebé que grita en la tierra y mira alrededor para la madre. Él ve a una mujer con un cochecito pasando, se detiene le dice ""perdóname cayó algo"" y pone al bebé en el cochecito. Ellos discuten y él toma al bebé. Charlie va a poner al bebé en el mismo lugar que él lo encontró pero un policía lo ve y lo detiene y se va con el bebé. Mientras camina con el bebé, ve a un hombre viejo y le pide que sostenga al bebé para que pueda atarse el zapato, pero acaba huyendo y se esconde. El viejo trata de seguirlo pero no puedo encontrarlo así que comienza a caminar y ve el mismo cochecito que la mujer de antes tiene y pone al bebé en el cochecito y se escapa. La mujer sale de la tienda shes en ve el segundo bebé y luego ve a Charlie caminando por lo que corre y lo golpea en la cabeza con un paraguas diciéndole que tomar el bebé de nuevo y él comienza a discutir, pero el policía se agacha tan Él toma al bebé sin más alboroto. Finalmente se sienta considera poner al bebé en la alcantarilla pero no lo hace entonces lee la nota adjunta al bebé sonríe y se va."
NA,Finalmente se sienta,EN_WR_10_20_1_14_RC,1,46,1_46,2017,23.3,Lower beginner,Male,20,New York City College of Technology,English,19,1,No,,30,Outside classroom,1,No,No,masc,,,,,,,,,"Charlie Chaplin está caminando por algunos edificios cuando él consigue la basura lanzada en él y lo llaman un asno incómodo. A continuación, saca una lata que tiene cigarrillos en ellos, saca una y comienza a fumar. Mientras que fuma ve a un bebé que grita en la tierra y mira alrededor para la madre. Él ve a una mujer con un cochecito pasando, se detiene le dice ""perdóname cayó algo"" y pone al bebé en el cochecito. Ellos discuten y él toma al bebé. Charlie va a poner al bebé en el mismo lugar que él lo encontró pero un policía lo ve y lo detiene y se va con el bebé. Mientras camina con el bebé, ve a un hombre viejo y le pide que sostenga al bebé para que pueda atarse el zapato, pero acaba huyendo y se esconde. El viejo trata de seguirlo pero no puedo encontrarlo así que comienza a caminar y ve el mismo cochecito que la mujer de antes tiene y pone al bebé en el cochecito y se escapa. La mujer sale de la tienda shes en ve el segundo bebé y luego ve a Charlie caminando por lo que corre y lo golpea en la cabeza con un paraguas diciéndole que tomar el bebé de nuevo y él comienza a discutir, pero el policía se agacha tan Él toma al bebé sin más alboroto. Finalmente se sienta considera poner al bebé en la alcantarilla pero no lo hace entonces lee la nota adjunta al bebé sonríe y se va."
NA,considera poner al bebé en la alcantarilla,EN_WR_10_20_1_14_RC,1,47,1_47,2017,23.3,Lower beginner,Male,20,New York City College of Technology,English,19,1,No,,30,Outside classroom,1,No,No,masc,,,,,,,,,"Charlie Chaplin está caminando por algunos edificios cuando él consigue la basura lanzada en él y lo llaman un asno incómodo. A continuación, saca una lata que tiene cigarrillos en ellos, saca una y comienza a fumar. Mientras que fuma ve a un bebé que grita en la tierra y mira alrededor para la madre. Él ve a una mujer con un cochecito pasando, se detiene le dice ""perdóname cayó algo"" y pone al bebé en el cochecito. Ellos discuten y él toma al bebé. Charlie va a poner al bebé en el mismo lugar que él lo encontró pero un policía lo ve y lo detiene y se va con el bebé. Mientras camina con el bebé, ve a un hombre viejo y le pide que sostenga al bebé para que pueda atarse el zapato, pero acaba huyendo y se esconde. El viejo trata de seguirlo pero no puedo encontrarlo así que comienza a caminar y ve el mismo cochecito que la mujer de antes tiene y pone al bebé en el cochecito y se escapa. La mujer sale de la tienda shes en ve el segundo bebé y luego ve a Charlie caminando por lo que corre y lo golpea en la cabeza con un paraguas diciéndole que tomar el bebé de nuevo y él comienza a discutir, pero el policía se agacha tan Él toma al bebé sin más alboroto. Finalmente se sienta considera poner al bebé en la alcantarilla pero no lo hace entonces lee la nota adjunta al bebé sonríe y se va."
NA,pero no lo hace,EN_WR_10_20_1_14_RC,1,48,1_48,2017,23.3,Lower beginner,Male,20,New York City College of Technology,English,19,1,No,,30,Outside classroom,1,No,No,masc,,,,,,,,,"Charlie Chaplin está caminando por algunos edificios cuando él consigue la basura lanzada en él y lo llaman un asno incómodo. A continuación, saca una lata que tiene cigarrillos en ellos, saca una y comienza a fumar. Mientras que fuma ve a un bebé que grita en la tierra y mira alrededor para la madre. Él ve a una mujer con un cochecito pasando, se detiene le dice ""perdóname cayó algo"" y pone al bebé en el cochecito. Ellos discuten y él toma al bebé. Charlie va a poner al bebé en el mismo lugar que él lo encontró pero un policía lo ve y lo detiene y se va con el bebé. Mientras camina con el bebé, ve a un hombre viejo y le pide que sostenga al bebé para que pueda atarse el zapato, pero acaba huyendo y se esconde. El viejo trata de seguirlo pero no puedo encontrarlo así que comienza a caminar y ve el mismo cochecito que la mujer de antes tiene y pone al bebé en el cochecito y se escapa. La mujer sale de la tienda shes en ve el segundo bebé y luego ve a Charlie caminando por lo que corre y lo golpea en la cabeza con un paraguas diciéndole que tomar el bebé de nuevo y él comienza a discutir, pero el policía se agacha tan Él toma al bebé sin más alboroto. Finalmente se sienta considera poner al bebé en la alcantarilla pero no lo hace entonces lee la nota adjunta al bebé sonríe y se va."
sample,entonces lee la nota adjunta al bebé,EN_WR_10_20_1_14_RC,1,49,1_49,2017,23.3,Lower beginner,Male,20,New York City College of Technology,English,19,1,No,,30,Outside classroom,1,No,No,masc,NA,MC,NA,GI,Y,nullsub,leer,simple-finite,"Charlie Chaplin está caminando por algunos edificios cuando él consigue la basura lanzada en él y lo llaman un asno incómodo. A continuación, saca una lata que tiene cigarrillos en ellos, saca una y comienza a fumar. Mientras que fuma ve a un bebé que grita en la tierra y mira alrededor para la madre. Él ve a una mujer con un cochecito pasando, se detiene le dice ""perdóname cayó algo"" y pone al bebé en el cochecito. Ellos discuten y él toma al bebé. Charlie va a poner al bebé en el mismo lugar que él lo encontró pero un policía lo ve y lo detiene y se va con el bebé. Mientras camina con el bebé, ve a un hombre viejo y le pide que sostenga al bebé para que pueda atarse el zapato, pero acaba huyendo y se esconde. El viejo trata de seguirlo pero no puedo encontrarlo así que comienza a caminar y ve el mismo cochecito que la mujer de antes tiene y pone al bebé en el cochecito y se escapa. La mujer sale de la tienda shes en ve el segundo bebé y luego ve a Charlie caminando por lo que corre y lo golpea en la cabeza con un paraguas diciéndole que tomar el bebé de nuevo y él comienza a discutir, pero el policía se agacha tan Él toma al bebé sin más alboroto. Finalmente se sienta considera poner al bebé en la alcantarilla pero no lo hace entonces lee la nota adjunta al bebé sonríe y se va."
sample,sonríe,EN_WR_10_20_1_14_RC,1,50,1_50,2017,23.3,Lower beginner,Male,20,New York City College of Technology,English,19,1,No,,30,Outside classroom,1,No,No,masc,NA,MC,NA,GI,Y,nullsub,sonreír,simple-finite,"Charlie Chaplin está caminando por algunos edificios cuando él consigue la basura lanzada en él y lo llaman un asno incómodo. A continuación, saca una lata que tiene cigarrillos en ellos, saca una y comienza a fumar. Mientras que fuma ve a un bebé que grita en la tierra y mira alrededor para la madre. Él ve a una mujer con un cochecito pasando, se detiene le dice ""perdóname cayó algo"" y pone al bebé en el cochecito. Ellos discuten y él toma al bebé. Charlie va a poner al bebé en el mismo lugar que él lo encontró pero un policía lo ve y lo detiene y se va con el bebé. Mientras camina con el bebé, ve a un hombre viejo y le pide que sostenga al bebé para que pueda atarse el zapato, pero acaba huyendo y se esconde. El viejo trata de seguirlo pero no puedo encontrarlo así que comienza a caminar y ve el mismo cochecito que la mujer de antes tiene y pone al bebé en el cochecito y se escapa. La mujer sale de la tienda shes en ve el segundo bebé y luego ve a Charlie caminando por lo que corre y lo golpea en la cabeza con un paraguas diciéndole que tomar el bebé de nuevo y él comienza a discutir, pero el policía se agacha tan Él toma al bebé sin más alboroto. Finalmente se sienta considera poner al bebé en la alcantarilla pero no lo hace entonces lee la nota adjunta al bebé sonríe y se va."
sample,y se va,EN_WR_10_20_1_14_RC,1,51,1_51,2017,23.3,Lower beginner,Male,20,New York City College of Technology,English,19,1,No,,30,Outside classroom,1,No,No,masc,NA,MC,NA,GI,Y,nullsub,irse,simple-finite,"Charlie Chaplin está caminando por algunos edificios cuando él consigue la basura lanzada en él y lo llaman un asno incómodo. A continuación, saca una lata que tiene cigarrillos en ellos, saca una y comienza a fumar. Mientras que fuma ve a un bebé que grita en la tierra y mira alrededor para la madre. Él ve a una mujer con un cochecito pasando, se detiene le dice ""perdóname cayó algo"" y pone al bebé en el cochecito. Ellos discuten y él toma al bebé. Charlie va a poner al bebé en el mismo lugar que él lo encontró pero un policía lo ve y lo detiene y se va con el bebé. Mientras camina con el bebé, ve a un hombre viejo y le pide que sostenga al bebé para que pueda atarse el zapato, pero acaba huyendo y se esconde. El viejo trata de seguirlo pero no puedo encontrarlo así que comienza a caminar y ve el mismo cochecito que la mujer de antes tiene y pone al bebé en el cochecito y se escapa. La mujer sale de la tienda shes en ve el segundo bebé y luego ve a Charlie caminando por lo que corre y lo golpea en la cabeza con un paraguas diciéndole que tomar el bebé de nuevo y él comienza a discutir, pero el policía se agacha tan Él toma al bebé sin más alboroto. Finalmente se sienta considera poner al bebé en la alcantarilla pero no lo hace entonces lee la nota adjunta al bebé sonríe y se va."
NA,El hombre estaba caminando solo,EN_WR_10_24_0.5_14_AW,2,1,2_1,2017,23.3,Lower beginner,Male,24,New York City College of Technology,English,22,0.5,No,,20,Outside classroom,1,No,No,masc,,,,,,,,,El hombre estaba caminando solo paro toma un cigarrilo y encontró un bebe en un rincón vacío. Hombre sala so bebe y no no sabe a donde ir.  Bebe fue abandonar. Trata de darle al bebe a extranos. El hombre no le gusta el bebe en primero. la polica vio al tipo tretar de dejar al bebe. el hombre trata de darle al bebé a otra madre. madre se enoja. la madre del bebé dejó a su niño para ser amado y cuidado
sample,paro toma un cigarrilo,EN_WR_10_24_0.5_14_AW,2,2,2_2,2017,23.3,Lower beginner,Male,24,New York City College of Technology,English,22,0.5,No,,20,Outside classroom,1,No,No,masc,NA,MC,NA,GI,Y,nullsub,tomar,simple-finite,El hombre estaba caminando solo paro toma un cigarrilo y encontró un bebe en un rincón vacío. Hombre sala so bebe y no no sabe a donde ir.  Bebe fue abandonar. Trata de darle al bebe a extranos. El hombre no le gusta el bebe en primero. la polica vio al tipo tretar de dejar al bebe. el hombre trata de darle al bebé a otra madre. madre se enoja. la madre del bebé dejó a su niño para ser amado y cuidado
NA,y encontró un bebe en un rincón vacío,EN_WR_10_24_0.5_14_AW,2,3,2_3,2017,23.3,Lower beginner,Male,24,New York City College of Technology,English,22,0.5,No,,20,Outside classroom,1,No,No,masc,,,,,,,,,El hombre estaba caminando solo paro toma un cigarrilo y encontró un bebe en un rincón vacío. Hombre sala so bebe y no no sabe a donde ir.  Bebe fue abandonar. Trata de darle al bebe a extranos. El hombre no le gusta el bebe en primero. la polica vio al tipo tretar de dejar al bebe. el hombre trata de darle al bebé a otra madre. madre se enoja. la madre del bebé dejó a su niño para ser amado y cuidado
NA,Hombre sala so bebe,EN_WR_10_24_0.5_14_AW,2,4,2_4,2017,23.3,Lower beginner,Male,24,New York City College of Technology,English,22,0.5,No,,20,Outside classroom,1,No,No,masc,,,,,,,,,El hombre estaba caminando solo paro toma un cigarrilo y encontró un bebe en un rincón vacío. Hombre sala so bebe y no no sabe a donde ir.  Bebe fue abandonar. Trata de darle al bebe a extranos. El hombre no le gusta el bebe en primero. la polica vio al tipo tretar de dejar al bebe. el hombre trata de darle al bebé a otra madre. madre se enoja. la madre del bebé dejó a su niño para ser amado y cuidado
NA,y no no sabe,EN_WR_10_24_0.5_14_AW,2,5,2_5,2017,23.3,Lower beginner,Male,24,New York City College of Technology,English,22,0.5,No,,20,Outside classroom,1,No,No,masc,,,,,,,,,El hombre estaba caminando solo paro toma un cigarrilo y encontró un bebe en un rincón vacío. Hombre sala so bebe y no no sabe a donde ir.  Bebe fue abandonar. Trata de darle al bebe a extranos. El hombre no le gusta el bebe en primero. la polica vio al tipo tretar de dejar al bebe. el hombre trata de darle al bebé a otra madre. madre se enoja. la madre del bebé dejó a su niño para ser amado y cuidado
sample,a donde ir,EN_WR_10_24_0.5_14_AW,2,6,2_6,2017,23.3,Lower beginner,Male,24,New York City College of Technology,English,22,0.5,No,,20,Outside classroom,1,No,No,masc,NA,SC,NA,GI,Y,nullsub,irse,infinitive,El hombre estaba caminando solo paro toma un cigarrilo y encontró un bebe en un rincón vacío. Hombre sala so bebe y no no sabe a donde ir.  Bebe fue abandonar. Trata de darle al bebe a extranos. El hombre no le gusta el bebe en primero. la polica vio al tipo tretar de dejar al bebe. el hombre trata de darle al bebé a otra madre. madre se enoja. la madre del bebé dejó a su niño para ser amado y cuidado
sample,Bebe fue abandonar,EN_WR_10_24_0.5_14_AW,2,7,2_7,2017,23.3,Lower beginner,Male,24,New York City College of Technology,English,22,0.5,No,,20,Outside classroom,1,No,No,masc,PRE,MC,DEF,GI,N,dp,abandonar,passive,El hombre estaba caminando solo paro toma un cigarrilo y encontró un bebe en un rincón vacío. Hombre sala so bebe y no no sabe a donde ir.  Bebe fue abandonar. Trata de darle al bebe a extranos. El hombre no le gusta el bebe en primero. la polica vio al tipo tretar de dejar al bebe. el hombre trata de darle al bebé a otra madre. madre se enoja. la madre del bebé dejó a su niño para ser amado y cuidado
sample,Trata de darle al bebe a extranos,EN_WR_10_24_0.5_14_AW,2,8,2_8,2017,23.3,Lower beginner,Male,24,New York City College of Technology,English,22,0.5,No,,20,Outside classroom,1,No,No,masc,NA,MC,NA,GI,N,nullsub,tratar,periphrasis-lexical,El hombre estaba caminando solo paro toma un cigarrilo y encontró un bebe en un rincón vacío. Hombre sala so bebe y no no sabe a donde ir.  Bebe fue abandonar. Trata de darle al bebe a extranos. El hombre no le gusta el bebe en primero. la polica vio al tipo tretar de dejar al bebe. el hombre trata de darle al bebé a otra madre. madre se enoja. la madre del bebé dejó a su niño para ser amado y cuidado
NA,El hombre no le gusta el bebe en primero,EN_WR_10_24_0.5_14_AW,2,9,2_9,2017,23.3,Lower beginner,Male,24,New York City College of Technology,English,22,0.5,No,,20,Outside classroom,1,No,No,masc,,,,,,,,,El hombre estaba caminando solo paro toma un cigarrilo y encontró un bebe en un rincón vacío. Hombre sala so bebe y no no sabe a donde ir.  Bebe fue abandonar. Trata de darle al bebe a extranos. El hombre no le gusta el bebe en primero. la polica vio al tipo tretar de dejar al bebe. el hombre trata de darle al bebé a otra madre. madre se enoja. la madre del bebé dejó a su niño para ser amado y cuidado
sample,la polica vio al tipo,EN_WR_10_24_0.5_14_AW,2,10,2_10,2017,23.3,Lower beginner,Male,24,New York City College of Technology,English,22,0.5,No,,20,Outside classroom,1,No,No,fem,PRE,MC,DEF,NE,N,dp,ver,simple-finite,El hombre estaba caminando solo paro toma un cigarrilo y encontró un bebe en un rincón vacío. Hombre sala so bebe y no no sabe a donde ir.  Bebe fue abandonar. Trata de darle al bebe a extranos. El hombre no le gusta el bebe en primero. la polica vio al tipo tretar de dejar al bebe. el hombre trata de darle al bebé a otra madre. madre se enoja. la madre del bebé dejó a su niño para ser amado y cuidado
sample,tretar de dejar al bebe,EN_WR_10_24_0.5_14_AW,2,11,2_11,2017,23.3,Lower beginner,Male,24,New York City College of Technology,English,22,0.5,No,,20,Outside classroom,1,No,No,masc,NA,MC,NA,GI,N,nullsub,tratar,periphrasis-lexical,El hombre estaba caminando solo paro toma un cigarrilo y encontró un bebe en un rincón vacío. Hombre sala so bebe y no no sabe a donde ir.  Bebe fue abandonar. Trata de darle al bebe a extranos. El hombre no le gusta el bebe en primero. la polica vio al tipo tretar de dejar al bebe. el hombre trata de darle al bebé a otra madre. madre se enoja. la madre del bebé dejó a su niño para ser amado y cuidado
sample,el hombre trata de darle al bebé a otra madre,EN_WR_10_24_0.5_14_AW,2,12,2_12,2017,23.3,Lower beginner,Male,24,New York City College of Technology,English,22,0.5,No,,20,Outside classroom,1,No,No,masc,PRE,MC,DEF,GI,Y,dp,tratar,periphrasis-lexical,El hombre estaba caminando solo paro toma un cigarrilo y encontró un bebe en un rincón vacío. Hombre sala so bebe y no no sabe a donde ir.  Bebe fue abandonar. Trata de darle al bebe a extranos. El hombre no le gusta el bebe en primero. la polica vio al tipo tretar de dejar al bebe. el hombre trata de darle al bebé a otra madre. madre se enoja. la madre del bebé dejó a su niño para ser amado y cuidado
NA,madre se enoja,EN_WR_10_24_0.5_14_AW,2,13,2_13,2017,23.3,Lower beginner,Male,24,New York City College of Technology,English,22,0.5,No,,20,Outside classroom,1,No,No,fem,,,,,,,,,El hombre estaba caminando solo paro toma un cigarrilo y encontró un bebe en un rincón vacío. Hombre sala so bebe y no no sabe a donde ir.  Bebe fue abandonar. Trata de darle al bebe a extranos. El hombre no le gusta el bebe en primero. la polica vio al tipo tretar de dejar al bebe. el hombre trata de darle al bebé a otra madre. madre se enoja. la madre del bebé dejó a su niño para ser amado y cuidado
sample,la madre del bebé dejó a su niño,EN_WR_10_24_0.5_14_AW,2,14,2_14,2017,23.3,Lower beginner,Male,24,New York City College of Technology,English,22,0.5,No,,20,Outside classroom,1,No,No,fem,PRE,MC,DEF,NE,Y,dp,dejar,simple-finite,El hombre estaba caminando solo paro toma un cigarrilo y encontró un bebe en un rincón vacío. Hombre sala so bebe y no no sabe a donde ir.  Bebe fue abandonar. Trata de darle al bebe a extranos. El hombre no le gusta el bebe en primero. la polica vio al tipo tretar de dejar al bebe. el hombre trata de darle al bebé a otra madre. madre se enoja. la madre del bebé dejó a su niño para ser amado y cuidado
sample,para ser amado y cuidado,EN_WR_10_24_0.5_14_AW,2,15,2_15,2017,23.3,Lower beginner,Male,24,New York City College of Technology,English,22,0.5,No,,20,Outside classroom,1,No,No,masc,NA,SC,NA,GI,N,nullsub,ser,passive,El hombre estaba caminando solo paro toma un cigarrilo y encontró un bebe en un rincón vacío. Hombre sala so bebe y no no sabe a donde ir.  Bebe fue abandonar. Trata de darle al bebe a extranos. El hombre no le gusta el bebe en primero. la polica vio al tipo tretar de dejar al bebe. el hombre trata de darle al bebé a otra madre. madre se enoja. la madre del bebé dejó a su niño para ser amado y cuidado
sample,"En el video, afuera, Charlie Chaplin encontró un bebé al costado de la calle",EN_WR_11_22_2.5_14_MH,3,1,3_1,2018,25.6,Lower beginner,Female,22,New York City College of Technology,English,15,2.5,No,,59,Outside classroom,1,No,No,masc,PRE,MC,DEF,NE,N,dp,encontrar,simple-finite,"En el video, afuera, Charlie Chaplin encontró un bebé al costado de la calle. Pensó que el bebé pertenecía a otra madre. Enfadada, la madre le devolvió el bebé porque el bebé no era suyo. Al bebé le pusieron una nota en la manta. La nota dice por favor ama y cuida a este niño huérfano.La señora estaba enojada con él porque él asumió que ella dejó a su bebé al borde de la calle. Ella lo golpeó porque él puso al bebé en su carrito. Él estaba equivocado y él se llevó al bebé."
NA,Pensó que,EN_WR_11_22_2.5_14_MH,3,2,3_2,2018,25.6,Lower beginner,Female,22,New York City College of Technology,English,15,2.5,No,,59,Outside classroom,1,No,No,masc,,,,,,,,,"En el video, afuera, Charlie Chaplin encontró un bebé al costado de la calle. Pensó que el bebé pertenecía a otra madre. Enfadada, la madre le devolvió el bebé porque el bebé no era suyo. Al bebé le pusieron una nota en la manta. La nota dice por favor ama y cuida a este niño huérfano.La señora estaba enojada con él porque él asumió que ella dejó a su bebé al borde de la calle. Ella lo golpeó porque él puso al bebé en su carrito. Él estaba equivocado y él se llevó al bebé."
sample,el bebé pertenecía a otra madre,EN_WR_11_22_2.5_14_MH,3,3,3_3,2018,25.6,Lower beginner,Female,22,New York City College of Technology,English,15,2.5,No,,59,Outside classroom,1,No,No,masc,PRE,MC,DEF,GI,N,dp,pertenecer,simple-finite,"En el video, afuera, Charlie Chaplin encontró un bebé al costado de la calle. Pensó que el bebé pertenecía a otra madre. Enfadada, la madre le devolvió el bebé porque el bebé no era suyo. Al bebé le pusieron una nota en la manta. La nota dice por favor ama y cuida a este niño huérfano.La señora estaba enojada con él porque él asumió que ella dejó a su bebé al borde de la calle. Ella lo golpeó porque él puso al bebé en su carrito. Él estaba equivocado y él se llevó al bebé."
sample,"Enfadada, la madre le devolvió el bebé",EN_WR_11_22_2.5_14_MH,3,4,3_4,2018,25.6,Lower beginner,Female,22,New York City College of Technology,English,15,2.5,No,,59,Outside classroom,1,No,No,fem,PRE,MC,DEF,GI,N,dp,devolver,simple-finite,"En el video, afuera, Charlie Chaplin encontró un bebé al costado de la calle. Pensó que el bebé pertenecía a otra madre. Enfadada, la madre le devolvió el bebé porque el bebé no era suyo. Al bebé le pusieron una nota en la manta. La nota dice por favor ama y cuida a este niño huérfano.La señora estaba enojada con él porque él asumió que ella dejó a su bebé al borde de la calle. Ella lo golpeó porque él puso al bebé en su carrito. Él estaba equivocado y él se llevó al bebé."
sample,porque el bebé no era suyo,EN_WR_11_22_2.5_14_MH,3,5,3_5,2018,25.6,Lower beginner,Female,22,New York City College of Technology,English,15,2.5,No,,59,Outside classroom,1,No,No,masc,PRE,SC,DEF,GI,N,dp,ser,simple-finite,"En el video, afuera, Charlie Chaplin encontró un bebé al costado de la calle. Pensó que el bebé pertenecía a otra madre. Enfadada, la madre le devolvió el bebé porque el bebé no era suyo. Al bebé le pusieron una nota en la manta. La nota dice por favor ama y cuida a este niño huérfano.La señora estaba enojada con él porque él asumió que ella dejó a su bebé al borde de la calle. Ella lo golpeó porque él puso al bebé en su carrito. Él estaba equivocado y él se llevó al bebé."
sample,Al bebé le pusieron una nota en la manta,EN_WR_11_22_2.5_14_MH,3,6,3_6,2018,25.6,Lower beginner,Female,22,New York City College of Technology,English,15,2.5,No,,59,Outside classroom,1,No,No,unknown,NA,MC,DEF,GI,Y,nullsub,poner,simple-finite,"En el video, afuera, Charlie Chaplin encontró un bebé al costado de la calle. Pensó que el bebé pertenecía a otra madre. Enfadada, la madre le devolvió el bebé porque el bebé no era suyo. Al bebé le pusieron una nota en la manta. La nota dice por favor ama y cuida a este niño huérfano.La señora estaba enojada con él porque él asumió que ella dejó a su bebé al borde de la calle. Ella lo golpeó porque él puso al bebé en su carrito. Él estaba equivocado y él se llevó al bebé."
sample,La nota dice [por favor ama y cuida a este niño huérfano],EN_WR_11_22_2.5_14_MH,3,7,3_7,2018,25.6,Lower beginner,Female,22,New York City College of Technology,English,15,2.5,No,,59,Outside classroom,1,No,No,fem,PRE,MC,DEF,GI,N,dp,decir,simple-finite,"En el video, afuera, Charlie Chaplin encontró un bebé al costado de la calle. Pensó que el bebé pertenecía a otra madre. Enfadada, la madre le devolvió el bebé porque el bebé no era suyo. Al bebé le pusieron una nota en la manta. La nota dice por favor ama y cuida a este niño huérfano.La señora estaba enojada con él porque él asumió que ella dejó a su bebé al borde de la calle. Ella lo golpeó porque él puso al bebé en su carrito. Él estaba equivocado y él se llevó al bebé."
sample,La señora estaba enojada con él,EN_WR_11_22_2.5_14_MH,3,8,3_8,2018,25.6,Lower beginner,Female,22,New York City College of Technology,English,15,2.5,No,,59,Outside classroom,1,No,No,fem,PRE,MC,DEF,GI,N,dp,estar,simple-finite,"En el video, afuera, Charlie Chaplin encontró un bebé al costado de la calle. Pensó que el bebé pertenecía a otra madre. Enfadada, la madre le devolvió el bebé porque el bebé no era suyo. Al bebé le pusieron una nota en la manta. La nota dice por favor ama y cuida a este niño huérfano.La señora estaba enojada con él porque él asumió que ella dejó a su bebé al borde de la calle. Ella lo golpeó porque él puso al bebé en su carrito. Él estaba equivocado y él se llevó al bebé."
sample,porque él asumió,EN_WR_11_22_2.5_14_MH,3,9,3_9,2018,25.6,Lower beginner,Female,22,New York City College of Technology,English,15,2.5,No,,59,Outside classroom,1,No,No,masc,PRE,SC,DEF,GI,N,pron,asumir,simple-finite,"En el video, afuera, Charlie Chaplin encontró un bebé al costado de la calle. Pensó que el bebé pertenecía a otra madre. Enfadada, la madre le devolvió el bebé porque el bebé no era suyo. Al bebé le pusieron una nota en la manta. La nota dice por favor ama y cuida a este niño huérfano.La señora estaba enojada con él porque él asumió que ella dejó a su bebé al borde de la calle. Ella lo golpeó porque él puso al bebé en su carrito. Él estaba equivocado y él se llevó al bebé."
sample,que ella dejó a su bebé al borde de la calle,EN_WR_11_22_2.5_14_MH,3,10,3_10,2018,25.6,Lower beginner,Female,22,New York City College of Technology,English,15,2.5,No,,59,Outside classroom,1,No,No,fem,PRE,SC,DEF,GI,N,pron,dejar,simple-finite,"En el video, afuera, Charlie Chaplin encontró un bebé al costado de la calle. Pensó que el bebé pertenecía a otra madre. Enfadada, la madre le devolvió el bebé porque el bebé no era suyo. Al bebé le pusieron una nota en la manta. La nota dice por favor ama y cuida a este niño huérfano.La señora estaba enojada con él porque él asumió que ella dejó a su bebé al borde de la calle. Ella lo golpeó porque él puso al bebé en su carrito. Él estaba equivocado y él se llevó al bebé."
sample,Ella lo golpeó,EN_WR_11_22_2.5_14_MH,3,11,3_11,2018,25.6,Lower beginner,Female,22,New York City College of Technology,English,15,2.5,No,,59,Outside classroom,1,No,No,fem,PRE,MC,DEF,GI,Y,pron,golpear,simple-finite,"En el video, afuera, Charlie Chaplin encontró un bebé al costado de la calle. Pensó que el bebé pertenecía a otra madre. Enfadada, la madre le devolvió el bebé porque el bebé no era suyo. Al bebé le pusieron una nota en la manta. La nota dice por favor ama y cuida a este niño huérfano.La señora estaba enojada con él porque él asumió que ella dejó a su bebé al borde de la calle. Ella lo golpeó porque él puso al bebé en su carrito. Él estaba equivocado y él se llevó al bebé."
sample,porque él puso al bebé en su carrito,EN_WR_11_22_2.5_14_MH,3,12,3_12,2018,25.6,Lower beginner,Female,22,New York City College of Technology,English,15,2.5,No,,59,Outside classroom,1,No,No,masc,PRE,SC,DEF,GI,N,pron,poner,simple-finite,"En el video, afuera, Charlie Chaplin encontró un bebé al costado de la calle. Pensó que el bebé pertenecía a otra madre. Enfadada, la madre le devolvió el bebé porque el bebé no era suyo. Al bebé le pusieron una nota en la manta. La nota dice por favor ama y cuida a este niño huérfano.La señora estaba enojada con él porque él asumió que ella dejó a su bebé al borde de la calle. Ella lo golpeó porque él puso al bebé en su carrito. Él estaba equivocado y él se llevó al bebé."
NA,Él estaba equivocado,EN_WR_11_22_2.5_14_MH,3,13,3_13,2018,25.6,Lower beginner,Female,22,New York City College of Technology,English,15,2.5,No,,59,Outside classroom,1,No,No,,,,,,,,,,"En el video, afuera, Charlie Chaplin encontró un bebé al costado de la calle. Pensó que el bebé pertenecía a otra madre. Enfadada, la madre le devolvió el bebé porque el bebé no era suyo. Al bebé le pusieron una nota en la manta. La nota dice por favor ama y cuida a este niño huérfano.La señora estaba enojada con él porque él asumió que ella dejó a su bebé al borde de la calle. Ella lo golpeó porque él puso al bebé en su carrito. Él estaba equivocado y él se llevó al bebé."
sample,y él se llevó al bebé,EN_WR_11_22_2.5_14_MH,3,14,3_14,2018,25.6,Lower beginner,Female,22,New York City College of Technology,English,15,2.5,No,,59,Outside classroom,1,No,No,masc,PRE,MC,DEF,GI,Y,pron,llevar,simple-finite,"En el video, afuera, Charlie Chaplin encontró un bebé al costado de la calle. Pensó que el bebé pertenecía a otra madre. Enfadada, la madre le devolvió el bebé porque el bebé no era suyo. Al bebé le pusieron una nota en la manta. La nota dice por favor ama y cuida a este niño huérfano.La señora estaba enojada con él porque él asumió que ella dejó a su bebé al borde de la calle. Ella lo golpeó porque él puso al bebé en su carrito. Él estaba equivocado y él se llevó al bebé."
NA,El vidoe esta en blanco y negro,EN_WR_11_22_3_14_AA,4,1,4_1,2018,25.6,Lower beginner,Male,22,Pennsylvania State University,English,18,3,No,,4,Outside classroom,1,No,No,,,,,,,,,,El vidoe esta en blanco y negro. El hombre es fumar y camino. Entonces el encuentro in bebe. El hombre de encontrar a su mama porque no papi.  Entonces el policia hablo el hombre. El hombre encuento nota sobre el baby. No se que nota porque nota francis. En general  video es interastante. El revive es ocho de diez porque calidad. No say negative.Yo como el viendo la pelicula porque es blanco y negro.
sample,El hombre es fumar,EN_WR_11_22_3_14_AA,4,2,4_2,2018,25.6,Lower beginner,Male,22,Pennsylvania State University,English,18,3,No,,4,Outside classroom,1,No,No,masc,PRE,MC,DEF,NE,N,dp,fumar,simple-finite,El vidoe esta en blanco y negro. El hombre es fumar y camino. Entonces el encuentro in bebe. El hombre de encontrar a su mama porque no papi.  Entonces el policia hablo el hombre. El hombre encuento nota sobre el baby. No se que nota porque nota francis. En general  video es interastante. El revive es ocho de diez porque calidad. No say negative.Yo como el viendo la pelicula porque es blanco y negro.
NA,y camino,EN_WR_11_22_3_14_AA,4,3,4_3,2018,25.6,Lower beginner,Male,22,Pennsylvania State University,English,18,3,No,,4,Outside classroom,1,No,No,,,,,,,,,,El vidoe esta en blanco y negro. El hombre es fumar y camino. Entonces el encuentro in bebe. El hombre de encontrar a su mama porque no papi.  Entonces el policia hablo el hombre. El hombre encuento nota sobre el baby. No se que nota porque nota francis. En general  video es interastante. El revive es ocho de diez porque calidad. No say negative.Yo como el viendo la pelicula porque es blanco y negro.
sample,Entonces el encuentro in bebe,EN_WR_11_22_3_14_AA,4,4,4_4,2018,25.6,Lower beginner,Male,22,Pennsylvania State University,English,18,3,No,,4,Outside classroom,1,No,No,masc,PRE,MC,DEF,GI,Y,pron,encontrar,simple-finite,El vidoe esta en blanco y negro. El hombre es fumar y camino. Entonces el encuentro in bebe. El hombre de encontrar a su mama porque no papi.  Entonces el policia hablo el hombre. El hombre encuento nota sobre el baby. No se que nota porque nota francis. En general  video es interastante. El revive es ocho de diez porque calidad. No say negative.Yo como el viendo la pelicula porque es blanco y negro.
NA,El hombre de encontrar a su mama,EN_WR_11_22_3_14_AA,4,5,4_5,2018,25.6,Lower beginner,Male,22,Pennsylvania State University,English,18,3,No,,4,Outside classroom,1,No,No,,,,,,,,,,El vidoe esta en blanco y negro. El hombre es fumar y camino. Entonces el encuentro in bebe. El hombre de encontrar a su mama porque no papi.  Entonces el policia hablo el hombre. El hombre encuento nota sobre el baby. No se que nota porque nota francis. En general  video es interastante. El revive es ocho de diez porque calidad. No say negative.Yo como el viendo la pelicula porque es blanco y negro.
NA,porque no papi,EN_WR_11_22_3_14_AA,4,6,4_6,2018,25.6,Lower beginner,Male,22,Pennsylvania State University,English,18,3,No,,4,Outside classroom,1,No,No,,,,,,,,,,El vidoe esta en blanco y negro. El hombre es fumar y camino. Entonces el encuentro in bebe. El hombre de encontrar a su mama porque no papi.  Entonces el policia hablo el hombre. El hombre encuento nota sobre el baby. No se que nota porque nota francis. En general  video es interastante. El revive es ocho de diez porque calidad. No say negative.Yo como el viendo la pelicula porque es blanco y negro.
sample,Entonces el policia hablo el hombre,EN_WR_11_22_3_14_AA,4,7,4_7,2018,25.6,Lower beginner,Male,22,Pennsylvania State University,English,18,3,No,,4,Outside classroom,1,No,No,masc,PRE,MC,DEF,NE,N,dp,hablar,simple-finite,El vidoe esta en blanco y negro. El hombre es fumar y camino. Entonces el encuentro in bebe. El hombre de encontrar a su mama porque no papi.  Entonces el policia hablo el hombre. El hombre encuento nota sobre el baby. No se que nota porque nota francis. En general  video es interastante. El revive es ocho de diez porque calidad. No say negative.Yo como el viendo la pelicula porque es blanco y negro.
NA,El hombre encuento nota sobre el baby,EN_WR_11_22_3_14_AA,4,8,4_8,2018,25.6,Lower beginner,Male,22,Pennsylvania State University,English,18,3,No,,4,Outside classroom,1,No,No,,,,,,,,,,El vidoe esta en blanco y negro. El hombre es fumar y camino. Entonces el encuentro in bebe. El hombre de encontrar a su mama porque no papi.  Entonces el policia hablo el hombre. El hombre encuento nota sobre el baby. No se que nota porque nota francis. En general  video es interastante. El revive es ocho de diez porque calidad. No say negative.Yo como el viendo la pelicula porque es blanco y negro.
sample,El hombre de la película está teniendo un día difícil,EN_WR_12_21_2_14_AS,5,1,5_1,2017,27.9,Lower beginner,Female,21,Pennsylvania State University,English,14,2,No,,20,Outside classroom,1,No,No,masc,PRE,MC,DEF,NE,Y,dp,tener,simple-finite,"El hombre de la película está teniendo un día difícil por lo que decide ir a dar un paseo. Mientras camina por la calle, alguien le echa basura en la ventana. En lugar de estar demasiado molesto trata de fumar un cigarro cuando de repente oye un bebé cryng. Mira hacia abajo y ve que hay un bebé cerca de un cubo de basura, así que lo recoge. Él mira alrededor para los padres de los babys y ve a una señora que empuja a un bebé en un cochecito. Él se acerca a ella y trata de darle el bebé, pero el bebé no pertenece a ella por lo que lo empuja lejos. Él camina de regreso a la papelera para poner al bebé de regreso donde lo consiguió, pero el oficial de policía lo ve. Recoge al bebé y camina hasta encontrar a alguien más. Él le da el bebé a un hombre en la calle y luego huye. El hombre persigue tras él, pero no pudo ponerse al día así que pone al bebé en un cochecito que ve en la calle. La señora ve un nuevo bebé en su cochecito y ve al primer chico de antes y le grita hasta que la policía aparece. El chico toma el bebé de nuevo se sienta y encuentra una nota que dice ""por favor, el amor y el cuidado de este niño huérfano"". El fin."
NA,por lo que decide ir a dar un paseo,EN_WR_12_21_2_14_AS,5,2,5_2,2017,27.9,Lower beginner,Female,21,Pennsylvania State University,English,14,2,No,,20,Outside classroom,1,No,No,,,,,,,,,,"El hombre de la película está teniendo un día difícil por lo que decide ir a dar un paseo. Mientras camina por la calle, alguien le echa basura en la ventana. En lugar de estar demasiado molesto trata de fumar un cigarro cuando de repente oye un bebé cryng. Mira hacia abajo y ve que hay un bebé cerca de un cubo de basura, así que lo recoge. Él mira alrededor para los padres de los babys y ve a una señora que empuja a un bebé en un cochecito. Él se acerca a ella y trata de darle el bebé, pero el bebé no pertenece a ella por lo que lo empuja lejos. Él camina de regreso a la papelera para poner al bebé de regreso donde lo consiguió, pero el oficial de policía lo ve. Recoge al bebé y camina hasta encontrar a alguien más. Él le da el bebé a un hombre en la calle y luego huye. El hombre persigue tras él, pero no pudo ponerse al día así que pone al bebé en un cochecito que ve en la calle. La señora ve un nuevo bebé en su cochecito y ve al primer chico de antes y le grita hasta que la policía aparece. El chico toma el bebé de nuevo se sienta y encuentra una nota que dice ""por favor, el amor y el cuidado de este niño huérfano"". El fin."
sample,"Mientras camina por la calle,",EN_WR_12_21_2_14_AS,5,3,5_3,2017,27.9,Lower beginner,Female,21,Pennsylvania State University,English,14,2,No,,20,Outside classroom,1,No,No,masc,NA,SC,NA,GI,Y,nullsub,caminar,simple-finite,"El hombre de la película está teniendo un día difícil por lo que decide ir a dar un paseo. Mientras camina por la calle, alguien le echa basura en la ventana. En lugar de estar demasiado molesto trata de fumar un cigarro cuando de repente oye un bebé cryng. Mira hacia abajo y ve que hay un bebé cerca de un cubo de basura, así que lo recoge. Él mira alrededor para los padres de los babys y ve a una señora que empuja a un bebé en un cochecito. Él se acerca a ella y trata de darle el bebé, pero el bebé no pertenece a ella por lo que lo empuja lejos. Él camina de regreso a la papelera para poner al bebé de regreso donde lo consiguió, pero el oficial de policía lo ve. Recoge al bebé y camina hasta encontrar a alguien más. Él le da el bebé a un hombre en la calle y luego huye. El hombre persigue tras él, pero no pudo ponerse al día así que pone al bebé en un cochecito que ve en la calle. La señora ve un nuevo bebé en su cochecito y ve al primer chico de antes y le grita hasta que la policía aparece. El chico toma el bebé de nuevo se sienta y encuentra una nota que dice ""por favor, el amor y el cuidado de este niño huérfano"". El fin."
sample,alguien le echa basura en la ventana,EN_WR_12_21_2_14_AS,5,4,5_4,2017,27.9,Lower beginner,Female,21,Pennsylvania State University,English,14,2,No,,20,Outside classroom,1,No,No,unknown,PRE,MC,INDEF,NE,N,pron,echar,simple-finite,"El hombre de la película está teniendo un día difícil por lo que decide ir a dar un paseo. Mientras camina por la calle, alguien le echa basura en la ventana. En lugar de estar demasiado molesto trata de fumar un cigarro cuando de repente oye un bebé cryng. Mira hacia abajo y ve que hay un bebé cerca de un cubo de basura, así que lo recoge. Él mira alrededor para los padres de los babys y ve a una señora que empuja a un bebé en un cochecito. Él se acerca a ella y trata de darle el bebé, pero el bebé no pertenece a ella por lo que lo empuja lejos. Él camina de regreso a la papelera para poner al bebé de regreso donde lo consiguió, pero el oficial de policía lo ve. Recoge al bebé y camina hasta encontrar a alguien más. Él le da el bebé a un hombre en la calle y luego huye. El hombre persigue tras él, pero no pudo ponerse al día así que pone al bebé en un cochecito que ve en la calle. La señora ve un nuevo bebé en su cochecito y ve al primer chico de antes y le grita hasta que la policía aparece. El chico toma el bebé de nuevo se sienta y encuentra una nota que dice ""por favor, el amor y el cuidado de este niño huérfano"". El fin."
NA,En lugar de estar demasiado molesto trata de fumar un cigarro ,EN_WR_12_21_2_14_AS,5,5,5_5,2017,27.9,Lower beginner,Female,21,Pennsylvania State University,English,14,2,No,,20,Outside classroom,1,No,No,,,,,,,,,,"El hombre de la película está teniendo un día difícil por lo que decide ir a dar un paseo. Mientras camina por la calle, alguien le echa basura en la ventana. En lugar de estar demasiado molesto trata de fumar un cigarro cuando de repente oye un bebé cryng. Mira hacia abajo y ve que hay un bebé cerca de un cubo de basura, así que lo recoge. Él mira alrededor para los padres de los babys y ve a una señora que empuja a un bebé en un cochecito. Él se acerca a ella y trata de darle el bebé, pero el bebé no pertenece a ella por lo que lo empuja lejos. Él camina de regreso a la papelera para poner al bebé de regreso donde lo consiguió, pero el oficial de policía lo ve. Recoge al bebé y camina hasta encontrar a alguien más. Él le da el bebé a un hombre en la calle y luego huye. El hombre persigue tras él, pero no pudo ponerse al día así que pone al bebé en un cochecito que ve en la calle. La señora ve un nuevo bebé en su cochecito y ve al primer chico de antes y le grita hasta que la policía aparece. El chico toma el bebé de nuevo se sienta y encuentra una nota que dice ""por favor, el amor y el cuidado de este niño huérfano"". El fin."
sample,cuando de repente oye un bebé cryng,EN_WR_12_21_2_14_AS,5,6,5_6,2017,27.9,Lower beginner,Female,21,Pennsylvania State University,English,14,2,No,,20,Outside classroom,1,No,No,masc,NA,SC,NA,GI,Y,nullsub,oír,simple-finite,"El hombre de la película está teniendo un día difícil por lo que decide ir a dar un paseo. Mientras camina por la calle, alguien le echa basura en la ventana. En lugar de estar demasiado molesto trata de fumar un cigarro cuando de repente oye un bebé cryng. Mira hacia abajo y ve que hay un bebé cerca de un cubo de basura, así que lo recoge. Él mira alrededor para los padres de los babys y ve a una señora que empuja a un bebé en un cochecito. Él se acerca a ella y trata de darle el bebé, pero el bebé no pertenece a ella por lo que lo empuja lejos. Él camina de regreso a la papelera para poner al bebé de regreso donde lo consiguió, pero el oficial de policía lo ve. Recoge al bebé y camina hasta encontrar a alguien más. Él le da el bebé a un hombre en la calle y luego huye. El hombre persigue tras él, pero no pudo ponerse al día así que pone al bebé en un cochecito que ve en la calle. La señora ve un nuevo bebé en su cochecito y ve al primer chico de antes y le grita hasta que la policía aparece. El chico toma el bebé de nuevo se sienta y encuentra una nota que dice ""por favor, el amor y el cuidado de este niño huérfano"". El fin."
sample,Mira hacia abajo,EN_WR_12_21_2_14_AS,5,7,5_7,2017,27.9,Lower beginner,Female,21,Pennsylvania State University,English,14,2,No,,20,Outside classroom,1,No,No,masc,NA,MC,NA,GI,Y,nullsub,mirar,simple-finite,"El hombre de la película está teniendo un día difícil por lo que decide ir a dar un paseo. Mientras camina por la calle, alguien le echa basura en la ventana. En lugar de estar demasiado molesto trata de fumar un cigarro cuando de repente oye un bebé cryng. Mira hacia abajo y ve que hay un bebé cerca de un cubo de basura, así que lo recoge. Él mira alrededor para los padres de los babys y ve a una señora que empuja a un bebé en un cochecito. Él se acerca a ella y trata de darle el bebé, pero el bebé no pertenece a ella por lo que lo empuja lejos. Él camina de regreso a la papelera para poner al bebé de regreso donde lo consiguió, pero el oficial de policía lo ve. Recoge al bebé y camina hasta encontrar a alguien más. Él le da el bebé a un hombre en la calle y luego huye. El hombre persigue tras él, pero no pudo ponerse al día así que pone al bebé en un cochecito que ve en la calle. La señora ve un nuevo bebé en su cochecito y ve al primer chico de antes y le grita hasta que la policía aparece. El chico toma el bebé de nuevo se sienta y encuentra una nota que dice ""por favor, el amor y el cuidado de este niño huérfano"". El fin."
NA,y ve que,EN_WR_12_21_2_14_AS,5,8,5_8,2017,27.9,Lower beginner,Female,21,Pennsylvania State University,English,14,2,No,,20,Outside classroom,1,No,No,,,MC,,,,,,,"El hombre de la película está teniendo un día difícil por lo que decide ir a dar un paseo. Mientras camina por la calle, alguien le echa basura en la ventana. En lugar de estar demasiado molesto trata de fumar un cigarro cuando de repente oye un bebé cryng. Mira hacia abajo y ve que hay un bebé cerca de un cubo de basura, así que lo recoge. Él mira alrededor para los padres de los babys y ve a una señora que empuja a un bebé en un cochecito. Él se acerca a ella y trata de darle el bebé, pero el bebé no pertenece a ella por lo que lo empuja lejos. Él camina de regreso a la papelera para poner al bebé de regreso donde lo consiguió, pero el oficial de policía lo ve. Recoge al bebé y camina hasta encontrar a alguien más. Él le da el bebé a un hombre en la calle y luego huye. El hombre persigue tras él, pero no pudo ponerse al día así que pone al bebé en un cochecito que ve en la calle. La señora ve un nuevo bebé en su cochecito y ve al primer chico de antes y le grita hasta que la policía aparece. El chico toma el bebé de nuevo se sienta y encuentra una nota que dice ""por favor, el amor y el cuidado de este niño huérfano"". El fin."
NA,"hay un bebé cerca de un cubo de basura,",EN_WR_12_21_2_14_AS,5,9,5_9,2017,27.9,Lower beginner,Female,21,Pennsylvania State University,English,14,2,No,,20,Outside classroom,1,No,No,,,,,,,,,,"El hombre de la película está teniendo un día difícil por lo que decide ir a dar un paseo. Mientras camina por la calle, alguien le echa basura en la ventana. En lugar de estar demasiado molesto trata de fumar un cigarro cuando de repente oye un bebé cryng. Mira hacia abajo y ve que hay un bebé cerca de un cubo de basura, así que lo recoge. Él mira alrededor para los padres de los babys y ve a una señora que empuja a un bebé en un cochecito. Él se acerca a ella y trata de darle el bebé, pero el bebé no pertenece a ella por lo que lo empuja lejos. Él camina de regreso a la papelera para poner al bebé de regreso donde lo consiguió, pero el oficial de policía lo ve. Recoge al bebé y camina hasta encontrar a alguien más. Él le da el bebé a un hombre en la calle y luego huye. El hombre persigue tras él, pero no pudo ponerse al día así que pone al bebé en un cochecito que ve en la calle. La señora ve un nuevo bebé en su cochecito y ve al primer chico de antes y le grita hasta que la policía aparece. El chico toma el bebé de nuevo se sienta y encuentra una nota que dice ""por favor, el amor y el cuidado de este niño huérfano"". El fin."
sample,así que lo recoge,EN_WR_12_21_2_14_AS,5,10,5_10,2017,27.9,Lower beginner,Female,21,Pennsylvania State University,English,14,2,No,,20,Outside classroom,1,No,No,masc,NA,MC,NA,GI,N,nullsub,recoger,simple-finite,"El hombre de la película está teniendo un día difícil por lo que decide ir a dar un paseo. Mientras camina por la calle, alguien le echa basura en la ventana. En lugar de estar demasiado molesto trata de fumar un cigarro cuando de repente oye un bebé cryng. Mira hacia abajo y ve que hay un bebé cerca de un cubo de basura, así que lo recoge. Él mira alrededor para los padres de los babys y ve a una señora que empuja a un bebé en un cochecito. Él se acerca a ella y trata de darle el bebé, pero el bebé no pertenece a ella por lo que lo empuja lejos. Él camina de regreso a la papelera para poner al bebé de regreso donde lo consiguió, pero el oficial de policía lo ve. Recoge al bebé y camina hasta encontrar a alguien más. Él le da el bebé a un hombre en la calle y luego huye. El hombre persigue tras él, pero no pudo ponerse al día así que pone al bebé en un cochecito que ve en la calle. La señora ve un nuevo bebé en su cochecito y ve al primer chico de antes y le grita hasta que la policía aparece. El chico toma el bebé de nuevo se sienta y encuentra una nota que dice ""por favor, el amor y el cuidado de este niño huérfano"". El fin."
sample,Él mira alrededor para los padres de los babys,EN_WR_12_21_2_14_AS,5,11,5_11,2017,27.9,Lower beginner,Female,21,Pennsylvania State University,English,14,2,No,,20,Outside classroom,1,No,No,masc,PRE,MC,DEF,GI,Y,pron,mirar,simple-finite,"El hombre de la película está teniendo un día difícil por lo que decide ir a dar un paseo. Mientras camina por la calle, alguien le echa basura en la ventana. En lugar de estar demasiado molesto trata de fumar un cigarro cuando de repente oye un bebé cryng. Mira hacia abajo y ve que hay un bebé cerca de un cubo de basura, así que lo recoge. Él mira alrededor para los padres de los babys y ve a una señora que empuja a un bebé en un cochecito. Él se acerca a ella y trata de darle el bebé, pero el bebé no pertenece a ella por lo que lo empuja lejos. Él camina de regreso a la papelera para poner al bebé de regreso donde lo consiguió, pero el oficial de policía lo ve. Recoge al bebé y camina hasta encontrar a alguien más. Él le da el bebé a un hombre en la calle y luego huye. El hombre persigue tras él, pero no pudo ponerse al día así que pone al bebé en un cochecito que ve en la calle. La señora ve un nuevo bebé en su cochecito y ve al primer chico de antes y le grita hasta que la policía aparece. El chico toma el bebé de nuevo se sienta y encuentra una nota que dice ""por favor, el amor y el cuidado de este niño huérfano"". El fin."
sample,y ve a una señora,EN_WR_12_21_2_14_AS,5,12,5_12,2017,27.9,Lower beginner,Female,21,Pennsylvania State University,English,14,2,No,,20,Outside classroom,1,No,No,masc,NA,MC,NA,GI,Y,nullsub,ver,simple-finite,"El hombre de la película está teniendo un día difícil por lo que decide ir a dar un paseo. Mientras camina por la calle, alguien le echa basura en la ventana. En lugar de estar demasiado molesto trata de fumar un cigarro cuando de repente oye un bebé cryng. Mira hacia abajo y ve que hay un bebé cerca de un cubo de basura, así que lo recoge. Él mira alrededor para los padres de los babys y ve a una señora que empuja a un bebé en un cochecito. Él se acerca a ella y trata de darle el bebé, pero el bebé no pertenece a ella por lo que lo empuja lejos. Él camina de regreso a la papelera para poner al bebé de regreso donde lo consiguió, pero el oficial de policía lo ve. Recoge al bebé y camina hasta encontrar a alguien más. Él le da el bebé a un hombre en la calle y luego huye. El hombre persigue tras él, pero no pudo ponerse al día así que pone al bebé en un cochecito que ve en la calle. La señora ve un nuevo bebé en su cochecito y ve al primer chico de antes y le grita hasta que la policía aparece. El chico toma el bebé de nuevo se sienta y encuentra una nota que dice ""por favor, el amor y el cuidado de este niño huérfano"". El fin."
sample,que empuja a un bebé en un cochecito,EN_WR_12_21_2_14_AS,5,13,5_13,2017,27.9,Lower beginner,Female,21,Pennsylvania State University,English,14,2,No,,20,Outside classroom,1,No,No,fem,NA,SC,NA,GI,N,nullsub,empujar,simple-finite,"El hombre de la película está teniendo un día difícil por lo que decide ir a dar un paseo. Mientras camina por la calle, alguien le echa basura en la ventana. En lugar de estar demasiado molesto trata de fumar un cigarro cuando de repente oye un bebé cryng. Mira hacia abajo y ve que hay un bebé cerca de un cubo de basura, así que lo recoge. Él mira alrededor para los padres de los babys y ve a una señora que empuja a un bebé en un cochecito. Él se acerca a ella y trata de darle el bebé, pero el bebé no pertenece a ella por lo que lo empuja lejos. Él camina de regreso a la papelera para poner al bebé de regreso donde lo consiguió, pero el oficial de policía lo ve. Recoge al bebé y camina hasta encontrar a alguien más. Él le da el bebé a un hombre en la calle y luego huye. El hombre persigue tras él, pero no pudo ponerse al día así que pone al bebé en un cochecito que ve en la calle. La señora ve un nuevo bebé en su cochecito y ve al primer chico de antes y le grita hasta que la policía aparece. El chico toma el bebé de nuevo se sienta y encuentra una nota que dice ""por favor, el amor y el cuidado de este niño huérfano"". El fin."
sample,Él se acerca a ella,EN_WR_12_21_2_14_AS,5,14,5_14,2017,27.9,Lower beginner,Female,21,Pennsylvania State University,English,14,2,No,,20,Outside classroom,1,No,No,masc,PRE,MC,DEF,GI,N,pron,acercar,simple-finite,"El hombre de la película está teniendo un día difícil por lo que decide ir a dar un paseo. Mientras camina por la calle, alguien le echa basura en la ventana. En lugar de estar demasiado molesto trata de fumar un cigarro cuando de repente oye un bebé cryng. Mira hacia abajo y ve que hay un bebé cerca de un cubo de basura, así que lo recoge. Él mira alrededor para los padres de los babys y ve a una señora que empuja a un bebé en un cochecito. Él se acerca a ella y trata de darle el bebé, pero el bebé no pertenece a ella por lo que lo empuja lejos. Él camina de regreso a la papelera para poner al bebé de regreso donde lo consiguió, pero el oficial de policía lo ve. Recoge al bebé y camina hasta encontrar a alguien más. Él le da el bebé a un hombre en la calle y luego huye. El hombre persigue tras él, pero no pudo ponerse al día así que pone al bebé en un cochecito que ve en la calle. La señora ve un nuevo bebé en su cochecito y ve al primer chico de antes y le grita hasta que la policía aparece. El chico toma el bebé de nuevo se sienta y encuentra una nota que dice ""por favor, el amor y el cuidado de este niño huérfano"". El fin."
sample,"y trata de darle el bebé,",EN_WR_12_21_2_14_AS,5,15,5_15,2017,27.9,Lower beginner,Female,21,Pennsylvania State University,English,14,2,No,,20,Outside classroom,1,No,No,masc,NA,MC,NA,GI,Y,nullsub,tratar,periphrasis-lexical,"El hombre de la película está teniendo un día difícil por lo que decide ir a dar un paseo. Mientras camina por la calle, alguien le echa basura en la ventana. En lugar de estar demasiado molesto trata de fumar un cigarro cuando de repente oye un bebé cryng. Mira hacia abajo y ve que hay un bebé cerca de un cubo de basura, así que lo recoge. Él mira alrededor para los padres de los babys y ve a una señora que empuja a un bebé en un cochecito. Él se acerca a ella y trata de darle el bebé, pero el bebé no pertenece a ella por lo que lo empuja lejos. Él camina de regreso a la papelera para poner al bebé de regreso donde lo consiguió, pero el oficial de policía lo ve. Recoge al bebé y camina hasta encontrar a alguien más. Él le da el bebé a un hombre en la calle y luego huye. El hombre persigue tras él, pero no pudo ponerse al día así que pone al bebé en un cochecito que ve en la calle. La señora ve un nuevo bebé en su cochecito y ve al primer chico de antes y le grita hasta que la policía aparece. El chico toma el bebé de nuevo se sienta y encuentra una nota que dice ""por favor, el amor y el cuidado de este niño huérfano"". El fin."
NA,pero el bebé no pertenece a ella,EN_WR_12_21_2_14_AS,5,16,5_16,2017,27.9,Lower beginner,Female,21,Pennsylvania State University,English,14,2,No,,20,Outside classroom,1,No,No,,,,,,,,,,"El hombre de la película está teniendo un día difícil por lo que decide ir a dar un paseo. Mientras camina por la calle, alguien le echa basura en la ventana. En lugar de estar demasiado molesto trata de fumar un cigarro cuando de repente oye un bebé cryng. Mira hacia abajo y ve que hay un bebé cerca de un cubo de basura, así que lo recoge. Él mira alrededor para los padres de los babys y ve a una señora que empuja a un bebé en un cochecito. Él se acerca a ella y trata de darle el bebé, pero el bebé no pertenece a ella por lo que lo empuja lejos. Él camina de regreso a la papelera para poner al bebé de regreso donde lo consiguió, pero el oficial de policía lo ve. Recoge al bebé y camina hasta encontrar a alguien más. Él le da el bebé a un hombre en la calle y luego huye. El hombre persigue tras él, pero no pudo ponerse al día así que pone al bebé en un cochecito que ve en la calle. La señora ve un nuevo bebé en su cochecito y ve al primer chico de antes y le grita hasta que la policía aparece. El chico toma el bebé de nuevo se sienta y encuentra una nota que dice ""por favor, el amor y el cuidado de este niño huérfano"". El fin."
sample,por lo que lo empuja lejos,EN_WR_12_21_2_14_AS,5,17,5_17,2017,27.9,Lower beginner,Female,21,Pennsylvania State University,English,14,2,No,,20,Outside classroom,1,No,No,fem,NA,SC,NA,GI,N,nullsub,empujar,simple-finite,"El hombre de la película está teniendo un día difícil por lo que decide ir a dar un paseo. Mientras camina por la calle, alguien le echa basura en la ventana. En lugar de estar demasiado molesto trata de fumar un cigarro cuando de repente oye un bebé cryng. Mira hacia abajo y ve que hay un bebé cerca de un cubo de basura, así que lo recoge. Él mira alrededor para los padres de los babys y ve a una señora que empuja a un bebé en un cochecito. Él se acerca a ella y trata de darle el bebé, pero el bebé no pertenece a ella por lo que lo empuja lejos. Él camina de regreso a la papelera para poner al bebé de regreso donde lo consiguió, pero el oficial de policía lo ve. Recoge al bebé y camina hasta encontrar a alguien más. Él le da el bebé a un hombre en la calle y luego huye. El hombre persigue tras él, pero no pudo ponerse al día así que pone al bebé en un cochecito que ve en la calle. La señora ve un nuevo bebé en su cochecito y ve al primer chico de antes y le grita hasta que la policía aparece. El chico toma el bebé de nuevo se sienta y encuentra una nota que dice ""por favor, el amor y el cuidado de este niño huérfano"". El fin."
sample,Él camina de regreso a la papelera,EN_WR_12_21_2_14_AS,5,18,5_18,2017,27.9,Lower beginner,Female,21,Pennsylvania State University,English,14,2,No,,20,Outside classroom,1,No,No,masc,PRE,MC,DEF,GI,Y,pron,caminar,simple-finite,"El hombre de la película está teniendo un día difícil por lo que decide ir a dar un paseo. Mientras camina por la calle, alguien le echa basura en la ventana. En lugar de estar demasiado molesto trata de fumar un cigarro cuando de repente oye un bebé cryng. Mira hacia abajo y ve que hay un bebé cerca de un cubo de basura, así que lo recoge. Él mira alrededor para los padres de los babys y ve a una señora que empuja a un bebé en un cochecito. Él se acerca a ella y trata de darle el bebé, pero el bebé no pertenece a ella por lo que lo empuja lejos. Él camina de regreso a la papelera para poner al bebé de regreso donde lo consiguió, pero el oficial de policía lo ve. Recoge al bebé y camina hasta encontrar a alguien más. Él le da el bebé a un hombre en la calle y luego huye. El hombre persigue tras él, pero no pudo ponerse al día así que pone al bebé en un cochecito que ve en la calle. La señora ve un nuevo bebé en su cochecito y ve al primer chico de antes y le grita hasta que la policía aparece. El chico toma el bebé de nuevo se sienta y encuentra una nota que dice ""por favor, el amor y el cuidado de este niño huérfano"". El fin."
NA,para poner al bebé de regreso ,EN_WR_12_21_2_14_AS,5,19,5_19,2017,27.9,Lower beginner,Female,21,Pennsylvania State University,English,14,2,No,,20,Outside classroom,1,No,No,,,,,,,,,,"El hombre de la película está teniendo un día difícil por lo que decide ir a dar un paseo. Mientras camina por la calle, alguien le echa basura en la ventana. En lugar de estar demasiado molesto trata de fumar un cigarro cuando de repente oye un bebé cryng. Mira hacia abajo y ve que hay un bebé cerca de un cubo de basura, así que lo recoge. Él mira alrededor para los padres de los babys y ve a una señora que empuja a un bebé en un cochecito. Él se acerca a ella y trata de darle el bebé, pero el bebé no pertenece a ella por lo que lo empuja lejos. Él camina de regreso a la papelera para poner al bebé de regreso donde lo consiguió, pero el oficial de policía lo ve. Recoge al bebé y camina hasta encontrar a alguien más. Él le da el bebé a un hombre en la calle y luego huye. El hombre persigue tras él, pero no pudo ponerse al día así que pone al bebé en un cochecito que ve en la calle. La señora ve un nuevo bebé en su cochecito y ve al primer chico de antes y le grita hasta que la policía aparece. El chico toma el bebé de nuevo se sienta y encuentra una nota que dice ""por favor, el amor y el cuidado de este niño huérfano"". El fin."
NA,"donde lo consiguió,",EN_WR_12_21_2_14_AS,5,20,5_20,2017,27.9,Lower beginner,Female,21,Pennsylvania State University,English,14,2,No,,20,Outside classroom,1,No,No,,,,,,,,,,"El hombre de la película está teniendo un día difícil por lo que decide ir a dar un paseo. Mientras camina por la calle, alguien le echa basura en la ventana. En lugar de estar demasiado molesto trata de fumar un cigarro cuando de repente oye un bebé cryng. Mira hacia abajo y ve que hay un bebé cerca de un cubo de basura, así que lo recoge. Él mira alrededor para los padres de los babys y ve a una señora que empuja a un bebé en un cochecito. Él se acerca a ella y trata de darle el bebé, pero el bebé no pertenece a ella por lo que lo empuja lejos. Él camina de regreso a la papelera para poner al bebé de regreso donde lo consiguió, pero el oficial de policía lo ve. Recoge al bebé y camina hasta encontrar a alguien más. Él le da el bebé a un hombre en la calle y luego huye. El hombre persigue tras él, pero no pudo ponerse al día así que pone al bebé en un cochecito que ve en la calle. La señora ve un nuevo bebé en su cochecito y ve al primer chico de antes y le grita hasta que la policía aparece. El chico toma el bebé de nuevo se sienta y encuentra una nota que dice ""por favor, el amor y el cuidado de este niño huérfano"". El fin."
sample,pero el oficial de policía lo ve,EN_WR_12_21_2_14_AS,5,21,5_21,2017,27.9,Lower beginner,Female,21,Pennsylvania State University,English,14,2,No,,20,Outside classroom,1,No,No,masc,PRE,MC,DEF,NE,N,dp,ver,simple-finite,"El hombre de la película está teniendo un día difícil por lo que decide ir a dar un paseo. Mientras camina por la calle, alguien le echa basura en la ventana. En lugar de estar demasiado molesto trata de fumar un cigarro cuando de repente oye un bebé cryng. Mira hacia abajo y ve que hay un bebé cerca de un cubo de basura, así que lo recoge. Él mira alrededor para los padres de los babys y ve a una señora que empuja a un bebé en un cochecito. Él se acerca a ella y trata de darle el bebé, pero el bebé no pertenece a ella por lo que lo empuja lejos. Él camina de regreso a la papelera para poner al bebé de regreso donde lo consiguió, pero el oficial de policía lo ve. Recoge al bebé y camina hasta encontrar a alguien más. Él le da el bebé a un hombre en la calle y luego huye. El hombre persigue tras él, pero no pudo ponerse al día así que pone al bebé en un cochecito que ve en la calle. La señora ve un nuevo bebé en su cochecito y ve al primer chico de antes y le grita hasta que la policía aparece. El chico toma el bebé de nuevo se sienta y encuentra una nota que dice ""por favor, el amor y el cuidado de este niño huérfano"". El fin."
sample,Recoge al bebé,EN_WR_12_21_2_14_AS,5,22,5_22,2017,27.9,Lower beginner,Female,21,Pennsylvania State University,English,14,2,No,,20,Outside classroom,1,No,No,masc,NA,MC,NA,GI,N,nullsub,recoger,simple-finite,"El hombre de la película está teniendo un día difícil por lo que decide ir a dar un paseo. Mientras camina por la calle, alguien le echa basura en la ventana. En lugar de estar demasiado molesto trata de fumar un cigarro cuando de repente oye un bebé cryng. Mira hacia abajo y ve que hay un bebé cerca de un cubo de basura, así que lo recoge. Él mira alrededor para los padres de los babys y ve a una señora que empuja a un bebé en un cochecito. Él se acerca a ella y trata de darle el bebé, pero el bebé no pertenece a ella por lo que lo empuja lejos. Él camina de regreso a la papelera para poner al bebé de regreso donde lo consiguió, pero el oficial de policía lo ve. Recoge al bebé y camina hasta encontrar a alguien más. Él le da el bebé a un hombre en la calle y luego huye. El hombre persigue tras él, pero no pudo ponerse al día así que pone al bebé en un cochecito que ve en la calle. La señora ve un nuevo bebé en su cochecito y ve al primer chico de antes y le grita hasta que la policía aparece. El chico toma el bebé de nuevo se sienta y encuentra una nota que dice ""por favor, el amor y el cuidado de este niño huérfano"". El fin."
sample,y camina hasta encontrar a alguien más,EN_WR_12_21_2_14_AS,5,23,5_23,2017,27.9,Lower beginner,Female,21,Pennsylvania State University,English,14,2,No,,20,Outside classroom,1,No,No,masc,NA,MC,NA,GI,Y,nullsub,caminar,simple-finite,"El hombre de la película está teniendo un día difícil por lo que decide ir a dar un paseo. Mientras camina por la calle, alguien le echa basura en la ventana. En lugar de estar demasiado molesto trata de fumar un cigarro cuando de repente oye un bebé cryng. Mira hacia abajo y ve que hay un bebé cerca de un cubo de basura, así que lo recoge. Él mira alrededor para los padres de los babys y ve a una señora que empuja a un bebé en un cochecito. Él se acerca a ella y trata de darle el bebé, pero el bebé no pertenece a ella por lo que lo empuja lejos. Él camina de regreso a la papelera para poner al bebé de regreso donde lo consiguió, pero el oficial de policía lo ve. Recoge al bebé y camina hasta encontrar a alguien más. Él le da el bebé a un hombre en la calle y luego huye. El hombre persigue tras él, pero no pudo ponerse al día así que pone al bebé en un cochecito que ve en la calle. La señora ve un nuevo bebé en su cochecito y ve al primer chico de antes y le grita hasta que la policía aparece. El chico toma el bebé de nuevo se sienta y encuentra una nota que dice ""por favor, el amor y el cuidado de este niño huérfano"". El fin."
sample,Él le da el bebé a un hombre en la calle,EN_WR_12_21_2_14_AS,5,24,5_24,2017,27.9,Lower beginner,Female,21,Pennsylvania State University,English,14,2,No,,20,Outside classroom,1,No,No,masc,PRE,MC,DEF,GI,Y,pron,dar,simple-finite,"El hombre de la película está teniendo un día difícil por lo que decide ir a dar un paseo. Mientras camina por la calle, alguien le echa basura en la ventana. En lugar de estar demasiado molesto trata de fumar un cigarro cuando de repente oye un bebé cryng. Mira hacia abajo y ve que hay un bebé cerca de un cubo de basura, así que lo recoge. Él mira alrededor para los padres de los babys y ve a una señora que empuja a un bebé en un cochecito. Él se acerca a ella y trata de darle el bebé, pero el bebé no pertenece a ella por lo que lo empuja lejos. Él camina de regreso a la papelera para poner al bebé de regreso donde lo consiguió, pero el oficial de policía lo ve. Recoge al bebé y camina hasta encontrar a alguien más. Él le da el bebé a un hombre en la calle y luego huye. El hombre persigue tras él, pero no pudo ponerse al día así que pone al bebé en un cochecito que ve en la calle. La señora ve un nuevo bebé en su cochecito y ve al primer chico de antes y le grita hasta que la policía aparece. El chico toma el bebé de nuevo se sienta y encuentra una nota que dice ""por favor, el amor y el cuidado de este niño huérfano"". El fin."
sample,y luego huye,EN_WR_12_21_2_14_AS,5,25,5_25,2017,27.9,Lower beginner,Female,21,Pennsylvania State University,English,14,2,No,,20,Outside classroom,1,No,No,masc,NA,MC,NA,GI,Y,nullsub,huir,simple-finite,"El hombre de la película está teniendo un día difícil por lo que decide ir a dar un paseo. Mientras camina por la calle, alguien le echa basura en la ventana. En lugar de estar demasiado molesto trata de fumar un cigarro cuando de repente oye un bebé cryng. Mira hacia abajo y ve que hay un bebé cerca de un cubo de basura, así que lo recoge. Él mira alrededor para los padres de los babys y ve a una señora que empuja a un bebé en un cochecito. Él se acerca a ella y trata de darle el bebé, pero el bebé no pertenece a ella por lo que lo empuja lejos. Él camina de regreso a la papelera para poner al bebé de regreso donde lo consiguió, pero el oficial de policía lo ve. Recoge al bebé y camina hasta encontrar a alguien más. Él le da el bebé a un hombre en la calle y luego huye. El hombre persigue tras él, pero no pudo ponerse al día así que pone al bebé en un cochecito que ve en la calle. La señora ve un nuevo bebé en su cochecito y ve al primer chico de antes y le grita hasta que la policía aparece. El chico toma el bebé de nuevo se sienta y encuentra una nota que dice ""por favor, el amor y el cuidado de este niño huérfano"". El fin."
NA,"El hombre persigue tras él,",EN_WR_12_21_2_14_AS,5,26,5_26,2017,27.9,Lower beginner,Female,21,Pennsylvania State University,English,14,2,No,,20,Outside classroom,1,No,No,,,,,,,,,,"El hombre de la película está teniendo un día difícil por lo que decide ir a dar un paseo. Mientras camina por la calle, alguien le echa basura en la ventana. En lugar de estar demasiado molesto trata de fumar un cigarro cuando de repente oye un bebé cryng. Mira hacia abajo y ve que hay un bebé cerca de un cubo de basura, así que lo recoge. Él mira alrededor para los padres de los babys y ve a una señora que empuja a un bebé en un cochecito. Él se acerca a ella y trata de darle el bebé, pero el bebé no pertenece a ella por lo que lo empuja lejos. Él camina de regreso a la papelera para poner al bebé de regreso donde lo consiguió, pero el oficial de policía lo ve. Recoge al bebé y camina hasta encontrar a alguien más. Él le da el bebé a un hombre en la calle y luego huye. El hombre persigue tras él, pero no pudo ponerse al día así que pone al bebé en un cochecito que ve en la calle. La señora ve un nuevo bebé en su cochecito y ve al primer chico de antes y le grita hasta que la policía aparece. El chico toma el bebé de nuevo se sienta y encuentra una nota que dice ""por favor, el amor y el cuidado de este niño huérfano"". El fin."
sample,pero no pudo ponerse al día,EN_WR_12_21_2_14_AS,5,27,5_27,2017,27.9,Lower beginner,Female,21,Pennsylvania State University,English,14,2,No,,20,Outside classroom,1,No,No,masc,NA,MC,NA,GI,Y,nullsub,poder,modal,"El hombre de la película está teniendo un día difícil por lo que decide ir a dar un paseo. Mientras camina por la calle, alguien le echa basura en la ventana. En lugar de estar demasiado molesto trata de fumar un cigarro cuando de repente oye un bebé cryng. Mira hacia abajo y ve que hay un bebé cerca de un cubo de basura, así que lo recoge. Él mira alrededor para los padres de los babys y ve a una señora que empuja a un bebé en un cochecito. Él se acerca a ella y trata de darle el bebé, pero el bebé no pertenece a ella por lo que lo empuja lejos. Él camina de regreso a la papelera para poner al bebé de regreso donde lo consiguió, pero el oficial de policía lo ve. Recoge al bebé y camina hasta encontrar a alguien más. Él le da el bebé a un hombre en la calle y luego huye. El hombre persigue tras él, pero no pudo ponerse al día así que pone al bebé en un cochecito que ve en la calle. La señora ve un nuevo bebé en su cochecito y ve al primer chico de antes y le grita hasta que la policía aparece. El chico toma el bebé de nuevo se sienta y encuentra una nota que dice ""por favor, el amor y el cuidado de este niño huérfano"". El fin."
sample,así que pone al bebé en un cochecito,EN_WR_12_21_2_14_AS,5,28,5_28,2017,27.9,Lower beginner,Female,21,Pennsylvania State University,English,14,2,No,,20,Outside classroom,1,No,No,masc,NA,MC,NA,GI,Y,nullsub,poner,simple-finite,"El hombre de la película está teniendo un día difícil por lo que decide ir a dar un paseo. Mientras camina por la calle, alguien le echa basura en la ventana. En lugar de estar demasiado molesto trata de fumar un cigarro cuando de repente oye un bebé cryng. Mira hacia abajo y ve que hay un bebé cerca de un cubo de basura, así que lo recoge. Él mira alrededor para los padres de los babys y ve a una señora que empuja a un bebé en un cochecito. Él se acerca a ella y trata de darle el bebé, pero el bebé no pertenece a ella por lo que lo empuja lejos. Él camina de regreso a la papelera para poner al bebé de regreso donde lo consiguió, pero el oficial de policía lo ve. Recoge al bebé y camina hasta encontrar a alguien más. Él le da el bebé a un hombre en la calle y luego huye. El hombre persigue tras él, pero no pudo ponerse al día así que pone al bebé en un cochecito que ve en la calle. La señora ve un nuevo bebé en su cochecito y ve al primer chico de antes y le grita hasta que la policía aparece. El chico toma el bebé de nuevo se sienta y encuentra una nota que dice ""por favor, el amor y el cuidado de este niño huérfano"". El fin."
NA,que ve en la calle,EN_WR_12_21_2_14_AS,5,29,5_29,2017,27.9,Lower beginner,Female,21,Pennsylvania State University,English,14,2,No,,20,Outside classroom,1,No,No,,,,,,,,,,"El hombre de la película está teniendo un día difícil por lo que decide ir a dar un paseo. Mientras camina por la calle, alguien le echa basura en la ventana. En lugar de estar demasiado molesto trata de fumar un cigarro cuando de repente oye un bebé cryng. Mira hacia abajo y ve que hay un bebé cerca de un cubo de basura, así que lo recoge. Él mira alrededor para los padres de los babys y ve a una señora que empuja a un bebé en un cochecito. Él se acerca a ella y trata de darle el bebé, pero el bebé no pertenece a ella por lo que lo empuja lejos. Él camina de regreso a la papelera para poner al bebé de regreso donde lo consiguió, pero el oficial de policía lo ve. Recoge al bebé y camina hasta encontrar a alguien más. Él le da el bebé a un hombre en la calle y luego huye. El hombre persigue tras él, pero no pudo ponerse al día así que pone al bebé en un cochecito que ve en la calle. La señora ve un nuevo bebé en su cochecito y ve al primer chico de antes y le grita hasta que la policía aparece. El chico toma el bebé de nuevo se sienta y encuentra una nota que dice ""por favor, el amor y el cuidado de este niño huérfano"". El fin."
sample,La señora ve un nuevo bebé en su cochecito,EN_WR_12_21_2_14_AS,5,30,5_30,2017,27.9,Lower beginner,Female,21,Pennsylvania State University,English,14,2,No,,20,Outside classroom,1,No,No,fem,PRE,MC,DEF,GI,N,dp,ver,simple-finite,"El hombre de la película está teniendo un día difícil por lo que decide ir a dar un paseo. Mientras camina por la calle, alguien le echa basura en la ventana. En lugar de estar demasiado molesto trata de fumar un cigarro cuando de repente oye un bebé cryng. Mira hacia abajo y ve que hay un bebé cerca de un cubo de basura, así que lo recoge. Él mira alrededor para los padres de los babys y ve a una señora que empuja a un bebé en un cochecito. Él se acerca a ella y trata de darle el bebé, pero el bebé no pertenece a ella por lo que lo empuja lejos. Él camina de regreso a la papelera para poner al bebé de regreso donde lo consiguió, pero el oficial de policía lo ve. Recoge al bebé y camina hasta encontrar a alguien más. Él le da el bebé a un hombre en la calle y luego huye. El hombre persigue tras él, pero no pudo ponerse al día así que pone al bebé en un cochecito que ve en la calle. La señora ve un nuevo bebé en su cochecito y ve al primer chico de antes y le grita hasta que la policía aparece. El chico toma el bebé de nuevo se sienta y encuentra una nota que dice ""por favor, el amor y el cuidado de este niño huérfano"". El fin."
sample,y ve al primer chico de antes,EN_WR_12_21_2_14_AS,5,31,5_31,2017,27.9,Lower beginner,Female,21,Pennsylvania State University,English,14,2,No,,20,Outside classroom,1,No,No,fem,NA,MC,NA,GI,Y,nullsub,ver,simple-finite,"El hombre de la película está teniendo un día difícil por lo que decide ir a dar un paseo. Mientras camina por la calle, alguien le echa basura en la ventana. En lugar de estar demasiado molesto trata de fumar un cigarro cuando de repente oye un bebé cryng. Mira hacia abajo y ve que hay un bebé cerca de un cubo de basura, así que lo recoge. Él mira alrededor para los padres de los babys y ve a una señora que empuja a un bebé en un cochecito. Él se acerca a ella y trata de darle el bebé, pero el bebé no pertenece a ella por lo que lo empuja lejos. Él camina de regreso a la papelera para poner al bebé de regreso donde lo consiguió, pero el oficial de policía lo ve. Recoge al bebé y camina hasta encontrar a alguien más. Él le da el bebé a un hombre en la calle y luego huye. El hombre persigue tras él, pero no pudo ponerse al día así que pone al bebé en un cochecito que ve en la calle. La señora ve un nuevo bebé en su cochecito y ve al primer chico de antes y le grita hasta que la policía aparece. El chico toma el bebé de nuevo se sienta y encuentra una nota que dice ""por favor, el amor y el cuidado de este niño huérfano"". El fin."
NA,y le grita,EN_WR_12_21_2_14_AS,5,32,5_32,2017,27.9,Lower beginner,Female,21,Pennsylvania State University,English,14,2,No,,20,Outside classroom,1,No,No,,,,,,,,,,"El hombre de la película está teniendo un día difícil por lo que decide ir a dar un paseo. Mientras camina por la calle, alguien le echa basura en la ventana. En lugar de estar demasiado molesto trata de fumar un cigarro cuando de repente oye un bebé cryng. Mira hacia abajo y ve que hay un bebé cerca de un cubo de basura, así que lo recoge. Él mira alrededor para los padres de los babys y ve a una señora que empuja a un bebé en un cochecito. Él se acerca a ella y trata de darle el bebé, pero el bebé no pertenece a ella por lo que lo empuja lejos. Él camina de regreso a la papelera para poner al bebé de regreso donde lo consiguió, pero el oficial de policía lo ve. Recoge al bebé y camina hasta encontrar a alguien más. Él le da el bebé a un hombre en la calle y luego huye. El hombre persigue tras él, pero no pudo ponerse al día así que pone al bebé en un cochecito que ve en la calle. La señora ve un nuevo bebé en su cochecito y ve al primer chico de antes y le grita hasta que la policía aparece. El chico toma el bebé de nuevo se sienta y encuentra una nota que dice ""por favor, el amor y el cuidado de este niño huérfano"". El fin."
NA,hasta que la policía aparece,EN_WR_12_21_2_14_AS,5,33,5_33,2017,27.9,Lower beginner,Female,21,Pennsylvania State University,English,14,2,No,,20,Outside classroom,1,No,No,,,,,,,,,,"El hombre de la película está teniendo un día difícil por lo que decide ir a dar un paseo. Mientras camina por la calle, alguien le echa basura en la ventana. En lugar de estar demasiado molesto trata de fumar un cigarro cuando de repente oye un bebé cryng. Mira hacia abajo y ve que hay un bebé cerca de un cubo de basura, así que lo recoge. Él mira alrededor para los padres de los babys y ve a una señora que empuja a un bebé en un cochecito. Él se acerca a ella y trata de darle el bebé, pero el bebé no pertenece a ella por lo que lo empuja lejos. Él camina de regreso a la papelera para poner al bebé de regreso donde lo consiguió, pero el oficial de policía lo ve. Recoge al bebé y camina hasta encontrar a alguien más. Él le da el bebé a un hombre en la calle y luego huye. El hombre persigue tras él, pero no pudo ponerse al día así que pone al bebé en un cochecito que ve en la calle. La señora ve un nuevo bebé en su cochecito y ve al primer chico de antes y le grita hasta que la policía aparece. El chico toma el bebé de nuevo se sienta y encuentra una nota que dice ""por favor, el amor y el cuidado de este niño huérfano"". El fin."
sample,El chico toma el bebé de nuevo,EN_WR_12_21_2_14_AS,5,34,5_34,2017,27.9,Lower beginner,Female,21,Pennsylvania State University,English,14,2,No,,20,Outside classroom,1,No,No,masc,PRE,MC,NA,GI,N,dp,tomar,simple-finite,"El hombre de la película está teniendo un día difícil por lo que decide ir a dar un paseo. Mientras camina por la calle, alguien le echa basura en la ventana. En lugar de estar demasiado molesto trata de fumar un cigarro cuando de repente oye un bebé cryng. Mira hacia abajo y ve que hay un bebé cerca de un cubo de basura, así que lo recoge. Él mira alrededor para los padres de los babys y ve a una señora que empuja a un bebé en un cochecito. Él se acerca a ella y trata de darle el bebé, pero el bebé no pertenece a ella por lo que lo empuja lejos. Él camina de regreso a la papelera para poner al bebé de regreso donde lo consiguió, pero el oficial de policía lo ve. Recoge al bebé y camina hasta encontrar a alguien más. Él le da el bebé a un hombre en la calle y luego huye. El hombre persigue tras él, pero no pudo ponerse al día así que pone al bebé en un cochecito que ve en la calle. La señora ve un nuevo bebé en su cochecito y ve al primer chico de antes y le grita hasta que la policía aparece. El chico toma el bebé de nuevo se sienta y encuentra una nota que dice ""por favor, el amor y el cuidado de este niño huérfano"". El fin."
sample,se sienta,EN_WR_12_21_2_14_AS,5,35,5_35,2017,27.9,Lower beginner,Female,21,Pennsylvania State University,English,14,2,No,,20,Outside classroom,1,No,No,masc,NA,MC,NA,GI,Y,nullsub,sentarse,simple-finite,"El hombre de la película está teniendo un día difícil por lo que decide ir a dar un paseo. Mientras camina por la calle, alguien le echa basura en la ventana. En lugar de estar demasiado molesto trata de fumar un cigarro cuando de repente oye un bebé cryng. Mira hacia abajo y ve que hay un bebé cerca de un cubo de basura, así que lo recoge. Él mira alrededor para los padres de los babys y ve a una señora que empuja a un bebé en un cochecito. Él se acerca a ella y trata de darle el bebé, pero el bebé no pertenece a ella por lo que lo empuja lejos. Él camina de regreso a la papelera para poner al bebé de regreso donde lo consiguió, pero el oficial de policía lo ve. Recoge al bebé y camina hasta encontrar a alguien más. Él le da el bebé a un hombre en la calle y luego huye. El hombre persigue tras él, pero no pudo ponerse al día así que pone al bebé en un cochecito que ve en la calle. La señora ve un nuevo bebé en su cochecito y ve al primer chico de antes y le grita hasta que la policía aparece. El chico toma el bebé de nuevo se sienta y encuentra una nota que dice ""por favor, el amor y el cuidado de este niño huérfano"". El fin."
NA,y encuentra una nota ,EN_WR_12_21_2_14_AS,5,36,5_36,2017,27.9,Lower beginner,Female,21,Pennsylvania State University,English,14,2,No,,20,Outside classroom,1,No,No,,,,,,,,,,"El hombre de la película está teniendo un día difícil por lo que decide ir a dar un paseo. Mientras camina por la calle, alguien le echa basura en la ventana. En lugar de estar demasiado molesto trata de fumar un cigarro cuando de repente oye un bebé cryng. Mira hacia abajo y ve que hay un bebé cerca de un cubo de basura, así que lo recoge. Él mira alrededor para los padres de los babys y ve a una señora que empuja a un bebé en un cochecito. Él se acerca a ella y trata de darle el bebé, pero el bebé no pertenece a ella por lo que lo empuja lejos. Él camina de regreso a la papelera para poner al bebé de regreso donde lo consiguió, pero el oficial de policía lo ve. Recoge al bebé y camina hasta encontrar a alguien más. Él le da el bebé a un hombre en la calle y luego huye. El hombre persigue tras él, pero no pudo ponerse al día así que pone al bebé en un cochecito que ve en la calle. La señora ve un nuevo bebé en su cochecito y ve al primer chico de antes y le grita hasta que la policía aparece. El chico toma el bebé de nuevo se sienta y encuentra una nota que dice ""por favor, el amor y el cuidado de este niño huérfano"". El fin."
sample,"que dice [""por favor, el amor y el cuidado de este niño huérfano""]",EN_WR_12_21_2_14_AS,5,37,5_37,2017,27.9,Lower beginner,Female,21,Pennsylvania State University,English,14,2,No,,20,Outside classroom,1,No,No,fem,NA,SC,NA,GI,N,nullsub,decir,simple-finite,"El hombre de la película está teniendo un día difícil por lo que decide ir a dar un paseo. Mientras camina por la calle, alguien le echa basura en la ventana. En lugar de estar demasiado molesto trata de fumar un cigarro cuando de repente oye un bebé cryng. Mira hacia abajo y ve que hay un bebé cerca de un cubo de basura, así que lo recoge. Él mira alrededor para los padres de los babys y ve a una señora que empuja a un bebé en un cochecito. Él se acerca a ella y trata de darle el bebé, pero el bebé no pertenece a ella por lo que lo empuja lejos. Él camina de regreso a la papelera para poner al bebé de regreso donde lo consiguió, pero el oficial de policía lo ve. Recoge al bebé y camina hasta encontrar a alguien más. Él le da el bebé a un hombre en la calle y luego huye. El hombre persigue tras él, pero no pudo ponerse al día así que pone al bebé en un cochecito que ve en la calle. La señora ve un nuevo bebé en su cochecito y ve al primer chico de antes y le grita hasta que la policía aparece. El chico toma el bebé de nuevo se sienta y encuentra una nota que dice ""por favor, el amor y el cuidado de este niño huérfano"". El fin."
NA,El fin,EN_WR_12_21_2_14_AS,5,38,5_38,2017,27.9,Lower beginner,Female,21,Pennsylvania State University,English,14,2,No,,20,Outside classroom,1,No,No,,,,,,,,,,"El hombre de la película está teniendo un día difícil por lo que decide ir a dar un paseo. Mientras camina por la calle, alguien le echa basura en la ventana. En lugar de estar demasiado molesto trata de fumar un cigarro cuando de repente oye un bebé cryng. Mira hacia abajo y ve que hay un bebé cerca de un cubo de basura, así que lo recoge. Él mira alrededor para los padres de los babys y ve a una señora que empuja a un bebé en un cochecito. Él se acerca a ella y trata de darle el bebé, pero el bebé no pertenece a ella por lo que lo empuja lejos. Él camina de regreso a la papelera para poner al bebé de regreso donde lo consiguió, pero el oficial de policía lo ve. Recoge al bebé y camina hasta encontrar a alguien más. Él le da el bebé a un hombre en la calle y luego huye. El hombre persigue tras él, pero no pudo ponerse al día así que pone al bebé en un cochecito que ve en la calle. La señora ve un nuevo bebé en su cochecito y ve al primer chico de antes y le grita hasta que la policía aparece. El chico toma el bebé de nuevo se sienta y encuentra una nota que dice ""por favor, el amor y el cuidado de este niño huérfano"". El fin."
NA,UNA PELÍCULA SOBRE UN BEBÉ ENCONTRADO Y BUSCANDO AMOR,EN_WR_12_30_0.7_14_NC,6,1,6_1,2017,27.9,Lower beginner,Female,30,New York City College of Technology,English,30,0.7,No,,20,Outside classroom,1,No,No,,,,,,,,,,UNA PELÍCULA SOBRE UN BEBÉ ENCONTRADO Y BUSCANDO AMOR.EL BEBÉ APARECE DEL CIELO Y EL HOMBRE NO LO QUIERE.LA MUJER NO QUIERE EL BEBÉ.LA COP CHASE EL HOMBRE. EL HOMBRE ENCUENTRA UNA NOTA EN EL BOLSILLO PARA QUE EL BEBÉ SE AMA Y CUIDADO Y EL TOMA EN EL BEBÉ.EL HOMBRE ES SIMPÁTICO PARA EL BEBÉ QUE NADIE QUIERE CUIDAR. La carta le hace sentirse triste y él mantendrá al bebé.Me gustó la película fue corta y al punto
NA,EL BEBÉ APARECE DEL CIELO,EN_WR_12_30_0.7_14_NC,6,2,6_2,2017,27.9,Lower beginner,Female,30,New York City College of Technology,English,30,0.7,No,,20,Outside classroom,1,No,No,,,,,,,,,,UNA PELÍCULA SOBRE UN BEBÉ ENCONTRADO Y BUSCANDO AMOR.EL BEBÉ APARECE DEL CIELO Y EL HOMBRE NO LO QUIERE.LA MUJER NO QUIERE EL BEBÉ.LA COP CHASE EL HOMBRE. EL HOMBRE ENCUENTRA UNA NOTA EN EL BOLSILLO PARA QUE EL BEBÉ SE AMA Y CUIDADO Y EL TOMA EN EL BEBÉ.EL HOMBRE ES SIMPÁTICO PARA EL BEBÉ QUE NADIE QUIERE CUIDAR. La carta le hace sentirse triste y él mantendrá al bebé.Me gustó la película fue corta y al punto
NA,Y EL HOMBRE NO LO QUIERE,EN_WR_12_30_0.7_14_NC,6,3,6_3,2017,27.9,Lower beginner,Female,30,New York City College of Technology,English,30,0.7,No,,20,Outside classroom,1,No,No,,,,,,,,,,UNA PELÍCULA SOBRE UN BEBÉ ENCONTRADO Y BUSCANDO AMOR.EL BEBÉ APARECE DEL CIELO Y EL HOMBRE NO LO QUIERE.LA MUJER NO QUIERE EL BEBÉ.LA COP CHASE EL HOMBRE. EL HOMBRE ENCUENTRA UNA NOTA EN EL BOLSILLO PARA QUE EL BEBÉ SE AMA Y CUIDADO Y EL TOMA EN EL BEBÉ.EL HOMBRE ES SIMPÁTICO PARA EL BEBÉ QUE NADIE QUIERE CUIDAR. La carta le hace sentirse triste y él mantendrá al bebé.Me gustó la película fue corta y al punto
sample,LA MUJER NO QUIERE EL BEBÉ,EN_WR_12_30_0.7_14_NC,6,4,6_4,2017,27.9,Lower beginner,Female,30,New York City College of Technology,English,30,0.7,No,,20,Outside classroom,1,No,No,fem,PRE,MC,DEF,NE,N,dp,querer,simple-finite,UNA PELÍCULA SOBRE UN BEBÉ ENCONTRADO Y BUSCANDO AMOR.EL BEBÉ APARECE DEL CIELO Y EL HOMBRE NO LO QUIERE.LA MUJER NO QUIERE EL BEBÉ.LA COP CHASE EL HOMBRE. EL HOMBRE ENCUENTRA UNA NOTA EN EL BOLSILLO PARA QUE EL BEBÉ SE AMA Y CUIDADO Y EL TOMA EN EL BEBÉ.EL HOMBRE ES SIMPÁTICO PARA EL BEBÉ QUE NADIE QUIERE CUIDAR. La carta le hace sentirse triste y él mantendrá al bebé.Me gustó la película fue corta y al punto
NA,LA COP CHASE EL HOMBRE,EN_WR_12_30_0.7_14_NC,6,5,6_5,2017,27.9,Lower beginner,Female,30,New York City College of Technology,English,30,0.7,No,,20,Outside classroom,1,No,No,,,,,,,,,,UNA PELÍCULA SOBRE UN BEBÉ ENCONTRADO Y BUSCANDO AMOR.EL BEBÉ APARECE DEL CIELO Y EL HOMBRE NO LO QUIERE.LA MUJER NO QUIERE EL BEBÉ.LA COP CHASE EL HOMBRE. EL HOMBRE ENCUENTRA UNA NOTA EN EL BOLSILLO PARA QUE EL BEBÉ SE AMA Y CUIDADO Y EL TOMA EN EL BEBÉ.EL HOMBRE ES SIMPÁTICO PARA EL BEBÉ QUE NADIE QUIERE CUIDAR. La carta le hace sentirse triste y él mantendrá al bebé.Me gustó la película fue corta y al punto
sample,EL HOMBRE ENCUENTRA UNA NOTA EN EL BOLSILLO,EN_WR_12_30_0.7_14_NC,6,6,6_6,2017,27.9,Lower beginner,Female,30,New York City College of Technology,English,30,0.7,No,,20,Outside classroom,1,No,No,masc,PRE,MC,DEF,GI,N,dp,encontrar,simple-finite,UNA PELÍCULA SOBRE UN BEBÉ ENCONTRADO Y BUSCANDO AMOR.EL BEBÉ APARECE DEL CIELO Y EL HOMBRE NO LO QUIERE.LA MUJER NO QUIERE EL BEBÉ.LA COP CHASE EL HOMBRE. EL HOMBRE ENCUENTRA UNA NOTA EN EL BOLSILLO PARA QUE EL BEBÉ SE AMA Y CUIDADO Y EL TOMA EN EL BEBÉ.EL HOMBRE ES SIMPÁTICO PARA EL BEBÉ QUE NADIE QUIERE CUIDAR. La carta le hace sentirse triste y él mantendrá al bebé.Me gustó la película fue corta y al punto
NA,PARA QUE EL BEBÉ SE AMA,EN_WR_12_30_0.7_14_NC,6,7,6_7,2017,27.9,Lower beginner,Female,30,New York City College of Technology,English,30,0.7,No,,20,Outside classroom,1,No,No,,,,,,,,,,UNA PELÍCULA SOBRE UN BEBÉ ENCONTRADO Y BUSCANDO AMOR.EL BEBÉ APARECE DEL CIELO Y EL HOMBRE NO LO QUIERE.LA MUJER NO QUIERE EL BEBÉ.LA COP CHASE EL HOMBRE. EL HOMBRE ENCUENTRA UNA NOTA EN EL BOLSILLO PARA QUE EL BEBÉ SE AMA Y CUIDADO Y EL TOMA EN EL BEBÉ.EL HOMBRE ES SIMPÁTICO PARA EL BEBÉ QUE NADIE QUIERE CUIDAR. La carta le hace sentirse triste y él mantendrá al bebé.Me gustó la película fue corta y al punto
NA,Y CUIDADO,EN_WR_12_30_0.7_14_NC,6,8,6_8,2017,27.9,Lower beginner,Female,30,New York City College of Technology,English,30,0.7,No,,20,Outside classroom,1,No,No,,,,,,,,,,UNA PELÍCULA SOBRE UN BEBÉ ENCONTRADO Y BUSCANDO AMOR.EL BEBÉ APARECE DEL CIELO Y EL HOMBRE NO LO QUIERE.LA MUJER NO QUIERE EL BEBÉ.LA COP CHASE EL HOMBRE. EL HOMBRE ENCUENTRA UNA NOTA EN EL BOLSILLO PARA QUE EL BEBÉ SE AMA Y CUIDADO Y EL TOMA EN EL BEBÉ.EL HOMBRE ES SIMPÁTICO PARA EL BEBÉ QUE NADIE QUIERE CUIDAR. La carta le hace sentirse triste y él mantendrá al bebé.Me gustó la película fue corta y al punto
sample,Y EL TOMA EN EL BEBÉ,EN_WR_12_30_0.7_14_NC,6,9,6_9,2017,27.9,Lower beginner,Female,30,New York City College of Technology,English,30,0.7,No,,20,Outside classroom,1,No,No,masc,PRE,MC,DEF,GI,N,pron,tomar,simple-finite,UNA PELÍCULA SOBRE UN BEBÉ ENCONTRADO Y BUSCANDO AMOR.EL BEBÉ APARECE DEL CIELO Y EL HOMBRE NO LO QUIERE.LA MUJER NO QUIERE EL BEBÉ.LA COP CHASE EL HOMBRE. EL HOMBRE ENCUENTRA UNA NOTA EN EL BOLSILLO PARA QUE EL BEBÉ SE AMA Y CUIDADO Y EL TOMA EN EL BEBÉ.EL HOMBRE ES SIMPÁTICO PARA EL BEBÉ QUE NADIE QUIERE CUIDAR. La carta le hace sentirse triste y él mantendrá al bebé.Me gustó la película fue corta y al punto
NA,EL HOMBRE ES SIMPÁTICO PARA EL BEBÉ QUE NADIE QUIERE CUIDAR,EN_WR_12_30_0.7_14_NC,6,10,6_10,2017,27.9,Lower beginner,Female,30,New York City College of Technology,English,30,0.7,No,,20,Outside classroom,1,No,No,,,,,,,,,,UNA PELÍCULA SOBRE UN BEBÉ ENCONTRADO Y BUSCANDO AMOR.EL BEBÉ APARECE DEL CIELO Y EL HOMBRE NO LO QUIERE.LA MUJER NO QUIERE EL BEBÉ.LA COP CHASE EL HOMBRE. EL HOMBRE ENCUENTRA UNA NOTA EN EL BOLSILLO PARA QUE EL BEBÉ SE AMA Y CUIDADO Y EL TOMA EN EL BEBÉ.EL HOMBRE ES SIMPÁTICO PARA EL BEBÉ QUE NADIE QUIERE CUIDAR. La carta le hace sentirse triste y él mantendrá al bebé.Me gustó la película fue corta y al punto
NA,La carta le hace sentirse triste,EN_WR_12_30_0.7_14_NC,6,11,6_11,2017,27.9,Lower beginner,Female,30,New York City College of Technology,English,30,0.7,No,,20,Outside classroom,1,No,No,,,,,,,,,,UNA PELÍCULA SOBRE UN BEBÉ ENCONTRADO Y BUSCANDO AMOR.EL BEBÉ APARECE DEL CIELO Y EL HOMBRE NO LO QUIERE.LA MUJER NO QUIERE EL BEBÉ.LA COP CHASE EL HOMBRE. EL HOMBRE ENCUENTRA UNA NOTA EN EL BOLSILLO PARA QUE EL BEBÉ SE AMA Y CUIDADO Y EL TOMA EN EL BEBÉ.EL HOMBRE ES SIMPÁTICO PARA EL BEBÉ QUE NADIE QUIERE CUIDAR. La carta le hace sentirse triste y él mantendrá al bebé.Me gustó la película fue corta y al punto
sample,y él mantendrá al bebé,EN_WR_12_30_0.7_14_NC,6,12,6_12,2017,27.9,Lower beginner,Female,30,New York City College of Technology,English,30,0.7,No,,20,Outside classroom,1,No,No,masc,PRE,MC,DEF,GI,N,pron,mantener,simple-finite,UNA PELÍCULA SOBRE UN BEBÉ ENCONTRADO Y BUSCANDO AMOR.EL BEBÉ APARECE DEL CIELO Y EL HOMBRE NO LO QUIERE.LA MUJER NO QUIERE EL BEBÉ.LA COP CHASE EL HOMBRE. EL HOMBRE ENCUENTRA UNA NOTA EN EL BOLSILLO PARA QUE EL BEBÉ SE AMA Y CUIDADO Y EL TOMA EN EL BEBÉ.EL HOMBRE ES SIMPÁTICO PARA EL BEBÉ QUE NADIE QUIERE CUIDAR. La carta le hace sentirse triste y él mantendrá al bebé.Me gustó la película fue corta y al punto
NA,Había un caballero,EN_WR_13_21_10_14_AP,7,1,7_1,2018,30.2,Upper beginner,Female,21,New York City College of Technology,English,12,10,No,,30,Outside classroom,2,No,No,,,,,,,,,,Había un caballero que encontró a un bebé y n hizo saber que hacer con el bebe.  lo aplazo donde lo encontró pero el policía le vio.Puso al bebé un carruaje de mujer su otro hijo. el engañar a un hombre para llevar al bebé y el hombre puso al bebe en el carro con niño. La mujer estaba enojada con vencer al hombre.  Al final el bebe estuvo de vuelta en manos de hombre y encontró una nota. la nota decía que amar a este bebé. El hombre se llevo el el bebe a casa con el.
sample,que encontró a un bebé,EN_WR_13_21_10_14_AP,7,2,7_2,2018,30.2,Upper beginner,Female,21,New York City College of Technology,English,12,10,No,,30,Outside classroom,2,No,No,masc,NA,SC,NA,GI,Y,nullsub,encontrar,simple-finite,Había un caballero que encontró a un bebé y n hizo saber que hacer con el bebe.  lo aplazo donde lo encontró pero el policía le vio.Puso al bebé un carruaje de mujer su otro hijo. el engañar a un hombre para llevar al bebé y el hombre puso al bebe en el carro con niño. La mujer estaba enojada con vencer al hombre.  Al final el bebe estuvo de vuelta en manos de hombre y encontró una nota. la nota decía que amar a este bebé. El hombre se llevo el el bebe a casa con el.
sample,y n hizo saber,EN_WR_13_21_10_14_AP,7,3,7_3,2018,30.2,Upper beginner,Female,21,New York City College of Technology,English,12,10,No,,30,Outside classroom,2,No,No,unknown,NA,MC,NA,NA,NA,nullsub,hacer,simple-finite,Había un caballero que encontró a un bebé y n hizo saber que hacer con el bebe.  lo aplazo donde lo encontró pero el policía le vio.Puso al bebé un carruaje de mujer su otro hijo. el engañar a un hombre para llevar al bebé y el hombre puso al bebe en el carro con niño. La mujer estaba enojada con vencer al hombre.  Al final el bebe estuvo de vuelta en manos de hombre y encontró una nota. la nota decía que amar a este bebé. El hombre se llevo el el bebe a casa con el.
sample,que hacer con el bebe,EN_WR_13_21_10_14_AP,7,4,7_4,2018,30.2,Upper beginner,Female,21,New York City College of Technology,English,12,10,No,,30,Outside classroom,2,No,No,unknown,NA,SC,NA,GI,Y,nullsub,hacer,simple-finite,Había un caballero que encontró a un bebé y n hizo saber que hacer con el bebe.  lo aplazo donde lo encontró pero el policía le vio.Puso al bebé un carruaje de mujer su otro hijo. el engañar a un hombre para llevar al bebé y el hombre puso al bebe en el carro con niño. La mujer estaba enojada con vencer al hombre.  Al final el bebe estuvo de vuelta en manos de hombre y encontró una nota. la nota decía que amar a este bebé. El hombre se llevo el el bebe a casa con el.
NA,lo aplazo donde lo encontró,EN_WR_13_21_10_14_AP,7,5,7_5,2018,30.2,Upper beginner,Female,21,New York City College of Technology,English,12,10,No,,30,Outside classroom,2,No,No,,,,,,,,,,Había un caballero que encontró a un bebé y n hizo saber que hacer con el bebe.  lo aplazo donde lo encontró pero el policía le vio.Puso al bebé un carruaje de mujer su otro hijo. el engañar a un hombre para llevar al bebé y el hombre puso al bebe en el carro con niño. La mujer estaba enojada con vencer al hombre.  Al final el bebe estuvo de vuelta en manos de hombre y encontró una nota. la nota decía que amar a este bebé. El hombre se llevo el el bebe a casa con el.
sample,pero el policía le vio,EN_WR_13_21_10_14_AP,7,6,7_6,2018,30.2,Upper beginner,Female,21,New York City College of Technology,English,12,10,No,,30,Outside classroom,2,No,No,masc,PRE,MC,DEF,NE,N,dp,ver,simple-finite,Había un caballero que encontró a un bebé y n hizo saber que hacer con el bebe.  lo aplazo donde lo encontró pero el policía le vio.Puso al bebé un carruaje de mujer su otro hijo. el engañar a un hombre para llevar al bebé y el hombre puso al bebe en el carro con niño. La mujer estaba enojada con vencer al hombre.  Al final el bebe estuvo de vuelta en manos de hombre y encontró una nota. la nota decía que amar a este bebé. El hombre se llevo el el bebe a casa con el.
NA,Puso al bebé un carruaje de mujer su otro hijo,EN_WR_13_21_10_14_AP,7,7,7_7,2018,30.2,Upper beginner,Female,21,New York City College of Technology,English,12,10,No,,30,Outside classroom,2,No,No,,,,,,,,,,Había un caballero que encontró a un bebé y n hizo saber que hacer con el bebe.  lo aplazo donde lo encontró pero el policía le vio.Puso al bebé un carruaje de mujer su otro hijo. el engañar a un hombre para llevar al bebé y el hombre puso al bebe en el carro con niño. La mujer estaba enojada con vencer al hombre.  Al final el bebe estuvo de vuelta en manos de hombre y encontró una nota. la nota decía que amar a este bebé. El hombre se llevo el el bebe a casa con el.
NA,el engañar a un hombre,EN_WR_13_21_10_14_AP,7,8,7_8,2018,30.2,Upper beginner,Female,21,New York City College of Technology,English,12,10,No,,30,Outside classroom,2,No,No,,,,,,,,,,Había un caballero que encontró a un bebé y n hizo saber que hacer con el bebe.  lo aplazo donde lo encontró pero el policía le vio.Puso al bebé un carruaje de mujer su otro hijo. el engañar a un hombre para llevar al bebé y el hombre puso al bebe en el carro con niño. La mujer estaba enojada con vencer al hombre.  Al final el bebe estuvo de vuelta en manos de hombre y encontró una nota. la nota decía que amar a este bebé. El hombre se llevo el el bebe a casa con el.
sample,para llevar al bebé,EN_WR_13_21_10_14_AP,7,9,7_9,2018,30.2,Upper beginner,Female,21,New York City College of Technology,English,12,10,No,,30,Outside classroom,2,No,No,masc,NA,SC,NA,GI,N,nullsub,llevar,simple-finite,Había un caballero que encontró a un bebé y n hizo saber que hacer con el bebe.  lo aplazo donde lo encontró pero el policía le vio.Puso al bebé un carruaje de mujer su otro hijo. el engañar a un hombre para llevar al bebé y el hombre puso al bebe en el carro con niño. La mujer estaba enojada con vencer al hombre.  Al final el bebe estuvo de vuelta en manos de hombre y encontró una nota. la nota decía que amar a este bebé. El hombre se llevo el el bebe a casa con el.
sample,y el hombre puso al bebe en el carro con niño,EN_WR_13_21_10_14_AP,7,10,7_10,2018,30.2,Upper beginner,Female,21,New York City College of Technology,English,12,10,No,,30,Outside classroom,2,No,No,masc,PRE,MC,DEF,GI,N,dp,poner,simple-finite,Había un caballero que encontró a un bebé y n hizo saber que hacer con el bebe.  lo aplazo donde lo encontró pero el policía le vio.Puso al bebé un carruaje de mujer su otro hijo. el engañar a un hombre para llevar al bebé y el hombre puso al bebe en el carro con niño. La mujer estaba enojada con vencer al hombre.  Al final el bebe estuvo de vuelta en manos de hombre y encontró una nota. la nota decía que amar a este bebé. El hombre se llevo el el bebe a casa con el.
sample,La mujer estaba enojada con vencer al hombre,EN_WR_13_21_10_14_AP,7,11,7_11,2018,30.2,Upper beginner,Female,21,New York City College of Technology,English,12,10,No,,30,Outside classroom,2,No,No,fem,PRE,MC,DEF,GI,N,dp,estar,simple-finite,Había un caballero que encontró a un bebé y n hizo saber que hacer con el bebe.  lo aplazo donde lo encontró pero el policía le vio.Puso al bebé un carruaje de mujer su otro hijo. el engañar a un hombre para llevar al bebé y el hombre puso al bebe en el carro con niño. La mujer estaba enojada con vencer al hombre.  Al final el bebe estuvo de vuelta en manos de hombre y encontró una nota. la nota decía que amar a este bebé. El hombre se llevo el el bebe a casa con el.
sample,Al final el bebe estuvo de vuelta en manos de hombre,EN_WR_13_21_10_14_AP,7,12,7_12,2018,30.2,Upper beginner,Female,21,New York City College of Technology,English,12,10,No,,30,Outside classroom,2,No,No,masc,PRE,MC,DEF,GI,N,dp,estar,simple-finite,Había un caballero que encontró a un bebé y n hizo saber que hacer con el bebe.  lo aplazo donde lo encontró pero el policía le vio.Puso al bebé un carruaje de mujer su otro hijo. el engañar a un hombre para llevar al bebé y el hombre puso al bebe en el carro con niño. La mujer estaba enojada con vencer al hombre.  Al final el bebe estuvo de vuelta en manos de hombre y encontró una nota. la nota decía que amar a este bebé. El hombre se llevo el el bebe a casa con el.
