Text,Filename,Textnr,Sentence,ID,Year,Place,Proficiency,ProficiencyNr,Sex,Age,SubjectGenus,SubjectPosition,ClauseType,Specificity,InformationStructure,ReferentialContinuity,SubjectType,Score,NSLhome,AgeExposureSpanish,YearsstudySpanish,AbroadSpanishCountry,DurationTask,LocationTask,NSLadditional,ForeignLanguage,Verb,VerbConstruction,Languages.spoken.at.home,FullText
Charles Chaplin es un comico viejo.,DE_WR_13_21_1_14_GM,1,1,1_1,2018,Hamburg,Lower beginner,1,female,21,masc,PRE,MC,DEF,NE,N,dp,30.2,No,20,1,No,30,Outsideclassroom,No,English,ser,simple-finite,NA,NA
y el encontrar un papel en las ropas del niños.,DE_WR_13_21_1_14_GM,1,10,1_10,2018,Hamburg,Lower beginner,1,female,21,masc,PRE,MC,DEF,GI,N,pron,30.2,No,20,1,No,30,Outsideclassroom,No,English,encontrar,simple-finite,NA,NA
Esto dice,DE_WR_13_21_1_14_GM,1,11,1_11,2018,Hamburg,Lower beginner,1,female,21,unknown,NA,MC,NA,GI,Y,nullsub,30.2,No,20,1,No,30,Outsideclassroom,No,English,decir,simple-finite,NA,NA
El niño no tengo no familia,DE_WR_13_21_1_14_GM,1,12,1_12,2018,Hamburg,Lower beginner,1,female,21,masc,PRE,MC,DEF,GI,N,dp,30.2,No,20,1,No,30,Outsideclassroom,No,English,tener,simple-finite,NA,NA
y Chaplin convierte en un familia nuevo para el niño.,DE_WR_13_21_1_14_GM,1,13,1_13,2018,Hamburg,Lower beginner,1,female,21,masc,PRE,MC,DEF,GI,N,dp,30.2,No,20,1,No,30,Outsideclassroom,No,English,convertir,simple-finite,NA,NA
Ellos peliculas son en blanco i negro,DE_WR_13_21_1_14_GM,1,2,1_2,2018,Hamburg,Lower beginner,1,female,21,fem,PRE,MC,DEF,NE,N,dp,30.2,No,20,1,No,30,Outsideclassroom,No,English,ser,simple-finite,NA,NA
y tienen no audio.,DE_WR_13_21_1_14_GM,1,3,1_3,2018,Hamburg,Lower beginner,1,female,21,fem,NA,MC,NA,GI,Y,nullsub,30.2,No,20,1,No,30,Outsideclassroom,No,English,tener,simple-finite,NA,NA
En la pelicula el encontrar un niños pequeño,DE_WR_13_21_1_14_GM,1,4,1_4,2018,Hamburg,Lower beginner,1,female,21,masc,PRE,MC,DEF,GI,N,pron,30.2,No,20,1,No,30,Outsideclassroom,No,English,encontrar,simple-finite,NA,NA
y buscar sus familia.,DE_WR_13_21_1_14_GM,1,5,1_5,2018,Hamburg,Lower beginner,1,female,21,masc,NA,MC,NA,NA,NA,nullsub,30.2,No,20,1,No,30,Outsideclassroom,No,English,buscar,simple-finite,NA,NA
Chaplin intentas entregar el niño en una casual mujer.,DE_WR_13_21_1_14_GM,1,7,1_7,2018,Hamburg,Lower beginner,1,female,21,masc,PRE,MC,DEF,GI,Y,dp,30.2,No,20,1,No,30,Outsideclassroom,No,English,entegrar,simple-finite,NA,NA
Esto es no funcionar tambien.,DE_WR_13_21_1_14_GM,1,8,1_8,2018,Hamburg,Lower beginner,1,female,21,unknown,PRE,MC,DEF,NE,N,pron,30.2,No,20,1,No,30,Outsideclassroom,No,English,funcionar,simple-finite,NA,NA
Un policia mira en Chaplin,DE_WR_13_21_1_14_GM,1,9,1_9,2018,Hamburg,Lower beginner,1,female,21,masc,PRE,MC,INDEF,NE,N,dp,30.2,No,20,1,No,30,Outsideclassroom,No,English,mirar,simple-finite,NA,NA
Chaplin da un paseo cerca de algunas edeficios construadas.,DE_WR_27_19_6_14_AOK,2,1,10_1,2019,Hildesheim,Lower intermediate,3,female,19,masc,PRE,MC,DEF,NE,N,dp,62.8,Yes,11,6,Yes,22,Insideclassroom,Yes,English,dar,periphrasis-lexical,NA,NA
Cuando Chaplin quiere dejarla,DE_WR_27_19_6_14_AOK,2,10,10_10,2019,Hildesheim,Lower intermediate,3,female,19,masc,PRE,SC,DEF,GI,N,dp,62.8,Yes,11,6,Yes,22,Insideclassroom,Yes,English,dejar,modal,NA,NA
un hombre de la policía aparece,DE_WR_27_19_6_14_AOK,2,11,10_11,2019,Hildesheim,Lower intermediate,3,female,19,masc,PRE,MC,DEF,NE,N,dp,62.8,Yes,11,6,Yes,22,Insideclassroom,Yes,English,aparecer,simple-finite,NA,NA
y Chaplin decide ir con el bebe.,DE_WR_27_19_6_14_AOK,2,12,10_12,2019,Hildesheim,Lower intermediate,3,female,19,masc,PRE,MC,DEF,GI,N,dp,62.8,Yes,11,6,Yes,22,Insideclassroom,Yes,English,decidir,infinitive,NA,NA
Después Chaplin encuentra un señor viejo,DE_WR_27_19_6_14_AOK,2,13,10_13,2019,Hildesheim,Lower intermediate,3,female,19,masc,PRE,MC,DEF,GI,Y,dp,62.8,Yes,11,6,Yes,22,Insideclassroom,Yes,English,encontrar,simple-finite,NA,NA
y preguntale,DE_WR_27_19_6_14_AOK,2,14,10_14,2019,Hildesheim,Lower intermediate,3,female,19,masc,NA,MC,NA,GI,Y,nullsub,62.8,Yes,11,6,Yes,22,Insideclassroom,Yes,English,preguntar,simple-finite,NA,NA
si puede tener el bebe,DE_WR_27_19_6_14_AOK,2,15,10_15,2019,Hildesheim,Lower intermediate,3,female,19,masc,NA,SC,NA,GI,N,nullsub,62.8,Yes,11,6,Yes,22,Insideclassroom,Yes,English,tener,modal,NA,NA
cuando Chaplin correctar su zapato.,DE_WR_27_19_6_14_AOK,2,16,10_16,2019,Hildesheim,Lower intermediate,3,female,19,masc,PRE,SC,DEF,GI,N,dp,62.8,Yes,11,6,Yes,22,Insideclassroom,Yes,English,correctar,simple-finite,NA,NA
"El hombre está de acuerdo,",DE_WR_27_19_6_14_AOK,2,17,10_17,2019,Hildesheim,Lower intermediate,3,female,19,masc,PRE,MC,DEF,GI,N,dp,62.8,Yes,11,6,Yes,22,Insideclassroom,Yes,English,estar,simple-finite,NA,NA
pero Chaplin está corriendo.,DE_WR_27_19_6_14_AOK,2,18,10_18,2019,Hildesheim,Lower intermediate,3,female,19,masc,PRE,MC,DEF,GI,N,dp,62.8,Yes,11,6,Yes,22,Insideclassroom,Yes,English,correr,periphrasis-gerund,NA,NA
Ese señor viejo queda la madre con el bebe,DE_WR_27_19_6_14_AOK,2,19,10_19,2019,Hildesheim,Lower intermediate,3,female,19,masc,PRE,MC,DEF,GI,N,dp,62.8,Yes,11,6,Yes,22,Insideclassroom,Yes,English,quedar,simple-finite,NA,NA
Un hombre tira basura de una ventana.,DE_WR_27_19_6_14_AOK,2,2,10_2,2019,Hildesheim,Lower intermediate,3,female,19,masc,PRE,MC,INDEF,NE,N,dp,62.8,Yes,11,6,Yes,22,Insideclassroom,Yes,English,tirar,simple-finite,NA,NA
y deja su bebe al lado de suya.,DE_WR_27_19_6_14_AOK,2,20,10_20,2019,Hildesheim,Lower intermediate,3,female,19,masc,NA,MC,NA,GI,Y,nullsub,62.8,Yes,11,6,Yes,22,Insideclassroom,Yes,English,dejar,simple-finite,NA,NA
La madre está enfada,DE_WR_27_19_6_14_AOK,2,21,10_21,2019,Hildesheim,Lower intermediate,3,female,19,fem,PRE,MC,DEF,GI,N,dp,62.8,Yes,11,6,Yes,22,Insideclassroom,Yes,English,estar,simple-finite,NA,NA
y cree,DE_WR_27_19_6_14_AOK,2,22,10_22,2019,Hildesheim,Lower intermediate,3,female,19,fem,NA,MC,NA,GI,Y,nullsub,62.8,Yes,11,6,Yes,22,Insideclassroom,Yes,English,creer,simple-finite,NA,NA
que el culpo es de Chaplin,DE_WR_27_19_6_14_AOK,3,23,10_23,2019,Hildesheim,Lower intermediate,3,female,19,masc,PRE,SC,DEF,NE,N,dp,62.8,Yes,11,6,Yes,22,Insideclassroom,Yes,English,ser,simple-finite,NA,NA
porque él le pasa en la calle.,DE_WR_27_19_6_14_AOK,3,24,10_24,2019,Hildesheim,Lower intermediate,3,female,19,masc,PRE,SC,DEF,GI,N,pron,62.8,Yes,11,6,Yes,22,Insideclassroom,Yes,English,pasar,simple-finite,NA,NA
Al final Chaplin obtener el bebe,DE_WR_27_19_6_14_AOK,3,25,10_25,2019,Hildesheim,Lower intermediate,3,female,19,masc,PRE,MC,DEF,GI,Y,dp,62.8,Yes,11,6,Yes,22,Insideclassroom,Yes,English,obtener,simple-finite,NA,NA
y encuentra un mensaje de su propia madre.,DE_WR_27_19_6_14_AOK,3,26,10_26,2019,Hildesheim,Lower intermediate,3,female,19,masc,NA,MC,NA,GI,Y,nullsub,62.8,Yes,11,6,Yes,22,Insideclassroom,Yes,English,encontrar,simple-finite,NA,NA
El mensaje dice,DE_WR_27_19_6_14_AOK,3,27,10_27,2019,Hildesheim,Lower intermediate,3,female,19,masc,NA,MC,NA,GI,N,nullsub,62.8,Yes,11,6,Yes,22,Insideclassroom,Yes,English,decir,simple-finite,NA,NA
que él tiene que querer el bebe.,DE_WR_27_19_6_14_AOK,3,28,10_28,2019,Hildesheim,Lower intermediate,3,female,19,masc,PRE,SC,DEF,GI,N,pron,62.8,Yes,11,6,Yes,22,Insideclassroom,Yes,English,tener,simple-finite,NA,NA
Los dos están felices,DE_WR_27_19_6_14_AOK,3,29,10_29,2019,Hildesheim,Lower intermediate,3,female,19,masc,PRE,MC,DEF,GI,N,pron,62.8,Yes,11,6,Yes,22,Insideclassroom,Yes,English,estar,simple-finite,NA,NA
Chaplin está fumando,DE_WR_27_19_6_14_AOK,3,3,10_3,2019,Hildesheim,Lower intermediate,3,female,19,masc,PRE,MC,DEF,GI,N,dp,62.8,Yes,11,6,Yes,22,Insideclassroom,Yes,English,fumar,periphrasis-gerund,NA,NA
y ir probablemente a la casa de Chaplin.,DE_WR_27_19_6_14_AOK,3,30,10_30,2019,Hildesheim,Lower intermediate,3,female,19,masc,NA,MC,NA,GI,Y,nullsub,62.8,Yes,11,6,Yes,22,Insideclassroom,Yes,English,ir,simple-finite,NA,NA
y enciende su cigarillo con la ayuda de su zapato.,DE_WR_27_19_6_14_AOK,3,4,10_4,2019,Hildesheim,Lower intermediate,3,female,19,masc,NA,MC,NA,GI,Y,nullsub,62.8,Yes,11,6,Yes,22,Insideclassroom,Yes,English,encender,simple-finite,NA,NA
Después encuentra un bebe que está solo.,DE_WR_27_19_6_14_AOK,3,5,10_5,2019,Hildesheim,Lower intermediate,3,female,19,masc,NA,MC,NA,GI,Y,nullsub,62.8,Yes,11,6,Yes,22,Insideclassroom,Yes,English,encontrar,simple-finite,NA,NA
Al primer él piensa,DE_WR_27_19_6_14_AOK,3,6,10_6,2019,Hildesheim,Lower intermediate,3,female,19,masc,PRE,SC,DEF,GI,Y,pron,62.8,Yes,11,6,Yes,22,Insideclassroom,Yes,English,pensar,simple-finite,NA,NA
que es la bebe de una mujer,DE_WR_27_19_6_14_AOK,3,7,10_7,2019,Hildesheim,Lower intermediate,3,female,19,masc,POST,SC,DEF,GI,N,dp,62.8,Yes,11,6,Yes,22,Insideclassroom,Yes,English,ser,simple-finite,NA,NA
porque ella tiene un bebe.,DE_WR_27_19_6_14_AOK,3,8,10_8,2019,Hildesheim,Lower intermediate,3,female,19,fem,PRE,SC,DEF,GI,N,pron,62.8,Yes,11,6,Yes,22,Insideclassroom,Yes,English,tener,simple-finite,NA,NA
Pero no es suya.,DE_WR_27_19_6_14_AOK,3,9,10_9,2019,Hildesheim,Lower intermediate,3,female,19,masc,NA,MC,NA,GI,N,nullsub,62.8,Yes,11,6,Yes,22,Insideclassroom,Yes,English,ser,simple-finite,NA,NA
Chaplin vacila al niño,DE_WR_27_21_7_14_SG,4,10,11_10,2019,Münster,Lower intermediate,3,female,21,masc,PRE,MC,DEF,GI,N,dp,62.8,No,14,7,Yes,20,Insideclassroom,No,English,vacilar,simple-finite,NA,NA
mira alrededor a los padres.,DE_WR_27_21_7_14_SG,4,11,11_11,2019,Münster,Lower intermediate,3,female,21,masc,NA,MC,NA,GI,Y,nullsub,62.8,No,14,7,Yes,20,Insideclassroom,No,English,mirar,simple-finite,NA,NA
corre con el niño en sus manos a un cochecito,DE_WR_27_21_7_14_SG,4,12,11_12,2019,Münster,Lower intermediate,3,female,21,masc,NA,MC,NA,GI,Y,nullsub,62.8,No,14,7,Yes,20,Insideclassroom,No,English,correr,simple-finite,NA,NA
y engaña a él en este.,DE_WR_27_21_7_14_SG,4,13,11_13,2019,Münster,Lower intermediate,3,female,21,masc,NA,MC,NA,GI,Y,nullsub,62.8,No,14,7,Yes,20,Insideclassroom,No,English,engañar,simple-finite,NA,NA
Dice a una mujer,DE_WR_27_21_7_14_SG,4,14,11_14,2019,Münster,Lower intermediate,3,female,21,masc,NA,MC,NA,GI,Y,nullsub,62.8,No,14,7,Yes,20,Insideclassroom,No,English,decir,simple-finite,NA,NA
"que está al lado del cochecito: [`Pardon me, you dropped something.`]",DE_WR_27_21_7_14_SG,4,15,11_15,2019,Münster,Lower intermediate,3,female,21,fem,PRE,SC,DEF,GI,N,pron,62.8,No,14,7,Yes,20,Insideclassroom,No,English,estar,simple-finite,NA,NA
La mujer se enfada,DE_WR_27_21_7_14_SG,4,16,11_16,2019,Münster,Lower intermediate,3,female,21,fem,PRE,MC,DEF,GI,Y,dp,62.8,No,14,7,Yes,20,Insideclassroom,No,English,enfadarse,simple-finite,NA,NA
y Chaplin ve,DE_WR_27_21_7_14_SG,4,17,11_17,2019,Münster,Lower intermediate,3,female,21,masc,NA,MC,NA,GI,N,nullsub,62.8,No,14,7,Yes,20,Insideclassroom,No,English,ver,simple-finite,NA,NA
Toma el niño y coloca atrás a la calle.,DE_WR_27_21_7_14_SG,4,19,11_19,2019,Münster,Lower intermediate,3,female,21,masc,NA,MC,NA,GI,N,nullsub,62.8,No,14,7,Yes,20,Insideclassroom,No,English,tomar,simple-finite,NA,NA
"Cuando vió un oficial,",DE_WR_27_21_7_14_SG,4,20,11_20,2019,Münster,Lower intermediate,3,female,21,masc,NA,MC,NA,GI,Y,nullsub,62.8,No,14,7,Yes,20,Insideclassroom,No,English,ver,simple-finite,NA,NA
tomó otra vez el niño,DE_WR_27_21_7_14_SG,4,21,11_21,2019,Münster,Lower intermediate,3,female,21,masc,NA,MC,NA,GI,Y,nullsub,62.8,No,14,7,Yes,20,Insideclassroom,No,English,tomar,simple-finite,NA,NA
y se marcha.,DE_WR_27_21_7_14_SG,4,22,11_22,2019,Münster,Lower intermediate,3,female,21,masc,NA,MC,NA,GI,Y,nullsub,62.8,No,14,7,Yes,20,Insideclassroom,No,English,marcharse,simple-finite,NA,NA
"En la calle se encuentra a un hombre viejo,",DE_WR_27_21_7_14_SG,4,23,11_23,2019,Münster,Lower intermediate,3,female,21,masc,NA,MC,NA,GI,Y,nullsub,62.8,No,14,7,Yes,20,Insideclassroom,No,English,encontrarse,simple-finite,NA,NA
da el niño a sus manos,DE_WR_27_21_7_14_SG,4,24,11_24,2019,Münster,Lower intermediate,3,female,21,masc,NA,MC,NA,GI,Y,nullsub,62.8,No,14,7,Yes,20,Insideclassroom,No,English,dar,simple-finite,NA,NA
y sale corriendo.,DE_WR_27_21_7_14_SG,4,25,11_25,2019,Münster,Lower intermediate,3,female,21,masc,NA,MC,NA,GI,Y,nullsub,62.8,No,14,7,Yes,20,Insideclassroom,No,English,salir,simple-finite,NA,NA
El hombre viejo engaña al niño otra vez en el chochecito.,DE_WR_27_21_7_14_SG,4,26,11_26,2019,Münster,Lower intermediate,3,female,21,masc,PRE,MC,DEF,GI,N,dp,62.8,No,14,7,Yes,20,Insideclassroom,No,English,engañar,simple-finite,NA,NA
La mujer del bebé […] se enrabia,DE_WR_27_21_7_14_SG,4,27,11_27,2019,Münster,Lower intermediate,3,female,21,fem,PRE,MC,DEF,GI,N,dp,62.8,No,14,7,Yes,20,Insideclassroom,No,English,enfadarse,simple-finite,NA,NA
que fue em el cochecito,DE_WR_27_21_7_14_SG,4,28,11_28,2019,Münster,Lower intermediate,3,female,21,masc,NA,SC,NA,GI,N,nullsub,62.8,No,14,7,Yes,20,Insideclassroom,No,English,ser,simple-finite,NA,NA
cuando vió el orto niño al lado de su hijo.,DE_WR_27_21_7_14_SG,4,29,11_29,2019,Münster,Lower intermediate,3,female,21,fem,NA,SC,NA,GI,Y,nullsub,62.8,No,14,7,Yes,20,Insideclassroom,No,English,ver,simple-finite,NA,NA
"Por siguiente, se cae algo de arriba",DE_WR_27_21_7_14_SG,4,3,11_3,2019,Münster,Lower intermediate,3,female,21,unknown,POST,MC,DEF,NE,N,pron,62.8,No,14,7,Yes,20,Insideclassroom,No,English,caer,simple-finite,NA,NA
Chaplin pasa la chochecito,DE_WR_27_21_7_14_SG,4,30,11_30,2019,Münster,Lower intermediate,3,female,21,masc,PRE,MC,DEF,GI,N,dp,62.8,No,14,7,Yes,20,Insideclassroom,No,English,pasar,simple-finite,NA,NA
y la mujer va a la zaga de él.,DE_WR_27_21_7_14_SG,4,31,11_31,2019,Münster,Lower intermediate,3,female,21,fem,PRE,MC,DEF,GI,N,dp,62.8,No,14,7,Yes,20,Insideclassroom,No,English,ir,simple-finite,NA,NA
Ella machaca a Chaplin,DE_WR_27_21_7_14_SG,4,32,11_32,2019,Münster,Lower intermediate,3,female,21,fem,PRE,MC,DEF,GI,Y,pron,62.8,No,14,7,Yes,20,Insideclassroom,No,English,machacar,simple-finite,NA,NA
"y cuando el oficial cruza la calle,",DE_WR_27_21_7_14_SG,4,33,11_33,2019,Münster,Lower intermediate,3,female,21,masc,PRE,SC,DEF,GI,N,dp,62.8,No,14,7,Yes,20,Insideclassroom,No,English,cruzar,simple-finite,NA,NA
Chaplin tomo otra vez el niño,DE_WR_27_21_7_14_SG,4,34,11_34,2019,Münster,Lower intermediate,3,female,21,masc,PRE,MC,DEF,GI,N,dp,62.8,No,14,7,Yes,20,Insideclassroom,No,English,tomar,simple-finite,NA,NA
y se sentó a la calle con el niño en brazos.,DE_WR_27_21_7_14_SG,4,35,11_35,2019,Münster,Lower intermediate,3,female,21,masc,NA,MC,NA,GI,Y,nullsub,62.8,No,14,7,Yes,20,Insideclassroom,No,English,sentarse,simple-finite,NA,NA
"De pronto, descubre un papel en la manta del bebé.",DE_WR_27_21_7_14_SG,4,36,11_36,2019,Münster,Lower intermediate,3,female,21,masc,NA,MC,NA,GI,Y,nullsub,62.8,No,14,7,Yes,20,Insideclassroom,No,English,descubrir,simple-finite,NA,NA
Enchufa al papel,DE_WR_27_21_7_14_SG,4,37,11_37,2019,Münster,Lower intermediate,3,female,21,masc,NA,MC,NA,GI,Y,nullsub,62.8,No,14,7,Yes,20,Insideclassroom,No,English,enchufar,simple-finite,NA,NA
y se va con el niño el sus manos.,DE_WR_27_21_7_14_SG,4,38,11_38,2019,Münster,Lower intermediate,3,female,21,masc,NA,MC,NA,GI,Y,nullsub,62.8,No,14,7,Yes,20,Insideclassroom,No,English,irse,simple-finite,NA,NA
y acerta Chaplin en su cabeza.,DE_WR_27_21_7_14_SG,4,4,11_4,2019,Münster,Lower intermediate,3,female,21,fem,NA,MC,NA,GI,Y,nullsub,62.8,No,14,7,Yes,20,Insideclassroom,No,English,acertar,simple-finite,NA,NA
Chaplin saca una caja de cigarettos de su bolsillo,DE_WR_27_21_7_14_SG,4,5,11_5,2019,Münster,Lower intermediate,3,female,21,masc,PRE,MC,DEF,GI,N,dp,62.8,No,14,7,Yes,20,Insideclassroom,No,English,sacar,simple-finite,NA,NA
y encenerla.,DE_WR_27_21_7_14_SG,4,6,11_6,2019,Münster,Lower intermediate,3,female,21,masc,NA,MC,NA,GI,Y,nullsub,62.8,No,14,7,Yes,20,Insideclassroom,No,English,encender,simple-finite,NA,NA
Después tira sus guantes en un cuba.,DE_WR_27_21_7_14_SG,4,7,11_7,2019,Münster,Lower intermediate,3,female,21,masc,NA,MC,NA,GI,Y,nullsub,62.8,No,14,7,Yes,20,Insideclassroom,No,English,tirar,simple-finite,NA,NA
"De repente, vió a un bebé",DE_WR_27_21_7_14_SG,4,8,11_8,2019,Münster,Lower intermediate,3,female,21,masc,NA,MC,NA,GI,Y,nullsub,62.8,No,14,7,Yes,20,Insideclassroom,No,English,ver,simple-finite,NA,NA
que esta emplazado en la calle en una manta.,DE_WR_27_21_7_14_SG,4,9,11_9,2019,Münster,Lower intermediate,3,female,21,masc,PRE,MC,DEF,GI,N,pron,62.8,No,14,7,Yes,20,Insideclassroom,No,English,estar,simple-finite,NA,NA
Ese vídeo trata de Charlie Chaplin y un bebé,DE_WR_28_21_5_14_MZ,5,1,12_1,2019,Münster,Lower intermediate,3,female,21,masc,PRE,MC,DEF,NE,N,dp,65.1,No,16,5,Yes,5,Insideclassroom,No,English,tratar,simple-finite,NA,NA
pero la mujer se enfadarse,DE_WR_28_21_5_14_MZ,5,10,12_10,2019,Münster,Lower intermediate,3,female,21,fem,PRE,MC,DEF,GI,N,dp,65.1,No,16,5,Yes,5,Insideclassroom,No,English,enfadarse,simple-finite,NA,NA
y por eso Charlie tiene que cogerlo otra vez.,DE_WR_28_21_5_14_MZ,5,11,12_11,2019,Münster,Lower intermediate,3,female,21,masc,PRE,MC,DEF,GI,N,dp,65.1,No,16,5,Yes,5,Insideclassroom,No,English,coger,modal,NA,NA
Después el quiere poner el bebé,DE_WR_28_21_5_14_MZ,5,12,12_12,2019,Münster,Lower intermediate,3,female,21,masc,PRE,MC,DEF,GI,Y,pron,65.1,No,16,5,Yes,5,Insideclassroom,No,English,poner,modal,NA,NA
donde el le encontró,DE_WR_28_21_5_14_MZ,5,13,12_13,2019,Münster,Lower intermediate,3,female,21,masc,PRE,SC,DEF,GI,Y,pron,65.1,No,16,5,Yes,5,Insideclassroom,No,English,encontrar,simple-finite,NA,NA
pero la policía lo ve,DE_WR_28_21_5_14_MZ,5,14,12_14,2019,Münster,Lower intermediate,3,female,21,fem,PRE,MC,DEF,NE,N,dp,65.1,No,16,5,Yes,5,Insideclassroom,No,English,ver,simple-finite,NA,NA
y el tiene que traer bebé.,DE_WR_28_21_5_14_MZ,5,15,12_15,2019,Münster,Lower intermediate,3,female,21,masc,PRE,MC,DEF,GI,N,pron,65.1,No,16,5,Yes,5,Insideclassroom,No,English,traer,modal,NA,NA
A causa de una trampa el da el bebé a un hombre extraño,DE_WR_28_21_5_14_MZ,5,16,12_16,2019,Münster,Lower intermediate,3,female,21,masc,PRE,MC,DEF,GI,Y,pron,65.1,No,16,5,Yes,5,Insideclassroom,No,English,dar,simple-finite,NA,NA
y el fui.,DE_WR_28_21_5_14_MZ,5,17,12_17,2019,Münster,Lower intermediate,3,female,21,masc,PRE,MC,DEF,GI,Y,pron,65.1,No,16,5,Yes,5,Insideclassroom,No,English,ser,simple-finite,NA,NA
El hombre no quiere el bebé tampoco,DE_WR_28_21_5_14_MZ,5,18,12_18,2019,Münster,Lower intermediate,3,female,21,masc,PRE,MC,DEF,GI,N,dp,65.1,No,16,5,Yes,5,Insideclassroom,No,English,querer,simple-finite,NA,NA
y por eso el le pone en el coche de niños de la mujer del principio.,DE_WR_28_21_5_14_MZ,5,19,12_19,2019,Münster,Lower intermediate,3,female,21,masc,PRE,MC,DEF,GI,Y,pron,65.1,No,16,5,Yes,5,Insideclassroom,No,English,poner,simple-finite,NA,NA
que el encontró en un sitio abandonado.,DE_WR_28_21_5_14_MZ,5,2,12_2,2019,Münster,Lower intermediate,3,female,21,masc,PRE,SC,DEF,GI,Y,pron,65.1,No,16,5,Yes,5,Insideclassroom,No,English,encontrar,simple-finite,NA,NA
Charlie pasa la mujer,DE_WR_28_21_5_14_MZ,5,20,12_20,2019,Münster,Lower intermediate,3,female,21,masc,PRE,MC,DEF,GI,N,dp,65.1,No,16,5,Yes,5,Insideclassroom,No,English,pasar,simple-finite,NA,NA
y ella se enfada otra vez,DE_WR_28_21_5_14_MZ,5,21,12_21,2019,Münster,Lower intermediate,3,female,21,fem,PRE,MC,DEF,GI,N,pron,65.1,No,16,5,Yes,5,Insideclassroom,No,English,enfadarse,simple-finite,NA,NA
y Charlie va con el bebé en una calle.,DE_WR_28_21_5_14_MZ,5,22,12_22,2019,Münster,Lower intermediate,3,female,21,masc,PRE,MC,DEF,GI,N,dp,65.1,No,16,5,Yes,5,Insideclassroom,No,English,ir,simple-finite,NA,NA
Al final el encontró una carta,DE_WR_28_21_5_14_MZ,5,23,12_23,2019,Münster,Lower intermediate,3,female,21,masc,PRE,MC,DEF,GI,Y,pron,65.1,No,16,5,Yes,5,Insideclassroom,No,English,encontrar,simple-finite,NA,NA
que llevó el bebé.,DE_WR_28_21_5_14_MZ,5,25,12_25,2019,Münster,Lower intermediate,3,female,21,masc,PRE,SC,DEF,GI,N,pron,65.1,No,16,5,Yes,5,Insideclassroom,No,English,llevar,simple-finite,NA,NA
Por eso el ame el bebé,DE_WR_28_21_5_14_MZ,5,26,12_26,2019,Münster,Lower intermediate,3,female,21,masc,PRE,MC,DEF,GI,Y,pron,65.1,No,16,5,Yes,5,Insideclassroom,No,English,amar,simple-finite,NA,NA
y el de fue.,DE_WR_28_21_5_14_MZ,5,27,12_27,2019,Münster,Lower intermediate,3,female,21,masc,PRE,MC,DEF,GI,Y,pron,65.1,No,16,5,Yes,5,Insideclassroom,No,English,irse,simple-finite,NA,NA
El quiere desprender el bebé,DE_WR_28_21_5_14_MZ,5,3,12_3,2019,Münster,Lower intermediate,3,female,21,masc,PRE,MC,DEF,GI,Y,pron,65.1,No,16,5,Yes,5,Insideclassroom,No,English,desprender,simple-finite,NA,NA
y lo hace en maneras diversas.,DE_WR_28_21_5_14_MZ,5,4,12_4,2019,Münster,Lower intermediate,3,female,21,masc,NA,MC,NA,GI,Y,nullsub,65.1,No,16,5,Yes,5,Insideclassroom,No,English,hacer,simple-finite,NA,NA
Por principio el ve,DE_WR_28_21_5_14_MZ,5,5,12_5,2019,Münster,Lower intermediate,3,female,21,masc,PRE,MC,DEF,GI,Y,pron,65.1,No,16,5,Yes,5,Insideclassroom,No,English,ver,simple-finite,NA,NA
que una mujer con un coche de niños viene.,DE_WR_28_21_5_14_MZ,5,6,12_6,2019,Münster,Lower intermediate,3,female,21,fem,PRE,SC,INDEF,NE,N,dp,65.1,No,16,5,Yes,5,Insideclassroom,No,English,venir,simple-finite,NA,NA
El quiere darla el bebé,DE_WR_28_21_5_14_MZ,5,7,12_7,2019,Münster,Lower intermediate,3,female,21,masc,PRE,MC,DEF,GI,N,pron,65.1,No,16,5,Yes,5,Insideclassroom,No,English,dar,simple-finite,NA,NA
y dice,DE_WR_28_21_5_14_MZ,5,8,12_8,2019,Münster,Lower intermediate,3,female,21,masc,NA,MC,NA,GI,Y,nullsub,65.1,No,16,5,Yes,5,Insideclassroom,No,English,decir,simple-finite,NA,NA
que se cae algo.,DE_WR_28_21_5_14_MZ,5,9,12_9,2019,Münster,Lower intermediate,3,female,21,unknown,POST,SC,DEF,GI,N,pron,65.1,No,16,5,Yes,5,Insideclassroom,No,English,caer,simple-finite,NA,NA
"En este clip de vídeo, Charlie Chaplin da un paseo en una calle sucia.",DE_WR_28_28_1_14_GPT,6,1,13_1,2019,Frankfurt,Lower intermediate,3,male,28,masc,PRE,MC,DEF,NE,N,dp,65.1,No,28,1,Yes,20,Outsideclassroom,No,French,dar,periphrasis-lexical,NA,NA
ella está furiosa y confronta Charlie Chaplin.,DE_WR_28_28_1_14_GPT,6,10,13_10,2019,Frankfurt,Lower intermediate,3,male,28,fem,PRE,MC,DEF,GI,Y,pron,65.1,No,28,1,Yes,20,Outsideclassroom,No,French,estar,simple-finite,NA,NA
Por último Charlie Chaplin mantiene solamente con el bebé.,DE_WR_28_28_1_14_GPT,6,11,13_11,2019,Frankfurt,Lower intermediate,3,male,28,masc,PRE,MC,DEF,GI,N,dp,65.1,No,28,1,Yes,20,Outsideclassroom,No,French,mantener,simple-finite,NA,NA
Le encuentro un bebé,DE_WR_28_28_1_14_GPT,6,2,13_2,2019,Frankfurt,Lower intermediate,3,male,28,masc,NA,MC,NA,GI,Y,nullsub,65.1,No,28,1,Yes,20,Outsideclassroom,No,French,encontrar,simple-finite,NA,NA
y intento de dar el bebé á una madre,DE_WR_28_28_1_14_GPT,6,3,13_3,2019,Frankfurt,Lower intermediate,3,male,28,masc,NA,MC,NA,GI,N,nullsub,65.1,No,28,1,Yes,20,Outsideclassroom,No,French,intentar,infinitive,NA,NA
que paseo por el parque con su niño.,DE_WR_28_28_1_14_GPT,6,4,13_4,2019,Frankfurt,Lower intermediate,3,male,28,fem,PRE,SC,DEF,GI,N,pron,65.1,No,28,1,Yes,20,Outsideclassroom,No,French,pasear,simple-finite,NA,NA
La madre rechaza,DE_WR_28_28_1_14_GPT,6,5,13_5,2019,Frankfurt,Lower intermediate,3,male,28,fem,PRE,MC,DEF,GI,Y,dp,65.1,No,28,1,Yes,20,Outsideclassroom,No,French,rechazar,simple-finite,NA,NA
y Chaplin da el bebé a un hombre.,DE_WR_28_28_1_14_GPT,6,6,13_6,2019,Frankfurt,Lower intermediate,3,male,28,masc,PRE,MC,DEF,GI,N,dp,65.1,No,28,1,Yes,20,Outsideclassroom,No,French,dar,simple-finite,NA,NA
Este hombre ve el coche de bebé de la mujer con su niño,DE_WR_28_28_1_14_GPT,6,7,13_7,2019,Frankfurt,Lower intermediate,3,male,28,masc,PRE,MC,DEF,GI,N,dp,65.1,No,28,1,Yes,20,Outsideclassroom,No,French,ver,simple-finite,NA,NA
y intento de dar el bebé antes de correr.,DE_WR_28_28_1_14_GPT,6,8,13_8,2019,Frankfurt,Lower intermediate,3,male,28,masc,PRE,MC,NA,GI,Y,nullsub,65.1,No,28,1,Yes,20,Outsideclassroom,No,French,intentar,infinitive,NA,NA
"Cuando la mujer ve el bebé,",DE_WR_28_28_1_14_GPT,6,9,13_9,2019,Frankfurt,Lower intermediate,3,male,28,fem,PRE,MC,DEF,GI,N,dp,65.1,No,28,1,Yes,20,Outsideclassroom,No,French,ver,simple-finite,NA,NA
Chaplin va a un calle.,DE_WR_29_21_3_14_SN,7,1,14_1,2022,Innsbruck,Upper intermediate,4,female,21,masc,PRE,MC,DEF,NE,N,dp,67.4,No,16,3,No,900,Outsideclassroom,No,English,ir,simple-finite,NA,NA
y la mujer se va.,DE_WR_29_21_3_14_SN,7,10,14_10,2022,Innsbruck,Upper intermediate,4,female,21,fem,PRE,MC,DEF,GI,N,dp,67.4,No,16,3,No,900,Outsideclassroom,No,English,irse,simple-finite,NA,NA
Despues Chaplin pone el bebé en el calle,DE_WR_29_21_3_14_SN,7,11,14_11,2022,Innsbruck,Upper intermediate,4,female,21,masc,PRE,MC,DEF,GI,N,dp,67.4,No,16,3,No,900,Outsideclassroom,No,English,poner,simple-finite,NA,NA
pero la policia viene,DE_WR_29_21_3_14_SN,7,12,14_12,2022,Innsbruck,Upper intermediate,4,female,21,fem,PRE,MC,DEF,NE,N,dp,67.4,No,16,3,No,900,Outsideclassroom,No,English,venir,simple-finite,NA,NA
y Chaplin tiene tomar el bebé.,DE_WR_29_21_3_14_SN,7,13,14_13,2022,Innsbruck,Upper intermediate,4,female,21,masc,PRE,MC,DEF,GI,N,dp,67.4,No,16,3,No,900,Outsideclassroom,No,English,tomar,simple-finite,NA,NA
El lo da a un hombre y corre.,DE_WR_29_21_3_14_SN,7,14,14_14,2022,Innsbruck,Upper intermediate,4,female,21,masc,PRE,MC,DEF,GI,Y,pron,67.4,No,16,3,No,900,Outsideclassroom,No,English,dar,simple-finite,NA,NA
El hombre pone el bebé a la mujer,DE_WR_29_21_3_14_SN,7,15,14_15,2022,Innsbruck,Upper intermediate,4,female,21,masc,PRE,MC,DEF,GI,N,dp,67.4,No,16,3,No,900,Outsideclassroom,No,English,poner,simple-finite,NA,NA
que Chaplin ha intentado dar el bebé.,DE_WR_29_21_3_14_SN,7,16,14_16,2022,Innsbruck,Upper intermediate,4,female,21,masc,PRE,SC,DEF,GI,N,dp,67.4,No,16,3,No,900,Outsideclassroom,No,English,intentar,simple-finite,NA,NA
Chaplin y la mujer encontran,DE_WR_29_21_3_14_SN,7,17,14_17,2022,Innsbruck,Upper intermediate,4,female,21,masc,PRE,MC,DEF,GI,Y,dp,67.4,No,16,3,No,900,Outsideclassroom,No,English,encontrar,simple-finite,NA,NA
y el deba tomar el bebé.,DE_WR_29_21_3_14_SN,7,18,14_18,2022,Innsbruck,Upper intermediate,4,female,21,masc,PRE,MC,DEF,GI,Y,pron,67.4,No,16,3,No,900,Outsideclassroom,No,English,tomar,modal,NA,NA
Despues esta en el calle con el bebé,DE_WR_29_21_3_14_SN,7,19,14_19,2022,Innsbruck,Upper intermediate,4,female,21,masc,NA,MC,NA,GI,Y,nullsub,67.4,No,16,3,No,900,Outsideclassroom,No,English,estar,simple-finite,NA,NA
Personas echan cosas en le.,DE_WR_29_21_3_14_SN,7,2,14_2,2022,Innsbruck,Upper intermediate,4,female,21,fem,PRE,MC,INDEF,NE,N,dp,67.4,No,16,3,No,900,Outsideclassroom,No,English,echar,simple-finite,NA,NA
y encontra una carta a el bebé,DE_WR_29_21_3_14_SN,7,20,14_20,2022,Innsbruck,Upper intermediate,4,female,21,masc,NA,MC,NA,GI,Y,nullsub,67.4,No,16,3,No,900,Outsideclassroom,No,English,encontrar,simple-finite,NA,NA
que dice,DE_WR_29_21_3_14_SN,7,21,14_21,2022,Innsbruck,Upper intermediate,4,female,21,fem,PRE,SC,DEF,GI,N,pron,67.4,No,16,3,No,900,Outsideclassroom,No,English,decir,simple-finite,NA,NA
el debe amar el bebé.,DE_WR_29_21_3_14_SN,7,22,14_22,2022,Innsbruck,Upper intermediate,4,female,21,masc,PRE,MC,DEF,GI,N,pron,67.4,No,16,3,No,900,Outsideclassroom,No,English,amar,modal,NA,NA
Chaplin se va con el bebé.,DE_WR_29_21_3_14_SN,7,23,14_23,2022,Innsbruck,Upper intermediate,4,female,21,masc,PRE,MC,DEF,GI,Y,dp,67.4,No,16,3,No,900,Outsideclassroom,No,English,irse,simple-finite,NA,NA
Entonces toma un cigarro,DE_WR_29_21_3_14_SN,7,3,14_3,2022,Innsbruck,Upper intermediate,4,female,21,masc,NA,MC,NA,GI,N,nullsub,67.4,No,16,3,No,900,Outsideclassroom,No,English,tomar,simple-finite,NA,NA
y encender lo con su zapato.,DE_WR_29_21_3_14_SN,7,4,14_4,2022,Innsbruck,Upper intermediate,4,female,21,masc,NA,MC,NA,GI,Y,nullsub,67.4,No,16,3,No,900,Outsideclassroom,No,English,encender,simple-finite,NA,NA
El tira sus guantes.,DE_WR_29_21_3_14_SN,7,5,14_5,2022,Innsbruck,Upper intermediate,4,female,21,masc,PRE,MC,DEF,GI,Y,pron,67.4,No,16,3,No,900,Outsideclassroom,No,English,tirar,simple-finite,NA,NA
Despues el encontra a  un bebé.,DE_WR_29_21_3_14_SN,7,6,14_6,2022,Innsbruck,Upper intermediate,4,female,21,masc,PRE,MC,DEF,GI,Y,pron,67.4,No,16,3,No,900,Outsideclassroom,No,English,encontrar,simple-finite,NA,NA
El ententa dar el bebe a una mujer,DE_WR_29_21_3_14_SN,7,7,14_7,2022,Innsbruck,Upper intermediate,4,female,21,masc,PRE,MC,DEF,GI,Y,pron,67.4,No,16,3,No,900,Outsideclassroom,No,English,intentar,infinitive,NA,NA
pero ella no quiero lo.,DE_WR_29_21_3_14_SN,7,8,14_8,2022,Innsbruck,Upper intermediate,4,female,21,fem,PRE,MC,DEF,GI,N,pron,67.4,No,16,3,No,900,Outsideclassroom,No,English,querer,simple-finite,NA,NA
Chaplin toma el bebé nuevamente,DE_WR_29_21_3_14_SN,7,9,14_9,2022,Innsbruck,Upper intermediate,4,female,21,masc,PRE,MC,DEF,GI,N,dp,67.4,No,16,3,No,900,Outsideclassroom,No,English,tomar,simple-finite,NA,NA
"Chaplin va en un calle, al lado de una casa.",DE_WR_30_21_4_14_LM,8,1,15_1,2018,Hamburg,Upper intermediate,4,male,21,masc,PRE,MC,DEF,NE,N,dp,69.8,No,17,4,No,15,Outsideclassroom,No,English,ir,simple-finite,NA,NA
y chaplin va a la con el bebe.,DE_WR_30_21_4_14_LM,8,10,15_10,2018,Hamburg,Upper intermediate,4,male,21,masc,PRE,MC,DEF,GI,N,dp,69.8,No,17,4,No,15,Outsideclassroom,No,English,ir,simple-finite,NA,NA
Chaplin da el bebe a la mujer.,DE_WR_30_21_4_14_LM,8,11,15_11,2018,Hamburg,Upper intermediate,4,male,21,masc,PRE,MC,DEF,GI,Y,dp,69.8,No,17,4,No,15,Outsideclassroom,No,English,dar,simple-finite,NA,NA
La mujer no quiere el bebe,DE_WR_30_21_4_14_LM,8,12,15_12,2018,Hamburg,Upper intermediate,4,male,21,fem,PRE,MC,DEF,GI,N,dp,69.8,No,17,4,No,15,Outsideclassroom,No,English,querer,simple-finite,NA,NA
proque no es ella.,DE_WR_30_21_4_14_LM,8,13,15_13,2018,Hamburg,Upper intermediate,4,male,21,masc,POST,SC,DEF,GI,N,pron,69.8,No,17,4,No,15,Outsideclassroom,No,English,ser,simple-finite,NA,NA
Entonce chaplin pone el bebe en el tierra de nuevo.,DE_WR_30_21_4_14_LM,8,14,15_14,2018,Hamburg,Upper intermediate,4,male,21,masc,PRE,MC,DEF,GI,N,dp,69.8,No,17,4,No,15,Outsideclassroom,No,English,poner,simple-finite,NA,NA
Un policista aperece,DE_WR_30_21_4_14_LM,8,15,15_15,2018,Hamburg,Upper intermediate,4,male,21,masc,PRE,MC,INDEF,NE,N,dp,69.8,No,17,4,No,15,Outsideclassroom,No,English,aparecer,simple-finite,NA,NA
y miraba,DE_WR_30_21_4_14_LM,8,16,15_16,2018,Hamburg,Upper intermediate,4,male,21,masc,NA,MC,NA,GI,Y,nullsub,69.8,No,17,4,No,15,Outsideclassroom,No,English,mirar,simple-finite,NA,NA
que chaplin hizo.,DE_WR_30_21_4_14_LM,8,17,15_17,2018,Hamburg,Upper intermediate,4,male,21,masc,PRE,SC,DEF,GI,N,dp,69.8,No,17,4,No,15,Outsideclassroom,No,English,hacer,simple-finite,NA,NA
Pues recoge el bebe,DE_WR_30_21_4_14_LM,8,18,15_18,2018,Hamburg,Upper intermediate,4,male,21,masc,NA,MC,NA,GI,N,nullsub,69.8,No,17,4,No,15,Outsideclassroom,No,English,recoger,simple-finite,NA,NA
y sale.,DE_WR_30_21_4_14_LM,8,19,15_19,2018,Hamburg,Upper intermediate,4,male,21,masc,NA,MC,NA,GI,Y,nullsub,69.8,No,17,4,No,15,Outsideclassroom,No,English,salir,simple-finite,NA,NA
De repente una cosa paso,DE_WR_30_21_4_14_LM,8,2,15_2,2018,Hamburg,Upper intermediate,4,male,21,fem,PRE,MC,INDEF,NE,N,dp,69.8,No,17,4,No,15,Outsideclassroom,No,English,pasar,simple-finite,NA,NA
Entonces chaplin da el bebe a un anciano,DE_WR_30_21_4_14_LM,8,20,15_20,2018,Hamburg,Upper intermediate,4,male,21,masc,PRE,MC,DEF,GI,Y,dp,69.8,No,17,4,No,15,Outsideclassroom,No,English,dar,simple-finite,NA,NA
y chaplin esta furioso.,DE_WR_30_21_4_14_LM,8,3,15_3,2018,Hamburg,Upper intermediate,4,male,21,masc,PRE,MC,DEF,GI,N,dp,69.8,No,17,4,No,15,Outsideclassroom,No,English,estar,simple-finite,NA,NA
Una carta aperece con el frase [''Akward Ass''],DE_WR_30_21_4_14_LM,8,4,15_4,2018,Hamburg,Upper intermediate,4,male,21,fem,PRE,MC,INDEF,NE,N,dp,69.8,No,17,4,No,15,Outsideclassroom,No,English,aparecer,simple-finite,NA,NA
Busca un cigarillo,DE_WR_30_21_4_14_LM,8,5,15_5,2018,Hamburg,Upper intermediate,4,male,21,masc,NA,MC,NA,GI,N,nullsub,69.8,No,17,4,No,15,Outsideclassroom,No,English,buscar,simple-finite,NA,NA
y empeza a fumar.,DE_WR_30_21_4_14_LM,8,6,15_6,2018,Hamburg,Upper intermediate,4,male,21,masc,NA,MC,NA,GI,Y,nullsub,69.8,No,17,4,No,15,Outsideclassroom,No,English,empezar,simple-finite,NA,NA
Entonces encontra un bebe,DE_WR_30_21_4_14_LM,8,7,15_7,2018,Hamburg,Upper intermediate,4,male,21,masc,NA,MC,NA,GI,Y,nullsub,69.8,No,17,4,No,15,Outsideclassroom,No,English,encontrar,simple-finite,NA,NA
que esta sentiendo en el tierra.,DE_WR_30_21_4_14_LM,8,8,15_8,2018,Hamburg,Upper intermediate,4,male,21,masc,PRE,SC,DEF,GI,N,pron,69.8,No,17,4,No,15,Outsideclassroom,No,English,sentir,periphrasis-gerund,NA,NA
Una mujer aperece,DE_WR_30_21_4_14_LM,8,9,15_9,2018,Hamburg,Upper intermediate,4,male,21,fem,PRE,MC,INDEF,NE,N,dp,69.8,No,17,4,No,15,Outsideclassroom,No,English,aparecer,simple-finite,NA,NA
Al principio de este video pequeño se muestra el caracter principal,DE_WR_31_20_4_14_EK,9,1,16_1,2019,Münster,Upper intermediate,4,female,20,masc,POST,MC,DEF,NE,N,dp,72.1,Yes,15,4,Yes,20,Insideclassroom,Yes,Greek,mostrarse,simple-finite,NA,NA
de dónde es este bebé [...],DE_WR_31_20_4_14_EK,9,10,16_10,2019,Münster,Upper intermediate,4,female,20,masc,POST,SC,DEF,GI,N,dp,72.1,Yes,15,4,Yes,20,Insideclassroom,Yes,Greek,ser,simple-finite,NA,NA
"que parece muy joven,",DE_WR_31_20_4_14_EK,9,11,16_11,2019,Münster,Upper intermediate,4,female,20,masc,PRE,SC,DEF,GI,Y,pron,72.1,Yes,15,4,Yes,20,Insideclassroom,Yes,Greek,parecer,simple-finite,NA,NA
pero en el primer momento no puede encontrar nadie.,DE_WR_31_20_4_14_EK,9,12,16_12,2019,Münster,Upper intermediate,4,female,20,masc,NA,MC,NA,GI,N,nullsub,72.1,Yes,15,4,Yes,20,Insideclassroom,Yes,Greek,encontrar,modal,NA,NA
Charles Chaplin recoge el bebé,DE_WR_31_20_4_14_EK,9,13,16_13,2019,Münster,Upper intermediate,4,female,20,masc,PRE,MC,DEF,GI,Y,dp,72.1,Yes,15,4,Yes,20,Insideclassroom,Yes,Greek,recoger,simple-finite,NA,NA
cuando una mujer con un cochecito pasa por su espalda.,DE_WR_31_20_4_14_EK,9,14,16_14,2019,Münster,Upper intermediate,4,female,20,fem,PRE,SC,INDEF,NE,N,dp,72.1,Yes,15,4,Yes,20,Insideclassroom,Yes,Greek,pasar,simple-finite,NA,NA
Chaplin aprovecha el momente,DE_WR_31_20_4_14_EK,9,15,16_15,2019,Münster,Upper intermediate,4,female,20,masc,PRE,MC,DEF,GI,N,dp,72.1,Yes,15,4,Yes,20,Insideclassroom,Yes,Greek,aprovechar,simple-finite,NA,NA
durante el que la mujer no mira al cochecito,DE_WR_31_20_4_14_EK,9,16,16_16,2019,Münster,Upper intermediate,4,female,20,fem,PRE,SC,DEF,GI,N,dp,72.1,Yes,15,4,Yes,20,Insideclassroom,Yes,Greek,mirar,simple-finite,NA,NA
y pone el bebé aquí.,DE_WR_31_20_4_14_EK,9,17,16_17,2019,Münster,Upper intermediate,4,female,20,masc,NA,MC,NA,GI,N,nullsub,72.1,Yes,15,4,Yes,20,Insideclassroom,Yes,Greek,poner,simple-finite,NA,NA
"Pero sus planen no funcionaban,",DE_WR_31_20_4_14_EK,9,18,16_18,2019,Münster,Upper intermediate,4,female,20,masc,PRE,MC,DEF,NE,N,dp,72.1,Yes,15,4,Yes,20,Insideclassroom,Yes,Greek,funcionar,simple-finite,NA,NA
la mujer se pone enfandada,DE_WR_31_20_4_14_EK,9,19,16_19,2019,Münster,Upper intermediate,4,female,20,fem,PRE,MC,DEF,GI,N,dp,72.1,Yes,15,4,Yes,20,Insideclassroom,Yes,Greek,ponerse,periphrasis-lexical,NA,NA
porque no es el suyo,DE_WR_31_20_4_14_EK,9,20,16_20,2019,Münster,Upper intermediate,4,female,20,masc,NA,SC,NA,GI,N,nullsub,72.1,Yes,15,4,Yes,20,Insideclassroom,Yes,Greek,ser,simple-finite,NA,NA
y al finla de esta acción Chaplin ya tiene el bebé.,DE_WR_31_20_4_14_EK,9,21,16_21,2019,Münster,Upper intermediate,4,female,20,masc,PRE,MC,DEF,GI,N,dp,72.1,Yes,15,4,Yes,20,Insideclassroom,Yes,Greek,tener,simple-finite,NA,NA
La historia continua con Chaplin,DE_WR_31_20_4_14_EK,9,22,16_22,2019,Münster,Upper intermediate,4,female,20,masc,PRE,MC,DEF,NE,N,dp,72.1,Yes,15,4,Yes,20,Insideclassroom,Yes,Greek,continuar,simple-finite,NA,NA
donde lo encontró,DE_WR_31_20_4_14_EK,9,24,16_24,2019,Münster,Upper intermediate,4,female,20,masc,NA,SC,NA,GI,Y,nullsub,72.1,Yes,15,4,Yes,20,Insideclassroom,Yes,Greek,encontrar,simple-finite,NA,NA
y un hombre con un uniforme lo ve,DE_WR_31_20_4_14_EK,9,25,16_25,2019,Münster,Upper intermediate,4,female,20,masc,PRE,MC,INDEF,NE,N,dp,72.1,Yes,15,4,Yes,20,Insideclassroom,Yes,Greek,ver,simple-finite,NA,NA
y Chaplin tiene que quedar con eso.,DE_WR_31_20_4_14_EK,9,26,16_26,2019,Münster,Upper intermediate,4,female,20,masc,PRE,MC,DEF,GI,N,dp,72.1,Yes,15,4,Yes,20,Insideclassroom,Yes,Greek,tener,simple-finite,NA,NA
Darlo a un hombre ajeno,DE_WR_31_20_4_14_EK,9,27,16_27,2019,Münster,Upper intermediate,4,female,20,masc,NA,MC,NA,GI,Y,nullsub,72.1,Yes,15,4,Yes,20,Insideclassroom,Yes,Greek,dar,simple-finite,NA,NA
pero él lo pone otra vez en el cochecito de la misma mujer.,DE_WR_31_20_4_14_EK,9,28,16_28,2019,Münster,Upper intermediate,4,female,20,masc,PRE,MC,DEF,GI,Y,pron,72.1,Yes,15,4,Yes,20,Insideclassroom,Yes,Greek,poner,simple-finite,NA,NA
Al final Chaplin queda con el bebé,DE_WR_31_20_4_14_EK,9,29,16_29,2019,Münster,Upper intermediate,4,female,20,masc,PRE,MC,DEF,GI,Y,dp,72.1,Yes,15,4,Yes,20,Insideclassroom,Yes,Greek,quedar,simple-finite,NA,NA
Eso parece como un escenario consabido,DE_WR_31_20_4_14_EK,9,3,16_3,2019,Münster,Upper intermediate,4,female,20,unknown,PRE,MC,INDEF,NE,N,dp,72.1,Yes,15,4,Yes,20,Insideclassroom,Yes,Greek,parece,simple-finite,NA,NA
porque encuentra un papelito,DE_WR_31_20_4_14_EK,9,30,16_30,2019,Münster,Upper intermediate,4,female,20,masc,NA,SC,NA,GI,Y,nullsub,72.1,Yes,15,4,Yes,20,Insideclassroom,Yes,Greek,encontrar,simple-finite,NA,NA
que necesita amor.,DE_WR_31_20_4_14_EK,9,32,16_32,2019,Münster,Upper intermediate,4,female,20,masc,NA,SC,NA,GI,N,nullsub,72.1,Yes,15,4,Yes,20,Insideclassroom,Yes,Greek,necesitar,simple-finite,NA,NA
"porque busca algo para fumar en su chaqueta,",DE_WR_31_20_4_14_EK,9,4,16_4,2019,Münster,Upper intermediate,4,female,20,masc,NA,SC,NA,GI,N,nullsub,72.1,Yes,15,4,Yes,20,Insideclassroom,Yes,Greek,buscar,simple-finite,NA,NA
"quita sus guantes,",DE_WR_31_20_4_14_EK,9,5,16_5,2019,Münster,Upper intermediate,4,female,20,masc,NA,MC,NA,GI,Y,nullsub,72.1,Yes,15,4,Yes,20,Insideclassroom,Yes,Greek,quitar,simple-finite,NA,NA
encende un fósforo con la ayuda de sus zapatos,DE_WR_31_20_4_14_EK,9,6,16_6,2019,Münster,Upper intermediate,4,female,20,masc,NA,MC,NA,GI,Y,nullsub,72.1,Yes,15,4,Yes,20,Insideclassroom,Yes,Greek,encender,simple-finite,NA,NA
al final tira sus guantes para empezar fumar.,DE_WR_31_20_4_14_EK,9,7,16_7,2019,Münster,Upper intermediate,4,female,20,masc,NA,MC,NA,GI,Y,nullsub,72.1,Yes,15,4,Yes,20,Insideclassroom,Yes,Greek,tirar,simple-finite,NA,NA
En este momento encuentra un bebé al lado de un cubo de la basura.,DE_WR_31_20_4_14_EK,9,8,16_8,2019,Münster,Upper intermediate,4,female,20,masc,NA,MC,NA,GI,Y,nullsub,72.1,Yes,15,4,Yes,20,Insideclassroom,Yes,Greek,encontrar,simple-finite,NA,NA
Para descubrir […] mira alrededor,DE_WR_31_20_4_14_EK,9,9,16_9,2019,Münster,Upper intermediate,4,female,20,masc,NA,MC,NA,GI,Y,nullsub,72.1,Yes,15,4,Yes,20,Insideclassroom,Yes,Greek,descubrir,simple-finite,NA,NA
Charles caminó por la calle,DE_WR_31_24_7_14_AP,10,1,17_1,2018,Bremen,Upper intermediate,4,female,24,masc,PRE,MC,DEF,NE,N,dp,72.1,No,16,7,Yes,5,Outsideclassroom,No,English,caminar,simple-finite,NA,NA
Pelearon,DE_WR_31_24_7_14_AP,10,10,17_10,2018,Bremen,Upper intermediate,4,female,24,masc,NA,MC,NA,GI,N,nullsub,72.1,No,16,7,Yes,5,Outsideclassroom,No,English,pelear,simple-finite,NA,NA
hasta que tenía que sacar el bebé del carro.,DE_WR_31_24_7_14_AP,10,11,17_11,2018,Bremen,Upper intermediate,4,female,24,masc,NA,SC,NA,GI,N,nullsub,72.1,No,16,7,Yes,5,Outsideclassroom,No,English,sacar,modal,NA,NA
Quería dejar el bebé,DE_WR_31_24_7_14_AP,10,12,17_12,2018,Bremen,Upper intermediate,4,female,24,masc,NA,MC,NA,GI,Y,nullsub,72.1,No,16,7,Yes,5,Outsideclassroom,No,English,dejar,modal,NA,NA
donde lo encontro,DE_WR_31_24_7_14_AP,10,13,17_13,2018,Bremen,Upper intermediate,4,female,24,masc,NA,SC,NA,GI,Y,nullsub,72.1,No,16,7,Yes,5,Outsideclassroom,No,English,encontrar,simple-finite,NA,NA
pero vino un policia,DE_WR_31_24_7_14_AP,10,14,17_14,2018,Bremen,Upper intermediate,4,female,24,masc,POST,MC,INDEF,NE,N,dp,72.1,No,16,7,Yes,5,Outsideclassroom,No,English,venir,simple-finite,NA,NA
que pensó,DE_WR_31_24_7_14_AP,10,15,17_15,2018,Bremen,Upper intermediate,4,female,24,masc,PRE,SC,DEF,GI,Y,pron,72.1,No,16,7,Yes,5,Outsideclassroom,No,English,pensar,simple-finite,NA,NA
que el iba a dejar su bebé abandonado en la calle.,DE_WR_31_24_7_14_AP,10,16,17_16,2018,Bremen,Upper intermediate,4,female,24,masc,PRE,SC,DEF,GI,N,pron,72.1,No,16,7,Yes,5,Outsideclassroom,No,English,dejar,periphrasis-lexical,NA,NA
Llevó el ninyo,DE_WR_31_24_7_14_AP,10,17,17_17,2018,Bremen,Upper intermediate,4,female,24,masc,NA,MC,NA,GI,Y,nullsub,72.1,No,16,7,Yes,5,Outsideclassroom,No,English,llevar,simple-finite,NA,NA
y intento de dejarlo con otras personas en varias maneras.,DE_WR_31_24_7_14_AP,10,18,17_18,2018,Bremen,Upper intermediate,4,female,24,masc,NA,MC,NA,GI,Y,nullsub,72.1,No,16,7,Yes,5,Outsideclassroom,No,English,intentar,infinitive,NA,NA
Siempre volvio a estar con el bebé.,DE_WR_31_24_7_14_AP,10,19,17_19,2018,Bremen,Upper intermediate,4,female,24,masc,NA,MC,NA,GI,Y,nullsub,72.1,No,16,7,Yes,5,Outsideclassroom,No,English,estar,periphrasis-lexical,NA,NA
mientras varias cosas cayaron de las casas.,DE_WR_31_24_7_14_AP,10,2,17_2,2018,Bremen,Upper intermediate,4,female,24,fem,PRE,SC,INDEF,NE,N,dp,72.1,No,16,7,Yes,5,Outsideclassroom,No,English,caer,simple-finite,NA,NA
Al final encontró un papel,DE_WR_31_24_7_14_AP,10,20,17_20,2018,Bremen,Upper intermediate,4,female,24,masc,NA,MC,NA,GI,Y,nullsub,72.1,No,16,7,Yes,5,Outsideclassroom,No,English,encontrar,simple-finite,NA,NA
encontró a un bebé.,DE_WR_31_24_7_14_AP,10,4,17_4,2018,Bremen,Upper intermediate,4,female,24,masc,NA,MC,NA,GI,Y,nullsub,72.1,No,16,7,Yes,5,Outsideclassroom,No,English,encontrar,simple-finite,NA,NA
Llevantó el bebé,DE_WR_31_24_7_14_AP,10,5,17_5,2018,Bremen,Upper intermediate,4,female,24,masc,NA,MC,NA,GI,Y,nullsub,72.1,No,16,7,Yes,5,Outsideclassroom,No,English,levantar,simple-finite,NA,NA
y vi una muchacha,DE_WR_31_24_7_14_AP,10,6,17_6,2018,Bremen,Upper intermediate,4,female,24,masc,NA,MC,NA,GI,Y,nullsub,72.1,No,16,7,Yes,5,Outsideclassroom,No,English,ver,simple-finite,NA,NA
Mientras la muchacha entró a una casa,DE_WR_31_24_7_14_AP,10,8,17_8,2018,Bremen,Upper intermediate,4,female,24,fem,PRE,SC,DEF,GI,Y,dp,72.1,No,16,7,Yes,5,Outsideclassroom,No,English,entrar,simple-finite,NA,NA
el dejo el bebé en el carro.,DE_WR_31_24_7_14_AP,10,9,17_9,2018,Bremen,Upper intermediate,4,female,24,masc,PRE,MC,DEF,GI,N,pron,72.1,No,16,7,Yes,5,Outsideclassroom,No,English,dejar,simple-finite,NA,NA
"Al principio, Charlie Chaplin esta en un lugar",DE_WR_31_26_6_14_BK,11,1,18_1,2018,Würzburg,Upper intermediate,4,female,26,masc,PRE,MC,DEF,NE,N,dp,72.1,No,20,6,Yes,15,Outsideclassroom,Yes,French,estar,simple-finite,NA,NA
Charlie busco une persona,DE_WR_31_26_6_14_BK,11,10,18_10,2018,Würzburg,Upper intermediate,4,female,26,masc,PRE,MC,DEF,GI,Y,dp,72.1,No,20,6,Yes,15,Outsideclassroom,Yes,French,buscar,simple-finite,NA,NA
"que quiere haber el bebe,",DE_WR_31_26_6_14_BK,11,11,18_11,2018,Würzburg,Upper intermediate,4,female,26,masc,NA,SC,NA,GI,N,nullsub,72.1,No,20,6,Yes,15,Outsideclassroom,Yes,French,tener,simple-finite,NA,NA
"pero quando el pregunta a la mujer, con su bebe,",DE_WR_31_26_6_14_BK,11,12,18_12,2018,Würzburg,Upper intermediate,4,female,26,masc,PRE,SC,DEF,GI,N,pron,72.1,No,20,6,Yes,15,Outsideclassroom,Yes,French,preguntar,simple-finite,NA,NA
"que esta passando,",DE_WR_31_26_6_14_BK,11,13,18_13,2018,Würzburg,Upper intermediate,4,female,26,unknown,PRE,SC,DEF,GI,N,pron,72.1,No,20,6,Yes,15,Outsideclassroom,Yes,French,pasar,periphrasis-gerund,NA,NA
ella no quiere haberlo.,DE_WR_31_26_6_14_BK,11,14,18_14,2018,Würzburg,Upper intermediate,4,female,26,fem,PRE,MC,DEF,GI,Y,pron,72.1,No,20,6,Yes,15,Outsideclassroom,Yes,French,tener,modal,NA,NA
"Despues, Charlie quiere quedarlo en el sol,",DE_WR_31_26_6_14_BK,11,15,18_15,2018,Würzburg,Upper intermediate,4,female,26,masc,PRE,MC,DEF,GI,N,dp,72.1,No,20,6,Yes,15,Outsideclassroom,Yes,French,quedar,modal,NA,NA
pero un hombre de la policía viene,DE_WR_31_26_6_14_BK,11,16,18_16,2018,Würzburg,Upper intermediate,4,female,26,masc,PRE,MC,INDEF,NE,N,dp,72.1,No,20,6,Yes,15,Outsideclassroom,Yes,French,venir,simple-finite,NA,NA
y habla a Charlie.,DE_WR_31_26_6_14_BK,11,17,18_17,2018,Würzburg,Upper intermediate,4,female,26,masc,NA,MC,NA,GI,Y,nullsub,72.1,No,20,6,Yes,15,Outsideclassroom,Yes,French,hablar,simple-finite,NA,NA
"Entonces, Charlie se va con el bebe",DE_WR_31_26_6_14_BK,11,18,18_18,2018,Würzburg,Upper intermediate,4,female,26,masc,PRE,MC,DEF,GI,N,dp,72.1,No,20,6,Yes,15,Outsideclassroom,Yes,French,irse,simple-finite,NA,NA
y no encuentra ninguna persona,DE_WR_31_26_6_14_BK,11,19,18_19,2018,Würzburg,Upper intermediate,4,female,26,masc,NA,MC,NA,GI,Y,nullsub,72.1,No,20,6,Yes,15,Outsideclassroom,Yes,French,encontrar,simple-finite,NA,NA
donde las calles son muy sucias,DE_WR_31_26_6_14_BK,11,2,18_2,2018,Würzburg,Upper intermediate,4,female,26,fem,PRE,SC,DEF,NE,N,dp,72.1,No,20,6,Yes,15,Outsideclassroom,Yes,French,ser,simple-finite,NA,NA
que quiere haber el bebe.,DE_WR_31_26_6_14_BK,11,20,18_20,2018,Würzburg,Upper intermediate,4,female,26,fem,NA,SC,NA,GI,N,nullsub,72.1,No,20,6,Yes,15,Outsideclassroom,Yes,French,tener,modal,NA,NA
"Al final, el encuentra un papel.",DE_WR_31_26_6_14_BK,11,21,18_21,2018,Würzburg,Upper intermediate,4,female,26,masc,PRE,MC,DEF,GI,N,pron,72.1,No,20,6,Yes,15,Outsideclassroom,Yes,French,encontrar,simple-finite,NA,NA
La persona […] busca una autra persona […],DE_WR_31_26_6_14_BK,11,22,18_22,2018,Würzburg,Upper intermediate,4,female,26,fem,PRE,MC,DEF,NE,N,dp,72.1,No,20,6,Yes,15,Outsideclassroom,Yes,French,buscar,simple-finite,NA,NA
"que ha escrito un text,",DE_WR_31_26_6_14_BK,11,23,18_23,2018,Würzburg,Upper intermediate,4,female,26,fem,PRE,SC,DEF,GI,Y,pron,72.1,No,20,6,Yes,15,Outsideclassroom,Yes,French,escribir,simple-finite,NA,NA
que va amar su bebe,DE_WR_31_26_6_14_BK,11,24,18_24,2018,Würzburg,Upper intermediate,4,female,26,fem,NA,SC,NA,GI,N,nullsub,72.1,No,20,6,Yes,15,Outsideclassroom,Yes,French,amar,simple-finite,NA,NA
y que quiere vivír con el bebe.,DE_WR_31_26_6_14_BK,11,25,18_25,2018,Würzburg,Upper intermediate,4,female,26,fem,NA,MC,NA,GI,Y,nullsub,72.1,No,20,6,Yes,15,Outsideclassroom,Yes,French,vivir,modal,NA,NA
porque la gente deja sus cosas desde la ventana.,DE_WR_31_26_6_14_BK,11,3,18_3,2018,Würzburg,Upper intermediate,4,female,26,fem,PRE,SC,DEF,NE,N,dp,72.1,No,20,6,Yes,15,Outsideclassroom,Yes,French,dejar,simple-finite,NA,NA
"Obviamente, la gente no tiene mucho dinero",DE_WR_31_26_6_14_BK,11,4,18_4,2018,Würzburg,Upper intermediate,4,female,26,fem,PRE,MC,DEF,GI,Y,dp,72.1,No,20,6,Yes,15,Outsideclassroom,Yes,French,tener,simple-finite,NA,NA
"y en un momento, el vé un bebe",DE_WR_31_26_6_14_BK,11,5,18_5,2018,Würzburg,Upper intermediate,4,female,26,masc,PRE,MC,DEF,GI,N,pron,72.1,No,20,6,Yes,15,Outsideclassroom,Yes,French,ver,simple-finite,NA,NA
que esta en el sol,DE_WR_31_26_6_14_BK,11,6,18_6,2018,Würzburg,Upper intermediate,4,female,26,fem,PRE,SC,DEF,GI,N,pron,72.1,No,20,6,Yes,15,Outsideclassroom,Yes,French,estar,simple-finite,NA,NA
y que esta llorando.,DE_WR_31_26_6_14_BK,11,7,18_7,2018,Würzburg,Upper intermediate,4,female,26,fem,PRE,SC,DEF,GI,Y,pron,72.1,No,20,6,Yes,15,Outsideclassroom,Yes,French,llorar,periphrasis-gerund,NA,NA
El no vé los papas,DE_WR_31_26_6_14_BK,11,8,18_8,2018,Würzburg,Upper intermediate,4,female,26,masc,PRE,MC,DEF,GI,N,pron,72.1,No,20,6,Yes,15,Outsideclassroom,Yes,French,ver,simple-finite,NA,NA
"y por eso, el lo tiene en sus brasos.",DE_WR_31_26_6_14_BK,11,9,18_9,2018,Würzburg,Upper intermediate,4,female,26,masc,PRE,MC,DEF,GI,Y,pron,72.1,No,20,6,Yes,15,Outsideclassroom,Yes,French,tener,simple-finite,NA,NA
Chaplin encontro un bebé atras de una casa vieja,DE_WR_31_27_24_14_MS,12,1,19_1,2019,NA,Lower intermediate,3,female,27,masc,PRE,MC,DEF,NE,N,dp,72.1,No,3,24,No,15,Outsideclassroom,Yes,"Macedonia, English, Croatian",encontrar,simple-finite,NA,NA
"Despues un momento Chaplin vio un hombre viejo,",DE_WR_31_27_24_14_MS,12,10,19_10,2019,NA,Lower intermediate,3,female,27,masc,PRE,MC,DEF,GI,N,dp,72.1,No,3,24,No,15,Outsideclassroom,Yes,"Macedonia, English, Croatian",ver,simple-finite,NA,NA
e dejo el bebé,DE_WR_31_27_24_14_MS,12,11,19_11,2019,NA,Lower intermediate,3,female,27,masc,NA,MC,NA,GI,Y,nullsub,72.1,No,3,24,No,15,Outsideclassroom,Yes,"Macedonia, English, Croatian",dejar,simple-finite,NA,NA
y el se esconde en la casa vieja.,DE_WR_31_27_24_14_MS,12,12,19_12,2019,NA,Lower intermediate,3,female,27,masc,PRE,MC,DEF,GI,Y,pron,72.1,No,3,24,No,15,Outsideclassroom,Yes,"Macedonia, English, Croatian",esconderse,simple-finite,NA,NA
El hombre dejo el bebé en la coche de bebé,DE_WR_31_27_24_14_MS,12,13,19_13,2019,NA,Lower intermediate,3,female,27,masc,PRE,MC,DEF,GI,N,dp,72.1,No,3,24,No,15,Outsideclassroom,Yes,"Macedonia, English, Croatian",dejar,simple-finite,NA,NA
que tenia la mujer.,DE_WR_31_27_24_14_MS,12,14,19_14,2019,NA,Lower intermediate,3,female,27,fem,PRE,SC,DEF,GI,N,pron,72.1,No,3,24,No,15,Outsideclassroom,Yes,"Macedonia, English, Croatian",tener,simple-finite,NA,NA
que ej niño no estaba de la mujer,DE_WR_31_27_24_14_MS,12,16,19_16,2019,NA,Lower intermediate,3,female,27,masc,PRE,SC,DEF,GI,N,dp,72.1,No,3,24,No,15,Outsideclassroom,Yes,"Macedonia, English, Croatian",estar,simple-finite,NA,NA
(no pude ver,DE_WR_31_27_24_14_MS,12,18,19_18,2019,NA,Lower intermediate,3,female,27,1st_person,NA,MC,NA,NE,N,nullsub,72.1,No,3,24,No,15,Outsideclassroom,Yes,"Macedonia, English, Croatian",ver,modal,NA,NA
que dijo la carta,DE_WR_31_27_24_14_MS,12,19,19_19,2019,NA,Lower intermediate,3,female,27,fem,POST,SC,DEF,NE,N,dp,72.1,No,3,24,No,15,Outsideclassroom,Yes,"Macedonia, English, Croatian",decir,simple-finite,NA,NA
i creó,DE_WR_31_27_24_14_MS,12,2,19_2,2019,NA,Lower intermediate,3,female,27,1st_person,NA,MC,NA,GI,Y,nullsub,72.1,No,3,24,No,15,Outsideclassroom,Yes,"Macedonia, English, Croatian",creer,simple-finite,NA,NA
que encontro Chaplin en la ropa del bebé).,DE_WR_31_27_24_14_MS,12,20,19_20,2019,NA,Lower intermediate,3,female,27,masc,PRE,SC,DEF,GI,N,pron,72.1,No,3,24,No,15,Outsideclassroom,Yes,"Macedonia, English, Croatian",encontrar,simple-finite,NA,NA
que una mujer lo perdio.,DE_WR_31_27_24_14_MS,12,3,19_3,2019,NA,Lower intermediate,3,female,27,fem,PRE,SC,INDEF,NE,N,dp,72.1,No,3,24,No,15,Outsideclassroom,Yes,"Macedonia, English, Croatian",perder,simple-finite,NA,NA
"El lo queria dar a la mujer,",DE_WR_31_27_24_14_MS,12,4,19_4,2019,NA,Lower intermediate,3,female,27,masc,PRE,MC,DEF,GI,N,pron,72.1,No,3,24,No,15,Outsideclassroom,Yes,"Macedonia, English, Croatian",dar,modal,NA,NA
pero ella dijo,DE_WR_31_27_24_14_MS,12,5,19_5,2019,NA,Lower intermediate,3,female,27,fem,PRE,MC,DEF,GI,N,pron,72.1,No,3,24,No,15,Outsideclassroom,Yes,"Macedonia, English, Croatian",decir,simple-finite,NA,NA
que el bebé no es sujo.,DE_WR_31_27_24_14_MS,12,6,19_6,2019,NA,Lower intermediate,3,female,27,fem,PRE,SC,DEF,GI,N,pron,72.1,No,3,24,No,15,Outsideclassroom,Yes,"Macedonia, English, Croatian",ser,simple-finite,NA,NA
Despues queria,DE_WR_31_27_24_14_MS,12,7,19_7,2019,NA,Lower intermediate,3,female,27,masc,NA,MC,NA,GI,Y,nullsub,72.1,No,3,24,No,15,Outsideclassroom,Yes,"Macedonia, English, Croatian",querer,simple-finite,NA,NA
que Chaplin dejar el bebé atras,DE_WR_31_27_24_14_MS,12,8,19_8,2019,NA,Lower intermediate,3,female,27,masc,PRE,SC,DEF,GI,N,dp,72.1,No,3,24,No,15,Outsideclassroom,Yes,"Macedonia, English, Croatian",dejar,simple-finite,NA,NA
pero en eso momento lo vio un hombre de la policia.,DE_WR_31_27_24_14_MS,12,9,19_9,2019,NA,Lower intermediate,3,female,27,masc,POST,MC,INDEF,NE,N,dp,72.1,No,3,24,No,15,Outsideclassroom,Yes,"Macedonia, English, Croatian",ver,simple-finite,NA,NA
Un Vagabundo ve uno peceno niño.,DE_WR_16_52_2_14_HT,13,1,2_1,2018,NA,Lower beginner,1,female,52,masc,PRE,MC,INDEF,NE,N,dp,37.2,No,52,2,No,20,Insideclassroom,No,English,ver,simple-finite,NA,NA
el corre rápido.,DE_WR_16_52_2_14_HT,13,10,2_10,2018,NA,Lower beginner,1,female,52,masc,PRE,MC,DEF,GI,Y,pron,37.2,No,52,2,No,20,Insideclassroom,No,English,correr,simple-finite,NA,NA
Esta es una madre con un hijo.,DE_WR_16_52_2_14_HT,13,11,2_11,2018,NA,Lower beginner,1,female,52,fem,POST,MC,INDEF,NE,N,dp,37.2,No,52,2,No,20,Insideclassroom,No,English,ser,simple-finite,NA,NA
El vagabundo quiere,DE_WR_16_52_2_14_HT,13,12,2_12,2018,NA,Lower beginner,1,female,52,masc,PRE,MC,DEF,GI,N,dp,37.2,No,52,2,No,20,Insideclassroom,No,English,querer,simple-finite,NA,NA
que ella tome el niño .,DE_WR_16_52_2_14_HT,13,13,2_13,2018,NA,Lower beginner,1,female,52,fem,PRE,SC,DEF,GI,N,pron,37.2,No,52,2,No,20,Insideclassroom,No,English,tomar,simple-finite,NA,NA
La madre no quiere la niño.,DE_WR_16_52_2_14_HT,13,14,2_14,2018,NA,Lower beginner,1,female,52,fem,PRE,MC,DEF,GI,Y,dp,37.2,No,52,2,No,20,Insideclassroom,No,English,querer,simple-finite,NA,NA
esta una hombre.,DE_WR_16_52_2_14_HT,13,15,2_15,2018,NA,Lower beginner,1,female,52,masc,POST,MC,INDEF,NE,N,dp,37.2,No,52,2,No,20,Insideclassroom,No,English,estar,simple-finite,NA,NA
El vagabundo el da el peceno niño en el hombre.,DE_WR_16_52_2_14_HT,13,16,2_16,2018,NA,Lower beginner,1,female,52,masc,PRE,MC,DEF,GI,N,dp,37.2,No,52,2,No,20,Insideclassroom,No,English,dar,simple-finite,NA,NA
El hombre no me gusta el niño.,DE_WR_16_52_2_14_HT,13,17,2_17,2018,NA,Lower beginner,1,female,52,masc,PRE,MC,DEF,GI,N,dp,37.2,No,52,2,No,20,Insideclassroom,No,English,gustar,simple-finite,NA,NA
por que se no tiene padres.,DE_WR_16_52_2_14_HT,13,2,2_2,2018,NA,Lower beginner,1,female,52,masc,NA,MC,NA,GI,N,nullsub,37.2,No,52,2,No,20,Insideclassroom,No,English,tener,simple-finite,NA,NA
no se gusta el niño,DE_WR_16_52_2_14_HT,13,4,2_4,2018,NA,Lower beginner,1,female,52,fem,POST,MC,DEF,GI,N,dp,37.2,No,52,2,No,20,Insideclassroom,No,English,gustar,simple-finite,NA,NA
pero después la sorpresa,DE_WR_16_52_2_14_HT,13,5,2_5,2018,NA,Lower beginner,1,female,52,fem,NA,MC,DEF,NE,N,dp,37.2,No,52,2,No,20,Insideclassroom,No,English,NA,NA,NA,NA
te gusta el niño.,DE_WR_16_52_2_14_HT,13,6,2_6,2018,NA,Lower beginner,1,female,52,unknown,POST,MC,DEF,GI,N,dp,37.2,No,52,2,No,20,Insideclassroom,No,English,gustar,simple-finite,NA,NA
el vagabundo quiere esta solo.,DE_WR_16_52_2_14_HT,13,7,2_7,2018,NA,Lower beginner,1,female,52,masc,PRE,MC,DEF,GI,N,dp,37.2,No,52,2,No,20,Insideclassroom,No,English,querer,simple-finite,NA,NA
se quiere va a al via solo.,DE_WR_16_52_2_14_HT,13,8,2_8,2018,NA,Lower beginner,1,female,52,masc,NA,MC,NA,GI,Y,nullsub,37.2,No,52,2,No,20,Insideclassroom,No,English,ir,modal,NA,NA
Veo una persona fumando,DE_WR_32_24_8_14_JH,14,1,20_1,2018,Copenhagen,Upper intermediate,4,female,24,1st_person,NA,MC,NA,NE,N,nullsub,74.4,No,16,8,Yes,25,Outsideclassroom,No,English,ver,simple-finite,NA,NA
En el paseante està un bebe también,DE_WR_32_24_8_14_JH,14,10,20_10,2018,Copenhagen,Upper intermediate,4,female,24,masc,POST,MC,DEF,NE,N,dp,74.4,No,16,8,Yes,25,Outsideclassroom,No,English,estar,simple-finite,NA,NA
y el hombre le pone en este paseante también,DE_WR_32_24_8_14_JH,14,11,20_11,2018,Copenhagen,Upper intermediate,4,female,24,masc,PRE,MC,DEF,GI,N,dp,74.4,No,16,8,Yes,25,Outsideclassroom,No,English,poner,simple-finite,NA,NA
La mujer lo ve,DE_WR_32_24_8_14_JH,14,12,20_12,2018,Copenhagen,Upper intermediate,4,female,24,fem,PRE,MC,DEF,GI,N,dp,74.4,No,16,8,Yes,25,Outsideclassroom,No,English,ver,simple-finite,NA,NA
y està muy furiosa.,DE_WR_32_24_8_14_JH,14,13,20_13,2018,Copenhagen,Upper intermediate,4,female,24,fem,NA,MC,NA,GI,Y,nullsub,74.4,No,16,8,Yes,25,Outsideclassroom,No,English,estar,simple-finite,NA,NA
"Luego el hombre le toma de vuelta,",DE_WR_32_24_8_14_JH,14,14,20_14,2018,Copenhagen,Upper intermediate,4,female,24,masc,PRE,MC,DEF,GI,N,dp,74.4,No,16,8,Yes,25,Outsideclassroom,No,English,tomar,simple-finite,NA,NA
pero es el bebé de la mujer.,DE_WR_32_24_8_14_JH,14,15,20_15,2018,Copenhagen,Upper intermediate,4,female,24,masc,POST,MC,DEF,GI,N,dp,74.4,No,16,8,Yes,25,Outsideclassroom,No,English,ser,simple-finite,NA,NA
Un oficial de policía viene,DE_WR_32_24_8_14_JH,14,16,20_16,2018,Copenhagen,Upper intermediate,4,female,24,masc,PRE,MC,INDEF,NE,N,dp,74.4,No,16,8,Yes,25,Outsideclassroom,No,English,venir,simple-finite,NA,NA
y mira al hombre,DE_WR_32_24_8_14_JH,14,17,20_17,2018,Copenhagen,Upper intermediate,4,female,24,masc,NA,MC,NA,GI,Y,nullsub,74.4,No,16,8,Yes,25,Outsideclassroom,No,English,mirar,simple-finite,NA,NA
que en este momento quire poner al bebé en el suelo.,DE_WR_32_24_8_14_JH,14,18,20_18,2018,Copenhagen,Upper intermediate,4,female,24,masc,PRE,SC,DEF,GI,N,pron,74.4,No,16,8,Yes,25,Outsideclassroom,No,English,poner,modal,NA,NA
Sabe,DE_WR_32_24_8_14_JH,14,19,20_19,2018,Copenhagen,Upper intermediate,4,female,24,masc,NA,MC,NA,GI,Y,nullsub,74.4,No,16,8,Yes,25,Outsideclassroom,No,English,saber,simple-finite,NA,NA
que entra en el video,DE_WR_32_24_8_14_JH,14,2,20_2,2018,Copenhagen,Upper intermediate,4,female,24,masc,PRE,SC,DEF,GI,N,pron,74.4,No,16,8,Yes,25,Outsideclassroom,No,English,entrar,simple-finite,NA,NA
que el hombre ve todo,DE_WR_32_24_8_14_JH,14,20,20_20,2018,Copenhagen,Upper intermediate,4,female,24,masc,PRE,SC,DEF,GI,N,dp,74.4,No,16,8,Yes,25,Outsideclassroom,No,English,ver,simple-finite,NA,NA
lo que esta haciendo,DE_WR_32_24_8_14_JH,14,21,20_21,2018,Copenhagen,Upper intermediate,4,female,24,masc,NA,MC,NA,GI,N,nullsub,74.4,No,16,8,Yes,25,Outsideclassroom,No,English,hacer,periphrasis-gerund,NA,NA
y por eso el se va al otro lugar con el bebé.,DE_WR_32_24_8_14_JH,14,22,20_22,2018,Copenhagen,Upper intermediate,4,female,24,masc,PRE,MC,DEF,GI,N,pron,74.4,No,16,8,Yes,25,Outsideclassroom,No,English,irse,simple-finite,NA,NA
Está caminando,DE_WR_32_24_8_14_JH,14,23,20_23,2018,Copenhagen,Upper intermediate,4,female,24,masc,NA,MC,NA,GI,Y,nullsub,74.4,No,16,8,Yes,25,Outsideclassroom,No,English,caminar,periphrasis-gerund,NA,NA
cuando ve a otro paseante.,DE_WR_32_24_8_14_JH,14,24,20_24,2018,Copenhagen,Upper intermediate,4,female,24,masc,NA,SC,NA,GI,Y,nullsub,74.4,No,16,8,Yes,25,Outsideclassroom,No,English,ver,simple-finite,NA,NA
De repente le deja en sus brazos,DE_WR_32_24_8_14_JH,14,25,20_25,2018,Copenhagen,Upper intermediate,4,female,24,masc,NA,MC,NA,GI,Y,nullsub,74.4,No,16,8,Yes,25,Outsideclassroom,No,English,dejar,simple-finite,NA,NA
y corre rápidamente.,DE_WR_32_24_8_14_JH,14,26,20_26,2018,Copenhagen,Upper intermediate,4,female,24,masc,NA,MC,NA,GI,Y,nullsub,74.4,No,16,8,Yes,25,Outsideclassroom,No,English,correr,simple-finite,NA,NA
Pero esta persona ve el paseante de la mujer también,DE_WR_32_24_8_14_JH,14,27,20_27,2018,Copenhagen,Upper intermediate,4,female,24,fem,PRE,MC,DEF,GI,N,dp,74.4,No,16,8,Yes,25,Outsideclassroom,No,English,ver,simple-finite,NA,NA
y deja el bebé ahí.,DE_WR_32_24_8_14_JH,14,28,20_28,2018,Copenhagen,Upper intermediate,4,female,24,fem,NA,MC,NA,GI,Y,nullsub,74.4,No,16,8,Yes,25,Outsideclassroom,No,English,dejar,simple-finite,NA,NA
Al fin el hombre tiene el bebé otra vez,DE_WR_32_24_8_14_JH,14,29,20_29,2018,Copenhagen,Upper intermediate,4,female,24,masc,PRE,MC,DEF,GI,N,dp,74.4,No,16,8,Yes,25,Outsideclassroom,No,English,tener,simple-finite,NA,NA
y tiene una barba y sombrero.,DE_WR_32_24_8_14_JH,14,3,20_3,2018,Copenhagen,Upper intermediate,4,female,24,masc,NA,MC,NA,GI,Y,nullsub,74.4,No,16,8,Yes,25,Outsideclassroom,No,English,tener,simple-finite,NA,NA
y el se sienta.,DE_WR_32_24_8_14_JH,14,30,20_30,2018,Copenhagen,Upper intermediate,4,female,24,masc,PRE,MC,DEF,GI,Y,pron,74.4,No,16,8,Yes,25,Outsideclassroom,No,English,sentarse,simple-finite,NA,NA
Encuentra un papel dentro de la ropa del bebé,DE_WR_32_24_8_14_JH,14,31,20_31,2018,Copenhagen,Upper intermediate,4,female,24,masc,NA,MC,NA,GI,Y,nullsub,74.4,No,16,8,Yes,25,Outsideclassroom,No,English,encontrar,simple-finite,NA,NA
y lee un mensaje.,DE_WR_32_24_8_14_JH,14,32,20_32,2018,Copenhagen,Upper intermediate,4,female,24,masc,NA,MC,NA,GI,Y,nullsub,74.4,No,16,8,Yes,25,Outsideclassroom,No,English,leer,simple-finite,NA,NA
Después parece muy contento,DE_WR_32_24_8_14_JH,14,33,20_33,2018,Copenhagen,Upper intermediate,4,female,24,masc,NA,MC,NA,GI,Y,nullsub,74.4,No,16,8,Yes,25,Outsideclassroom,No,English,parecer,simple-finite,NA,NA
y va con el bebé al otro lado.,DE_WR_32_24_8_14_JH,14,34,20_34,2018,Copenhagen,Upper intermediate,4,female,24,masc,NA,MC,NA,GI,Y,nullsub,74.4,No,16,8,Yes,25,Outsideclassroom,No,English,ir,simple-finite,NA,NA
Su ropa es elegante,DE_WR_32_24_8_14_JH,14,4,20_4,2018,Copenhagen,Upper intermediate,4,female,24,masc,PRE,MC,DEF,NE,N,dp,74.4,No,16,8,Yes,25,Outsideclassroom,No,English,ser,simple-finite,NA,NA
y empieza fumar otra cigarillo,DE_WR_32_24_8_14_JH,14,5,20_5,2018,Copenhagen,Upper intermediate,4,female,24,masc,NA,MC,NA,GI,N,nullsub,74.4,No,16,8,Yes,25,Outsideclassroom,No,English,empezar,simple-finite,NA,NA
y luego encuentra un bebé al suelo,DE_WR_32_24_8_14_JH,14,6,20_6,2018,Copenhagen,Upper intermediate,4,female,24,masc,NA,MC,NA,GI,Y,nullsub,74.4,No,16,8,Yes,25,Outsideclassroom,No,English,encontrar,simple-finite,NA,NA
que está gritando.,DE_WR_32_24_8_14_JH,14,7,20_7,2018,Copenhagen,Upper intermediate,4,female,24,masc,PRE,SC,DEF,GI,N,pron,74.4,No,16,8,Yes,25,Outsideclassroom,No,English,gritar,periphrasis-gerund,NA,NA
Recoge al bebé,DE_WR_32_24_8_14_JH,14,8,20_8,2018,Copenhagen,Upper intermediate,4,female,24,masc,NA,MC,NA,GI,N,nullsub,74.4,No,16,8,Yes,25,Outsideclassroom,No,English,recoger,simple-finite,NA,NA
y en este momento viene una mujer con un paseante.,DE_WR_32_24_8_14_JH,14,9,20_9,2018,Copenhagen,Upper intermediate,4,female,24,fem,POST,MC,DEF,NE,N,dp,74.4,No,16,8,Yes,25,Outsideclassroom,No,English,venir,simple-finite,NA,NA
En este video Charlie Chaplin esta caminando en una fábrica.,DE_WR_33_27_1_14_LS,15,1,21_1,2018,NA,Upper intermediate,4,female,27,masc,PRE,MC,DEF,NE,N,dp,76.7,No,18,1,Yes,15,Outsideclassroom,No,English,caminar,periphrasis-gerund,NA,NA
"Depués, Chaplin proba dar el bébé a in hombre en la calle",DE_WR_33_27_1_14_LS,15,10,21_10,2018,NA,Upper intermediate,4,female,27,masc,PRE,MC,DEF,GI,Y,dp,76.7,No,18,1,Yes,15,Outsideclassroom,No,English,probar,simple-finite,NA,NA
y escapa rápidamente.,DE_WR_33_27_1_14_LS,15,11,21_11,2018,NA,Upper intermediate,4,female,27,masc,NA,MC,NA,GI,Y,nullsub,76.7,No,18,1,Yes,15,Outsideclassroom,No,English,escapar,simple-finite,NA,NA
"El hombre intenta dar el bébé en el chochecito de la mujer,",DE_WR_33_27_1_14_LS,15,12,21_12,2018,NA,Upper intermediate,4,female,27,masc,PRE,MC,DEF,GI,N,dp,76.7,No,18,1,Yes,15,Outsideclassroom,No,English,intentar,infinitive,NA,NA
pero la mujer ve a Chaplin,DE_WR_33_27_1_14_LS,15,13,21_13,2018,NA,Upper intermediate,4,female,27,fem,PRE,MC,DEF,GI,N,dp,76.7,No,18,1,Yes,15,Outsideclassroom,No,English,ver,simple-finite,NA,NA
y le da otra vez el bébé.,DE_WR_33_27_1_14_LS,15,14,21_14,2018,NA,Upper intermediate,4,female,27,masc,NA,MC,NA,GI,Y,nullsub,76.7,No,18,1,Yes,15,Outsideclassroom,No,English,dar,simple-finite,NA,NA
"Al final, Chaplin encuentro un mensaje von el bébé",DE_WR_33_27_1_14_LS,15,15,21_15,2018,NA,Upper intermediate,4,female,27,masc,PRE,MC,DEF,GI,N,dp,76.7,No,18,1,Yes,15,Outsideclassroom,No,English,encontrar,simple-finite,NA,NA
que dice,DE_WR_33_27_1_14_LS,15,16,21_16,2018,NA,Upper intermediate,4,female,27,masc,PRE,SC,DEF,GI,N,pron,76.7,No,18,1,Yes,15,Outsideclassroom,No,English,decir,simple-finite,NA,NA
que el bébé está un huérfano.,DE_WR_33_27_1_14_LS,15,17,21_17,2018,NA,Upper intermediate,4,female,27,masc,PRE,SC,DEF,GI,N,dp,76.7,No,18,1,Yes,15,Outsideclassroom,No,English,estar,simple-finite,NA,NA
Después algo cae del cielo,DE_WR_33_27_1_14_LS,15,2,21_2,2018,NA,Upper intermediate,4,female,27,unknown,PRE,MC,DEF,NE,N,pron,76.7,No,18,1,Yes,15,Outsideclassroom,No,English,caer,simple-finite,NA,NA
y Chaplin encuentre à un bebe en la calle.,DE_WR_33_27_1_14_LS,15,3,21_3,2018,NA,Upper intermediate,4,female,27,masc,PRE,MC,DEF,GI,N,dp,76.7,No,18,1,Yes,15,Outsideclassroom,No,English,encontrar,simple-finite,NA,NA
Chaplin toma el bébé,DE_WR_33_27_1_14_LS,15,4,21_4,2018,NA,Upper intermediate,4,female,27,masc,PRE,MC,DEF,GI,Y,dp,76.7,No,18,1,Yes,15,Outsideclassroom,No,English,tomar,simple-finite,NA,NA
y busca a la mama.,DE_WR_33_27_1_14_LS,15,5,21_5,2018,NA,Upper intermediate,4,female,27,masc,NA,MC,NA,GI,Y,nullsub,76.7,No,18,1,Yes,15,Outsideclassroom,No,English,buscar,simple-finite,NA,NA
Una mujer con un cochecito no quiere el desconocido bébé.,DE_WR_33_27_1_14_LS,15,6,21_6,2018,NA,Upper intermediate,4,female,27,fem,PRE,MC,INDEF,NE,N,dp,76.7,No,18,1,Yes,15,Outsideclassroom,No,English,querer,simple-finite,NA,NA
"Chaplin piensa dejar el bébé en la calle,",DE_WR_33_27_1_14_LS,15,7,21_7,2018,NA,Upper intermediate,4,female,27,masc,PRE,MC,DEF,GI,N,dp,76.7,No,18,1,Yes,15,Outsideclassroom,No,English,pensar,simple-finite,NA,NA
pero en este momento el policia llega,DE_WR_33_27_1_14_LS,15,8,21_8,2018,NA,Upper intermediate,4,female,27,masc,PRE,MC,DEF,NE,N,dp,76.7,No,18,1,Yes,15,Outsideclassroom,No,English,llegar,simple-finite,NA,NA
y Chaplin toma el bébé otra vez.,DE_WR_33_27_1_14_LS,15,9,21_9,2018,NA,Upper intermediate,4,female,27,masc,PRE,MC,DEF,GI,N,dp,76.7,No,18,1,Yes,15,Outsideclassroom,No,English,tomar,simple-finite,NA,NA
El video es de Charles Chaplin,DE_WR_34_23_4_14_ES,16,1,22_1,2019,Frankfurt,Upper intermediate,4,female,23,masc,PRE,MC,DEF,NE,N,dp,79.1,No,16,4,Yes,5,Outsideclassroom,No,English,ser,simple-finite,NA,NA
y Charles pone el bebe,DE_WR_34_23_4_14_ES,16,11,22_11,2019,Frankfurt,Upper intermediate,4,female,23,masc,PRE,MC,DEF,GI,N,dp,79.1,No,16,4,Yes,5,Outsideclassroom,No,English,poner,simple-finite,NA,NA
adonde el lo encontró,DE_WR_34_23_4_14_ES,16,12,22_12,2019,Frankfurt,Upper intermediate,4,female,23,masc,PRE,SC,DEF,GI,Y,pron,79.1,No,16,4,Yes,5,Outsideclassroom,No,English,encontrar,simple-finite,NA,NA
cuando un policial viene.,DE_WR_34_23_4_14_ES,16,13,22_13,2019,Frankfurt,Upper intermediate,4,female,23,masc,PRE,SC,INDEF,NE,N,dp,79.1,No,16,4,Yes,5,Outsideclassroom,No,English,venir,simple-finite,NA,NA
Chaplin da el bebe a un hombre viejo,DE_WR_34_23_4_14_ES,16,14,22_14,2019,Frankfurt,Upper intermediate,4,female,23,masc,PRE,MC,DEF,GI,N,dp,79.1,No,16,4,Yes,5,Outsideclassroom,No,English,dar,simple-finite,NA,NA
y el hombre viejo pone el bebe al lado de otro bebe de la mujer de antes.,DE_WR_34_23_4_14_ES,16,15,22_15,2019,Frankfurt,Upper intermediate,4,female,23,masc,PRE,MC,DEF,GI,N,dp,79.1,No,16,4,Yes,5,Outsideclassroom,No,English,poner,simple-finite,NA,NA
La mujer encuentra el bebe en el momento,DE_WR_34_23_4_14_ES,16,16,22_16,2019,Frankfurt,Upper intermediate,4,female,23,fem,PRE,MC,DEF,GI,N,dp,79.1,No,16,4,Yes,5,Outsideclassroom,No,English,encontrar,simple-finite,NA,NA
cuando Chaplin passala,DE_WR_34_23_4_14_ES,16,17,22_17,2019,Frankfurt,Upper intermediate,4,female,23,masc,PRE,SC,DEF,GI,N,dp,79.1,No,16,4,Yes,5,Outsideclassroom,No,English,pasar,simple-finite,NA,NA
y ella le pega con su paraguas.,DE_WR_34_23_4_14_ES,16,18,22_18,2019,Frankfurt,Upper intermediate,4,female,23,fem,PRE,MC,DEF,GI,N,pron,79.1,No,16,4,Yes,5,Outsideclassroom,No,English,pegar,simple-finite,NA,NA
Por fin Chaplin encuentra una carta de papel con el bebe,DE_WR_34_23_4_14_ES,16,19,22_19,2019,Frankfurt,Upper intermediate,4,female,23,masc,PRE,MC,DEF,GI,N,dp,79.1,No,16,4,Yes,5,Outsideclassroom,No,English,encontrar,simple-finite,NA,NA
Charles Chaplin está comportandose en una manera típica,DE_WR_34_23_4_14_ES,16,2,22_2,2019,Frankfurt,Upper intermediate,4,female,23,masc,PRE,MC,DEF,GI,N,dp,79.1,No,16,4,Yes,5,Outsideclassroom,No,English,comportar,periphrasis-gerund,NA,NA
que dice,DE_WR_34_23_4_14_ES,16,20,22_20,2019,Frankfurt,Upper intermediate,4,female,23,masc,PRE,SC,DEF,GI,N,pron,79.1,No,16,4,Yes,5,Outsideclassroom,No,English,decir,simple-finite,NA,NA
que el bebe no tiene padres,DE_WR_34_23_4_14_ES,16,21,22_21,2019,Frankfurt,Upper intermediate,4,female,23,masc,PRE,SC,DEF,GI,N,dp,79.1,No,16,4,Yes,5,Outsideclassroom,No,English,tener,simple-finite,NA,NA
y necesita amor.,DE_WR_34_23_4_14_ES,16,22,22_22,2019,Frankfurt,Upper intermediate,4,female,23,masc,NA,MC,NA,GI,Y,nullsub,79.1,No,16,4,Yes,5,Outsideclassroom,No,English,necesitar,simple-finite,NA,NA
y el episodio se llama el baby.,DE_WR_34_23_4_14_ES,16,3,22_3,2019,Frankfurt,Upper intermediate,4,female,23,masc,PRE,MC,DEF,NE,N,dp,79.1,No,16,4,Yes,5,Outsideclassroom,No,English,llamarse,simple-finite,NA,NA
y está fumando,DE_WR_34_23_4_14_ES,16,4,22_4,2019,Frankfurt,Upper intermediate,4,female,23,masc,NA,MC,NA,GI,N,nullsub,79.1,No,16,4,Yes,5,Outsideclassroom,No,English,fumar,periphrasis-gerund,NA,NA
quando el encuentra un bebe.,DE_WR_34_23_4_14_ES,16,5,22_5,2019,Frankfurt,Upper intermediate,4,female,23,masc,PRE,SC,DEF,GI,Y,pron,79.1,No,16,4,Yes,5,Outsideclassroom,No,English,encontrar,simple-finite,NA,NA
Él piensa,DE_WR_34_23_4_14_ES,16,6,22_6,2019,Frankfurt,Upper intermediate,4,female,23,masc,PRE,MC,DEF,GI,Y,pron,79.1,No,16,4,Yes,5,Outsideclassroom,No,English,pensar,simple-finite,NA,NA
que el bebe es de una mujer,DE_WR_34_23_4_14_ES,16,7,22_7,2019,Frankfurt,Upper intermediate,4,female,23,masc,PRE,SC,DEF,GI,N,dp,79.1,No,16,4,Yes,5,Outsideclassroom,No,English,ser,simple-finite,NA,NA
y da la el bebe.,DE_WR_34_23_4_14_ES,16,8,22_8,2019,Frankfurt,Upper intermediate,4,female,23,masc,NA,MC,NA,GI,N,nullsub,79.1,No,16,4,Yes,5,Outsideclassroom,No,English,dar,simple-finite,NA,NA
Pero ella dice,DE_WR_34_23_4_14_ES,16,9,22_9,2019,Frankfurt,Upper intermediate,4,female,23,fem,PRE,MC,DEF,GI,N,pron,79.1,No,16,4,Yes,5,Outsideclassroom,No,English,decir,simple-finite,NA,NA
Charly Chaplin pasó por la calle,DE_WR_34_26_10_14_MB,17,1,23_1,2018,Hamburg,Upper intermediate,4,female,26,masc,PRE,MC,DEF,NE,N,dp,79.1,No,13,10,No,15,Insideclassroom,No,English,pasar,simple-finite,NA,NA
Encontró un bebé en la calle al lado de él mismo,DE_WR_34_26_10_14_MB,17,10,23_10,2018,Hamburg,Upper intermediate,4,female,26,masc,NA,MC,NA,GI,Y,nullsub,79.1,No,13,10,No,15,Insideclassroom,No,English,encontrar,simple-finite,NA,NA
y miró por todas partes del alrededor,DE_WR_34_26_10_14_MB,17,11,23_11,2018,Hamburg,Upper intermediate,4,female,26,masc,NA,MC,NA,GI,Y,nullsub,79.1,No,13,10,No,15,Insideclassroom,No,English,mirar,simple-finite,NA,NA
de quién podría ser este bebé.,DE_WR_34_26_10_14_MB,17,12,23_12,2018,Hamburg,Upper intermediate,4,female,26,masc,PRE,SC,DEF,GI,N,dp,79.1,No,13,10,No,15,Insideclassroom,No,English,ser,modal,NA,NA
Cuando una mujer con carretera de bebés pasa Charly,DE_WR_34_26_10_14_MB,17,13,23_13,2018,Hamburg,Upper intermediate,4,female,26,fem,PRE,SC,INDEF,NE,N,dp,79.1,No,13,10,No,15,Insideclassroom,No,English,pasar,simple-finite,NA,NA
pensó,DE_WR_34_26_10_14_MB,17,14,23_14,2018,Hamburg,Upper intermediate,4,female,26,masc,NA,MC,NA,GI,N,nullsub,79.1,No,13,10,No,15,Insideclassroom,No,English,pensar,simple-finite,NA,NA
"que el bebé abandonado era de ella,",DE_WR_34_26_10_14_MB,17,15,23_15,2018,Hamburg,Upper intermediate,4,female,26,masc,PRE,SC,DEF,GI,N,dp,79.1,No,13,10,No,15,Insideclassroom,No,English,ser,simple-finite,NA,NA
por eso decidió a poner el bebé dentro de la carretera de la mujer.,DE_WR_34_26_10_14_MB,17,16,23_16,2018,Hamburg,Upper intermediate,4,female,26,masc,NA,MC,NA,GI,N,nullsub,79.1,No,13,10,No,15,Insideclassroom,No,English,decidir,infinitive,NA,NA
Se pelearon,DE_WR_34_26_10_14_MB,17,17,23_17,2018,Hamburg,Upper intermediate,4,female,26,masc,NA,MC,NA,GI,N,nullsub,79.1,No,13,10,No,15,Insideclassroom,No,English,pelear,simple-finite,NA,NA
porque la mujer estaba enfadada,DE_WR_34_26_10_14_MB,17,18,23_18,2018,Hamburg,Upper intermediate,4,female,26,fem,PRE,SC,DEF,GI,N,dp,79.1,No,13,10,No,15,Insideclassroom,No,English,estar,simple-finite,NA,NA
"porque el bebé abandondado no era de ella,",DE_WR_34_26_10_14_MB,17,19,23_19,2018,Hamburg,Upper intermediate,4,female,26,masc,PRE,SC,DEF,GI,N,dp,79.1,No,13,10,No,15,Insideclassroom,No,English,ser,simple-finite,NA,NA
entonces Charly tomó el bebé de nuevo,DE_WR_34_26_10_14_MB,17,20,23_20,2018,Hamburg,Upper intermediate,4,female,26,masc,PRE,MC,DEF,GI,N,dp,79.1,No,13,10,No,15,Insideclassroom,No,English,tomar,simple-finite,NA,NA
y lo quería dejar en la calle,DE_WR_34_26_10_14_MB,17,21,23_21,2018,Hamburg,Upper intermediate,4,female,26,masc,NA,MC,NA,GI,Y,nullsub,79.1,No,13,10,No,15,Insideclassroom,No,English,dejar,modal,NA,NA
donde ha encontrado el bebé.,DE_WR_34_26_10_14_MB,17,22,23_22,2018,Hamburg,Upper intermediate,4,female,26,masc,NA,SC,NA,GI,Y,nullsub,79.1,No,13,10,No,15,Insideclassroom,No,English,encontrar,simple-finite,NA,NA
"Es que, la policía apareció",DE_WR_34_26_10_14_MB,17,23,23_23,2018,Hamburg,Upper intermediate,4,female,26,fem,PRE,MC,DEF,NE,N,dp,79.1,No,13,10,No,15,Insideclassroom,No,English,aparecer,simple-finite,NA,NA
y no podía dejar el bebé en su lugar del encuentro.,DE_WR_34_26_10_14_MB,17,24,23_24,2018,Hamburg,Upper intermediate,4,female,26,masc,NA,MC,NA,GI,N,nullsub,79.1,No,13,10,No,15,Insideclassroom,No,English,dejar,modal,NA,NA
Así tomó el bebé otra vez,DE_WR_34_26_10_14_MB,17,25,23_25,2018,Hamburg,Upper intermediate,4,female,26,masc,NA,MC,NA,GI,Y,nullsub,79.1,No,13,10,No,15,Insideclassroom,No,English,tomar,simple-finite,NA,NA
"Después se fue muy rápido a otra dirección,",DE_WR_34_26_10_14_MB,17,28,23_28,2018,Hamburg,Upper intermediate,4,female,26,masc,NA,MC,NA,GI,Y,nullsub,79.1,No,13,10,No,15,Insideclassroom,No,English,irse,simple-finite,NA,NA
el hombre mayor se enfadó de eso.,DE_WR_34_26_10_14_MB,17,29,23_29,2018,Hamburg,Upper intermediate,4,female,26,masc,PRE,MC,DEF,GI,N,dp,79.1,No,13,10,No,15,Insideclassroom,No,English,enfadarse,simple-finite,NA,NA
cuando alguién tiraba cosas […] de los balconeses o sea de arriba de los edificios.,DE_WR_34_26_10_14_MB,17,3,23_3,2018,Hamburg,Upper intermediate,4,female,26,unknown,PRE,SC,DEF,NE,N,pron,79.1,No,13,10,No,15,Insideclassroom,No,English,tirar,simple-finite,NA,NA
Este hombre pusó el bebé en la carretera de antes,DE_WR_34_26_10_14_MB,17,30,23_30,2018,Hamburg,Upper intermediate,4,female,26,masc,PRE,MC,DEF,GI,Y,dp,79.1,No,13,10,No,15,Insideclassroom,No,English,poner,simple-finite,NA,NA
y Charly parece ser libre.,DE_WR_34_26_10_14_MB,17,31,23_31,2018,Hamburg,Upper intermediate,4,female,26,masc,PRE,MC,DEF,GI,N,dp,79.1,No,13,10,No,15,Insideclassroom,No,English,parecer,simple-finite,NA,NA
"Cuando Charly pasa por la calle otra vez,",DE_WR_34_26_10_14_MB,17,32,23_32,2018,Hamburg,Upper intermediate,4,female,26,masc,PRE,MC,DEF,GI,Y,dp,79.1,No,13,10,No,15,Insideclassroom,No,English,pasar,simple-finite,NA,NA
la mujer de la carretera le vió,DE_WR_34_26_10_14_MB,17,33,23_33,2018,Hamburg,Upper intermediate,4,female,26,fem,PRE,MC,DEF,GI,N,dp,79.1,No,13,10,No,15,Insideclassroom,No,English,ver,simple-finite,NA,NA
y le da la culpa por el bebé,DE_WR_34_26_10_14_MB,17,34,23_34,2018,Hamburg,Upper intermediate,4,female,26,fem,NA,MC,NA,GI,Y,nullsub,79.1,No,13,10,No,15,Insideclassroom,No,English,dar,simple-finite,NA,NA
que ya estaba otra vez en su carretera.,DE_WR_34_26_10_14_MB,17,35,23_35,2018,Hamburg,Upper intermediate,4,female,26,masc,NA,MC,NA,GI,N,nullsub,79.1,No,13,10,No,15,Insideclassroom,No,English,estar,simple-finite,NA,NA
"La policía pasa también,",DE_WR_34_26_10_14_MB,17,36,23_36,2018,Hamburg,Upper intermediate,4,female,26,fem,PRE,MC,DEF,GI,N,dp,79.1,No,13,10,No,15,Insideclassroom,No,English,pasar,simple-finite,NA,NA
por eso Charly tomó el bebé de nuevo consigo mismo,DE_WR_34_26_10_14_MB,17,37,23_37,2018,Hamburg,Upper intermediate,4,female,26,masc,PRE,MC,DEF,GI,N,dp,79.1,No,13,10,No,15,Insideclassroom,No,English,tomar,simple-finite,NA,NA
y se va.,DE_WR_34_26_10_14_MB,17,38,23_38,2018,Hamburg,Upper intermediate,4,female,26,masc,NA,MC,NA,GI,Y,nullsub,79.1,No,13,10,No,15,Insideclassroom,No,English,irse,simple-finite,NA,NA
(vean como piedras),DE_WR_34_26_10_14_MB,17,4,23_4,2018,Hamburg,Upper intermediate,4,female,26,fem,NA,MC,NA,GI,Y,nullsub,79.1,No,13,10,No,15,Insideclassroom,No,English,ver,simple-finite,NA,NA
como Charly decidió de tener el bebé,DE_WR_34_26_10_14_MB,17,40,23_40,2018,Hamburg,Upper intermediate,4,female,26,masc,PRE,SC,DEF,GI,Y,dp,79.1,No,13,10,No,15,Insideclassroom,No,English,decidir,simple-finite,NA,NA
"Cuando pasaba,",DE_WR_34_26_10_14_MB,17,5,23_5,2018,Hamburg,Upper intermediate,4,female,26,masc,NA,SC,NA,GI,N,nullsub,79.1,No,13,10,No,15,Insideclassroom,No,English,pasar,simple-finite,NA,NA
algunas de las piedras le encontraron,DE_WR_34_26_10_14_MB,17,6,23_6,2018,Hamburg,Upper intermediate,4,female,26,fem,PRE,MC,DEF,NE,N,pron,79.1,No,13,10,No,15,Insideclassroom,No,English,encontrar,simple-finite,NA,NA
y Charly parecía enfadado.,DE_WR_34_26_10_14_MB,17,7,23_7,2018,Hamburg,Upper intermediate,4,female,26,masc,PRE,MC,DEF,GI,N,dp,79.1,No,13,10,No,15,Insideclassroom,No,English,parecer,simple-finite,NA,NA
Después buscó un cigarillo nuevo en su bolsito,DE_WR_34_26_10_14_MB,17,8,23_8,2018,Hamburg,Upper intermediate,4,female,26,masc,NA,MC,NA,GI,Y,nullsub,79.1,No,13,10,No,15,Insideclassroom,No,English,buscar,simple-finite,NA,NA
porque quería fumar más.,DE_WR_34_26_10_14_MB,17,9,23_9,2018,Hamburg,Upper intermediate,4,female,26,masc,NA,SC,NA,GI,Y,nullsub,79.1,No,13,10,No,15,Insideclassroom,No,English,fumar,modal,NA,NA
Es una historia de Charlie Chaplin.,DE_WR_34_38_2_14_SN,18,1,24_1,2018,Hamburg,Upper beginner,2,female,38,fem,POST,MC,INDEF,NE,N,dp,79.1,No,36,2,No,2700,Outsideclassroom,No,"English, French",ser,simple-finite,NA,NA
Pues Chaplin tiene que guardar el bebé.,DE_WR_34_38_2_14_SN,18,10,24_10,2018,Hamburg,Upper beginner,2,female,38,masc,PRE,MC,DEF,GI,Y,dp,79.1,No,36,2,No,2700,Outsideclassroom,No,"English, French",guardar,modal,NA,NA
Pues Charlie Chaplin quiero dar el infante a otro hombre,DE_WR_34_38_2_14_SN,18,11,24_11,2018,Hamburg,Upper beginner,2,female,38,masc,PRE,MC,DEF,GI,Y,dp,79.1,No,36,2,No,2700,Outsideclassroom,No,"English, French",dar,modal,NA,NA
y se fugar.,DE_WR_34_38_2_14_SN,18,12,24_12,2018,Hamburg,Upper beginner,2,female,38,masc,NA,MC,NA,GI,Y,nullsub,79.1,No,36,2,No,2700,Outsideclassroom,No,"English, French",huír,simple-finite,NA,NA
Hombre tiene el infante,DE_WR_34_38_2_14_SN,18,13,24_13,2018,Hamburg,Upper beginner,2,female,38,masc,PRE,MC,DEF,GI,N,dp,79.1,No,36,2,No,2700,Outsideclassroom,No,"English, French",tener,simple-finite,NA,NA
et encuentra le paseante del principio de la historia.,DE_WR_34_38_2_14_SN,18,14,24_14,2018,Hamburg,Upper beginner,2,female,38,masc,NA,MC,NA,GI,Y,nullsub,79.1,No,36,2,No,2700,Outsideclassroom,No,"English, French",encontrar,simple-finite,NA,NA
Pone el bebé dentro.,DE_WR_34_38_2_14_SN,18,15,24_15,2018,Hamburg,Upper beginner,2,female,38,masc,NA,MC,NA,GI,Y,nullsub,79.1,No,36,2,No,2700,Outsideclassroom,No,"English, French",poner,simple-finite,NA,NA
Pues la mama da el bebe a Charlie Chaplin,DE_WR_34_38_2_14_SN,18,16,24_16,2018,Hamburg,Upper beginner,2,female,38,fem,PRE,MC,DEF,GI,N,dp,79.1,No,36,2,No,2700,Outsideclassroom,No,"English, French",dar,simple-finite,NA,NA
que reviene.,DE_WR_34_38_2_14_SN,18,17,24_17,2018,Hamburg,Upper beginner,2,female,38,masc,PRE,SC,DEF,GI,N,pron,79.1,No,36,2,No,2700,Outsideclassroom,No,"English, French",dar,simple-finite,NA,NA
Senor Chaplin es en una ciudad,DE_WR_34_38_2_14_SN,18,2,24_2,2018,Hamburg,Upper beginner,2,female,38,masc,NA,MC,DEF,GI,N,dp,79.1,No,36,2,No,2700,Outsideclassroom,No,"English, French",ser,simple-finite,NA,NA
qu' el bebe es un orfano,DE_WR_34_38_2_14_SN,18,20,24_20,2018,Hamburg,Upper beginner,2,female,38,masc,PRE,MC,DEF,GI,N,dp,79.1,No,36,2,No,2700,Outsideclassroom,No,"English, French",ser,simple-finite,NA,NA
pues Chaplin quiero lo guardar.,DE_WR_34_38_2_14_SN,18,21,24_21,2018,Hamburg,Upper beginner,2,female,38,masc,PRE,MC,DEF,GI,N,dp,79.1,No,36,2,No,2700,Outsideclassroom,No,"English, French",guardar,modal,NA,NA
y fuma un cigarra.,DE_WR_34_38_2_14_SN,18,3,24_3,2018,Hamburg,Upper beginner,2,female,38,masc,NA,MC,NA,GI,Y,nullsub,79.1,No,36,2,No,2700,Outsideclassroom,No,"English, French",fumar,simple-finite,NA,NA
Despues encuentra un bebé.,DE_WR_34_38_2_14_SN,18,4,24_4,2018,Hamburg,Upper beginner,2,female,38,masc,NA,MC,NA,GI,Y,nullsub,79.1,No,36,2,No,2700,Outsideclassroom,No,"English, French",encontrar,simple-finite,NA,NA
"Quiere poner el bebé en un paseante,",DE_WR_34_38_2_14_SN,18,5,24_5,2018,Hamburg,Upper beginner,2,female,38,masc,NA,MC,NA,GI,Y,nullsub,79.1,No,36,2,No,2700,Outsideclassroom,No,"English, French",poner,simple-finite,NA,NA
pero la mama  […] ne le quiere pas.,DE_WR_34_38_2_14_SN,18,6,24_6,2018,Hamburg,Upper beginner,2,female,38,fem,PRE,MC,DEF,NE,N,dp,79.1,No,36,2,No,2700,Outsideclassroom,No,"English, French",querer,simple-finite,NA,NA
a qui es el paseante,DE_WR_34_38_2_14_SN,18,7,24_7,2018,Hamburg,Upper beginner,2,female,38,masc,POST,MC,DEF,GI,N,dp,79.1,No,36,2,No,2700,Outsideclassroom,No,"English, French",ser,simple-finite,NA,NA
Chaplin todavia tiene el infante.,DE_WR_34_38_2_14_SN,18,8,24_8,2018,Hamburg,Upper beginner,2,female,38,masc,PRE,MC,DEF,GI,N,dp,79.1,No,36,2,No,2700,Outsideclassroom,No,"English, French",tener,simple-finite,NA,NA
Quando deja el infante en una calle,DE_WR_34_38_2_14_SN,18,9,24_9,2018,Hamburg,Upper beginner,2,female,38,masc,NA,SC,NA,GI,Y,nullsub,79.1,No,36,2,No,2700,Outsideclassroom,No,"English, French",dejar,simple-finite,NA,NA
El video empieza con charles chaplin,DE_WR_36_22_5_14_JS,19,1,25_1,2018,Marburg,Upper intermediate,4,male,22,masc,PRE,MC,DEF,NE,N,dp,83.7,No,15,5,Yes,15,Insideclassroom,No,English,empezar,simple-finite,NA,NA
cuando ví a una mujer con su bebe en un carrito pequeño,DE_WR_36_22_5_14_JS,19,10,25_10,2018,Marburg,Upper intermediate,4,male,22,masc,NA,SC,NA,GI,Y,nullsub,83.7,No,15,5,Yes,15,Insideclassroom,No,English,ver,simple-finite,NA,NA
Charles chaplin piensa,DE_WR_36_22_5_14_JS,19,12,25_12,2018,Marburg,Upper intermediate,4,male,22,masc,PRE,MC,DEF,GI,N,dp,83.7,No,15,5,Yes,15,Insideclassroom,No,English,pensar,simple-finite,NA,NA
que quisas el bebe sea de esa mujer,DE_WR_36_22_5_14_JS,19,13,25_13,2018,Marburg,Upper intermediate,4,male,22,masc,PRE,SC,DEF,GI,N,dp,83.7,No,15,5,Yes,15,Insideclassroom,No,English,ser,simple-finite,NA,NA
y por eso fui hacia ella,DE_WR_36_22_5_14_JS,19,14,25_14,2018,Marburg,Upper intermediate,4,male,22,masc,NA,MC,NA,GI,N,nullsub,83.7,No,15,5,Yes,15,Insideclassroom,No,English,ir,simple-finite,NA,NA
y puse el bebe al lado de otro bebe en el carrito.,DE_WR_36_22_5_14_JS,19,15,25_15,2018,Marburg,Upper intermediate,4,male,22,masc,NA,MC,NA,GI,Y,nullsub,83.7,No,15,5,Yes,15,Insideclassroom,No,English,poner,simple-finite,NA,NA
"Cuando la mujer, […] se diò cuenta de charlie chaplin,",DE_WR_36_22_5_14_JS,19,16,25_16,2018,Marburg,Upper intermediate,4,male,22,fem,PRE,SC,DEF,GI,N,dp,83.7,No,15,5,Yes,15,Insideclassroom,No,English,darse,periphrasis-lexical,NA,NA
que antes estaba en una casa,DE_WR_36_22_5_14_JS,19,17,25_17,2018,Marburg,Upper intermediate,4,male,22,fem,PRE,SC,DEF,GI,Y,pron,83.7,No,15,5,Yes,15,Insideclassroom,No,English,estar,simple-finite,NA,NA
sacó el bebe del carrito,DE_WR_36_22_5_14_JS,19,19,25_19,2018,Marburg,Upper intermediate,4,male,22,fem,NA,MC,NA,GI,Y,nullsub,83.7,No,15,5,Yes,15,Insideclassroom,No,English,sacar,simple-finite,NA,NA
quien esta caminando por las calles.,DE_WR_36_22_5_14_JS,19,2,25_2,2018,Marburg,Upper intermediate,4,male,22,masc,PRE,SC,DEF,GI,N,pron,83.7,No,15,5,Yes,15,Insideclassroom,No,English,caminar,periphrasis-gerund,NA,NA
y lo regresó al hombre.,DE_WR_36_22_5_14_JS,19,20,25_20,2018,Marburg,Upper intermediate,4,male,22,fem,NA,MC,NA,GI,Y,nullsub,83.7,No,15,5,Yes,15,Insideclassroom,No,English,regresar,simple-finite,NA,NA
Pues el no sabia,DE_WR_36_22_5_14_JS,19,21,25_21,2018,Marburg,Upper intermediate,4,male,22,masc,PRE,MC,DEF,GI,N,pron,83.7,No,15,5,Yes,15,Insideclassroom,No,English,saber,simple-finite,NA,NA
y por eso decidí ponerlo otra vez en la misma esquina,DE_WR_36_22_5_14_JS,19,23,25_23,2018,Marburg,Upper intermediate,4,male,22,masc,NA,MC,NA,GI,Y,nullsub,83.7,No,15,5,Yes,15,Insideclassroom,No,English,decidir,infinitive,NA,NA
de donde lo ha recogido antes.,DE_WR_36_22_5_14_JS,19,24,25_24,2018,Marburg,Upper intermediate,4,male,22,masc,NA,SC,NA,GI,Y,nullsub,83.7,No,15,5,Yes,15,Insideclassroom,No,English,recoger,simple-finite,NA,NA
"en que puse el bebe en el suelo,",DE_WR_36_22_5_14_JS,19,26,25_26,2018,Marburg,Upper intermediate,4,male,22,masc,NA,SC,NA,GI,Y,nullsub,83.7,No,15,5,Yes,15,Insideclassroom,No,English,poner,simple-finite,NA,NA
vení un policia.,DE_WR_36_22_5_14_JS,19,27,25_27,2018,Marburg,Upper intermediate,4,male,22,masc,POST,MC,INDEF,NE,N,dp,83.7,No,15,5,Yes,15,Insideclassroom,No,English,venir,simple-finite,NA,NA
charles chaplin recogí otra vez al bebé,DE_WR_36_22_5_14_JS,19,29,25_29,2018,Marburg,Upper intermediate,4,male,22,masc,PRE,MC,DEF,GI,Y,dp,83.7,No,15,5,Yes,15,Insideclassroom,No,English,recoger,simple-finite,NA,NA
De repente cayen cosas diferentes como piedras etc. del cielo.,DE_WR_36_22_5_14_JS,19,3,25_3,2018,Marburg,Upper intermediate,4,male,22,fem,POST,MC,INDEF,NE,N,dp,83.7,No,15,5,Yes,15,Insideclassroom,No,English,caer,simple-finite,NA,NA
y se fui.,DE_WR_36_22_5_14_JS,19,30,25_30,2018,Marburg,Upper intermediate,4,male,22,masc,NA,MC,NA,GI,Y,nullsub,83.7,No,15,5,Yes,15,Insideclassroom,No,English,irse,simple-finite,NA,NA
encontró a un otro hombre,DE_WR_36_22_5_14_JS,19,32,25_32,2018,Marburg,Upper intermediate,4,male,22,masc,NA,MC,NA,GI,Y,nullsub,83.7,No,15,5,Yes,15,Insideclassroom,No,English,encontrar,simple-finite,NA,NA
a quien dió el bebe.,DE_WR_36_22_5_14_JS,19,34,25_34,2018,Marburg,Upper intermediate,4,male,22,masc,NA,SC,NA,GI,N,nullsub,83.7,No,15,5,Yes,15,Insideclassroom,No,English,dar,simple-finite,NA,NA
como no sabía,DE_WR_36_22_5_14_JS,19,36,25_36,2018,Marburg,Upper intermediate,4,male,22,masc,NA,MC,NA,GI,Y,nullsub,83.7,No,15,5,Yes,15,Insideclassroom,No,English,saber,simple-finite,NA,NA
lo puse al carrito del la señora,DE_WR_36_22_5_14_JS,19,38,25_38,2018,Marburg,Upper intermediate,4,male,22,masc,NA,MC,NA,GI,Y,nullsub,83.7,No,15,5,Yes,15,Insideclassroom,No,English,poner,simple-finite,NA,NA
que vímos en la primera escena.,DE_WR_36_22_5_14_JS,19,39,25_39,2018,Marburg,Upper intermediate,4,male,22,fem,PRE,SC,DEF,NE,N,pron,83.7,No,15,5,Yes,15,Insideclassroom,No,English,ver,simple-finite,NA,NA
El lo vi,DE_WR_36_22_5_14_JS,19,4,25_4,2018,Marburg,Upper intermediate,4,male,22,masc,PRE,MC,DEF,GI,N,pron,83.7,No,15,5,Yes,15,Insideclassroom,No,English,ver,simple-finite,NA,NA
Lo puse adentro,DE_WR_36_22_5_14_JS,19,40,25_40,2018,Marburg,Upper intermediate,4,male,22,masc,NA,MC,NA,GI,N,nullsub,83.7,No,15,5,Yes,15,Insideclassroom,No,English,poner,simple-finite,NA,NA
y se fui.,DE_WR_36_22_5_14_JS,19,41,25_41,2018,Marburg,Upper intermediate,4,male,22,masc,NA,MC,NA,GI,Y,nullsub,83.7,No,15,5,Yes,15,Insideclassroom,No,English,irse,simple-finite,NA,NA
"Cuando charles chaplin otra vez paso por el carito de la mujer,",DE_WR_36_22_5_14_JS,19,42,25_42,2018,Marburg,Upper intermediate,4,male,22,masc,PRE,SC,DEF,GI,N,dp,83.7,No,15,5,Yes,15,Insideclassroom,No,English,pasar,simple-finite,NA,NA
ella tome el bebe extranjero,DE_WR_36_22_5_14_JS,19,43,25_43,2018,Marburg,Upper intermediate,4,male,22,fem,PRE,MC,DEF,GI,N,dp,83.7,No,15,5,Yes,15,Insideclassroom,No,English,tomar,simple-finite,NA,NA
"corrí hacia el,",DE_WR_36_22_5_14_JS,19,44,25_44,2018,Marburg,Upper intermediate,4,male,22,fem,NA,MC,NA,GI,Y,nullsub,83.7,No,15,5,Yes,15,Insideclassroom,No,English,correr,simple-finite,NA,NA
le pegó con su paragua,DE_WR_36_22_5_14_JS,19,45,25_45,2018,Marburg,Upper intermediate,4,male,22,fem,NA,MC,NA,GI,Y,nullsub,83.7,No,15,5,Yes,15,Insideclassroom,No,English,pegar,simple-finite,NA,NA
y dejó otra vez el bebe en los brazos de charles chaplin.,DE_WR_36_22_5_14_JS,19,46,25_46,2018,Marburg,Upper intermediate,4,male,22,fem,NA,MC,NA,GI,N,nullsub,83.7,No,15,5,Yes,15,Insideclassroom,No,English,dejar,simple-finite,NA,NA
en la última escena vimos al pobre hombre,DE_WR_36_22_5_14_JS,19,47,25_47,2018,Marburg,Upper intermediate,4,male,22,masc,NA,MC,NA,GI,N,nullsub,83.7,No,15,5,Yes,15,Insideclassroom,No,English,ver,simple-finite,NA,NA
El encuentra una letra en la chaqueta del bebe,DE_WR_36_22_5_14_JS,19,49,25_49,2018,Marburg,Upper intermediate,4,male,22,masc,PRE,MC,DEF,GI,Y,pron,83.7,No,15,5,Yes,15,Insideclassroom,No,English,encontrar,simple-finite,NA,NA
y se asuste un poquito.,DE_WR_36_22_5_14_JS,19,5,25_5,2018,Marburg,Upper intermediate,4,male,22,masc,NA,MC,NA,GI,Y,nullsub,83.7,No,15,5,Yes,15,Insideclassroom,No,English,asustarse,simple-finite,NA,NA
"es un buen bebe"".",DE_WR_36_22_5_14_JS,19,52,25_52,2018,Marburg,Upper intermediate,4,male,22,masc,POST,MC,INDEF,GI,N,dp,83.7,No,15,5,Yes,15,Insideclassroom,No,English,ser,simple-finite,NA,NA
Con esa letra termina la película,DE_WR_36_22_5_14_JS,19,53,25_53,2018,Marburg,Upper intermediate,4,male,22,fem,PRE,MC,DEF,NE,N,dp,83.7,No,15,5,Yes,15,Insideclassroom,No,English,terminar,simple-finite,NA,NA
Después quería fumar un cigaretill,DE_WR_36_22_5_14_JS,19,6,25_6,2018,Marburg,Upper intermediate,4,male,22,masc,NA,MC,NA,GI,Y,nullsub,83.7,No,15,5,Yes,15,Insideclassroom,No,English,fumar,modal,NA,NA
o pero el encuentra un bebe en una esquina.,DE_WR_36_22_5_14_JS,19,7,25_7,2018,Marburg,Upper intermediate,4,male,22,masc,PRE,MC,DEF,GI,Y,pron,83.7,No,15,5,Yes,15,Insideclassroom,No,English,encontrar,simple-finite,NA,NA
Lo coge,DE_WR_36_22_5_14_JS,19,8,25_8,2018,Marburg,Upper intermediate,4,male,22,masc,NA,MC,NA,GI,Y,nullsub,83.7,No,15,5,Yes,15,Insideclassroom,No,English,coger,simple-finite,NA,NA
y lo lleva en sus brazos,DE_WR_36_22_5_14_JS,19,9,25_9,2018,Marburg,Upper intermediate,4,male,22,masc,NA,MC,NA,GI,Y,nullsub,83.7,No,15,5,Yes,15,Insideclassroom,No,English,llevar,simple-finite,NA,NA
porque no es su bebé,DE_WR_36_25_4_14_LV,20,10,26_10,2018,Milan,Lower advanced,5,female,25,masc,POST,SC,DEF,GI,N,dp,83.7,No,14,4,Yes,10,Outsideclassroom,No,English,ser,simple-finite,NA,NA
y no lo quiere tener en su cochecito.,DE_WR_36_25_4_14_LV,20,11,26_11,2018,Milan,Lower advanced,5,female,25,masc,NA,MC,NA,GI,Y,nullsub,83.7,No,14,4,Yes,10,Outsideclassroom,No,English,querer,simple-finite,NA,NA
Charlie tiene que recoger el bebé,DE_WR_36_25_4_14_LV,20,12,26_12,2018,Milan,Lower advanced,5,female,25,masc,PRE,MC,DEF,GI,N,dp,83.7,No,14,4,Yes,10,Outsideclassroom,No,English,recoger,modal,NA,NA
se va corriendo de la mujer.,DE_WR_36_25_4_14_LV,20,13,26_13,2018,Milan,Lower advanced,5,female,25,masc,NA,MC,NA,GI,Y,nullsub,83.7,No,14,4,Yes,10,Outsideclassroom,No,English,ir,periphrasis-gerund,NA,NA
"Porque el no quiere quedarse con el bebé tampoco,",DE_WR_36_25_4_14_LV,20,14,26_14,2018,Milan,Lower advanced,5,female,25,masc,PRE,SC,DEF,GI,Y,pron,83.7,No,14,4,Yes,10,Outsideclassroom,No,English,quedarse,modal,NA,NA
intenta a dejar el bebé,DE_WR_36_25_4_14_LV,20,15,26_15,2018,Milan,Lower advanced,5,female,25,masc,NA,MC,NA,GI,Y,nullsub,83.7,No,14,4,Yes,10,Outsideclassroom,No,English,intentar,infinitive,NA,NA
dónde lo ha encontrado,DE_WR_36_25_4_14_LV,20,17,26_17,2018,Milan,Lower advanced,5,female,25,masc,NA,SC,NA,GI,Y,nullsub,83.7,No,14,4,Yes,10,Outsideclassroom,No,English,encontrar,simple-finite,NA,NA
mientras la policía aparece.,DE_WR_36_25_4_14_LV,20,18,26_18,2018,Milan,Lower advanced,5,female,25,fem,PRE,SC,DEF,NE,N,dp,83.7,No,14,4,Yes,10,Outsideclassroom,No,English,aparecer,simple-finite,NA,NA
Recoge el bebé otra vez,DE_WR_36_25_4_14_LV,20,19,26_19,2018,Milan,Lower advanced,5,female,25,masc,NA,MC,NA,GI,N,nullsub,83.7,No,14,4,Yes,10,Outsideclassroom,No,English,recoger,simple-finite,NA,NA
que encuentra un bebé abandonado en la calle,DE_WR_36_25_4_14_LV,20,2,26_2,2018,Milan,Lower advanced,5,female,25,masc,PRE,SC,DEF,GI,N,pron,83.7,No,14,4,Yes,10,Outsideclassroom,No,English,encontrar,simple-finite,NA,NA
y se va.,DE_WR_36_25_4_14_LV,20,20,26_20,2018,Milan,Lower advanced,5,female,25,masc,NA,MC,NA,GI,Y,nullsub,83.7,No,14,4,Yes,10,Outsideclassroom,No,English,irse,simple-finite,NA,NA
Cuando pasa un hombre en la calle,DE_WR_36_25_4_14_LV,20,21,26_21,2018,Milan,Lower advanced,5,female,25,masc,PRE,SC,INDEF,NE,N,dp,83.7,No,14,4,Yes,10,Outsideclassroom,No,English,pasar,simple-finite,NA,NA
hace,DE_WR_36_25_4_14_LV,20,22,26_22,2018,Milan,Lower advanced,5,female,25,masc,NA,MC,NA,GI,N,nullsub,83.7,No,14,4,Yes,10,Outsideclassroom,No,English,hacer,simple-finite,NA,NA
como si tenga atar su zapato,DE_WR_36_25_4_14_LV,20,23,26_23,2018,Milan,Lower advanced,5,female,25,masc,NA,SC,NA,GI,Y,nullsub,83.7,No,14,4,Yes,10,Outsideclassroom,No,English,tener,simple-finite,NA,NA
y gestiona al hombre,DE_WR_36_25_4_14_LV,20,24,26_24,2018,Milan,Lower advanced,5,female,25,masc,NA,MC,NA,GI,Y,nullsub,83.7,No,14,4,Yes,10,Outsideclassroom,No,English,gestionar,simple-finite,NA,NA
si puede sujetar al bebé para un momento.,DE_WR_36_25_4_14_LV,20,25,26_25,2018,Milan,Lower advanced,5,female,25,masc,NA,SC,NA,GI,N,nullsub,83.7,No,14,4,Yes,10,Outsideclassroom,No,English,sujetar,modal,NA,NA
"Cuando el hombre lo hace,",DE_WR_36_25_4_14_LV,20,26,26_26,2018,Milan,Lower advanced,5,female,25,masc,PRE,SC,DEF,GI,Y,dp,83.7,No,14,4,Yes,10,Outsideclassroom,No,English,hacer,simple-finite,NA,NA
Charlie se va corriendo otra vez,DE_WR_36_25_4_14_LV,20,27,26_27,2018,Milan,Lower advanced,5,female,25,masc,PRE,MC,DEF,GI,N,dp,83.7,No,14,4,Yes,10,Outsideclassroom,No,English,irse,periphrasis-gerund,NA,NA
y se esconde.,DE_WR_36_25_4_14_LV,20,28,26_28,2018,Milan,Lower advanced,5,female,25,masc,NA,MC,NA,GI,Y,nullsub,83.7,No,14,4,Yes,10,Outsideclassroom,No,English,esconderse,simple-finite,NA,NA
cuando el está paseando por la calle.,DE_WR_36_25_4_14_LV,20,3,26_3,2018,Milan,Lower advanced,5,female,25,masc,PRE,SC,DEF,GI,Y,pron,83.7,No,14,4,Yes,10,Outsideclassroom,No,English,pasear,simple-finite,NA,NA
el hombre pone el bebé en el cochecito de la mujer de antes otra vez.,DE_WR_36_25_4_14_LV,20,30,26_30,2018,Milan,Lower advanced,5,female,25,masc,PRE,MC,DEF,GI,N,dp,83.7,No,14,4,Yes,10,Outsideclassroom,No,English,poner,simple-finite,NA,NA
Cuando la mujer sale de una tienda,DE_WR_36_25_4_14_LV,20,31,26_31,2018,Milan,Lower advanced,5,female,25,fem,PRE,SC,DEF,GI,N,dp,83.7,No,14,4,Yes,10,Outsideclassroom,No,English,salir,simple-finite,NA,NA
esta muy sorprendida,DE_WR_36_25_4_14_LV,20,32,26_32,2018,Milan,Lower advanced,5,female,25,fem,NA,MC,NA,GI,Y,nullsub,83.7,No,14,4,Yes,10,Outsideclassroom,No,English,estar,simple-finite,NA,NA
"En este momento, Charlie los pasa",DE_WR_36_25_4_14_LV,20,34,26_34,2018,Milan,Lower advanced,5,female,25,masc,PRE,MC,DEF,GI,N,dp,83.7,No,14,4,Yes,10,Outsideclassroom,No,English,pasar,simple-finite,NA,NA
y la mujer le reconoce.,DE_WR_36_25_4_14_LV,20,35,26_35,2018,Milan,Lower advanced,5,female,25,fem,PRE,MC,DEF,GI,N,dp,83.7,No,14,4,Yes,10,Outsideclassroom,No,English,reconocer,simple-finite,NA,NA
Ella persigue a el,DE_WR_36_25_4_14_LV,20,36,26_36,2018,Milan,Lower advanced,5,female,25,fem,PRE,MC,DEF,GI,Y,pron,83.7,No,14,4,Yes,10,Outsideclassroom,No,English,perseguir,simple-finite,NA,NA
y le da golpes con su paraguas.,DE_WR_36_25_4_14_LV,20,37,26_37,2018,Milan,Lower advanced,5,female,25,fem,NA,MC,NA,GI,Y,nullsub,83.7,No,14,4,Yes,10,Outsideclassroom,No,English,dar,simple-finite,NA,NA
Los dos empiezan una disputa intensa,DE_WR_36_25_4_14_LV,20,38,26_38,2018,Milan,Lower advanced,5,female,25,masc,PRE,MC,DEF,GI,N,pron,83.7,No,14,4,Yes,10,Outsideclassroom,No,English,empezar,simple-finite,NA,NA
que esta interrumpido del policía.,DE_WR_36_25_4_14_LV,20,39,26_39,2018,Milan,Lower advanced,5,female,25,masc,PRE,SC,DEF,GI,N,pron,83.7,No,14,4,Yes,10,Outsideclassroom,No,English,interrumpir,passive,NA,NA
Primero el busca a los padres del bebé.,DE_WR_36_25_4_14_LV,20,4,26_4,2018,Milan,Lower advanced,5,female,25,masc,PRE,MC,DEF,GI,Y,pron,83.7,No,14,4,Yes,10,Outsideclassroom,No,English,buscar,simple-finite,NA,NA
Charlie tiene que llevarse al bebé otra vez.,DE_WR_36_25_4_14_LV,20,40,26_40,2018,Milan,Lower advanced,5,female,25,masc,PRE,MC,DEF,GI,N,dp,83.7,No,14,4,Yes,10,Outsideclassroom,No,English,llevarse,modal,NA,NA
Se siente en el bordillo con el bebé,DE_WR_36_25_4_14_LV,20,41,26_41,2018,Milan,Lower advanced,5,female,25,masc,NA,MC,NA,GI,Y,nullsub,83.7,No,14,4,Yes,10,Outsideclassroom,No,English,sentarse,simple-finite,NA,NA
y no sabe,DE_WR_36_25_4_14_LV,20,42,26_42,2018,Milan,Lower advanced,5,female,25,masc,NA,MC,NA,GI,Y,nullsub,83.7,No,14,4,Yes,10,Outsideclassroom,No,English,saber,simple-finite,NA,NA
que puede hacer.,DE_WR_36_25_4_14_LV,20,43,26_43,2018,Milan,Lower advanced,5,female,25,masc,NA,SC,NA,GI,Y,nullsub,83.7,No,14,4,Yes,10,Outsideclassroom,No,English,hacer,modal,NA,NA
Al final descubre un papel en la manta del bebé.,DE_WR_36_25_4_14_LV,20,44,26_44,2018,Milan,Lower advanced,5,female,25,masc,NA,MC,NA,GI,Y,nullsub,83.7,No,14,4,Yes,10,Outsideclassroom,No,English,descubrir,simple-finite,NA,NA
que el bebé no tiene padres,DE_WR_36_25_4_14_LV,20,46,26_46,2018,Milan,Lower advanced,5,female,25,masc,PRE,SC,DEF,GI,N,dp,83.7,No,14,4,Yes,10,Outsideclassroom,No,English,tener,simple-finite,NA,NA
y Charlie decide a guardar el bebé,DE_WR_36_25_4_14_LV,20,47,26_47,2018,Milan,Lower advanced,5,female,25,masc,PRE,MC,DEF,GI,N,dp,83.7,No,14,4,Yes,10,Outsideclassroom,No,English,decidir,periphrasis-lexical,NA,NA
y lo lleva a casa.,DE_WR_36_25_4_14_LV,20,48,26_48,2018,Milan,Lower advanced,5,female,25,masc,NA,MC,NA,GI,Y,nullsub,83.7,No,14,4,Yes,10,Outsideclassroom,No,English,llevar,simple-finite,NA,NA
Cuando los dos pasan a una mujer con un cochecito para niños con otro bebé dentro,DE_WR_36_25_4_14_LV,20,5,26_5,2018,Milan,Lower advanced,5,female,25,masc,PRE,SC,DEF,GI,N,pron,83.7,No,14,4,Yes,10,Outsideclassroom,No,English,pasar,simple-finite,NA,NA
Charlie Chaplin piensa,DE_WR_36_25_4_14_LV,20,6,26_6,2018,Milan,Lower advanced,5,female,25,masc,PRE,MC,DEF,GI,N,dp,83.7,No,14,4,Yes,10,Outsideclassroom,No,English,pensar,simple-finite,NA,NA
que sea su bebé también,DE_WR_36_25_4_14_LV,20,7,26_7,2018,Milan,Lower advanced,5,female,25,masc,POST,SC,DEF,GI,N,dp,83.7,No,14,4,Yes,10,Outsideclassroom,No,English,ser,simple-finite,NA,NA
y lo pone en el cochecito con el otro bebé.,DE_WR_36_25_4_14_LV,20,8,26_8,2018,Milan,Lower advanced,5,female,25,masc,NA,MC,NA,GI,N,nullsub,83.7,No,14,4,Yes,10,Outsideclassroom,No,English,poner,simple-finite,NA,NA
La madre se pone muy enfadada,DE_WR_36_25_4_14_LV,20,9,26_9,2018,Milan,Lower advanced,5,female,25,fem,PRE,MC,DEF,GI,N,dp,83.7,No,14,4,Yes,10,Outsideclassroom,No,English,ponerse,periphrasis-lexical,NA,NA
"El video trata de Charly Chaplin,",DE_WR_36_26_10_14_AJ,21,1,27_1,2018,Hamburg,Lower intermediate,3,female,26,masc,PRE,MC,DEF,NE,N,dp,83.7,No,16,10,Yes,10,Outsideclassroom,No,English,tratar,periphrasis-lexical,NA,NA
Mira una mujer,DE_WR_36_26_10_14_AJ,21,12,27_12,2018,Hamburg,Lower intermediate,3,female,26,fem,NA,MC,NA,GI,Y,nullsub,83.7,No,16,10,Yes,10,Outsideclassroom,No,English,mirar,simple-finite,NA,NA
que tiene un cochecito para niños grande con solo un bebé.,DE_WR_36_26_10_14_AJ,21,13,27_13,2018,Hamburg,Lower intermediate,3,female,26,masc,PRE,SC,DEF,GI,N,pron,83.7,No,16,10,Yes,10,Outsideclassroom,No,English,tener,simple-finite,NA,NA
"En un momento […]  C.C. pone ""su bebé"" en el cochecito",DE_WR_36_26_10_14_AJ,21,14,27_14,2018,Hamburg,Lower intermediate,3,female,26,masc,PRE,MC,DEF,GI,N,dp,83.7,No,16,10,Yes,10,Outsideclassroom,No,English,poner,simple-finite,NA,NA
en lo que la mujer no mira a su bebé,DE_WR_36_26_10_14_AJ,21,15,27_15,2018,Hamburg,Lower intermediate,3,female,26,fem,PRE,SC,DEF,GI,N,dp,83.7,No,16,10,Yes,10,Outsideclassroom,No,English,mirar,simple-finite,NA,NA
y corre.,DE_WR_36_26_10_14_AJ,21,16,27_16,2018,Hamburg,Lower intermediate,3,female,26,masc,NA,MC,NA,GI,N,nullsub,83.7,No,16,10,Yes,10,Outsideclassroom,No,English,correr,simple-finite,NA,NA
La mujer no le gusta,DE_WR_36_26_10_14_AJ,21,17,27_17,2018,Hamburg,Lower intermediate,3,female,26,fem,PRE,MC,DEF,GI,N,dp,83.7,No,16,10,Yes,10,Outsideclassroom,No,English,gustar,simple-finite,NA,NA
"y da el bebé a un hombre viejo,",DE_WR_36_26_10_14_AJ,21,18,27_18,2018,Hamburg,Lower intermediate,3,female,26,masc,NA,MC,NA,GI,Y,nullsub,83.7,No,16,10,Yes,10,Outsideclassroom,No,English,dar,simple-finite,NA,NA
que cruza su camino.,DE_WR_36_26_10_14_AJ,21,19,27_19,2018,Hamburg,Lower intermediate,3,female,26,masc,PRE,SC,DEF,GI,N,pron,83.7,No,16,10,Yes,10,Outsideclassroom,No,English,cruzar,simple-finite,NA,NA
que está en una calle.,DE_WR_36_26_10_14_AJ,21,2,27_2,2018,Hamburg,Lower intermediate,3,female,26,masc,PRE,SC,DEF,GI,N,pron,83.7,No,16,10,Yes,10,Outsideclassroom,No,English,estar,simple-finite,NA,NA
El hombre está confundido,DE_WR_36_26_10_14_AJ,21,20,27_20,2018,Hamburg,Lower intermediate,3,female,26,masc,PRE,MC,DEF,GI,Y,dp,83.7,No,16,10,Yes,10,Outsideclassroom,No,English,estar,simple-finite,NA,NA
"y en el video empieza una caza entre la policía, C.C, la mujer y el hombre viejo.",DE_WR_36_26_10_14_AJ,21,21,27_21,2018,Hamburg,Lower intermediate,3,female,26,masc,POST,MC,INDEF,NE,N,dp,83.7,No,16,10,Yes,10,Outsideclassroom,No,English,empezar,simple-finite,NA,NA
"que está muy furiosa,",DE_WR_36_26_10_14_AJ,21,23,27_23,2018,Hamburg,Lower intermediate,3,female,26,fem,PRE,MC,DEF,GI,N,pron,83.7,No,16,10,Yes,10,Outsideclassroom,No,English,estar,simple-finite,NA,NA
"Toma el bebé,",DE_WR_36_26_10_14_AJ,21,24,27_24,2018,Hamburg,Lower intermediate,3,female,26,masc,NA,MC,NA,GI,N,nullsub,83.7,No,16,10,Yes,10,Outsideclassroom,No,English,tomar,simple-finite,NA,NA
sienta,DE_WR_36_26_10_14_AJ,21,25,27_25,2018,Hamburg,Lower intermediate,3,female,26,masc,NA,MC,NA,GI,Y,nullsub,83.7,No,16,10,Yes,10,Outsideclassroom,No,English,sentarse,simple-finite,NA,NA
y cuando mira al bebé más intensiva,DE_WR_36_26_10_14_AJ,21,26,27_26,2018,Hamburg,Lower intermediate,3,female,26,masc,NA,SC,NA,GI,Y,nullsub,83.7,No,16,10,Yes,10,Outsideclassroom,No,English,mirar,simple-finite,NA,NA
encuentra una carta,DE_WR_36_26_10_14_AJ,21,27,27_27,2018,Hamburg,Lower intermediate,3,female,26,masc,NA,MC,NA,GI,Y,nullsub,83.7,No,16,10,Yes,10,Outsideclassroom,No,English,encontrar,simple-finite,NA,NA
que alguien ama al bebé.,DE_WR_36_26_10_14_AJ,21,29,27_29,2018,Hamburg,Lower intermediate,3,female,26,unknown,NA,SC,NA,NE,N,nullsub,83.7,No,16,10,Yes,10,Outsideclassroom,No,English,amar,simple-finite,NA,NA
De repente algo se cae al suelo,DE_WR_36_26_10_14_AJ,21,3,27_3,2018,Hamburg,Lower intermediate,3,female,26,unknown,PRE,MC,DEF,NE,N,pron,83.7,No,16,10,Yes,10,Outsideclassroom,No,English,caerse,simple-finite,NA,NA
ríe,DE_WR_36_26_10_14_AJ,21,31,27_31,2018,Hamburg,Lower intermediate,3,female,26,masc,NA,MC,NA,GI,Y,nullsub,83.7,No,16,10,Yes,10,Outsideclassroom,No,English,reírse,simple-finite,NA,NA
y empieza mover el bebé en su brazos,DE_WR_36_26_10_14_AJ,21,32,27_32,2018,Hamburg,Lower intermediate,3,female,26,masc,NA,MC,NA,GI,Y,nullsub,83.7,No,16,10,Yes,10,Outsideclassroom,No,English,empezar,simple-finite,NA,NA
como si fuera su bebé.,DE_WR_36_26_10_14_AJ,21,33,27_33,2018,Hamburg,Lower intermediate,3,female,26,masc,POST,SC,DEF,GI,N,dp,83.7,No,16,10,Yes,10,Outsideclassroom,No,English,ser,simple-finite,NA,NA
y C.C. está confundido.,DE_WR_36_26_10_14_AJ,21,4,27_4,2018,Hamburg,Lower intermediate,3,female,26,masc,PRE,MC,DEF,GI,N,dp,83.7,No,16,10,Yes,10,Outsideclassroom,No,English,estar,simple-finite,NA,NA
Mira al cielo para entenderlo.,DE_WR_36_26_10_14_AJ,21,5,27_5,2018,Hamburg,Lower intermediate,3,female,26,masc,NA,MC,NA,GI,Y,nullsub,83.7,No,16,10,Yes,10,Outsideclassroom,No,English,mirar,simple-finite,NA,NA
Empieza a fumar,DE_WR_36_26_10_14_AJ,21,6,27_6,2018,Hamburg,Lower intermediate,3,female,26,masc,NA,MC,NA,GI,Y,nullsub,83.7,No,16,10,Yes,10,Outsideclassroom,No,English,fumar,periphrasis-lexical,NA,NA
y cuando mira al otro lado,DE_WR_36_26_10_14_AJ,21,7,27_7,2018,Hamburg,Lower intermediate,3,female,26,masc,NA,SC,NA,GI,Y,nullsub,83.7,No,16,10,Yes,10,Outsideclassroom,No,English,mirar,simple-finite,NA,NA
mira un bebé.,DE_WR_36_26_10_14_AJ,21,8,27_8,2018,Hamburg,Lower intermediate,3,female,26,masc,NA,MC,NA,GI,Y,nullsub,83.7,No,16,10,Yes,10,Outsideclassroom,No,English,mirar,simple-finite,NA,NA
Toma el bebé,DE_WR_36_26_10_14_AJ,21,9,27_9,2018,Hamburg,Lower intermediate,3,female,26,masc,NA,MC,NA,GI,Y,nullsub,83.7,No,16,10,Yes,10,Outsideclassroom,No,English,tomar,simple-finite,NA,NA
Chaplin descubre un papel,DE_WR_36_27_1_14_EC,22,11,28_11,2018,Jena,Lower intermediate,3,female,27,masc,PRE,MC,DEF,GI,Y,dp,83.7,Yes,25,1,No,30,Outsideclassroom,Yes,"Italian, English, Portuguese, French",descubrir,simple-finite,NA,NA
que el niño es un huérfano,DE_WR_36_27_1_14_EC,22,13,28_13,2018,Jena,Lower intermediate,3,female,27,masc,PRE,SC,DEF,GI,N,dp,83.7,Yes,25,1,No,30,Outsideclassroom,Yes,"Italian, English, Portuguese, French",ser,simple-finite,NA,NA
"Chaplin aceita, sonriendo.",DE_WR_36_27_1_14_EC,22,15,28_15,2018,Jena,Lower intermediate,3,female,27,masc,PRE,MC,DEF,GI,N,dp,83.7,Yes,25,1,No,30,Outsideclassroom,Yes,"Italian, English, Portuguese, French",acertar,simple-finite,NA,NA
que encuentra un bebé en la estrada.,DE_WR_36_27_1_14_EC,22,2,28_2,2018,Jena,Lower intermediate,3,female,27,masc,PRE,SC,DEF,GI,N,pron,83.7,Yes,25,1,No,30,Outsideclassroom,Yes,"Italian, English, Portuguese, French",encontrar,simple-finite,NA,NA
"El intenta librarse del niño,",DE_WR_36_27_1_14_EC,22,3,28_3,2018,Jena,Lower intermediate,3,female,27,masc,PRE,MC,DEF,GI,Y,pron,83.7,Yes,25,1,No,30,Outsideclassroom,Yes,"Italian, English, Portuguese, French",intentar,infinitive,NA,NA
"Cuando el intenta abandonarlo nuevamente en la estrada,",DE_WR_36_27_1_14_EC,22,5,28_5,2018,Jena,Lower intermediate,3,female,27,masc,PRE,SC,DEF,GI,Y,pron,83.7,Yes,25,1,No,30,Outsideclassroom,Yes,"Italian, English, Portuguese, French",intentar,infinitive,NA,NA
un guardia de la policía lo ve,DE_WR_36_27_1_14_EC,22,6,28_6,2018,Jena,Lower intermediate,3,female,27,masc,PRE,MC,INDEF,NE,N,dp,83.7,Yes,25,1,No,30,Outsideclassroom,Yes,"Italian, English, Portuguese, French",ver,simple-finite,NA,NA
e lo amenaza con un bastón.,DE_WR_36_27_1_14_EC,22,7,28_7,2018,Jena,Lower intermediate,3,female,27,masc,NA,MC,NA,GI,Y,nullsub,83.7,Yes,25,1,No,30,Outsideclassroom,Yes,"Italian, English, Portuguese, French",amenazar,simple-finite,NA,NA
"Por eso, Chaplin recoge el bebé",DE_WR_36_27_1_14_EC,22,8,28_8,2018,Jena,Lower intermediate,3,female,27,masc,PRE,MC,DEF,GI,N,dp,83.7,Yes,25,1,No,30,Outsideclassroom,Yes,"Italian, English, Portuguese, French",recoger,simple-finite,NA,NA
e se sienta en el bordillo de la estrada.,DE_WR_36_27_1_14_EC,22,9,28_9,2018,Jena,Lower intermediate,3,female,27,masc,NA,MC,NA,GI,Y,nullsub,83.7,Yes,25,1,No,30,Outsideclassroom,Yes,"Italian, English, Portuguese, French",sentarse,simple-finite,NA,NA
Charlie va por la calle,DE_WR_36_28_10_14_LK,23,1,29_1,2019,Granada,Lower advanced,5,female,28,masc,PRE,MC,DEF,NE,N,dp,83.7,No,15,10,Yes,15,Outsideclassroom,No,French,ir,simple-finite,NA,NA
y lo deja en un carrito cerca.,DE_WR_36_28_10_14_LK,23,10,29_10,2019,Granada,Lower advanced,5,female,28,masc,NA,MC,NA,GI,Y,nullsub,83.7,No,15,10,Yes,15,Outsideclassroom,No,French,dejar,simple-finite,NA,NA
Una mujer se acerca,DE_WR_36_28_10_14_LK,23,11,29_11,2019,Granada,Lower advanced,5,female,28,fem,PRE,MC,INDEF,NE,N,dp,83.7,No,15,10,Yes,15,Outsideclassroom,No,French,acercarse,simple-finite,NA,NA
que se vaya con el bebe,DE_WR_36_28_10_14_LK,23,13,29_13,2019,Granada,Lower advanced,5,female,28,masc,NA,MC,NA,GI,N,nullsub,83.7,No,15,10,Yes,15,Outsideclassroom,No,French,irse,simple-finite,NA,NA
al cual le deja otra vez en su sitio de encuentra.,DE_WR_36_28_10_14_LK,23,14,29_14,2019,Granada,Lower advanced,5,female,28,masc,NA,SC,NA,GI,Y,nullsub,83.7,No,15,10,Yes,15,Outsideclassroom,No,French,dejar,simple-finite,NA,NA
Este le persigue con el bebe para devolverselo,DE_WR_36_28_10_14_LK,23,15,29_15,2019,Granada,Lower advanced,5,female,28,masc,PRE,MC,DEF,GI,Y,pron,83.7,No,15,10,Yes,15,Outsideclassroom,No,French,perseguir,simple-finite,NA,NA
y lo deja en un carrito con otro bebe,DE_WR_36_28_10_14_LK,23,16,29_16,2019,Granada,Lower advanced,5,female,28,masc,NA,MC,NA,GI,Y,nullsub,83.7,No,15,10,Yes,15,Outsideclassroom,No,French,dejar,simple-finite,NA,NA
Viene la policía,DE_WR_36_28_10_14_LK,23,17,29_17,2019,Granada,Lower advanced,5,female,28,fem,POST,MC,DEF,NE,N,dp,83.7,No,15,10,Yes,15,Outsideclassroom,No,French,venir,simple-finite,NA,NA
y asi charlie vuelve a recoger el bebe,DE_WR_36_28_10_14_LK,23,18,29_18,2019,Granada,Lower advanced,5,female,28,masc,PRE,MC,DEF,GI,N,dp,83.7,No,15,10,Yes,15,Outsideclassroom,No,French,recoger,periphrasis-lexical,NA,NA
cuando le tiran algo por encima,DE_WR_36_28_10_14_LK,23,2,29_2,2019,Granada,Lower advanced,5,female,28,masc,NA,MC,NA,NE,N,nullsub,83.7,No,15,10,Yes,15,Outsideclassroom,No,French,tirar,simple-finite,NA,NA
"esto lo ve la mujer de antes,",DE_WR_36_28_10_14_LK,23,21,29_21,2019,Granada,Lower advanced,5,female,28,masc,PRE,MC,DEF,GI,N,pron,83.7,No,15,10,Yes,15,Outsideclassroom,No,French,ver,simple-finite,NA,NA
viene el mismo policía,DE_WR_36_28_10_14_LK,23,22,29_22,2019,Granada,Lower advanced,5,female,28,masc,POST,MC,DEF,GI,N,dp,83.7,No,15,10,Yes,15,Outsideclassroom,No,French,venir,simple-finite,NA,NA
Charie con el bebe en brazos se sienta en el suelo,DE_WR_36_28_10_14_LK,23,23,29_23,2019,Granada,Lower advanced,5,female,28,masc,PRE,MC,DEF,GI,N,dp,83.7,No,15,10,Yes,15,Outsideclassroom,No,French,sentarse,simple-finite,NA,NA
y piensa en tirarle a la canalización,DE_WR_36_28_10_14_LK,23,24,29_24,2019,Granada,Lower advanced,5,female,28,masc,NA,MC,NA,GI,Y,nullsub,83.7,No,15,10,Yes,15,Outsideclassroom,No,French,pensar,simple-finite,NA,NA
lo que no hace-,DE_WR_36_28_10_14_LK,23,25,29_25,2019,Granada,Lower advanced,5,female,28,masc,PRE,SC,DEF,GI,Y,pron,83.7,No,15,10,Yes,15,Outsideclassroom,No,French,hacer,simple-finite,NA,NA
pero encuentra un papelito,DE_WR_36_28_10_14_LK,23,26,29_26,2019,Granada,Lower advanced,5,female,28,masc,NA,MC,NA,GI,Y,nullsub,83.7,No,15,10,Yes,15,Outsideclassroom,No,French,encontrar,simple-finite,NA,NA
en cual ponde de cuidar del bebe con mucho cariño,DE_WR_36_28_10_14_LK,23,27,29_27,2019,Granada,Lower advanced,5,female,28,masc,NA,SC,NA,GI,N,nullsub,83.7,No,15,10,Yes,15,Outsideclassroom,No,French,?,simple-finite,NA,NA
"cambia la musica ,",DE_WR_36_28_10_14_LK,23,28,29_28,2019,Granada,Lower advanced,5,female,28,fem,POST,MC,DEF,NE,N,dp,83.7,No,15,10,Yes,15,Outsideclassroom,No,French,cambiar,simple-finite,NA,NA
charlie se levanta con el bebe,DE_WR_36_28_10_14_LK,23,29,29_29,2019,Granada,Lower advanced,5,female,28,masc,PRE,MC,DEF,GI,N,dp,83.7,No,15,10,Yes,15,Outsideclassroom,No,French,levantarse,simple-finite,NA,NA
se para,DE_WR_36_28_10_14_LK,23,3,29_3,2019,Granada,Lower advanced,5,female,28,masc,NA,MC,NA,GI,N,nullsub,83.7,No,15,10,Yes,15,Outsideclassroom,No,French,pararse,simple-finite,NA,NA
y se va con el niño en brazos,DE_WR_36_28_10_14_LK,23,30,29_30,2019,Granada,Lower advanced,5,female,28,masc,NA,MC,NA,GI,Y,nullsub,83.7,No,15,10,Yes,15,Outsideclassroom,No,French,irse,simple-finite,NA,NA
y enciende un cigarro.,DE_WR_36_28_10_14_LK,23,4,29_4,2019,Granada,Lower advanced,5,female,28,masc,NA,MC,NA,GI,Y,nullsub,83.7,No,15,10,Yes,15,Outsideclassroom,No,French,encender,simple-finite,NA,NA
Ve a un bebe en la calle al lado de cubos de basura,DE_WR_36_28_10_14_LK,23,5,29_5,2019,Granada,Lower advanced,5,female,28,masc,NA,MC,NA,GI,Y,nullsub,83.7,No,15,10,Yes,15,Outsideclassroom,No,French,ver,simple-finite,NA,NA
y mira,DE_WR_36_28_10_14_LK,23,6,29_6,2019,Granada,Lower advanced,5,female,28,masc,NA,MC,NA,GI,Y,nullsub,83.7,No,15,10,Yes,15,Outsideclassroom,No,French,mirar,simple-finite,NA,NA
si ve a alguien,DE_WR_36_28_10_14_LK,23,7,29_7,2019,Granada,Lower advanced,5,female,28,masc,NA,MC,NA,GI,Y,nullsub,83.7,No,15,10,Yes,15,Outsideclassroom,No,French,ver,simple-finite,NA,NA
que lo habra dejado ahí,DE_WR_36_28_10_14_LK,23,8,29_8,2019,Granada,Lower advanced,5,female,28,masc,NA,SC,NA,GI,N,nullsub,83.7,No,15,10,Yes,15,Outsideclassroom,No,French,haber,simple-finite,NA,NA
busca a un familiar,DE_WR_36_28_10_14_LK,23,9,29_9,2019,Granada,Lower advanced,5,female,28,masc,NA,MC,NA,GI,N,nullsub,83.7,No,15,10,Yes,15,Outsideclassroom,No,French,buscar,simple-finite,NA,NA
Charly pasa por delante de las casas,DE_WR_19_71_7_14_NJ,24,1,3_1,2018,Berlin,Upper intermediate,4,male,71,masc,PRE,MC,DEF,NE,N,dp,44.2,No,64,7,Yes,15,Outsideclassroom,No,English,pasar,simple-finite,NA,NA
Charly pasa junto al cochecito.,DE_WR_19_71_7_14_NJ,24,10,3_10,2018,Berlin,Upper intermediate,4,male,71,masc,PRE,MC,DEF,GI,N,dp,44.2,No,64,7,Yes,15,Outsideclassroom,No,English,pasar,simple-finite,NA,NA
Cree,DE_WR_19_71_7_14_NJ,24,11,3_11,2018,Berlin,Upper intermediate,4,male,71,masc,NA,MC,NA,GI,Y,nullsub,44.2,No,64,7,Yes,15,Outsideclassroom,No,English,creer,simple-finite,NA,NA
que es la segunda vez,DE_WR_19_71_7_14_NJ,24,12,3_12,2018,Berlin,Upper intermediate,4,male,71,masc,POST,SC,DEF,NE,N,dp,44.2,No,64,7,Yes,15,Outsideclassroom,No,English,ser,simple-finite,NA,NA
que Charly lo intenta,DE_WR_19_71_7_14_NJ,24,13,3_13,2018,Berlin,Upper intermediate,4,male,71,masc,PRE,SC,DEF,GI,N,dp,44.2,No,64,7,Yes,15,Outsideclassroom,No,English,intentar,simple-finite,NA,NA
lo golpea,DE_WR_19_71_7_14_NJ,24,14,3_14,2018,Berlin,Upper intermediate,4,male,71,fem,NA,MC,NA,GI,Y,nullsub,44.2,No,64,7,Yes,15,Outsideclassroom,No,English,golpear,simple-finite,NA,NA
y llama a la policía.,DE_WR_19_71_7_14_NJ,24,15,3_15,2018,Berlin,Upper intermediate,4,male,71,fem,NA,MC,NA,GI,Y,nullsub,44.2,No,64,7,Yes,15,Outsideclassroom,No,English,llamar,simple-finite,NA,NA
Ahora se sienta con el bebé en la carretera,DE_WR_19_71_7_14_NJ,24,16,3_16,2018,Berlin,Upper intermediate,4,male,71,masc,NA,MC,NA,GI,N,nullsub,44.2,No,64,7,Yes,15,Outsideclassroom,No,English,sentarse,simple-finite,NA,NA
y encuentra una carta,DE_WR_19_71_7_14_NJ,24,17,3_17,2018,Berlin,Upper intermediate,4,male,71,masc,NA,MC,NA,GI,Y,nullsub,44.2,No,64,7,Yes,15,Outsideclassroom,No,English,encontrar,simple-finite,NA,NA
y es arrojado a la basura,DE_WR_19_71_7_14_NJ,24,2,3_2,2018,Berlin,Upper intermediate,4,male,71,masc,NA,MC,NA,GI,Y,nullsub,44.2,No,64,7,Yes,15,Outsideclassroom,No,English,arrojar,passive,NA,NA
Luego enciende su propio cigarro.,DE_WR_19_71_7_14_NJ,24,3,3_3,2018,Berlin,Upper intermediate,4,male,71,masc,NA,MC,NA,GI,Y,nullsub,44.2,No,64,7,Yes,15,Outsideclassroom,No,English,encender,simple-finite,NA,NA
Encuentra un bebé,DE_WR_19_71_7_14_NJ,24,4,3_4,2018,Berlin,Upper intermediate,4,male,71,masc,NA,MC,NA,GI,Y,nullsub,44.2,No,64,7,Yes,15,Outsideclassroom,No,English,encontrar,simple-finite,NA,NA
y trata de ponerlo en un cochecito.,DE_WR_19_71_7_14_NJ,24,5,3_5,2018,Berlin,Upper intermediate,4,male,71,masc,NA,MC,NA,GI,Y,nullsub,44.2,No,64,7,Yes,15,Outsideclassroom,No,English,tratar,infinitive,NA,NA
Luego intenta devolver al bebé al lugar,DE_WR_19_71_7_14_NJ,24,6,3_6,2018,Berlin,Upper intermediate,4,male,71,masc,NA,MC,NA,GI,Y,nullsub,44.2,No,64,7,Yes,15,Outsideclassroom,No,English,intentar,infinitive,NA,NA
pero es molestado por un oficial de policía.,DE_WR_19_71_7_14_NJ,24,7,3_7,2018,Berlin,Upper intermediate,4,male,71,masc,NA,MC,NA,GI,Y,nullsub,44.2,No,64,7,Yes,15,Outsideclassroom,No,English,molestar,passive,NA,NA
Luego se lo da a otro hombre,DE_WR_19_71_7_14_NJ,24,8,3_8,2018,Berlin,Upper intermediate,4,male,71,masc,NA,MC,NA,GI,Y,nullsub,44.2,No,64,7,Yes,15,Outsideclassroom,No,English,dar,simple-finite,NA,NA
que lo vuelve a poner en el cochecito.,DE_WR_19_71_7_14_NJ,24,9,3_9,2018,Berlin,Upper intermediate,4,male,71,masc,NA,SC,NA,GI,N,nullsub,44.2,No,64,7,Yes,15,Outsideclassroom,No,English,poner,periphrasis-lexical,NA,NA
Charlie Caplin esta andando en una ciudad con casas,DE_WR_36_28_12_14_MB,25,1,30_1,2018,Freiburg,Upper intermediate,4,female,28,masc,PRE,MC,DEF,NE,N,dp,83.7,No,16,12,Yes,35,Outsideclassroom,No,English,andar,periphrasis-gerund,NA,NA
"que hacer,",DE_WR_36_28_12_14_MB,25,10,30_10,2018,Freiburg,Upper intermediate,4,female,28,masc,NA,SC,NA,NA,NA,nullsub,83.7,No,16,12,Yes,35,Outsideclassroom,No,English,hacer,simple-finite,NA,NA
así que coge el bébé.,DE_WR_36_28_12_14_MB,25,11,30_11,2018,Freiburg,Upper intermediate,4,female,28,masc,NA,MC,NA,GI,Y,nullsub,83.7,No,16,12,Yes,35,Outsideclassroom,No,English,coger,simple-finite,NA,NA
"Cuando ve a una mujer con un niNo en un cochecito,",DE_WR_36_28_12_14_MB,25,12,30_12,2018,Freiburg,Upper intermediate,4,female,28,masc,NA,MC,NA,GI,Y,nullsub,83.7,No,16,12,Yes,35,Outsideclassroom,No,English,ver,simple-finite,NA,NA
lleva el bébé hacia esto.,DE_WR_36_28_12_14_MB,25,13,30_13,2018,Freiburg,Upper intermediate,4,female,28,masc,NA,MC,NA,GI,Y,nullsub,83.7,No,16,12,Yes,35,Outsideclassroom,No,English,llevar,simple-finite,NA,NA
"Cuando la madre se va un momento en una casa,",DE_WR_36_28_12_14_MB,25,14,30_14,2018,Freiburg,Upper intermediate,4,female,28,fem,PRE,MC,DEF,GI,N,dp,83.7,No,16,12,Yes,35,Outsideclassroom,No,English,irse,simple-finite,NA,NA
pone el bébé en el cochecito,DE_WR_36_28_12_14_MB,25,15,30_15,2018,Freiburg,Upper intermediate,4,female,28,masc,NA,MC,NA,GI,N,nullsub,83.7,No,16,12,Yes,35,Outsideclassroom,No,English,poner,simple-finite,NA,NA
y quiere irse.,DE_WR_36_28_12_14_MB,25,16,30_16,2018,Freiburg,Upper intermediate,4,female,28,masc,NA,MC,NA,GI,Y,nullsub,83.7,No,16,12,Yes,35,Outsideclassroom,No,English,irse,modal,NA,NA
Pero la madre lo ve,DE_WR_36_28_12_14_MB,25,17,30_17,2018,Freiburg,Upper intermediate,4,female,28,fem,PRE,MC,DEF,GI,N,dp,83.7,No,16,12,Yes,35,Outsideclassroom,No,English,ver,simple-finite,NA,NA
y se enfada mucho.,DE_WR_36_28_12_14_MB,25,18,30_18,2018,Freiburg,Upper intermediate,4,female,28,fem,NA,MC,NA,GI,Y,nullsub,83.7,No,16,12,Yes,35,Outsideclassroom,No,English,enfadarse,simple-finite,NA,NA
Chaplin tiene que tomar el bébé de nuevo.,DE_WR_36_28_12_14_MB,25,19,30_19,2018,Freiburg,Upper intermediate,4,female,28,masc,PRE,MC,DEF,GI,N,dp,83.7,No,16,12,Yes,35,Outsideclassroom,No,English,tomar,modal,NA,NA
que apparecen  destruidas.,DE_WR_36_28_12_14_MB,25,2,30_2,2018,Freiburg,Upper intermediate,4,female,28,fem,PRE,SC,DEF,GI,N,pron,83.7,No,16,12,Yes,35,Outsideclassroom,No,English,aparecer,simple-finite,NA,NA
un hombre de la policia le observa,DE_WR_36_28_12_14_MB,25,21,30_21,2018,Freiburg,Upper intermediate,4,female,28,masc,PRE,MC,INDEF,NE,N,dp,83.7,No,16,12,Yes,35,Outsideclassroom,No,English,observar,simple-finite,NA,NA
y le dice,DE_WR_36_28_12_14_MB,25,22,30_22,2018,Freiburg,Upper intermediate,4,female,28,masc,NA,MC,NA,GI,Y,nullsub,83.7,No,16,12,Yes,35,Outsideclassroom,No,English,decir,simple-finite,NA,NA
que no pueda hacerlo.,DE_WR_36_28_12_14_MB,25,23,30_23,2018,Freiburg,Upper intermediate,4,female,28,masc,NA,SC,NA,GI,N,nullsub,83.7,No,16,12,Yes,35,Outsideclassroom,No,English,hacer,modal,NA,NA
Entonces lleva el bébé,DE_WR_36_28_12_14_MB,25,24,30_24,2018,Freiburg,Upper intermediate,4,female,28,masc,NA,MC,NA,GI,Y,nullsub,83.7,No,16,12,Yes,35,Outsideclassroom,No,English,llevar,simple-finite,NA,NA
hasta que encuentra a un hombre viejo,DE_WR_36_28_12_14_MB,25,25,30_25,2018,Freiburg,Upper intermediate,4,female,28,masc,NA,SC,NA,GI,Y,nullsub,83.7,No,16,12,Yes,35,Outsideclassroom,No,English,encontrar,simple-finite,NA,NA
Preguntale,DE_WR_36_28_12_14_MB,25,26,30_26,2018,Freiburg,Upper intermediate,4,female,28,masc,NA,MC,NA,GI,N,nullsub,83.7,No,16,12,Yes,35,Outsideclassroom,No,English,preguntar,simple-finite,NA,NA
si puede llevarlo un momento,DE_WR_36_28_12_14_MB,25,27,30_27,2018,Freiburg,Upper intermediate,4,female,28,masc,NA,SC,NA,GI,N,nullsub,83.7,No,16,12,Yes,35,Outsideclassroom,No,English,llevar,modal,NA,NA
para que pueda hacer sus zapatos,DE_WR_36_28_12_14_MB,25,28,30_28,2018,Freiburg,Upper intermediate,4,female,28,masc,NA,SC,NA,GI,N,nullsub,83.7,No,16,12,Yes,35,Outsideclassroom,No,English,hacer,modal,NA,NA
"- pero cuando el hombre coge el niNo,",DE_WR_36_28_12_14_MB,25,29,30_29,2018,Freiburg,Upper intermediate,4,female,28,masc,PRE,MC,DEF,GI,N,dp,83.7,No,16,12,Yes,35,Outsideclassroom,No,English,coger,simple-finite,NA,NA
De repente se caye basura en frente de él.,DE_WR_36_28_12_14_MB,25,3,30_3,2018,Freiburg,Upper intermediate,4,female,28,fem,POST,MC,INDEF,NE,N,dp,83.7,No,16,12,Yes,35,Outsideclassroom,No,English,caer,simple-finite,NA,NA
Chaplin corre.,DE_WR_36_28_12_14_MB,25,30,30_30,2018,Freiburg,Upper intermediate,4,female,28,masc,PRE,MC,DEF,GI,N,dp,83.7,No,16,12,Yes,35,Outsideclassroom,No,English,correr,simple-finite,NA,NA
El hombre no sé,DE_WR_36_28_12_14_MB,25,31,30_31,2018,Freiburg,Upper intermediate,4,female,28,masc,PRE,MC,DEF,GI,N,dp,83.7,No,16,12,Yes,35,Outsideclassroom,No,English,saber,simple-finite,NA,NA
que hacer,DE_WR_36_28_12_14_MB,25,32,30_32,2018,Freiburg,Upper intermediate,4,female,28,masc,NA,SC,NA,NA,NA,nullsub,83.7,No,16,12,Yes,35,Outsideclassroom,No,English,hacer,simple-finite,NA,NA
y pone el bébé en el mismo cochecito,DE_WR_36_28_12_14_MB,25,33,30_33,2018,Freiburg,Upper intermediate,4,female,28,masc,NA,MC,NA,GI,Y,nullsub,83.7,No,16,12,Yes,35,Outsideclassroom,No,English,poner,simple-finite,NA,NA
como lo hice Chaplin más antes.,DE_WR_36_28_12_14_MB,25,34,30_34,2018,Freiburg,Upper intermediate,4,female,28,masc,POST,MC,DEF,GI,N,dp,83.7,No,16,12,Yes,35,Outsideclassroom,No,English,hacer,simple-finite,NA,NA
Chaplin no lo sé,DE_WR_36_28_12_14_MB,25,35,30_35,2018,Freiburg,Upper intermediate,4,female,28,masc,PRE,MC,DEF,GI,Y,dp,83.7,No,16,12,Yes,35,Outsideclassroom,No,English,saber,simple-finite,NA,NA
"y esta andando al lado del cochecito,",DE_WR_36_28_12_14_MB,25,36,30_36,2018,Freiburg,Upper intermediate,4,female,28,masc,NA,MC,NA,GI,Y,nullsub,83.7,No,16,12,Yes,35,Outsideclassroom,No,English,andar,periphrasis-gerund,NA,NA
cuando la madre nota el bébé,DE_WR_36_28_12_14_MB,25,37,30_37,2018,Freiburg,Upper intermediate,4,female,28,fem,PRE,SC,DEF,GI,N,dp,83.7,No,16,12,Yes,35,Outsideclassroom,No,English,notar,simple-finite,NA,NA
y la policia viene.,DE_WR_36_28_12_14_MB,25,38,30_38,2018,Freiburg,Upper intermediate,4,female,28,fem,PRE,MC,DEF,GI,N,dp,83.7,No,16,12,Yes,35,Outsideclassroom,No,English,venir,simple-finite,NA,NA
La madre golpea al Chaplin con sus paraguas.,DE_WR_36_28_12_14_MB,25,39,30_39,2018,Freiburg,Upper intermediate,4,female,28,fem,PRE,MC,DEF,GI,N,dp,83.7,No,16,12,Yes,35,Outsideclassroom,No,English,golpear,simple-finite,NA,NA
Esta pensando,DE_WR_36_28_12_14_MB,25,4,30_4,2018,Freiburg,Upper intermediate,4,female,28,masc,NA,MC,NA,GI,N,nullsub,83.7,No,16,12,Yes,35,Outsideclassroom,No,English,pensar,periphrasis-gerund,NA,NA
Al final Chaplin se siente en la calle,DE_WR_36_28_12_14_MB,25,40,30_40,2018,Freiburg,Upper intermediate,4,female,28,masc,PRE,MC,DEF,GI,N,dp,83.7,No,16,12,Yes,35,Outsideclassroom,No,English,sentarse,simple-finite,NA,NA
y piensa de,DE_WR_36_28_12_14_MB,25,41,30_41,2018,Freiburg,Upper intermediate,4,female,28,masc,NA,MC,NA,GI,Y,nullsub,83.7,No,16,12,Yes,35,Outsideclassroom,No,English,pensar,simple-finite,NA,NA
lo que podria hacer.,DE_WR_36_28_12_14_MB,25,42,30_42,2018,Freiburg,Upper intermediate,4,female,28,masc,PRE,SC,NA,NE,Y,nullsub,83.7,No,16,12,Yes,35,Outsideclassroom,No,English,hacer,modal,NA,NA
Explora un papel,DE_WR_36_28_12_14_MB,25,43,30_43,2018,Freiburg,Upper intermediate,4,female,28,masc,NA,MC,NA,GI,Y,nullsub,83.7,No,16,12,Yes,35,Outsideclassroom,No,English,explorar,simple-finite,NA,NA
que dice,DE_WR_36_28_12_14_MB,25,44,30_44,2018,Freiburg,Upper intermediate,4,female,28,masc,PRE,SC,DEF,GI,N,pron,83.7,No,16,12,Yes,35,Outsideclassroom,No,English,decir,simple-finite,NA,NA
y empieza a fumar.,DE_WR_36_28_12_14_MB,25,6,30_6,2018,Freiburg,Upper intermediate,4,female,28,masc,NA,MC,NA,GI,N,nullsub,83.7,No,16,12,Yes,35,Outsideclassroom,No,English,fumar,periphrasis-lexical,NA,NA
Charlie nota un bébé,DE_WR_36_28_12_14_MB,25,7,30_7,2018,Freiburg,Upper intermediate,4,female,28,masc,PRE,MC,DEF,GI,Y,dp,83.7,No,16,12,Yes,35,Outsideclassroom,No,English,notar,simple-finite,NA,NA
No sé,DE_WR_36_28_12_14_MB,25,9,30_9,2018,Freiburg,Upper intermediate,4,female,28,masc,NA,MC,NA,GI,N,nullsub,83.7,No,16,12,Yes,35,Outsideclassroom,No,English,saber,simple-finite,NA,NA
"En el video Charles Chaplin estuvo andando por la calle al frente de una casa,",DE_WR_36_28_5_14_JMS,26,1,31_1,2018,Hamburg,Lower advanced,5,male,28,masc,PRE,MC,DEF,NE,N,dp,83.7,No,23,5,Yes,10,Outsideclassroom,No,English,andar,periphrasis-gerund,NA,NA
que estaba acostando sólo en la calle.,DE_WR_36_28_5_14_JMS,26,10,31_10,2018,Hamburg,Lower advanced,5,male,28,masc,NA,SC,NA,GI,N,nullsub,83.7,No,23,5,Yes,10,Outsideclassroom,No,English,acostar,periphrasis-gerund,NA,NA
El niño estaba gritando,DE_WR_36_28_5_14_JMS,26,11,31_11,2018,Hamburg,Lower advanced,5,male,28,masc,PRE,MC,DEF,GI,Y,dp,83.7,No,23,5,Yes,10,Outsideclassroom,No,English,gritar,periphrasis-gerund,NA,NA
y Charles Chaplin lo tomó,DE_WR_36_28_5_14_JMS,26,12,31_12,2018,Hamburg,Lower advanced,5,male,28,masc,PRE,MC,DEF,GI,N,dp,83.7,No,23,5,Yes,10,Outsideclassroom,No,English,tomar,simple-finite,NA,NA
y buscó por la madre.,DE_WR_36_28_5_14_JMS,26,13,31_13,2018,Hamburg,Lower advanced,5,male,28,masc,NA,MC,NA,GI,Y,nullsub,83.7,No,23,5,Yes,10,Outsideclassroom,No,English,buscar,simple-finite,NA,NA
En este momento la madre vení,DE_WR_36_28_5_14_JMS,26,14,31_14,2018,Hamburg,Lower advanced,5,male,28,fem,PRE,MC,DEF,GI,N,dp,83.7,No,23,5,Yes,10,Outsideclassroom,No,English,venir,simple-finite,NA,NA
La vio,DE_WR_36_28_5_14_JMS,26,16,31_16,2018,Hamburg,Lower advanced,5,male,28,masc,NA,MC,NA,GI,N,nullsub,83.7,No,23,5,Yes,10,Outsideclassroom,No,English,ver,simple-finite,NA,NA
y llamó,DE_WR_36_28_5_14_JMS,26,17,31_17,2018,Hamburg,Lower advanced,5,male,28,masc,NA,MC,NA,GI,Y,nullsub,83.7,No,23,5,Yes,10,Outsideclassroom,No,English,llamar,simple-finite,NA,NA
y corrió,DE_WR_36_28_5_14_JMS,26,18,31_18,2018,Hamburg,Lower advanced,5,male,28,masc,NA,MC,NA,GI,Y,nullsub,83.7,No,23,5,Yes,10,Outsideclassroom,No,English,correr,simple-finite,NA,NA
"que me parece un poco roto,",DE_WR_36_28_5_14_JMS,26,2,31_2,2018,Hamburg,Lower advanced,5,male,28,fem,PRE,SC,DEF,GI,N,pron,83.7,No,23,5,Yes,10,Outsideclassroom,No,English,parecer,simple-finite,NA,NA
El ha puesto el niño en el carrito,DE_WR_36_28_5_14_JMS,26,20,31_20,2018,Hamburg,Lower advanced,5,male,28,masc,PRE,MC,DEF,GI,Y,pron,83.7,No,23,5,Yes,10,Outsideclassroom,No,English,poner,simple-finite,NA,NA
y dijo a la mujer,DE_WR_36_28_5_14_JMS,26,21,31_21,2018,Hamburg,Lower advanced,5,male,28,masc,NA,MC,NA,GI,Y,nullsub,83.7,No,23,5,Yes,10,Outsideclassroom,No,English,decir,simple-finite,NA,NA
que ella perdió el niño en la calle.,DE_WR_36_28_5_14_JMS,26,22,31_22,2018,Hamburg,Lower advanced,5,male,28,fem,PRE,SC,DEF,GI,N,pron,83.7,No,23,5,Yes,10,Outsideclassroom,No,English,perder,simple-finite,NA,NA
La mujer estaba gritando,DE_WR_36_28_5_14_JMS,26,23,31_23,2018,Hamburg,Lower advanced,5,male,28,fem,PRE,MC,DEF,GI,Y,dp,83.7,No,23,5,Yes,10,Outsideclassroom,No,English,gritar,periphrasis-gerund,NA,NA
que no es suya,DE_WR_36_28_5_14_JMS,26,25,31_25,2018,Hamburg,Lower advanced,5,male,28,masc,NA,SC,NA,GI,N,nullsub,83.7,No,23,5,Yes,10,Outsideclassroom,No,English,ser,simple-finite,NA,NA
porque el cogió el niño del carrito,DE_WR_36_28_5_14_JMS,26,26,31_26,2018,Hamburg,Lower advanced,5,male,28,masc,PRE,SC,DEF,GI,N,pron,83.7,No,23,5,Yes,10,Outsideclassroom,No,English,coger,simple-finite,NA,NA
y salió la mujer.,DE_WR_36_28_5_14_JMS,26,27,31_27,2018,Hamburg,Lower advanced,5,male,28,fem,POST,MC,DEF,GI,N,dp,83.7,No,23,5,Yes,10,Outsideclassroom,No,English,salir,simple-finite,NA,NA
En el momento[…]  pareció un hombre de la policía.,DE_WR_36_28_5_14_JMS,26,28,31_28,2018,Hamburg,Lower advanced,5,male,28,masc,POST,MC,INDEF,NE,N,dp,83.7,No,23,5,Yes,10,Outsideclassroom,No,English,parecer,simple-finite,NA,NA
en lo cual Charles Chaplin quizó poner el niño en el mismo Lugar,DE_WR_36_28_5_14_JMS,26,29,31_29,2018,Hamburg,Lower advanced,5,male,28,masc,PRE,SC,DEF,GI,N,dp,83.7,No,23,5,Yes,10,Outsideclassroom,No,English,poner,simple-finite,NA,NA
donde lo ha encontrado,DE_WR_36_28_5_14_JMS,26,30,31_30,2018,Hamburg,Lower advanced,5,male,28,masc,NA,SC,NA,GI,Y,nullsub,83.7,No,23,5,Yes,10,Outsideclassroom,No,English,encontrar,simple-finite,NA,NA
"Cuando le vió,",DE_WR_36_28_5_14_JMS,26,31,31_31,2018,Hamburg,Lower advanced,5,male,28,masc,NA,SC,NA,GI,Y,nullsub,83.7,No,23,5,Yes,10,Outsideclassroom,No,English,ver,simple-finite,NA,NA
cogió el niño,DE_WR_36_28_5_14_JMS,26,32,31_32,2018,Hamburg,Lower advanced,5,male,28,masc,NA,MC,NA,GI,Y,nullsub,83.7,No,23,5,Yes,10,Outsideclassroom,No,English,coger,simple-finite,NA,NA
y salió.,DE_WR_36_28_5_14_JMS,26,33,31_33,2018,Hamburg,Lower advanced,5,male,28,masc,NA,MC,NA,GI,Y,nullsub,83.7,No,23,5,Yes,10,Outsideclassroom,No,English,salir,simple-finite,NA,NA
El ha dado el niño a un viejo,DE_WR_36_28_5_14_JMS,26,34,31_34,2018,Hamburg,Lower advanced,5,male,28,masc,NA,MC,NA,GI,Y,nullsub,83.7,No,23,5,Yes,10,Outsideclassroom,No,English,dar,simple-finite,NA,NA
que estaba andando por la calle,DE_WR_36_28_5_14_JMS,26,35,31_35,2018,Hamburg,Lower advanced,5,male,28,masc,PRE,SC,DEF,GI,N,pron,83.7,No,23,5,Yes,10,Outsideclassroom,No,English,andar,periphrasis-gerund,NA,NA
y salió rapidamente.,DE_WR_36_28_5_14_JMS,26,36,31_36,2018,Hamburg,Lower advanced,5,male,28,masc,NA,MC,NA,GI,N,nullsub,83.7,No,23,5,Yes,10,Outsideclassroom,No,English,salir,simple-finite,NA,NA
El viejo estaba buscandole,DE_WR_36_28_5_14_JMS,26,37,31_37,2018,Hamburg,Lower advanced,5,male,28,masc,PRE,MC,DEF,GI,N,dp,83.7,No,23,5,Yes,10,Outsideclassroom,No,English,buscar,periphrasis-gerund,NA,NA
pero no le puso encontrar,DE_WR_36_28_5_14_JMS,26,38,31_38,2018,Hamburg,Lower advanced,5,male,28,masc,NA,MC,NA,GI,Y,nullsub,83.7,No,23,5,Yes,10,Outsideclassroom,No,English,encontrar,modal,NA,NA
y dejó el niño en el carrito de la mujer.,DE_WR_36_28_5_14_JMS,26,39,31_39,2018,Hamburg,Lower advanced,5,male,28,masc,NA,MC,NA,GI,Y,nullsub,83.7,No,23,5,Yes,10,Outsideclassroom,No,English,dejar,simple-finite,NA,NA
que ha limpado y ha tirado la basura por la ventana.,DE_WR_36_28_5_14_JMS,26,4,31_4,2018,Hamburg,Lower advanced,5,male,28,masc,NA,SC,NA,GI,Y,nullsub,83.7,No,23,5,Yes,10,Outsideclassroom,No,English,limpiar,simple-finite,NA,NA
La mujer estuvo en un mercado,DE_WR_36_28_5_14_JMS,26,40,31_40,2018,Hamburg,Lower advanced,5,male,28,fem,PRE,MC,DEF,GI,N,dp,83.7,No,23,5,Yes,10,Outsideclassroom,No,English,estar,simple-finite,NA,NA
que el niño estuvo de nuevo en su carrito.,DE_WR_36_28_5_14_JMS,26,41,31_41,2018,Hamburg,Lower advanced,5,male,28,masc,PRE,SC,DEF,GI,N,dp,83.7,No,23,5,Yes,10,Outsideclassroom,No,English,estar,simple-finite,NA,NA
"y cuando venio en la calle,",DE_WR_36_28_5_14_JMS,26,41,31_41,2018,Hamburg,Lower advanced,5,male,28,masc,NA,SC,NA,GI,Y,nullsub,83.7,No,23,5,Yes,10,Outsideclassroom,No,English,venir,simple-finite,NA,NA
vio,DE_WR_36_28_5_14_JMS,26,42,31_42,2018,Hamburg,Lower advanced,5,male,28,masc,NA,MC,NA,GI,Y,nullsub,83.7,No,23,5,Yes,10,Outsideclassroom,No,English,ver,simple-finite,NA,NA
La mujer vio,DE_WR_36_28_5_14_JMS,26,42,31_42,2018,Hamburg,Lower advanced,5,male,28,fem,PRE,MC,DEF,GI,N,dp,83.7,No,23,5,Yes,10,Outsideclassroom,No,English,ver,simple-finite,NA,NA
como Chaplin ha pasado por el mercado,DE_WR_36_28_5_14_JMS,26,43,31_43,2018,Hamburg,Lower advanced,5,male,28,masc,PRE,SC,DEF,GI,N,dp,83.7,No,23,5,Yes,10,Outsideclassroom,No,English,pasar,simple-finite,NA,NA
que el tomó el niño.,DE_WR_36_28_5_14_JMS,26,44,31_44,2018,Hamburg,Lower advanced,5,male,28,masc,PRE,SC,DEF,GI,N,pron,83.7,No,23,5,Yes,10,Outsideclassroom,No,English,tomar,simple-finite,NA,NA
y le ha peleado con su parraguas.,DE_WR_36_28_5_14_JMS,26,45,31_45,2018,Hamburg,Lower advanced,5,male,28,fem,NA,MC,NA,GI,N,nullsub,83.7,No,23,5,Yes,10,Outsideclassroom,No,English,pelear,simple-finite,NA,NA
Quería,DE_WR_36_28_5_14_JMS,26,46,31_46,2018,Hamburg,Lower advanced,5,male,28,masc,NA,MC,NA,GI,Y,nullsub,83.7,No,23,5,Yes,10,Outsideclassroom,No,English,querer,simple-finite,NA,NA
La policía pasó,DE_WR_36_28_5_14_JMS,26,48,31_48,2018,Hamburg,Lower advanced,5,male,28,masc,PRE,MC,DEF,GI,N,dp,83.7,No,23,5,Yes,10,Outsideclassroom,No,English,pasar,simple-finite,NA,NA
y vio la situacion,DE_WR_36_28_5_14_JMS,26,49,31_49,2018,Hamburg,Lower advanced,5,male,28,masc,NA,MC,NA,GI,Y,nullsub,83.7,No,23,5,Yes,10,Outsideclassroom,No,English,ver,simple-finite,NA,NA
Charles Chaplin sigó andando,DE_WR_36_28_5_14_JMS,26,5,31_5,2018,Hamburg,Lower advanced,5,male,28,masc,PRE,MC,DEF,GI,N,dp,83.7,No,23,5,Yes,10,Outsideclassroom,No,English,andar,periphrasis-gerund,NA,NA
y fue por ahí.,DE_WR_36_28_5_14_JMS,26,50,31_50,2018,Hamburg,Lower advanced,5,male,28,masc,NA,MC,NA,GI,Y,nullsub,83.7,No,23,5,Yes,10,Outsideclassroom,No,English,ir,simple-finite,NA,NA
Chaplin tuvo que tomar el niño,DE_WR_36_28_5_14_JMS,26,51,31_51,2018,Hamburg,Lower advanced,5,male,28,masc,PRE,MC,DEF,GI,N,dp,83.7,No,23,5,Yes,10,Outsideclassroom,No,English,tomar,modal,NA,NA
y salió.,DE_WR_36_28_5_14_JMS,26,52,31_52,2018,Hamburg,Lower advanced,5,male,28,masc,NA,MC,NA,GI,Y,nullsub,83.7,No,23,5,Yes,10,Outsideclassroom,No,English,salir,simple-finite,NA,NA
Se sentió en la calle.,DE_WR_36_28_5_14_JMS,26,53,31_53,2018,Hamburg,Lower advanced,5,male,28,masc,NA,MC,NA,GI,Y,nullsub,83.7,No,23,5,Yes,10,Outsideclassroom,No,English,sentarse,simple-finite,NA,NA
En la ropa del niño encontró una letra de la madre,DE_WR_36_28_5_14_JMS,26,54,31_54,2018,Hamburg,Lower advanced,5,male,28,masc,NA,MC,NA,GI,Y,nullsub,83.7,No,23,5,Yes,10,Outsideclassroom,No,English,encontrar,simple-finite,NA,NA
Chaplin decidió de quedar el niño,DE_WR_36_28_5_14_JMS,26,57,31_57,2018,Hamburg,Lower advanced,5,male,28,masc,PRE,MC,DEF,GI,N,dp,83.7,No,23,5,Yes,10,Outsideclassroom,No,English,decidir,infinitive,NA,NA
y los dos salieron.,DE_WR_36_28_5_14_JMS,26,58,31_58,2018,Hamburg,Lower advanced,5,male,28,masc,PRE,MC,DEF,GI,N,pron,83.7,No,23,5,Yes,10,Outsideclassroom,No,English,salir,simple-finite,NA,NA
y fumó,DE_WR_36_28_5_14_JMS,26,6,31_6,2018,Hamburg,Lower advanced,5,male,28,masc,NA,MC,NA,GI,Y,nullsub,83.7,No,23,5,Yes,10,Outsideclassroom,No,English,fumar,simple-finite,NA,NA
De repente algo se ha caído a su cabeza de arriba.,DE_WR_36_28_5_14_JMS,26,7,31_7,2018,Hamburg,Lower advanced,5,male,28,unknown,PRE,MC,DEF,NE,N,pron,83.7,No,23,5,Yes,10,Outsideclassroom,No,English,caerse,simple-finite,NA,NA
Él tomó otro cigarillo,DE_WR_36_28_5_14_JMS,26,8,31_8,2018,Hamburg,Lower advanced,5,male,28,masc,PRE,MC,DEF,GI,N,pron,83.7,No,23,5,Yes,10,Outsideclassroom,No,English,tomar,simple-finite,NA,NA
y después vio a un niño,DE_WR_36_28_5_14_JMS,26,9,31_9,2018,Hamburg,Lower advanced,5,male,28,masc,NA,MC,NA,GI,Y,nullsub,83.7,No,23,5,Yes,10,Outsideclassroom,No,English,ver,simple-finite,NA,NA
de quién es,DE_WR_37_20_7_14_SH,27,10,32_10,2020,Florence,Lower advanced,5,female,20,unknown,NA,SC,NA,GI,N,nullsub,86,No,13,7,No,25,Outsideclassroom,Yes,Italian,ser,simple-finite,NA,NA
y se lo lleva,DE_WR_37_20_7_14_SH,27,11,32_11,2020,Florence,Lower advanced,5,female,20,masc,NA,MC,NA,GI,N,nullsub,86,No,13,7,No,25,Outsideclassroom,Yes,Italian,llevar,simple-finite,NA,NA
"Por primero intenta gritar hasta la ventana de la casa a su frente,",DE_WR_37_20_7_14_SH,27,13,32_13,2020,Florence,Lower advanced,5,female,20,masc,NA,MC,NA,GI,Y,nullsub,86,No,13,7,No,25,Outsideclassroom,Yes,Italian,intentar,infinitive,NA,NA
pero ninguno le responde.,DE_WR_37_20_7_14_SH,27,14,32_14,2020,Florence,Lower advanced,5,female,20,masc,NA,MC,NA,NE,N,nullsub,86,No,13,7,No,25,Outsideclassroom,Yes,Italian,responder,simple-finite,NA,NA
Después pasa una mujer,DE_WR_37_20_7_14_SH,27,15,32_15,2020,Florence,Lower advanced,5,female,20,fem,POST,MC,INDEF,NE,N,dp,86,No,13,7,No,25,Outsideclassroom,Yes,Italian,pasar,simple-finite,NA,NA
que lleva consigo su bebé en un carro de niños.,DE_WR_37_20_7_14_SH,27,16,32_16,2020,Florence,Lower advanced,5,female,20,fem,PRE,SC,DEF,GI,Y,pron,86,No,13,7,No,25,Outsideclassroom,Yes,Italian,llevar,simple-finite,NA,NA
Chaplin piensa,DE_WR_37_20_7_14_SH,27,17,32_17,2020,Florence,Lower advanced,5,female,20,masc,PRE,MC,DEF,GI,N,dp,86,No,13,7,No,25,Outsideclassroom,Yes,Italian,pensar,simple-finite,NA,NA
que ella puede ser la madre,DE_WR_37_20_7_14_SH,27,18,32_18,2020,Florence,Lower advanced,5,female,20,fem,PRE,SC,DEF,GI,N,pron,86,No,13,7,No,25,Outsideclassroom,Yes,Italian,ser,modal,NA,NA
e intenta darle el bebé.,DE_WR_37_20_7_14_SH,27,19,32_19,2020,Florence,Lower advanced,5,female,20,masc,NA,MC,NA,GI,Y,nullsub,86,No,13,7,No,25,Outsideclassroom,Yes,Italian,intentar,infinitive,NA,NA
que va por la calle.,DE_WR_37_20_7_14_SH,27,2,32_2,2020,Florence,Lower advanced,5,female,20,fem,PRE,SC,DEF,GI,N,pron,86,No,13,7,No,25,Outsideclassroom,Yes,Italian,ir,simple-finite,NA,NA
La mujer no está contenta,DE_WR_37_20_7_14_SH,27,20,32_20,2020,Florence,Lower advanced,5,female,20,fem,PRE,MC,DEF,GI,N,dp,86,No,13,7,No,25,Outsideclassroom,Yes,Italian,estar,simple-finite,NA,NA
y no acepta el bebé.,DE_WR_37_20_7_14_SH,27,21,32_21,2020,Florence,Lower advanced,5,female,20,fem,NA,MC,NA,GI,Y,nullsub,86,No,13,7,No,25,Outsideclassroom,Yes,Italian,aceptar,simple-finite,NA,NA
Chaplin tiene que buscar otra solución.,DE_WR_37_20_7_14_SH,27,22,32_22,2020,Florence,Lower advanced,5,female,20,masc,PRE,MC,DEF,GI,N,dp,86,No,13,7,No,25,Outsideclassroom,Yes,Italian,buscar,modal,NA,NA
Intenta abandonar el bebé en el lugar,DE_WR_37_20_7_14_SH,27,23,32_23,2020,Florence,Lower advanced,5,female,20,masc,NA,MC,NA,GI,Y,nullsub,86,No,13,7,No,25,Outsideclassroom,Yes,Italian,intentar,infinitive,NA,NA
"en el que lo había encontrado,",DE_WR_37_20_7_14_SH,27,24,32_24,2020,Florence,Lower advanced,5,female,20,masc,NA,SC,NA,GI,Y,nullsub,86,No,13,7,No,25,Outsideclassroom,Yes,Italian,encontrar,simple-finite,NA,NA
pero en ese momento llega un policía,DE_WR_37_20_7_14_SH,27,25,32_25,2020,Florence,Lower advanced,5,female,20,masc,POST,MC,INDEF,NE,N,dp,86,No,13,7,No,25,Outsideclassroom,Yes,Italian,llegar,simple-finite,NA,NA
y Chaplin no puede hacerlo.,DE_WR_37_20_7_14_SH,27,26,32_26,2020,Florence,Lower advanced,5,female,20,masc,PRE,MC,DEF,GI,N,dp,86,No,13,7,No,25,Outsideclassroom,Yes,Italian,hacer,modal,NA,NA
Va con el bebé por la calle,DE_WR_37_20_7_14_SH,27,27,32_27,2020,Florence,Lower advanced,5,female,20,masc,NA,MC,NA,GI,Y,nullsub,86,No,13,7,No,25,Outsideclassroom,Yes,Italian,ir,simple-finite,NA,NA
y ve a un hombre viejo.,DE_WR_37_20_7_14_SH,27,28,32_28,2020,Florence,Lower advanced,5,female,20,masc,NA,MC,NA,GI,Y,nullsub,86,No,13,7,No,25,Outsideclassroom,Yes,Italian,ver,simple-finite,NA,NA
Lo deja en los brazos del hombre,DE_WR_37_20_7_14_SH,27,29,32_29,2020,Florence,Lower advanced,5,female,20,masc,NA,MC,NA,GI,Y,nullsub,86,No,13,7,No,25,Outsideclassroom,Yes,Italian,dejar,simple-finite,NA,NA
Está en un pequeño pueblo,DE_WR_37_20_7_14_SH,27,3,32_3,2020,Florence,Lower advanced,5,female,20,masc,NA,MC,NA,GI,Y,nullsub,86,No,13,7,No,25,Outsideclassroom,Yes,Italian,estar,simple-finite,NA,NA
y se esconde,DE_WR_37_20_7_14_SH,27,30,32_30,2020,Florence,Lower advanced,5,female,20,masc,NA,MC,NA,GI,Y,nullsub,86,No,13,7,No,25,Outsideclassroom,Yes,Italian,esconder,simple-finite,NA,NA
para que el hombre no pueda devolver el bebé a Chaplin.,DE_WR_37_20_7_14_SH,27,31,32_31,2020,Florence,Lower advanced,5,female,20,masc,PRE,SC,DEF,GI,N,dp,86,No,13,7,No,25,Outsideclassroom,Yes,Italian,devolver,modal,NA,NA
El hombre está sorprendido,DE_WR_37_20_7_14_SH,27,32,32_32,2020,Florence,Lower advanced,5,female,20,masc,PRE,MC,DEF,GI,Y,dp,86,No,13,7,No,25,Outsideclassroom,Yes,Italian,estar,simple-finite,NA,NA
y busca un puesto mejor para el bebé.,DE_WR_37_20_7_14_SH,27,33,32_33,2020,Florence,Lower advanced,5,female,20,masc,NA,MC,NA,GI,Y,nullsub,86,No,13,7,No,25,Outsideclassroom,Yes,Italian,buscar,simple-finite,NA,NA
Ve el carro de niños de la mujer,DE_WR_37_20_7_14_SH,27,34,32_34,2020,Florence,Lower advanced,5,female,20,masc,NA,MC,NA,GI,Y,nullsub,86,No,13,7,No,25,Outsideclassroom,Yes,Italian,ver,simple-finite,NA,NA
y situa aquí el bebé.,DE_WR_37_20_7_14_SH,27,35,32_35,2020,Florence,Lower advanced,5,female,20,masc,NA,MC,NA,GI,Y,nullsub,86,No,13,7,No,25,Outsideclassroom,Yes,Italian,situar,simple-finite,NA,NA
En el momento […] pasa Chaplin por la calle,DE_WR_37_20_7_14_SH,27,36,32_36,2020,Florence,Lower advanced,5,female,20,masc,POST,MC,DEF,GI,N,dp,86,No,13,7,No,25,Outsideclassroom,Yes,Italian,pasar,simple-finite,NA,NA
en que la mujer se da cuenta del bebé,DE_WR_37_20_7_14_SH,27,37,32_37,2020,Florence,Lower advanced,5,female,20,fem,PRE,SC,DEF,GI,N,dp,86,No,13,7,No,25,Outsideclassroom,Yes,Italian,darse,periphrasis-lexical,NA,NA
y la mujer le obliga de llevarlo consigo.,DE_WR_37_20_7_14_SH,27,38,32_38,2020,Florence,Lower advanced,5,female,20,fem,PRE,MC,DEF,GI,Y,dp,86,No,13,7,No,25,Outsideclassroom,Yes,Italian,obligarse,periphrasis-lexical,NA,NA
Al final Chaplin encuentra una hoja de papel dentro el vestido del bebé.,DE_WR_37_20_7_14_SH,27,39,32_39,2020,Florence,Lower advanced,5,female,20,masc,PRE,MC,DEF,GI,N,dp,86,No,13,7,No,25,Outsideclassroom,Yes,Italian,encontrar,simple-finite,NA,NA
y lleva consigo su bastón.,DE_WR_37_20_7_14_SH,27,4,32_4,2020,Florence,Lower advanced,5,female,20,masc,NA,MC,NA,GI,Y,nullsub,86,No,13,7,No,25,Outsideclassroom,Yes,Italian,llevar,simple-finite,NA,NA
Esa pide,DE_WR_37_20_7_14_SH,27,40,32_40,2020,Florence,Lower advanced,5,female,20,fem,PRE,MC,DEF,GI,N,pron,86,No,13,7,No,25,Outsideclassroom,Yes,Italian,pedir,simple-finite,NA,NA
que alguien se deba ocupar con amor de este niño abandonado.,DE_WR_37_20_7_14_SH,27,41,32_41,2020,Florence,Lower advanced,5,female,20,masc,PRE,SC,DEF,NE,N,pron,86,No,13,7,No,25,Outsideclassroom,Yes,Italian,ocupar,modal,NA,NA
Chaplin decide hacerlo,DE_WR_37_20_7_14_SH,27,42,32_42,2020,Florence,Lower advanced,5,female,20,masc,PRE,MC,DEF,GI,N,dp,86,No,13,7,No,25,Outsideclassroom,Yes,Italian,decidir,infinitive,NA,NA
y lleva el bebé consigo.,DE_WR_37_20_7_14_SH,27,43,32_43,2020,Florence,Lower advanced,5,female,20,masc,NA,MC,NA,GI,Y,nullsub,86,No,13,7,No,25,Outsideclassroom,Yes,Italian,llevar,simple-finite,NA,NA
que tira su basura por la ventana,DE_WR_37_20_7_14_SH,27,6,32_6,2020,Florence,Lower advanced,5,female,20,unknown,PRE,SC,DEF,GI,Y,pron,86,No,13,7,No,25,Outsideclassroom,Yes,Italian,tirar,simple-finite,NA,NA
y esa cae sobre la cabeza de Charlie Chaplin.,DE_WR_37_20_7_14_SH,27,7,32_7,2020,Florence,Lower advanced,5,female,20,masc,PRE,MC,DEF,GI,N,pron,86,No,13,7,No,25,Outsideclassroom,Yes,Italian,caer,simple-finite,NA,NA
En un rincón de la calle Charlie Chaplin encuentra un pequeño bebé abandonado.,DE_WR_37_20_7_14_SH,27,8,32_8,2020,Florence,Lower advanced,5,female,20,masc,PRE,MC,DEF,GI,N,dp,86,No,13,7,No,25,Outsideclassroom,Yes,Italian,encontrar,simple-finite,NA,NA
Se pregunta,DE_WR_37_20_7_14_SH,27,9,32_9,2020,Florence,Lower advanced,5,female,20,masc,NA,MC,NA,GI,Y,nullsub,86,No,13,7,No,25,Outsideclassroom,Yes,Italian,preguntar,simple-finite,NA,NA
así que Charles se quedó con el bebé.,DE_WR_37_21_6_14_SL,28,10,33_10,2018,Göttingen,Lower advanced,5,female,21,masc,PRE,MC,DEF,GI,N,dp,86,No,16,6,No,15,Outsideclassroom,No,French,quedarse,simple-finite,NA,NA
"Tan pronto como decidió reponerlo en la calle,",DE_WR_37_21_6_14_SL,28,11,33_11,2018,Göttingen,Lower advanced,5,female,21,masc,NA,SC,NA,GI,Y,nullsub,86,No,16,6,No,15,Outsideclassroom,No,French,decidir,infinitive,NA,NA
apareció un policía.,DE_WR_37_21_6_14_SL,28,12,33_12,2018,Göttingen,Lower advanced,5,female,21,masc,POST,MC,INDEF,NE,N,dp,86,No,16,6,No,15,Outsideclassroom,No,French,aparecer,simple-finite,NA,NA
"De consecuencia, el protagonista sigue teniendo el bebé en sus brazos.",DE_WR_37_21_6_14_SL,28,13,33_13,2018,Göttingen,Lower advanced,5,female,21,masc,PRE,MC,DEF,GI,N,dp,86,No,16,6,No,15,Outsideclassroom,No,French,tener,periphrasis-gerund,NA,NA
"Poco después, vió a otro hombre,",DE_WR_37_21_6_14_SL,28,14,33_14,2018,Göttingen,Lower advanced,5,female,21,masc,NA,MC,NA,GI,Y,nullsub,86,No,16,6,No,15,Outsideclassroom,No,French,ver,simple-finite,NA,NA
le dió el bebé,DE_WR_37_21_6_14_SL,28,15,33_15,2018,Göttingen,Lower advanced,5,female,21,masc,NA,MC,NA,GI,Y,nullsub,86,No,16,6,No,15,Outsideclassroom,No,French,dar,simple-finite,NA,NA
y salió rápidamente.,DE_WR_37_21_6_14_SL,28,16,33_16,2018,Göttingen,Lower advanced,5,female,21,masc,NA,MC,NA,GI,Y,nullsub,86,No,16,6,No,15,Outsideclassroom,No,French,salir,simple-finite,NA,NA
Este otro hombre puso al bebé otra vez delante del bebé de la mujer.,DE_WR_37_21_6_14_SL,28,17,33_17,2018,Göttingen,Lower advanced,5,female,21,masc,PRE,MC,DEF,GI,N,pron,86,No,16,6,No,15,Outsideclassroom,No,French,poner,simple-finite,NA,NA
Ella lo notó,DE_WR_37_21_6_14_SL,28,18,33_18,2018,Göttingen,Lower advanced,5,female,21,fem,PRE,MC,DEF,GI,N,pron,86,No,16,6,No,15,Outsideclassroom,No,French,notar,simple-finite,NA,NA
mientras Charles pasó por el camino.,DE_WR_37_21_6_14_SL,28,19,33_19,2018,Göttingen,Lower advanced,5,female,21,masc,PRE,SC,DEF,GI,N,dp,86,No,16,6,No,15,Outsideclassroom,No,French,pasar,simple-finite,NA,NA
lo cual encontró en la calle.,DE_WR_37_21_6_14_SL,28,2,33_2,2018,Göttingen,Lower advanced,5,female,21,masc,NA,SC,NA,GI,N,nullsub,86,No,16,6,No,15,Outsideclassroom,No,French,encontrar,simple-finite,NA,NA
Le golpeó con su paraguas,DE_WR_37_21_6_14_SL,28,20,33_20,2018,Göttingen,Lower advanced,5,female,21,fem,NA,MC,NA,GI,N,nullsub,86,No,16,6,No,15,Outsideclassroom,No,French,golpear,simple-finite,NA,NA
así que Charles se quedó otra vez con el bebé.,DE_WR_37_21_6_14_SL,28,21,33_21,2018,Göttingen,Lower advanced,5,female,21,masc,PRE,MC,DEF,GI,N,dp,86,No,16,6,No,15,Outsideclassroom,No,French,quedarse,simple-finite,NA,NA
encontró una letra,DE_WR_37_21_6_14_SL,28,23,33_23,2018,Göttingen,Lower advanced,5,female,21,masc,NA,MC,NA,GI,Y,nullsub,86,No,16,6,No,15,Outsideclassroom,No,French,encontrar,simple-finite,NA,NA
que la persona […] debía ocuparse de ello con cariño.,DE_WR_37_21_6_14_SL,28,25,33_25,2018,Göttingen,Lower advanced,5,female,21,fem,PRE,SC,DEF,NE,N,dp,86,No,16,6,No,15,Outsideclassroom,No,French,ocuparse,modal,NA,NA
"que encontraba al bebé,",DE_WR_37_21_6_14_SL,28,26,33_26,2018,Göttingen,Lower advanced,5,female,21,fem,PRE,SC,DEF,GI,Y,pron,86,No,16,6,No,15,Outsideclassroom,No,French,encontrar,simple-finite,NA,NA
"Al final, el protagonista se puso feliz",DE_WR_37_21_6_14_SL,28,27,33_27,2018,Göttingen,Lower advanced,5,female,21,masc,PRE,MC,DEF,GI,N,dp,86,No,16,6,No,15,Outsideclassroom,No,French,ponerse,periphrasis-lexical,NA,NA
y desapareció,DE_WR_37_21_6_14_SL,28,28,33_28,2018,Göttingen,Lower advanced,5,female,21,masc,NA,MC,NA,GI,Y,nullsub,86,No,16,6,No,15,Outsideclassroom,No,French,desaparecer,simple-finite,NA,NA
El bebé se quedaba sola,DE_WR_37_21_6_14_SL,28,3,33_3,2018,Göttingen,Lower advanced,5,female,21,masc,PRE,MC,DEF,GI,N,dp,86,No,16,6,No,15,Outsideclassroom,No,French,quedarse,simple-finite,NA,NA
hasta que un hombre (Charles Chaplin) lo encontró,DE_WR_37_21_6_14_SL,28,4,33_4,2018,Göttingen,Lower advanced,5,female,21,masc,PRE,SC,INDEF,NE,N,dp,86,No,16,6,No,15,Outsideclassroom,No,French,encontrar,simple-finite,NA,NA
y intentó darlo a su madre.,DE_WR_37_21_6_14_SL,28,5,33_5,2018,Göttingen,Lower advanced,5,female,21,masc,NA,MC,NA,GI,Y,nullsub,86,No,16,6,No,15,Outsideclassroom,No,French,intentar,infinitive,NA,NA
la creyó ser la madre del bebé,DE_WR_37_21_6_14_SL,28,7,33_7,2018,Göttingen,Lower advanced,5,female,21,masc,NA,MC,NA,GI,Y,nullsub,86,No,16,6,No,15,Outsideclassroom,No,French,creer,simple-finite,NA,NA
y puso el bebé delante del otro.,DE_WR_37_21_6_14_SL,28,8,33_8,2018,Göttingen,Lower advanced,5,female,21,masc,NA,MC,NA,GI,Y,nullsub,86,No,16,6,No,15,Outsideclassroom,No,French,poner,simple-finite,NA,NA
La mujer se puso enfadada,DE_WR_37_21_6_14_SL,28,9,33_9,2018,Göttingen,Lower advanced,5,female,21,fem,PRE,MC,DEF,GI,N,dp,86,No,16,6,No,15,Outsideclassroom,No,French,ponerse,periphrasis-lexical,NA,NA
"Chaplin,  [...] encuentra,[...] un bebé",DE_WR_37_22_5_14_MH,29,1,34_1,2019,Passau,Lower advanced,5,male,22,masc,PRE,MC,DEF,NE,N,dp,86,No,17,5,Yes,17,Insideclassroom,No,French,encontrar,simple-finite,NA,NA
que el pequeño niño no es suyo.,DE_WR_37_22_5_14_MH,29,11,34_11,2019,Passau,Lower advanced,5,male,22,masc,PRE,SC,DEF,GI,N,dp,86,No,17,5,Yes,17,Insideclassroom,No,French,ser,simple-finite,NA,NA
Entonces Chaplin intenta de depositarlo,DE_WR_37_22_5_14_MH,29,12,34_12,2019,Passau,Lower advanced,5,male,22,masc,PRE,MC,DEF,GI,N,dp,86,No,17,5,Yes,17,Insideclassroom,No,French,intentar,infinitive,NA,NA
"donde lo había encontrado antes,",DE_WR_37_22_5_14_MH,29,13,34_13,2019,Passau,Lower advanced,5,male,22,masc,NA,SC,NA,GI,Y,nullsub,86,No,17,5,Yes,17,Insideclassroom,No,French,encontrar,simple-finite,NA,NA
que le mira severamente,DE_WR_37_22_5_14_MH,29,15,34_15,2019,Passau,Lower advanced,5,male,22,masc,PRE,SC,DEF,GI,N,pron,86,No,17,5,Yes,17,Insideclassroom,No,French,mirar,simple-finite,NA,NA
y le hace llevarse el bebé.,DE_WR_37_22_5_14_MH,29,16,34_16,2019,Passau,Lower advanced,5,male,22,masc,NA,MC,NA,GI,Y,nullsub,86,No,17,5,Yes,17,Insideclassroom,No,French,hacer,infinitive,NA,NA
"encuentra a un anciano,",DE_WR_37_22_5_14_MH,29,18,34_18,2019,Passau,Lower advanced,5,male,22,masc,NA,MC,NA,GI,N,nullsub,86,No,17,5,Yes,17,Insideclassroom,No,French,encontrar,simple-finite,NA,NA
pretende arreglarse los zapatos,DE_WR_37_22_5_14_MH,29,19,34_19,2019,Passau,Lower advanced,5,male,22,masc,NA,MC,NA,GI,Y,nullsub,86,No,17,5,Yes,17,Insideclassroom,No,French,pretender,simple-finite,NA,NA
que está dando un paseo […],DE_WR_37_22_5_14_MH,29,2,34_2,2019,Passau,Lower advanced,5,male,22,masc,PRE,SC,DEF,GI,Y,pron,86,No,17,5,Yes,17,Insideclassroom,No,French,dar,periphrasis-gerund,NA,NA
y ruega al anciano de tenderlo en sus brazos durante un momento.,DE_WR_37_22_5_14_MH,29,20,34_20,2019,Passau,Lower advanced,5,male,22,masc,NA,MC,NA,GI,Y,nullsub,86,No,17,5,Yes,17,Insideclassroom,No,French,rogar,simple-finite,NA,NA
Intenta escaparse,DE_WR_37_22_5_14_MH,29,21,34_21,2019,Passau,Lower advanced,5,male,22,masc,NA,MC,NA,GI,Y,nullsub,86,No,17,5,Yes,17,Insideclassroom,No,French,intentar,simple-finite,NA,NA
y se esconde en un edificio abandonado.,DE_WR_37_22_5_14_MH,29,22,34_22,2019,Passau,Lower advanced,5,male,22,masc,NA,MC,NA,GI,Y,nullsub,86,No,17,5,Yes,17,Insideclassroom,No,French,esconderse,simple-finite,NA,NA
"El anciano encuentra precisamente la misma manera de deshacerse del bebé,",DE_WR_37_22_5_14_MH,29,23,34_23,2019,Passau,Lower advanced,5,male,22,masc,PRE,MC,DEF,GI,N,dp,86,No,17,5,Yes,17,Insideclassroom,No,French,encontrar,simple-finite,NA,NA
"Mientras tanto, Chaplin, […]es sorprendido por el policía",DE_WR_37_22_5_14_MH,29,25,34_25,2019,Passau,Lower advanced,5,male,22,masc,PRE,MC,DEF,GI,N,dp,86,No,17,5,Yes,17,Insideclassroom,No,French,sorprender,passive,NA,NA
y se huye otra vez.,DE_WR_37_22_5_14_MH,29,27,34_27,2019,Passau,Lower advanced,5,male,22,masc,NA,MC,NA,GI,Y,nullsub,86,No,17,5,Yes,17,Insideclassroom,No,French,huírse,simple-finite,NA,NA
Cuando pasa por el carrito de la mujer,DE_WR_37_22_5_14_MH,29,28,34_28,2019,Passau,Lower advanced,5,male,22,masc,NA,SC,NA,GI,Y,nullsub,86,No,17,5,Yes,17,Insideclassroom,No,French,pasar,simple-finite,NA,NA
"que está furiosa por la misteriosa duplicación de su niño,",DE_WR_37_22_5_14_MH,29,29,34_29,2019,Passau,Lower advanced,5,male,22,fem,PRE,SC,DEF,GI,N,pron,86,No,17,5,Yes,17,Insideclassroom,No,French,estar,simple-finite,NA,NA
"en lo que parece un polígono industrial,",DE_WR_37_22_5_14_MH,29,3,34_3,2019,Passau,Lower advanced,5,male,22,masc,POST,SC,INDEF,NE,N,dp,86,No,17,5,Yes,17,Insideclassroom,No,French,parecer,simple-finite,NA,NA
ella le persigue,DE_WR_37_22_5_14_MH,29,30,34_30,2019,Passau,Lower advanced,5,male,22,fem,PRE,MC,DEF,GI,Y,pron,86,No,17,5,Yes,17,Insideclassroom,No,French,perseguir,simple-finite,NA,NA
"le hace llevarse el bebé de nuevo,",DE_WR_37_22_5_14_MH,29,32,34_32,2019,Passau,Lower advanced,5,male,22,fem,NA,MC,NA,GI,Y,nullsub,86,No,17,5,Yes,17,Insideclassroom,No,French,hacer,infinitive,NA,NA
Cuando se sienta,DE_WR_37_22_5_14_MH,29,34,34_34,2019,Passau,Lower advanced,5,male,22,masc,NA,SC,NA,GI,N,nullsub,86,No,17,5,Yes,17,Insideclassroom,No,French,sentarse,simple-finite,NA,NA
"y atiende al niño,",DE_WR_37_22_5_14_MH,29,35,34_35,2019,Passau,Lower advanced,5,male,22,masc,NA,SC,NA,GI,Y,nullsub,86,No,17,5,Yes,17,Insideclassroom,No,French,atender,simple-finite,NA,NA
encuentra un pequeño pedacito de papel,DE_WR_37_22_5_14_MH,29,37,34_37,2019,Passau,Lower advanced,5,male,22,masc,NA,MC,NA,GI,Y,nullsub,86,No,17,5,Yes,17,Insideclassroom,No,French,encontrar,simple-finite,NA,NA
"mientras fuma,",DE_WR_37_22_5_14_MH,29,4,34_4,2019,Passau,Lower advanced,5,male,22,masc,NA,SC,NA,GI,Y,nullsub,86,No,17,5,Yes,17,Insideclassroom,No,French,fumar,simple-finite,NA,NA
Esto hace a Chaplin llevarse el bebé definitivamente.,DE_WR_37_22_5_14_MH,29,40,34_40,2019,Passau,Lower advanced,5,male,22,masc,PRE,MC,DEF,NE,N,pron,86,No,17,5,Yes,17,Insideclassroom,No,French,llevarse,simple-finite,NA,NA
que está abandonado en el suelo.,DE_WR_37_22_5_14_MH,29,5,34_5,2019,Passau,Lower advanced,5,male,22,masc,PRE,SC,DEF,GI,N,pron,86,No,17,5,Yes,17,Insideclassroom,No,French,estar,simple-finite,NA,NA
"Cuando pasa una madre con su propio niño,",DE_WR_37_22_5_14_MH,29,6,34_6,2019,Passau,Lower advanced,5,male,22,fem,POST,SC,INDEF,GI,N,dp,86,No,17,5,Yes,17,Insideclassroom,No,French,pasar,simple-finite,NA,NA
él piensa,DE_WR_37_22_5_14_MH,29,7,34_7,2019,Passau,Lower advanced,5,male,22,masc,PRE,MC,DEF,GI,Y,pron,86,No,17,5,Yes,17,Insideclassroom,No,French,pensar,simple-finite,NA,NA
que a ella se le había caído el bebé.,DE_WR_37_22_5_14_MH,29,8,34_8,2019,Passau,Lower advanced,5,male,22,masc,POST,SC,DEF,GI,N,dp,86,No,17,5,Yes,17,Insideclassroom,No,French,caer,simple-finite,NA,NA
Le habla,DE_WR_37_22_5_14_MH,29,9,34_9,2019,Passau,Lower advanced,5,male,22,masc,NA,MC,NA,GI,N,nullsub,86,No,17,5,Yes,17,Insideclassroom,No,French,hablar,simple-finite,NA,NA
Um hombre encuentra un bebé perdido.,DE_WR_37_23_4_14_AH,30,1,35_1,2019,NA,Lower advanced,5,female,23,masc,PRE,MC,INDEF,NE,N,dp,86,No,19,4,Yes,2,Outsideclassroom,No,English,encontrar,simple-finite,NA,NA
viene una policia,DE_WR_37_23_4_14_AH,30,11,35_11,2019,NA,Lower advanced,5,female,23,fem,POST,MC,INDEF,NE,N,dp,86,No,19,4,Yes,2,Outsideclassroom,No,English,venir,simple-finite,NA,NA
y le regaña a al hombre,DE_WR_37_23_4_14_AH,30,12,35_12,2019,NA,Lower advanced,5,female,23,fem,NA,MC,NA,GI,Y,nullsub,86,No,19,4,Yes,2,Outsideclassroom,No,English,regañar,simple-finite,NA,NA
El hombre se lleva el bebé,DE_WR_37_23_4_14_AH,30,14,35_14,2019,NA,Lower advanced,5,female,23,masc,PRE,MC,DEF,GI,N,dp,86,No,19,4,Yes,2,Outsideclassroom,No,English,llevarse,simple-finite,NA,NA
e intenta engañar otro hombre.,DE_WR_37_23_4_14_AH,30,15,35_15,2019,NA,Lower advanced,5,female,23,masc,NA,MC,NA,GI,Y,nullsub,86,No,19,4,Yes,2,Outsideclassroom,No,English,intentar,infinitive,NA,NA
Ese deja el bebé otra vez en el coche de la mujer.,DE_WR_37_23_4_14_AH,30,16,35_16,2019,NA,Lower advanced,5,female,23,masc,NA,MC,NA,GI,N,nullsub,86,No,19,4,Yes,2,Outsideclassroom,No,English,dejar,simple-finite,NA,NA
La mujer se queja,DE_WR_37_23_4_14_AH,30,17,35_17,2019,NA,Lower advanced,5,female,23,fem,PRE,MC,DEF,GI,N,dp,86,No,19,4,Yes,2,Outsideclassroom,No,English,quejarse,simple-finite,NA,NA
porque piensa,DE_WR_37_23_4_14_AH,30,18,35_18,2019,NA,Lower advanced,5,female,23,fem,NA,SC,NA,GI,Y,nullsub,86,No,19,4,Yes,2,Outsideclassroom,No,English,pensar,simple-finite,NA,NA
que ha sido el otro hombre.,DE_WR_37_23_4_14_AH,30,19,35_19,2019,NA,Lower advanced,5,female,23,masc,NA,SC,NA,GI,N,nullsub,86,No,19,4,Yes,2,Outsideclassroom,No,English,ser,simple-finite,NA,NA
Al principio piensa,DE_WR_37_23_4_14_AH,30,2,35_2,2019,NA,Lower advanced,5,female,23,masc,NA,MC,NA,GI,Y,nullsub,86,No,19,4,Yes,2,Outsideclassroom,No,English,pensar,simple-finite,NA,NA
Al final el hombre se queda con el bebé,DE_WR_37_23_4_14_AH,30,20,35_20,2019,NA,Lower advanced,5,female,23,masc,PRE,MC,DEF,GI,Y,dp,86,No,19,4,Yes,2,Outsideclassroom,No,English,quedarse,simple-finite,NA,NA
porque encuentra una carta en su ropa con una noticia.,DE_WR_37_23_4_14_AH,30,21,35_21,2019,NA,Lower advanced,5,female,23,masc,NA,SC,NA,GI,Y,nullsub,86,No,19,4,Yes,2,Outsideclassroom,No,English,encontrar,simple-finite,NA,NA
que pertenece a la mujer,DE_WR_37_23_4_14_AH,30,3,35_3,2019,NA,Lower advanced,5,female,23,masc,NA,SC,NA,GI,N,nullsub,86,No,19,4,Yes,2,Outsideclassroom,No,English,pertenecer,simple-finite,NA,NA
que está en la calle con un coche de bebés.,DE_WR_37_23_4_14_AH,30,4,35_4,2019,NA,Lower advanced,5,female,23,fem,PRE,SC,DEF,GI,N,pron,86,No,19,4,Yes,2,Outsideclassroom,No,English,estar,simple-finite,NA,NA
El hombre quiere devolverla el bebé,DE_WR_37_23_4_14_AH,30,5,35_5,2019,NA,Lower advanced,5,female,23,masc,PRE,MC,DEF,GI,N,dp,86,No,19,4,Yes,2,Outsideclassroom,No,English,devolver,simple-finite,NA,NA
Empieza una discusión,DE_WR_37_23_4_14_AH,30,6,35_6,2019,NA,Lower advanced,5,female,23,fem,POST,MC,INDEF,NE,N,dp,86,No,19,4,Yes,2,Outsideclassroom,No,English,empezar,simple-finite,NA,NA
porque el bebé no es de la mujer.,DE_WR_37_23_4_14_AH,30,7,35_7,2019,NA,Lower advanced,5,female,23,masc,PRE,MC,DEF,GI,N,dp,86,No,19,4,Yes,2,Outsideclassroom,No,English,ser,simple-finite,NA,NA
Entonces el hombre lo quiere dejar,DE_WR_37_23_4_14_AH,30,8,35_8,2019,NA,Lower advanced,5,female,23,masc,PRE,MC,DEF,GI,N,dp,86,No,19,4,Yes,2,Outsideclassroom,No,English,dejar,modal,NA,NA
donde lo ha encontrado.,DE_WR_37_23_4_14_AH,30,9,35_9,2019,NA,Lower advanced,5,female,23,masc,NA,SC,NA,GI,Y,nullsub,86,No,19,4,Yes,2,Outsideclassroom,No,English,encontrar,simple-finite,NA,NA
En el video [...] Charlie Chaplin está caminando por las calles,DE_WR_37_23_4_14_RG,31,1,36_1,2018,Dresden,Upper intermediate,4,male,23,masc,PRE,MC,DEF,NE,N,dp,86,No,19,4,No,15,Outsideclassroom,No,English,caminar,periphrasis-gerund,NA,NA
Chaplin no quiere quedarse con el bebé,DE_WR_37_23_4_14_RG,31,10,36_10,2018,Dresden,Upper intermediate,4,male,23,masc,PRE,MC,DEF,GI,N,dp,86,No,19,4,No,15,Outsideclassroom,No,English,quedarse,modal,NA,NA
y lo pone en el lugar,DE_WR_37_23_4_14_RG,31,11,36_11,2018,Dresden,Upper intermediate,4,male,23,masc,NA,MC,NA,GI,Y,nullsub,86,No,19,4,No,15,Outsideclassroom,No,English,poner,simple-finite,NA,NA
donde se lo encuentró.,DE_WR_37_23_4_14_RG,31,12,36_12,2018,Dresden,Upper intermediate,4,male,23,masc,NA,MC,NA,GI,Y,nullsub,86,No,19,4,No,15,Outsideclassroom,No,English,encontrar,simple-finite,NA,NA
Sin embargo un hombre de la policía lo ve,DE_WR_37_23_4_14_RG,31,13,36_13,2018,Dresden,Upper intermediate,4,male,23,masc,PRE,MC,INDEF,NE,N,dp,86,No,19,4,No,15,Outsideclassroom,No,English,ver,simple-finite,NA,NA
y Chaplin sale con el bebé.,DE_WR_37_23_4_14_RG,31,14,36_14,2018,Dresden,Upper intermediate,4,male,23,masc,PRE,MC,DEF,GI,N,dp,86,No,19,4,No,15,Outsideclassroom,No,English,salir,simple-finite,NA,NA
Después él da el bebé a un hombre,DE_WR_37_23_4_14_RG,31,15,36_15,2018,Dresden,Upper intermediate,4,male,23,masc,PRE,MC,DEF,GI,Y,pron,86,No,19,4,No,15,Outsideclassroom,No,English,dar,simple-finite,NA,NA
y desaparece,DE_WR_37_23_4_14_RG,31,16,36_16,2018,Dresden,Upper intermediate,4,male,23,masc,NA,MC,NA,GI,Y,nullsub,86,No,19,4,No,15,Outsideclassroom,No,English,desaparecer,simple-finite,NA,NA
pero el hombre se encuentra a la mujer otra vez.,DE_WR_37_23_4_14_RG,31,17,36_17,2018,Dresden,Upper intermediate,4,male,23,masc,PRE,MC,DEF,GI,N,dp,86,No,19,4,No,15,Outsideclassroom,No,English,encontrarse,simple-finite,NA,NA
Cuando Chaplin reaparece,DE_WR_37_23_4_14_RG,31,18,36_18,2018,Dresden,Upper intermediate,4,male,23,fem,PRE,MC,DEF,GI,N,dp,86,No,19,4,No,15,Outsideclassroom,No,English,reaparecer,simple-finite,NA,NA
la mujer está muy agitada,DE_WR_37_23_4_14_RG,31,19,36_19,2018,Dresden,Upper intermediate,4,male,23,fem,NA,MC,NA,GI,N,nullsub,86,No,19,4,No,15,Outsideclassroom,No,English,estar,simple-finite,NA,NA
"que es en negro y blanco,",DE_WR_37_23_4_14_RG,31,2,36_2,2018,Dresden,Upper intermediate,4,male,23,masc,PRE,SC,DEF,GI,N,pron,86,No,19,4,No,15,Outsideclassroom,No,English,ser,simple-finite,NA,NA
y habla con el hombre de la policía.,DE_WR_37_23_4_14_RG,31,20,36_20,2018,Dresden,Upper intermediate,4,male,23,masc,NA,MC,NA,GI,Y,nullsub,86,No,19,4,No,15,Outsideclassroom,No,English,hablar,simple-finite,NA,NA
Al final Chaplin lleva el bebé otra vez,DE_WR_37_23_4_14_RG,31,21,36_21,2018,Dresden,Upper intermediate,4,male,23,masc,PRE,MC,DEF,GI,N,dp,86,No,19,4,No,15,Outsideclassroom,No,English,llevar,simple-finite,NA,NA
que dice,DE_WR_37_23_4_14_RG,31,23,36_23,2018,Dresden,Upper intermediate,4,male,23,masc,PRE,SC,DEF,GI,N,pron,86,No,19,4,No,15,Outsideclassroom,No,English,decir,simple-finite,NA,NA
que la persona […] debería ayudar.,DE_WR_37_23_4_14_RG,31,24,36_24,2018,Dresden,Upper intermediate,4,male,23,fem,PRE,SC,DEF,GI,N,dp,86,No,19,4,No,15,Outsideclassroom,No,English,ayudar,modal,NA,NA
que encuentra a esto bebé,DE_WR_37_23_4_14_RG,31,25,36_25,2018,Dresden,Upper intermediate,4,male,23,masc,PRE,SC,DEF,GI,Y,pron,86,No,19,4,No,15,Outsideclassroom,No,English,encontrar,simple-finite,NA,NA
y busca a su mujer.,DE_WR_37_23_4_14_RG,31,26,36_26,2018,Dresden,Upper intermediate,4,male,23,fem,NA,MC,NA,GI,Y,nullsub,86,No,19,4,No,15,Outsideclassroom,No,English,buscar,simple-finite,NA,NA
cuando algunas piedras caen de un techo.,DE_WR_37_23_4_14_RG,31,3,36_3,2018,Dresden,Upper intermediate,4,male,23,fem,PRE,SC,INDEF,NE,N,dp,86,No,19,4,No,15,Outsideclassroom,No,English,caer,simple-finite,NA,NA
Él no está muy contento,DE_WR_37_23_4_14_RG,31,4,36_4,2018,Dresden,Upper intermediate,4,male,23,masc,PRE,MC,DEF,GI,N,pron,86,No,19,4,No,15,Outsideclassroom,No,English,estar,simple-finite,NA,NA
y empieza a fumar un cigarro.,DE_WR_37_23_4_14_RG,31,5,36_5,2018,Dresden,Upper intermediate,4,male,23,masc,NA,MC,NA,GI,Y,nullsub,86,No,19,4,No,15,Outsideclassroom,No,English,empezar,simple-finite,NA,NA
Entonces Chaplin se encuentra un bebé en la calle,DE_WR_37_23_4_14_RG,31,6,36_6,2018,Dresden,Upper intermediate,4,male,23,masc,PRE,MC,DEF,GI,Y,dp,86,No,19,4,No,15,Outsideclassroom,No,English,encontrarse,simple-finite,NA,NA
Cuando ve a una mujer con otro bebé,DE_WR_37_23_4_14_RG,31,7,36_7,2018,Dresden,Upper intermediate,4,male,23,masc,NA,SC,NA,GI,Y,nullsub,86,No,19,4,No,15,Outsideclassroom,No,English,ver,simple-finite,NA,NA
Chaplin lo da a la mujer,DE_WR_37_23_4_14_RG,31,8,36_8,2018,Dresden,Upper intermediate,4,male,23,masc,PRE,MC,DEF,GI,Y,dp,86,No,19,4,No,15,Outsideclassroom,No,English,dar,simple-finite,NA,NA
pero el bebé no es de ella.,DE_WR_37_23_4_14_RG,31,9,36_9,2018,Dresden,Upper intermediate,4,male,23,masc,PRE,MC,DEF,GI,N,dp,86,No,19,4,No,15,Outsideclassroom,No,English,ser,simple-finite,NA,NA
Lo pone en el brazo,DE_WR_37_23_8_14_KJ,32,10,37_10,2018,Hamburg,Lower advanced,5,female,23,masc,NA,MC,NA,GI,N,nullsub,86,No,15,8,Yes,40,Outsideclassroom,No,English,poner,simple-finite,NA,NA
y justo pasa una mujer con su bebé en el cochecito.,DE_WR_37_23_8_14_KJ,32,11,37_11,2018,Hamburg,Lower advanced,5,female,23,fem,POST,MC,INDEF,NE,N,dp,86,No,15,8,Yes,40,Outsideclassroom,No,English,pasar,simple-finite,NA,NA
que está buscando algo o alguien.,DE_WR_37_23_8_14_KJ,32,13,37_13,2018,Hamburg,Lower advanced,5,female,23,fem,PRE,SC,DEF,GI,Y,pron,86,No,15,8,Yes,40,Outsideclassroom,No,English,buscar,periphrasis-gerund,NA,NA
Deja el cochecito solo a fuera,DE_WR_37_23_8_14_KJ,32,14,37_14,2018,Hamburg,Lower advanced,5,female,23,fem,NA,MC,NA,GI,N,nullsub,86,No,15,8,Yes,40,Outsideclassroom,No,English,dejar,simple-finite,NA,NA
mientras pasa a la casa.,DE_WR_37_23_8_14_KJ,32,15,37_15,2018,Hamburg,Lower advanced,5,female,23,masc,NA,MC,NA,GI,Y,nullsub,86,No,15,8,Yes,40,Outsideclassroom,No,English,pasar,simple-finite,NA,NA
Quizas está buscadno al otro bebé?,DE_WR_37_23_8_14_KJ,32,15,37_15,2018,Hamburg,Lower advanced,5,female,23,fem,NA,MC,NA,GI,Y,nullsub,86,No,15,8,Yes,40,Outsideclassroom,No,English,buscar,periphrasis-gerund,NA,NA
Entonces Chaplin quiere dejar el bebé,DE_WR_37_23_8_14_KJ,32,16,37_16,2018,Hamburg,Lower advanced,5,female,23,masc,PRE,MC,DEF,GI,Y,dp,86,No,15,8,Yes,40,Outsideclassroom,No,English,dejar,modal,NA,NA
que ha encontrado al lado del otro en el cochcito.,DE_WR_37_23_8_14_KJ,32,17,37_17,2018,Hamburg,Lower advanced,5,female,23,masc,NA,SC,NA,GI,N,nullsub,86,No,15,8,Yes,40,Outsideclassroom,No,English,encontrar,simple-finite,NA,NA
La mujer vuelve y se enoja.,DE_WR_37_23_8_14_KJ,32,18,37_18,2018,Hamburg,Lower advanced,5,female,23,fem,PRE,MC,DEF,GI,N,dp,86,No,15,8,Yes,40,Outsideclassroom,No,English,volver,simple-finite,NA,NA
como Charly Chaplin está caminando frente a una casa.,DE_WR_37_23_8_14_KJ,32,2,37_2,2018,Hamburg,Lower advanced,5,female,23,masc,PRE,SC,DEF,NE,N,dp,86,No,15,8,Yes,40,Outsideclassroom,No,English,caminar,periphrasis-gerund,NA,NA
que no estaba buscando al bebé..,DE_WR_37_23_8_14_KJ,32,20,37_20,2018,Hamburg,Lower advanced,5,female,23,masc,PRE,SC,DEF,GI,Y,pron,86,No,15,8,Yes,40,Outsideclassroom,No,English,buscar,periphrasis-gerund,NA,NA
Entonces Chaplin vuelve el bebé a su lugar al suelo,DE_WR_37_23_8_14_KJ,32,21,37_21,2018,Hamburg,Lower advanced,5,female,23,masc,PRE,MC,DEF,GI,N,dp,86,No,15,8,Yes,40,Outsideclassroom,No,English,volver,simple-finite,NA,NA
donde lo ha encontrado.,DE_WR_37_23_8_14_KJ,32,22,37_22,2018,Hamburg,Lower advanced,5,female,23,masc,NA,SC,NA,GI,Y,nullsub,86,No,15,8,Yes,40,Outsideclassroom,No,English,encontrar,simple-finite,NA,NA
Pero justo en este momento viene un policía,DE_WR_37_23_8_14_KJ,32,23,37_23,2018,Hamburg,Lower advanced,5,female,23,masc,POST,MC,INDEF,NE,N,dp,86,No,15,8,Yes,40,Outsideclassroom,No,English,venir,simple-finite,NA,NA
y obvío que no puede dejar el bebé ahí.,DE_WR_37_23_8_14_KJ,32,24,37_24,2018,Hamburg,Lower advanced,5,female,23,masc,NA,MC,NA,GI,N,nullsub,86,No,15,8,Yes,40,Outsideclassroom,No,English,dejar,modal,NA,NA
Entonces lo pone,DE_WR_37_23_8_14_KJ,32,25,37_25,2018,Hamburg,Lower advanced,5,female,23,masc,NA,MC,NA,GI,Y,nullsub,86,No,15,8,Yes,40,Outsideclassroom,No,English,poner,simple-finite,NA,NA
y va a la calle.,DE_WR_37_23_8_14_KJ,32,26,37_26,2018,Hamburg,Lower advanced,5,female,23,masc,NA,MC,NA,GI,Y,nullsub,86,No,15,8,Yes,40,Outsideclassroom,No,English,ir,simple-finite,NA,NA
Deja el bebé en los brazos de un viejo,DE_WR_37_23_8_14_KJ,32,27,37_27,2018,Hamburg,Lower advanced,5,female,23,masc,NA,MC,NA,GI,Y,nullsub,86,No,15,8,Yes,40,Outsideclassroom,No,English,dejar,simple-finite,NA,NA
y en el momento correcto huye.,DE_WR_37_23_8_14_KJ,32,29,37_29,2018,Hamburg,Lower advanced,5,female,23,masc,NA,MC,NA,GI,Y,nullsub,86,No,15,8,Yes,40,Outsideclassroom,No,English,huír,simple-finite,NA,NA
Todo parece muy sucio,DE_WR_37_23_8_14_KJ,32,3,37_3,2018,Hamburg,Lower advanced,5,female,23,masc,PRE,MC,INDEF,NE,N,pron,86,No,15,8,Yes,40,Outsideclassroom,No,English,parecer,simple-finite,NA,NA
El hombre y el bebé le siguen.,DE_WR_37_23_8_14_KJ,32,30,37_30,2018,Hamburg,Lower advanced,5,female,23,masc,PRE,MC,DEF,GI,N,dp,86,No,15,8,Yes,40,Outsideclassroom,No,English,seguir,simple-finite,NA,NA
Corren,DE_WR_37_23_8_14_KJ,32,31,37_31,2018,Hamburg,Lower advanced,5,female,23,masc,NA,MC,NA,GI,Y,nullsub,86,No,15,8,Yes,40,Outsideclassroom,No,English,correr,simple-finite,NA,NA
y de repente el viejo ve el cochecito con el otro bebé.,DE_WR_37_23_8_14_KJ,32,32,37_32,2018,Hamburg,Lower advanced,5,female,23,masc,PRE,MC,DEF,GI,N,dp,86,No,15,8,Yes,40,Outsideclassroom,No,English,ver,simple-finite,NA,NA
Tiene la misma idea como Chaplin,DE_WR_37_23_8_14_KJ,32,33,37_33,2018,Hamburg,Lower advanced,5,female,23,masc,NA,MC,NA,GI,Y,nullsub,86,No,15,8,Yes,40,Outsideclassroom,No,English,tener,simple-finite,NA,NA
y deja el bebé ahí y se va corriendo.,DE_WR_37_23_8_14_KJ,32,34,37_34,2018,Hamburg,Lower advanced,5,female,23,masc,NA,MC,NA,GI,Y,nullsub,86,No,15,8,Yes,40,Outsideclassroom,No,English,dejar,simple-finite,NA,NA
en que la mujer vuelve a su cochecito,DE_WR_37_23_8_14_KJ,32,36,37_36,2018,Hamburg,Lower advanced,5,female,23,fem,PRE,SC,DEF,GI,N,dp,86,No,15,8,Yes,40,Outsideclassroom,No,English,volver,simple-finite,NA,NA
que está pasiando por la calle.,DE_WR_37_23_8_14_KJ,32,39,37_39,2018,Hamburg,Lower advanced,5,female,23,fem,PRE,SC,DEF,GI,Y,pron,86,No,15,8,Yes,40,Outsideclassroom,No,English,pasar,periphrasis-gerund,NA,NA
"y alguien está botando basura o algo parecido de la ventana, encima de Chaplin.",DE_WR_37_23_8_14_KJ,32,4,37_4,2018,Hamburg,Lower advanced,5,female,23,unknown,PRE,MC,INDEF,NE,N,pron,86,No,15,8,Yes,40,Outsideclassroom,No,English,botar,periphrasis-gerund,NA,NA
Lo pega con el paraguas,DE_WR_37_23_8_14_KJ,32,40,37_40,2018,Hamburg,Lower advanced,5,female,23,fem,NA,MC,NA,GI,N,nullsub,86,No,15,8,Yes,40,Outsideclassroom,No,English,pegar,simple-finite,NA,NA
y grita,DE_WR_37_23_8_14_KJ,32,41,37_41,2018,Hamburg,Lower advanced,5,female,23,masc,NA,MC,NA,GI,Y,nullsub,86,No,15,8,Yes,40,Outsideclassroom,No,English,gritar,simple-finite,NA,NA
y después un rato también viene el policía,DE_WR_37_23_8_14_KJ,32,42,37_42,2018,Hamburg,Lower advanced,5,female,23,masc,POST,MC,DEF,GI,N,dp,86,No,15,8,Yes,40,Outsideclassroom,No,English,venir,simple-finite,NA,NA
y lo forcan,DE_WR_37_23_8_14_KJ,32,43,37_43,2018,Hamburg,Lower advanced,5,female,23,masc,NA,MC,NA,GI,N,nullsub,86,No,15,8,Yes,40,Outsideclassroom,No,English,forzar,simple-finite,NA,NA
para que ponga el bebé.,DE_WR_37_23_8_14_KJ,32,44,37_44,2018,Hamburg,Lower advanced,5,female,23,masc,NA,SC,NA,GI,N,nullsub,86,No,15,8,Yes,40,Outsideclassroom,No,English,poner,simple-finite,NA,NA
Entonces Chaplin se siente ahí en la calle,DE_WR_37_23_8_14_KJ,32,45,37_45,2018,Hamburg,Lower advanced,5,female,23,masc,PRE,MC,DEF,GI,Y,dp,86,No,15,8,Yes,40,Outsideclassroom,No,English,sentirse,simple-finite,NA,NA
que hacer.,DE_WR_37_23_8_14_KJ,32,47,37_47,2018,Hamburg,Lower advanced,5,female,23,masc,NA,SC,NA,NA,NA,nullsub,86,No,15,8,Yes,40,Outsideclassroom,No,English,hacer,simple-finite,NA,NA
Mira al bebé,DE_WR_37_23_8_14_KJ,32,48,37_48,2018,Hamburg,Lower advanced,5,female,23,masc,NA,MC,NA,GI,Y,nullsub,86,No,15,8,Yes,40,Outsideclassroom,No,English,mirar,simple-finite,NA,NA
y encuentra un nota,DE_WR_37_23_8_14_KJ,32,49,37_49,2018,Hamburg,Lower advanced,5,female,23,masc,NA,MC,NA,GI,Y,nullsub,86,No,15,8,Yes,40,Outsideclassroom,No,English,encontrar,simple-finite,NA,NA
Empieza a fumar,DE_WR_37_23_8_14_KJ,32,5,37_5,2018,Hamburg,Lower advanced,5,female,23,masc,NA,MC,NA,GI,N,nullsub,86,No,15,8,Yes,40,Outsideclassroom,No,English,fumar,periphrasis-lexical,NA,NA
que dice:,DE_WR_37_23_8_14_KJ,32,50,37_50,2018,Hamburg,Lower advanced,5,female,23,fem,PRE,SC,DEF,GI,N,pron,86,No,15,8,Yes,40,Outsideclassroom,No,English,decir,simple-finite,NA,NA
"Y Chaplin ya lo ama,",DE_WR_37_23_8_14_KJ,32,52,37_52,2018,Hamburg,Lower advanced,5,female,23,masc,PRE,MC,DEF,GI,N,dp,86,No,15,8,Yes,40,Outsideclassroom,No,English,amar,simple-finite,NA,NA
tan dulce que es.,DE_WR_37_23_8_14_KJ,32,53,37_53,2018,Hamburg,Lower advanced,5,female,23,masc,NA,SC,NA,GI,N,nullsub,86,No,15,8,Yes,40,Outsideclassroom,No,English,ser,simple-finite,NA,NA
y por algun razòn tira sus guantes en la basura.,DE_WR_37_23_8_14_KJ,32,6,37_6,2018,Hamburg,Lower advanced,5,female,23,masc,NA,MC,NA,GI,Y,nullsub,86,No,15,8,Yes,40,Outsideclassroom,No,English,tirar,simple-finite,NA,NA
En este momento su mirada ecuentra el bebé,DE_WR_37_23_8_14_KJ,32,7,37_7,2018,Hamburg,Lower advanced,5,female,23,masc,NA,MC,NA,NE,N,nullsub,86,No,15,8,Yes,40,Outsideclassroom,No,English,encontrar,simple-finite,NA,NA
"que está al lado de la basura,",DE_WR_37_23_8_14_KJ,32,8,37_8,2018,Hamburg,Lower advanced,5,female,23,masc,PRE,SC,DEF,GI,N,pron,86,No,15,8,Yes,40,Outsideclassroom,No,English,estar,simple-finite,NA,NA
"Chaplina esta paseando por una calle vacia,",DE_WR_37_25_12_14_LL,33,1,38_1,2018,Hamburg,Upper intermediate,4,female,25,masc,PRE,MC,DEF,NE,N,dp,86,No,13,12,Yes,15,Outsideclassroom,Yes,Italian,pasear,periphrasis-gerund,NA,NA
y se gira,DE_WR_37_25_12_14_LL,33,10,38_10,2018,Hamburg,Upper intermediate,4,female,25,masc,NA,MC,NA,GI,Y,nullsub,86,No,13,12,Yes,15,Outsideclassroom,Yes,Italian,girarse,simple-finite,NA,NA
Cuando pasa una mujer con un coche.,DE_WR_37_25_12_14_LL,33,12,38_12,2018,Hamburg,Upper intermediate,4,female,25,fem,POST,SC,INDEF,GI,N,dp,86,No,13,12,Yes,15,Outsideclassroom,Yes,Italian,pasar,simple-finite,NA,NA
"Tiene la idea de dejar el bebe en ese coche,",DE_WR_37_25_12_14_LL,33,13,38_13,2018,Hamburg,Upper intermediate,4,female,25,masc,NA,MC,NA,GI,N,nullsub,86,No,13,12,Yes,15,Outsideclassroom,Yes,Italian,tener,simple-finite,NA,NA
pero cuando la mama sale de la casa,DE_WR_37_25_12_14_LL,33,14,38_14,2018,Hamburg,Upper intermediate,4,female,25,fem,PRE,SC,DEF,GI,N,dp,86,No,13,12,Yes,15,Outsideclassroom,Yes,Italian,salir,simple-finite,NA,NA
se enoje tanto,DE_WR_37_25_12_14_LL,33,15,38_15,2018,Hamburg,Upper intermediate,4,female,25,fem,NA,MC,NA,GI,Y,nullsub,86,No,13,12,Yes,15,Outsideclassroom,Yes,Italian,enojarse,simple-finite,NA,NA
que Chaplin lo toma en sus brazos otra vez.,DE_WR_37_25_12_14_LL,33,16,38_16,2018,Hamburg,Upper intermediate,4,female,25,fem,PRE,SC,DEF,GI,N,dp,86,No,13,12,Yes,15,Outsideclassroom,Yes,Italian,tomar,simple-finite,NA,NA
"Se va detras de la esquina,",DE_WR_37_25_12_14_LL,33,17,38_17,2018,Hamburg,Upper intermediate,4,female,25,masc,NA,MC,NA,GI,Y,nullsub,86,No,13,12,Yes,15,Outsideclassroom,Yes,Italian,irse,simple-finite,NA,NA
cuando pasa el policia.,DE_WR_37_25_12_14_LL,33,19,38_19,2018,Hamburg,Upper intermediate,4,female,25,masc,POST,SC,DEF,NE,N,dp,86,No,13,12,Yes,15,Outsideclassroom,Yes,Italian,pasar,simple-finite,NA,NA
Le dice,DE_WR_37_25_12_14_LL,33,20,38_20,2018,Hamburg,Upper intermediate,4,female,25,masc,NA,MC,NA,GI,Y,nullsub,86,No,13,12,Yes,15,Outsideclassroom,Yes,Italian,decir,simple-finite,NA,NA
asi que se lo lleva otra vez.,DE_WR_37_25_12_14_LL,33,22,38_22,2018,Hamburg,Upper intermediate,4,female,25,masc,NA,MC,NA,GI,N,nullsub,86,No,13,12,Yes,15,Outsideclassroom,Yes,Italian,llevarse,simple-finite,NA,NA
qie Chaplin no tiene buena suerte.,DE_WR_37_25_12_14_LL,33,24,38_24,2018,Hamburg,Upper intermediate,4,female,25,masc,PRE,SC,DEF,GI,Y,dp,86,No,13,12,Yes,15,Outsideclassroom,Yes,Italian,tener,simple-finite,NA,NA
Derepente pasa un hombre,DE_WR_37_25_12_14_LL,33,25,38_25,2018,Hamburg,Upper intermediate,4,female,25,masc,POST,MC,INDEF,NE,N,dp,86,No,13,12,Yes,15,Outsideclassroom,Yes,Italian,caer,simple-finite,NA,NA
"y Chaplin intenta a dejar el bebe con el,",DE_WR_37_25_12_14_LL,33,26,38_26,2018,Hamburg,Upper intermediate,4,female,25,masc,PRE,MC,DEF,GI,N,dp,86,No,13,12,Yes,15,Outsideclassroom,Yes,Italian,intentar,infinitive,NA,NA
que el bebe llega otra vez en sus brazos.,DE_WR_37_25_12_14_LL,33,28,38_28,2018,Hamburg,Upper intermediate,4,female,25,masc,PRE,SC,DEF,GI,N,dp,86,No,13,12,Yes,15,Outsideclassroom,Yes,Italian,llegar,simple-finite,NA,NA
"Se siente en la marchapiede,",DE_WR_37_25_12_14_LL,33,29,38_29,2018,Hamburg,Upper intermediate,4,female,25,masc,NA,MC,NA,GI,N,nullsub,86,No,13,12,Yes,15,Outsideclassroom,Yes,Italian,sentarse,simple-finite,NA,NA
"De repente le calle basura encima,",DE_WR_37_25_12_14_LL,33,3,38_3,2018,Hamburg,Upper intermediate,4,female,25,fem,POST,MC,INDEF,NE,N,dp,86,No,13,12,Yes,15,Outsideclassroom,Yes,Italian,caer,simple-finite,NA,NA
Chaplin no se atreve,DE_WR_37_25_12_14_LL,33,31,38_31,2018,Hamburg,Upper intermediate,4,female,25,masc,PRE,MC,DEF,GI,Y,dp,86,No,13,12,Yes,15,Outsideclassroom,Yes,Italian,atreverse,simple-finite,NA,NA
saca una letra.,DE_WR_37_25_12_14_LL,33,33,38_33,2018,Hamburg,Upper intermediate,4,female,25,masc,NA,MC,NA,GI,Y,nullsub,86,No,13,12,Yes,15,Outsideclassroom,Yes,Italian,sacar,simple-finite,NA,NA
Ese mismo bebe es un orfanato,DE_WR_37_25_12_14_LL,33,34,38_34,2018,Hamburg,Upper intermediate,4,female,25,masc,PRE,MC,DEF,GI,N,dp,86,No,13,12,Yes,15,Outsideclassroom,Yes,Italian,ser,simple-finite,NA,NA
que alguien esta tirando de una ventana.,DE_WR_37_25_12_14_LL,33,4,38_4,2018,Hamburg,Upper intermediate,4,female,25,unknown,PRE,SC,INDEF,NE,N,pron,86,No,13,12,Yes,15,Outsideclassroom,Yes,Italian,tirar,periphrasis-gerund,NA,NA
Cuando Chaplon quiere fumar una cigara,DE_WR_37_25_12_14_LL,33,5,38_5,2018,Hamburg,Upper intermediate,4,female,25,masc,PRE,SC,DEF,GI,N,dp,86,No,13,12,Yes,15,Outsideclassroom,Yes,Italian,fumar,modal,NA,NA
"y esta buscando el encendedor,",DE_WR_37_25_12_14_LL,33,6,38_6,2018,Hamburg,Upper intermediate,4,female,25,masc,NA,MC,NA,GI,Y,nullsub,86,No,13,12,Yes,15,Outsideclassroom,Yes,Italian,buscar,periphrasis-gerund,NA,NA
ve,DE_WR_37_25_12_14_LL,33,7,38_7,2018,Hamburg,Upper intermediate,4,female,25,masc,NA,MC,NA,GI,Y,nullsub,86,No,13,12,Yes,15,Outsideclassroom,Yes,Italian,ver,simple-finite,NA,NA
Lo toma en sus brazos,DE_WR_37_25_12_14_LL,33,9,38_9,2018,Hamburg,Upper intermediate,4,female,25,masc,NA,MC,NA,GI,N,nullsub,86,No,13,12,Yes,15,Outsideclassroom,Yes,Italian,tomar,simple-finite,NA,NA
Charly Chaplin fue de paseo en una calle.,DE_WR_37_26_3_14_JH,34,1,39_1,2019,Lisbon,Upper intermediate,4,female,26,masc,PRE,MC,DEF,NE,N,dp,86,No,16,3,Yes,5,Outsideclassroom,No,French,ser,simple-finite,NA,NA
pero un guardia lo vio.,DE_WR_37_26_3_14_JH,34,10,39_10,2019,Lisbon,Upper intermediate,4,female,26,masc,PRE,MC,INDEF,NE,N,dp,86,No,16,3,Yes,5,Outsideclassroom,No,French,ver,simple-finite,NA,NA
"Despues de un rato, Charly Chaplin encontró un papel en la ropa del bebe",DE_WR_37_26_3_14_JH,34,11,39_11,2019,Lisbon,Upper intermediate,4,female,26,masc,PRE,MC,DEF,GI,N,dp,86,No,16,3,Yes,5,Outsideclassroom,No,French,encontrar,simple-finite,NA,NA
que dice,DE_WR_37_26_3_14_JH,34,12,39_12,2019,Lisbon,Upper intermediate,4,female,26,masc,PRE,SC,DEF,GI,N,pron,86,No,16,3,Yes,5,Outsideclassroom,No,French,decir,simple-finite,NA,NA
que este bebe es un huerfano,DE_WR_37_26_3_14_JH,34,13,39_13,2019,Lisbon,Upper intermediate,4,female,26,masc,PRE,SC,DEF,GI,N,dp,86,No,16,3,Yes,5,Outsideclassroom,No,French,ser,simple-finite,NA,NA
y pide,DE_WR_37_26_3_14_JH,34,14,39_14,2019,Lisbon,Upper intermediate,4,female,26,masc,NA,MC,NA,GI,N,nullsub,86,No,16,3,Yes,5,Outsideclassroom,No,French,pedir,simple-finite,NA,NA
que la persona […] lo ame,DE_WR_37_26_3_14_JH,34,15,39_15,2019,Lisbon,Upper intermediate,4,female,26,fem,PRE,SC,DEF,GI,N,dp,86,No,16,3,Yes,5,Outsideclassroom,No,French,amar,simple-finite,NA,NA
que encuentra al bebe,DE_WR_37_26_3_14_JH,34,16,39_16,2019,Lisbon,Upper intermediate,4,female,26,fem,PRE,SC,DEF,GI,Y,pron,86,No,16,3,Yes,5,Outsideclassroom,No,French,encontrar,simple-finite,NA,NA
y se preocupe.,DE_WR_37_26_3_14_JH,34,17,39_17,2019,Lisbon,Upper intermediate,4,female,26,masc,NA,MC,NA,GI,Y,nullsub,86,No,16,3,Yes,5,Outsideclassroom,No,French,preocuparse,simple-finite,NA,NA
Charly Chaplin decide guardar al bebe.,DE_WR_37_26_3_14_JH,34,18,39_18,2019,Lisbon,Upper intermediate,4,female,26,masc,PRE,MC,DEF,GI,N,dp,86,No,16,3,Yes,5,Outsideclassroom,No,French,decidir,simple-finite,NA,NA
Encontró a un bebe,DE_WR_37_26_3_14_JH,34,2,39_2,2019,Lisbon,Upper intermediate,4,female,26,masc,NA,MC,NA,GI,Y,nullsub,86,No,16,3,Yes,5,Outsideclassroom,No,French,encontrar,simple-finite,NA,NA
y no sabia,DE_WR_37_26_3_14_JH,34,3,39_3,2019,Lisbon,Upper intermediate,4,female,26,masc,NA,MC,NA,GI,Y,nullsub,86,No,16,3,Yes,5,Outsideclassroom,No,French,saber,simple-finite,NA,NA
lo que podría hacer con el nino.,DE_WR_37_26_3_14_JH,34,4,39_4,2019,Lisbon,Upper intermediate,4,female,26,masc,NA,SC,NA,GI,Y,nullsub,86,No,16,3,Yes,5,Outsideclassroom,No,French,hacer,modal,NA,NA
Vio a una mujer con un cochecito para ninos con un bebe por dentro,DE_WR_37_26_3_14_JH,34,5,39_5,2019,Lisbon,Upper intermediate,4,female,26,masc,NA,MC,NA,GI,Y,nullsub,86,No,16,3,Yes,5,Outsideclassroom,No,French,ver,simple-finite,NA,NA
y tenía la idea de darla el bebe,DE_WR_37_26_3_14_JH,34,6,39_6,2019,Lisbon,Upper intermediate,4,female,26,masc,NA,MC,NA,GI,Y,nullsub,86,No,16,3,Yes,5,Outsideclassroom,No,French,tener,simple-finite,NA,NA
que había encontrado.,DE_WR_37_26_3_14_JH,34,7,39_7,2019,Lisbon,Upper intermediate,4,female,26,masc,PRE,SC,DEF,GI,N,pron,86,No,16,3,Yes,5,Outsideclassroom,No,French,encontrar,simple-finite,NA,NA
Pero la mujer no quería guardar al bebe.,DE_WR_37_26_3_14_JH,34,8,39_8,2019,Lisbon,Upper intermediate,4,female,26,fem,PRE,MC,DEF,GI,N,dp,86,No,16,3,Yes,5,Outsideclassroom,No,French,guardar,modal,NA,NA
"Charly Chaplin quería dejar el bebe en la calle,",DE_WR_37_26_3_14_JH,34,9,39_9,2019,Lisbon,Upper intermediate,4,female,26,masc,PRE,MC,DEF,GI,N,dp,86,No,16,3,Yes,5,Outsideclassroom,No,French,dejar,modal,NA,NA
No tengo tiempo ni  dinero para ir al exzranjero por varios meses.,DE_WR_20_50_2_14_HO,35,10,4_10,2018,NA,Lower beginner,1,male,50,1st_person,NA,MC,NA,GI,N,nullsub,46.5,No,48,2,No,20,Outsideclassroom,Yes,"English, Italian",tener,simple-finite,NA,NA
"Habo italiano,",DE_WR_20_50_2_14_HO,35,11,4_11,2018,NA,Lower beginner,1,male,50,1st_person,NA,MC,NA,GI,Y,nullsub,46.5,No,48,2,No,20,Outsideclassroom,Yes,"English, Italian",hablar,simple-finite,NA,NA
"entiendo un poco,",DE_WR_20_50_2_14_HO,35,12,4_12,2018,NA,Lower beginner,1,male,50,1st_person,NA,MC,NA,GI,Y,nullsub,46.5,No,48,2,No,20,Outsideclassroom,Yes,"English, Italian",entender,simple-finite,NA,NA
hago muchos fallos,DE_WR_20_50_2_14_HO,35,13,4_13,2018,NA,Lower beginner,1,male,50,1st_person,NA,MC,NA,GI,Y,nullsub,46.5,No,48,2,No,20,Outsideclassroom,Yes,"English, Italian",hacer,simple-finite,NA,NA
No me averguenzo...,DE_WR_20_50_2_14_HO,35,14,4_14,2018,NA,Lower beginner,1,male,50,1st_person,NA,MC,NA,GI,Y,nullsub,46.5,No,48,2,No,20,Outsideclassroom,Yes,"English, Italian",avergonzarse,simple-finite,NA,NA
he estado de vacaziones en paìses de habla hispana varias veces.,DE_WR_20_50_2_14_HO,35,15,4_15,2018,NA,Lower beginner,1,male,50,1st_person,NA,MC,NA,GI,Y,nullsub,46.5,No,48,2,No,20,Outsideclassroom,Yes,"English, Italian",estar,simple-finite,NA,NA
"Construí una casa,",DE_WR_20_50_2_14_HO,35,16,4_16,2018,NA,Lower beginner,1,male,50,1st_person,NA,MC,NA,GI,Y,nullsub,46.5,No,48,2,No,20,Outsideclassroom,Yes,"English, Italian",construir,simple-finite,NA,NA
tengo que pagar unos años màs.,DE_WR_20_50_2_14_HO,35,17,4_17,2018,NA,Lower beginner,1,male,50,1st_person,NA,MC,NA,GI,Y,nullsub,46.5,No,48,2,No,20,Outsideclassroom,Yes,"English, Italian",pagar,simple-finite,NA,NA
"Si puedo ir a la pension,",DE_WR_20_50_2_14_HO,35,18,4_18,2018,NA,Lower beginner,1,male,50,1st_person,NA,MC,NA,GI,Y,nullsub,46.5,No,48,2,No,20,Outsideclassroom,Yes,"English, Italian",ir,modal,NA,NA
seria un deseo y un sueño emigrar en España.,DE_WR_20_50_2_14_HO,35,19,4_19,2018,NA,Lower beginner,1,male,50,1st_person,POST,MC,INDEF,NE,N,dp,46.5,No,48,2,No,20,Outsideclassroom,Yes,"English, Italian",ser,simple-finite,NA,NA
Nunca aprendì espanol.,DE_WR_20_50_2_14_HO,35,2,4_2,2018,NA,Lower beginner,1,male,50,1st_person,NA,MC,NA,GI,N,nullsub,46.5,No,48,2,No,20,Outsideclassroom,Yes,"English, Italian",aprender,simple-finite,NA,NA
Entonces estoy seguro,DE_WR_20_50_2_14_HO,35,20,4_20,2018,NA,Lower beginner,1,male,50,1st_person,NA,MC,NA,GI,N,nullsub,46.5,No,48,2,No,20,Outsideclassroom,Yes,"English, Italian",estar,simple-finite,NA,NA
de que puedo aprender este hermoso lenguaje ràpidamente.,DE_WR_20_50_2_14_HO,35,21,4_21,2018,NA,Lower beginner,1,male,50,1st_person,NA,MC,NA,GI,Y,nullsub,46.5,No,48,2,No,20,Outsideclassroom,Yes,"English, Italian",aprender,modal,NA,NA
Mi español es absolutamente malo.,DE_WR_20_50_2_14_HO,35,22,4_22,2018,NA,Lower beginner,1,male,50,masc,PRE,MC,DEF,GI,N,dp,46.5,No,48,2,No,20,Outsideclassroom,Yes,"English, Italian",ser,simple-finite,NA,NA
Quiero,DE_WR_20_50_2_14_HO,35,23,4_23,2018,NA,Lower beginner,1,male,50,1st_person,NA,MC,NA,GI,N,nullsub,46.5,No,48,2,No,20,Outsideclassroom,Yes,"English, Italian",querer,simple-finite,NA,NA
y lo aprenderè.,DE_WR_20_50_2_14_HO,35,24,4_24,2018,NA,Lower beginner,1,male,50,1st_person,NA,MC,NA,GI,Y,nullsub,46.5,No,48,2,No,20,Outsideclassroom,Yes,"English, Italian",aprender,simple-finite,NA,NA
Vamos a ver,DE_WR_20_50_2_14_HO,35,25,4_25,2018,NA,Lower beginner,1,male,50,1st_person,NA,MC,NA,GI,N,nullsub,46.5,No,48,2,No,20,Outsideclassroom,Yes,"English, Italian",ver,simple-finite,NA,NA
Quiero aprender esta lengua.,DE_WR_20_50_2_14_HO,35,3,4_3,2018,NA,Lower beginner,1,male,50,1st_person,NA,MC,NA,GI,Y,nullsub,46.5,No,48,2,No,20,Outsideclassroom,Yes,"English, Italian",aprender,simple-finite,NA,NA
Me gusta mucho la gente...la tradición...la musica.,DE_WR_20_50_2_14_HO,35,4,4_4,2018,NA,Lower beginner,1,male,50,1st_person,POST,MC,DEF,GI,N,dp,46.5,No,48,2,No,20,Outsideclassroom,Yes,"English, Italian",gustar,simple-finite,NA,NA
Soy un miembro de algunos grupos .,DE_WR_20_50_2_14_HO,35,6,4_6,2018,NA,Lower beginner,1,male,50,1st_person,NA,MC,NA,NE,N,nullsub,46.5,No,48,2,No,20,Outsideclassroom,Yes,"English, Italian",ser,simple-finite,NA,NA
oigo musuca latinoamericana,DE_WR_20_50_2_14_HO,35,7,4_7,2018,NA,Lower beginner,1,male,50,1st_person,NA,MC,NA,GI,Y,nullsub,46.5,No,48,2,No,20,Outsideclassroom,Yes,"English, Italian",oír,simple-finite,NA,NA
y tambien hago algunas esercicios en internet.,DE_WR_20_50_2_14_HO,35,8,4_8,2018,NA,Lower beginner,1,male,50,unknown,NA,MC,NA,GI,Y,nullsub,46.5,No,48,2,No,20,Outsideclassroom,Yes,"English, Italian",hacer,simple-finite,NA,NA
Es un sueńo de mi aprender màs..mucho màs.,DE_WR_20_50_2_14_HO,35,9,4_9,2018,NA,Lower beginner,1,male,50,1st_person,POST,MC,INDEF,NE,N,dp,46.5,No,48,2,No,20,Outsideclassroom,Yes,"English, Italian",ser,simple-finite,NA,NA
que lo dejo en el suelo.,DE_WR_38_21_10_14_HYR,36,10,40_10,2018,Granada,Upper intermediate,4,male,21,unknown,PRE,SC,DEF,GI,N,pron,88.4,No,11,10,Yes,900,Insideclassroom,No,Hebrew,dejar,simple-finite,NA,NA
Va trás una mujer con coche,DE_WR_38_21_10_14_HYR,36,11,40_11,2018,Granada,Upper intermediate,4,male,21,masc,NA,MC,NA,GI,N,nullsub,88.4,No,11,10,Yes,900,Insideclassroom,No,Hebrew,ir,simple-finite,NA,NA
y pone el bebé adentro.,DE_WR_38_21_10_14_HYR,36,12,40_12,2018,Granada,Upper intermediate,4,male,21,masc,NA,MC,DEF,GI,Y,nullsub,88.4,No,11,10,Yes,900,Insideclassroom,No,Hebrew,poner,simple-finite,NA,NA
"Ella se enfada,",DE_WR_38_21_10_14_HYR,36,13,40_13,2018,Granada,Upper intermediate,4,male,21,fem,PRE,MC,DEF,GI,N,pron,88.4,No,11,10,Yes,900,Insideclassroom,No,Hebrew,enfadarse,simple-finite,NA,NA
así que regcoge otra vez al bebé,DE_WR_38_21_10_14_HYR,36,14,40_14,2018,Granada,Upper intermediate,4,male,21,masc,NA,MC,NA,GI,N,nullsub,88.4,No,11,10,Yes,900,Insideclassroom,No,Hebrew,recoger,simple-finite,NA,NA
y se lo da a un viejito.,DE_WR_38_21_10_14_HYR,36,15,40_15,2018,Granada,Upper intermediate,4,male,21,masc,NA,MC,NA,GI,Y,nullsub,88.4,No,11,10,Yes,900,Insideclassroom,No,Hebrew,dar,simple-finite,NA,NA
Este tampoco quiere quedarse con el bebé,DE_WR_38_21_10_14_HYR,36,16,40_16,2018,Granada,Upper intermediate,4,male,21,masc,PRE,MC,DEF,GI,N,pron,88.4,No,11,10,Yes,900,Insideclassroom,No,Hebrew,quedarse,modal,NA,NA
y lo devuelva a Charlie.,DE_WR_38_21_10_14_HYR,36,17,40_17,2018,Granada,Upper intermediate,4,male,21,masc,NA,MC,NA,GI,Y,nullsub,88.4,No,11,10,Yes,900,Insideclassroom,No,Hebrew,devolver,simple-finite,NA,NA
Un policiaco está por allí,DE_WR_38_21_10_14_HYR,36,18,40_18,2018,Granada,Upper intermediate,4,male,21,masc,PRE,MC,INDEF,NE,N,dp,88.4,No,11,10,Yes,900,Insideclassroom,No,Hebrew,estar,simple-finite,NA,NA
Charlie se sienta al suelo,DE_WR_38_21_10_14_HYR,36,21,40_21,2018,Granada,Upper intermediate,4,male,21,masc,PRE,MC,DEF,GI,N,dp,88.4,No,11,10,Yes,900,Insideclassroom,No,Hebrew,sentarse,simple-finite,NA,NA
y encuentra un papelito dentro de las telas,DE_WR_38_21_10_14_HYR,36,22,40_22,2018,Granada,Upper intermediate,4,male,21,masc,NA,MC,NA,GI,Y,nullsub,88.4,No,11,10,Yes,900,Insideclassroom,No,Hebrew,encontrar,simple-finite,NA,NA
que enrollan al bebé.,DE_WR_38_21_10_14_HYR,36,23,40_23,2018,Granada,Upper intermediate,4,male,21,fem,PRE,SC,DEF,GI,N,pron,88.4,No,11,10,Yes,900,Insideclassroom,No,Hebrew,envolver,simple-finite,NA,NA
que la persona […]  tiene que cuidar al órfano.,DE_WR_38_21_10_14_HYR,36,25,40_25,2018,Granada,Upper intermediate,4,male,21,fem,PRE,SC,DEF,GI,N,dp,88.4,No,11,10,Yes,900,Insideclassroom,No,Hebrew,cuidar,modal,NA,NA
que encuentre al bebé,DE_WR_38_21_10_14_HYR,36,26,40_26,2018,Granada,Upper intermediate,4,male,21,fem,PRE,SC,DEF,GI,Y,pron,88.4,No,11,10,Yes,900,Insideclassroom,No,Hebrew,encontrar,simple-finite,NA,NA
Al final Charlie se levanta,DE_WR_38_21_10_14_HYR,36,27,40_27,2018,Granada,Upper intermediate,4,male,21,masc,PRE,MC,DEF,GI,N,dp,88.4,No,11,10,Yes,900,Insideclassroom,No,Hebrew,levantarse,simple-finite,NA,NA
y sale de la pantalla con el bebé en sus brazos.,DE_WR_38_21_10_14_HYR,36,28,40_28,2018,Granada,Upper intermediate,4,male,21,masc,NA,MC,NA,GI,Y,nullsub,88.4,No,11,10,Yes,900,Insideclassroom,No,Hebrew,salir,simple-finite,NA,NA
Muchos basureros están por allí.,DE_WR_38_21_10_14_HYR,36,3,40_3,2018,Granada,Upper intermediate,4,male,21,1st_person,PRE,MC,INDEF,NE,N,dp,88.4,No,11,10,Yes,900,Insideclassroom,No,Hebrew,estar,simple-finite,NA,NA
de repente cae basura desde arriba al hombro de Charlie.,DE_WR_38_21_10_14_HYR,36,4,40_4,2018,Granada,Upper intermediate,4,male,21,masc,POST,MC,INDEF,NE,N,dp,88.4,No,11,10,Yes,900,Insideclassroom,No,Hebrew,ser,simple-finite,NA,NA
Este bota sus guantes al basurero,DE_WR_38_21_10_14_HYR,36,5,40_5,2018,Granada,Upper intermediate,4,male,21,masc,PRE,MC,DEF,GI,N,pron,88.4,No,11,10,Yes,900,Insideclassroom,No,Hebrew,botar,simple-finite,NA,NA
y se entera,DE_WR_38_21_10_14_HYR,36,6,40_6,2018,Granada,Upper intermediate,4,male,21,masc,NA,MC,NA,GI,Y,nullsub,88.4,No,11,10,Yes,900,Insideclassroom,No,Hebrew,enterarse,simple-finite,NA,NA
de que un bebé está al lado del basurero.,DE_WR_38_21_10_14_HYR,36,7,40_7,2018,Granada,Upper intermediate,4,male,21,masc,PRE,MC,INDEF,NE,N,dp,88.4,No,11,10,Yes,900,Insideclassroom,No,Hebrew,estar,simple-finite,NA,NA
Lo recoge,DE_WR_38_21_10_14_HYR,36,8,40_8,2018,Granada,Upper intermediate,4,male,21,masc,NA,MC,NA,GI,N,nullsub,88.4,No,11,10,Yes,900,Insideclassroom,No,Hebrew,recoger,simple-finite,NA,NA
y busca a la persona,DE_WR_38_21_10_14_HYR,36,9,40_9,2018,Granada,Upper intermediate,4,male,21,masc,PRE,MC,DEF,GI,Y,pron,88.4,No,11,10,Yes,900,Insideclassroom,No,Hebrew,buscar,simple-finite,NA,NA
Un hombre anda en una calle,DE_WR_38_21_7_14_CW,37,1,41_1,2018,Hamburg,Lower advanced,5,female,21,masc,PRE,MC,INDEF,NE,N,dp,88.4,No,14,7,Yes,5,Insideclassroom,Yes,English,andar,simple-finite,NA,NA
"Desgraciadamente, la mujer está muy argumentativa",DE_WR_38_21_7_14_CW,37,10,41_10,2018,Hamburg,Lower advanced,5,female,21,fem,PRE,MC,DEF,GI,Y,dp,88.4,No,14,7,Yes,5,Insideclassroom,Yes,English,estar,simple-finite,NA,NA
porque el bebé no es suya.,DE_WR_38_21_7_14_CW,37,11,41_11,2018,Hamburg,Lower advanced,5,female,21,masc,PRE,SC,DEF,GI,N,dp,88.4,No,14,7,Yes,5,Insideclassroom,Yes,English,ser,simple-finite,NA,NA
"Entonces, el hombre trata de dar el bebé a otro hombre",DE_WR_38_21_7_14_CW,37,12,41_12,2018,Hamburg,Lower advanced,5,female,21,masc,PRE,MC,DEF,GI,N,dp,88.4,No,14,7,Yes,5,Insideclassroom,Yes,English,tratar,periphrasis-lexical,NA,NA
y se va rápidamente.,DE_WR_38_21_7_14_CW,37,13,41_13,2018,Hamburg,Lower advanced,5,female,21,masc,NA,MC,NA,GI,Y,nullsub,88.4,No,14,7,Yes,5,Insideclassroom,Yes,English,irse,simple-finite,NA,NA
"Como el primer hombre, este hombre piensa también",DE_WR_38_21_7_14_CW,37,14,41_14,2018,Hamburg,Lower advanced,5,female,21,masc,PRE,MC,DEF,GI,N,dp,88.4,No,14,7,Yes,5,Insideclassroom,Yes,English,pensar,simple-finite,NA,NA
que es el bebé de la madre de la niña,DE_WR_38_21_7_14_CW,37,15,41_15,2018,Hamburg,Lower advanced,5,female,21,masc,POST,SC,DEF,GI,N,dp,88.4,No,14,7,Yes,5,Insideclassroom,Yes,English,ser,simple-finite,NA,NA
y pone el bebé cerca de la niña.,DE_WR_38_21_7_14_CW,37,16,41_16,2018,Hamburg,Lower advanced,5,female,21,masc,NA,MC,NA,GI,N,nullsub,88.4,No,14,7,Yes,5,Insideclassroom,Yes,English,poner,simple-finite,NA,NA
"Cuando la mujer vuelve a su hija,",DE_WR_38_21_7_14_CW,37,17,41_17,2018,Hamburg,Lower advanced,5,female,21,fem,PRE,MC,DEF,GI,N,dp,88.4,No,14,7,Yes,5,Insideclassroom,Yes,English,volver,simple-finite,NA,NA
solamente ve el primer hombre,DE_WR_38_21_7_14_CW,37,18,41_18,2018,Hamburg,Lower advanced,5,female,21,masc,NA,MC,NA,GI,Y,nullsub,88.4,No,14,7,Yes,5,Insideclassroom,Yes,English,ver,simple-finite,NA,NA
y encuentra a un bebé,DE_WR_38_21_7_14_CW,37,2,41_2,2018,Hamburg,Lower advanced,5,female,21,masc,NA,MC,NA,GI,Y,nullsub,88.4,No,14,7,Yes,5,Insideclassroom,Yes,English,encontrar,simple-finite,NA,NA
y le da el bebé otra vez.,DE_WR_38_21_7_14_CW,37,20,41_20,2018,Hamburg,Lower advanced,5,female,21,masc,NA,MC,NA,GI,N,nullsub,88.4,No,14,7,Yes,5,Insideclassroom,Yes,English,dar,simple-finite,NA,NA
"Después, el hombre lee una carta",DE_WR_38_21_7_14_CW,37,21,41_21,2018,Hamburg,Lower advanced,5,female,21,masc,PRE,MC,DEF,GI,N,dp,88.4,No,14,7,Yes,5,Insideclassroom,Yes,English,leer,simple-finite,NA,NA
que el bebé es un órfano,DE_WR_38_21_7_14_CW,37,23,41_23,2018,Hamburg,Lower advanced,5,female,21,masc,PRE,SC,DEF,GI,N,dp,88.4,No,14,7,Yes,5,Insideclassroom,Yes,English,ser,simple-finite,NA,NA
y que la persona […] debe cuidarlo.,DE_WR_38_21_7_14_CW,37,24,41_24,2018,Hamburg,Lower advanced,5,female,21,fem,PRE,MC,DEF,NE,N,dp,88.4,No,14,7,Yes,5,Insideclassroom,Yes,English,cuidar,modal,NA,NA
que encuentre al bebé,DE_WR_38_21_7_14_CW,37,25,41_25,2018,Hamburg,Lower advanced,5,female,21,fem,PRE,SC,DEF,GI,Y,pron,88.4,No,14,7,Yes,5,Insideclassroom,Yes,English,encontrar,simple-finite,NA,NA
"Por eso, el hombre decide",DE_WR_38_21_7_14_CW,37,26,41_26,2018,Hamburg,Lower advanced,5,female,21,masc,PRE,MC,DEF,GI,N,dp,88.4,No,14,7,Yes,5,Insideclassroom,Yes,English,decidir,simple-finite,NA,NA
que quiere cuidar al bebé.,DE_WR_38_21_7_14_CW,37,27,41_27,2018,Hamburg,Lower advanced,5,female,21,masc,NA,SC,NA,GI,Y,nullsub,88.4,No,14,7,Yes,5,Insideclassroom,Yes,English,cuidar,modal,NA,NA
que está en la basura.,DE_WR_38_21_7_14_CW,37,3,41_3,2018,Hamburg,Lower advanced,5,female,21,masc,PRE,SC,DEF,GI,N,pron,88.4,No,14,7,Yes,5,Insideclassroom,Yes,English,estar,simple-finite,NA,NA
El hombre toma el bebé,DE_WR_38_21_7_14_CW,37,5,41_5,2018,Hamburg,Lower advanced,5,female,21,masc,PRE,MC,DEF,GI,N,dp,88.4,No,14,7,Yes,5,Insideclassroom,Yes,English,tomar,simple-finite,NA,NA
para que vuelva a su familia.,DE_WR_38_21_7_14_CW,37,6,41_6,2018,Hamburg,Lower advanced,5,female,21,masc,NA,SC,NA,GI,N,nullsub,88.4,No,14,7,Yes,5,Insideclassroom,Yes,English,volver,simple-finite,NA,NA
"Cuando ve una mujer con una niña pequeña,",DE_WR_38_21_7_14_CW,37,7,41_7,2018,Hamburg,Lower advanced,5,female,21,masc,NA,MC,NA,GI,N,nullsub,88.4,No,14,7,Yes,5,Insideclassroom,Yes,English,ver,simple-finite,NA,NA
el hombre piensa,DE_WR_38_21_7_14_CW,37,8,41_8,2018,Hamburg,Lower advanced,5,female,21,masc,PRE,MC,DEF,GI,Y,dp,88.4,No,14,7,Yes,5,Insideclassroom,Yes,English,pensar,simple-finite,NA,NA
que la mujer es la madre del bebé también.,DE_WR_38_21_7_14_CW,37,9,41_9,2018,Hamburg,Lower advanced,5,female,21,fem,PRE,SC,DEF,GI,N,dp,88.4,No,14,7,Yes,5,Insideclassroom,Yes,English,ser,simple-finite,NA,NA
El video es una pelicuala selencia [...] en negro y blanco,DE_WR_38_21_8_14_NP,38,1,42_1,2018,Granada,Upper intermediate,4,female,21,masc,PRE,MC,DEF,NE,N,dp,88.4,No,13,8,No,17,Outsideclassroom,No,English,ser,simple-finite,NA,NA
Charlie Chaplin ve a un bebé abandonado en el piso.,DE_WR_38_21_8_14_NP,38,10,42_10,2018,Granada,Upper intermediate,4,female,21,masc,PRE,MC,DEF,GI,Y,dp,88.4,No,13,8,No,17,Outsideclassroom,No,English,ver,simple-finite,NA,NA
Lo tome en su abrazo,DE_WR_38_21_8_14_NP,38,11,42_11,2018,Granada,Upper intermediate,4,female,21,masc,NA,MC,NA,GI,Y,nullsub,88.4,No,13,8,No,17,Outsideclassroom,No,English,tomar,simple-finite,NA,NA
y busca a un lugar para ponerlo.,DE_WR_38_21_8_14_NP,38,12,42_12,2018,Granada,Upper intermediate,4,female,21,masc,NA,MC,NA,GI,Y,nullsub,88.4,No,13,8,No,17,Outsideclassroom,No,English,buscar,simple-finite,NA,NA
Una mujer pasa con su bebé,DE_WR_38_21_8_14_NP,38,13,42_13,2018,Granada,Upper intermediate,4,female,21,fem,PRE,MC,INDEF,NE,N,dp,88.4,No,13,8,No,17,Outsideclassroom,No,English,pasar,simple-finite,NA,NA
y él decide ponerlo con su bebé.,DE_WR_38_21_8_14_NP,38,14,42_14,2018,Granada,Upper intermediate,4,female,21,masc,PRE,MC,DEF,GI,N,pron,88.4,No,13,8,No,17,Outsideclassroom,No,English,decidir,infinitive,NA,NA
Ella se enfadada,DE_WR_38_21_8_14_NP,38,15,42_15,2018,Granada,Upper intermediate,4,female,21,fem,PRE,MC,DEF,GI,N,pron,88.4,No,13,8,No,17,Outsideclassroom,No,English,enfadarse,simple-finite,NA,NA
y por eso Chaplin tiene que buscar otra solucion.,DE_WR_38_21_8_14_NP,38,16,42_16,2018,Granada,Upper intermediate,4,female,21,masc,PRE,MC,DEF,GI,N,dp,88.4,No,13,8,No,17,Outsideclassroom,No,English,buscar,modal,NA,NA
El video continua con la busca de una person,DE_WR_38_21_8_14_NP,38,17,42_17,2018,Granada,Upper intermediate,4,female,21,masc,PRE,MC,DEF,GI,N,dp,88.4,No,13,8,No,17,Outsideclassroom,No,English,continuar,simple-finite,NA,NA
que puede cuidar al bebé.,DE_WR_38_21_8_14_NP,38,18,42_18,2018,Granada,Upper intermediate,4,female,21,masc,NA,SC,NA,GI,N,nullsub,88.4,No,13,8,No,17,Outsideclassroom,No,English,cuidar,modal,NA,NA
"Al finales, Charlie Chaplin encuentra",DE_WR_38_21_8_14_NP,38,19,42_19,2018,Granada,Upper intermediate,4,female,21,masc,PRE,MC,DEF,GI,N,dp,88.4,No,13,8,No,17,Outsideclassroom,No,English,encontrar,simple-finite,NA,NA
(sólo tiene musica),DE_WR_38_21_8_14_NP,38,2,42_2,2018,Granada,Upper intermediate,4,female,21,masc,NA,MC,NA,GI,Y,nullsub,88.4,No,13,8,No,17,Outsideclassroom,No,English,tener,simple-finite,NA,NA
que el bebé tiene una carta,DE_WR_38_21_8_14_NP,38,20,42_20,2018,Granada,Upper intermediate,4,female,21,masc,PRE,SC,DEF,GI,N,dp,88.4,No,13,8,No,17,Outsideclassroom,No,English,tener,simple-finite,NA,NA
que pide a la persona,DE_WR_38_21_8_14_NP,38,21,42_21,2018,Granada,Upper intermediate,4,female,21,fem,PRE,SC,DEF,GI,N,pron,88.4,No,13,8,No,17,Outsideclassroom,No,English,pedir,simple-finite,NA,NA
que lo encuentre,DE_WR_38_21_8_14_NP,38,22,42_22,2018,Granada,Upper intermediate,4,female,21,masc,NA,SC,NA,GI,N,nullsub,88.4,No,13,8,No,17,Outsideclassroom,No,English,encontrar,simple-finite,NA,NA
que cuide al bebé,DE_WR_38_21_8_14_NP,38,23,42_23,2018,Granada,Upper intermediate,4,female,21,masc,NA,SC,NA,GI,Y,nullsub,88.4,No,13,8,No,17,Outsideclassroom,No,English,cuidar,simple-finite,NA,NA
Charlie Chaplin sale con el bebé.,DE_WR_38_21_8_14_NP,38,25,42_25,2018,Granada,Upper intermediate,4,female,21,masc,PRE,MC,DEF,GI,Y,dp,88.4,No,13,8,No,17,Outsideclassroom,No,English,salir,simple-finite,NA,NA
que cuenta la historia de,DE_WR_38_21_8_14_NP,38,3,42_3,2018,Granada,Upper intermediate,4,female,21,masc,PRE,SC,DEF,GI,Y,pron,88.4,No,13,8,No,17,Outsideclassroom,No,English,contar,simple-finite,NA,NA
como el personaje Charlie Chaplin descubró a un bebé abandonado en una calle.,DE_WR_38_21_8_14_NP,38,4,42_4,2018,Granada,Upper intermediate,4,female,21,masc,PRE,MC,DEF,NE,N,dp,88.4,No,13,8,No,17,Outsideclassroom,No,English,descubrir,simple-finite,NA,NA
"Al principios, Charlie Chaplin camina fumando en una calle sucia,",DE_WR_38_21_8_14_NP,38,5,42_5,2018,Granada,Upper intermediate,4,female,21,masc,PRE,MC,DEF,GI,Y,dp,88.4,No,13,8,No,17,Outsideclassroom,No,English,caminar,simple-finite,NA,NA
donde callan cosas de los edificios a la calle debajo.,DE_WR_38_21_8_14_NP,38,6,42_6,2018,Granada,Upper intermediate,4,female,21,fem,POST,SC,INDEF,NE,N,dp,88.4,No,13,8,No,17,Outsideclassroom,No,English,caer,simple-finite,NA,NA
Algo calle encima de él,DE_WR_38_21_8_14_NP,38,7,42_7,2018,Granada,Upper intermediate,4,female,21,masc,PRE,MC,INDEF,NE,N,pron,88.4,No,13,8,No,17,Outsideclassroom,No,English,caer,simple-finite,NA,NA
y por eso tiene que buscar una nueva cigarra.,DE_WR_38_21_8_14_NP,38,8,42_8,2018,Granada,Upper intermediate,4,female,21,masc,NA,MC,NA,GI,N,nullsub,88.4,No,13,8,No,17,Outsideclassroom,No,English,buscar,modal,NA,NA
Chaplin está caminando por la calle,DE_WR_38_23_6_14_RS,39,1,43_1,2019,Cologne,Lower advanced,5,male,23,masc,PRE,MC,DEF,NE,N,dp,88.4,No,16,6,Yes,6,Insideclassroom,No,English,caminar,periphrasis-gerund,NA,NA
pero no le partenece.,DE_WR_38_23_6_14_RS,39,10,43_10,2019,Cologne,Lower advanced,5,male,23,masc,NA,MC,NA,GI,N,nullsub,88.4,No,16,6,Yes,6,Insideclassroom,No,English,pertenecer,simple-finite,NA,NA
Después quiere ponerlo en la calle,DE_WR_38_23_6_14_RS,39,11,43_11,2019,Cologne,Lower advanced,5,male,23,masc,NA,MC,NA,GI,N,nullsub,88.4,No,16,6,Yes,6,Insideclassroom,No,English,poner,modal,NA,NA
pero un policía viene,DE_WR_38_23_6_14_RS,39,12,43_12,2019,Cologne,Lower advanced,5,male,23,masc,PRE,MC,INDEF,NE,N,dp,88.4,No,16,6,Yes,6,Insideclassroom,No,English,venir,simple-finite,NA,NA
y Chaplin se va con el bebé.,DE_WR_38_23_6_14_RS,39,13,43_13,2019,Cologne,Lower advanced,5,male,23,masc,PRE,MC,DEF,GI,N,dp,88.4,No,16,6,Yes,6,Insideclassroom,No,English,irse,simple-finite,NA,NA
Encuentra a un hombre,DE_WR_38_23_6_14_RS,39,14,43_14,2019,Cologne,Lower advanced,5,male,23,masc,NA,MC,NA,GI,Y,nullsub,88.4,No,16,6,Yes,6,Insideclassroom,No,English,encontrar,simple-finite,NA,NA
y le da el bebé,DE_WR_38_23_6_14_RS,39,15,43_15,2019,Cologne,Lower advanced,5,male,23,masc,NA,MC,NA,GI,Y,nullsub,88.4,No,16,6,Yes,6,Insideclassroom,No,English,dar,simple-finite,NA,NA
porque hace una trampa,DE_WR_38_23_6_14_RS,39,16,43_16,2019,Cologne,Lower advanced,5,male,23,masc,NA,SC,NA,GI,Y,nullsub,88.4,No,16,6,Yes,6,Insideclassroom,No,English,hacer,simple-finite,NA,NA
y empieza a correr.,DE_WR_38_23_6_14_RS,39,17,43_17,2019,Cologne,Lower advanced,5,male,23,masc,NA,MC,NA,GI,Y,nullsub,88.4,No,16,6,Yes,6,Insideclassroom,No,English,correr,periphrasis-lexical,NA,NA
El hombre lo persigue,DE_WR_38_23_6_14_RS,39,18,43_18,2019,Cologne,Lower advanced,5,male,23,masc,PRE,MC,DEF,GI,N,dp,88.4,No,16,6,Yes,6,Insideclassroom,No,English,perseguir,simple-finite,NA,NA
pero no le encuentra,DE_WR_38_23_6_14_RS,39,19,43_19,2019,Cologne,Lower advanced,5,male,23,masc,NA,MC,NA,GI,Y,nullsub,88.4,No,16,6,Yes,6,Insideclassroom,No,English,encontrar,simple-finite,NA,NA
hasta que caiga algo en su cabeza.,DE_WR_38_23_6_14_RS,39,2,43_2,2019,Cologne,Lower advanced,5,male,23,masc,PRE,SC,INDEF,NE,N,pron,88.4,No,16,6,Yes,6,Insideclassroom,No,English,caer,simple-finite,NA,NA
y pone el bebé en el cochecito.,DE_WR_38_23_6_14_RS,39,20,43_20,2019,Cologne,Lower advanced,5,male,23,masc,NA,MC,NA,GI,Y,nullsub,88.4,No,16,6,Yes,6,Insideclassroom,No,English,poner,simple-finite,NA,NA
La madre encuentra su cochecito con otro bebé,DE_WR_38_23_6_14_RS,39,21,43_21,2019,Cologne,Lower advanced,5,male,23,fem,PRE,MC,DEF,GI,N,dp,88.4,No,16,6,Yes,6,Insideclassroom,No,English,encontrar,simple-finite,NA,NA
y ve a Chaplin,DE_WR_38_23_6_14_RS,39,22,43_22,2019,Cologne,Lower advanced,5,male,23,fem,NA,MC,NA,GI,Y,nullsub,88.4,No,16,6,Yes,6,Insideclassroom,No,English,ver,simple-finite,NA,NA
y empieza a pegarle con su paragua,DE_WR_38_23_6_14_RS,39,23,43_23,2019,Cologne,Lower advanced,5,male,23,fem,NA,MC,NA,GI,Y,nullsub,88.4,No,16,6,Yes,6,Insideclassroom,No,English,pegar,simple-finite,NA,NA
hasta que tome el bebé.,DE_WR_38_23_6_14_RS,39,24,43_24,2019,Cologne,Lower advanced,5,male,23,masc,NA,SC,NA,GI,N,nullsub,88.4,No,16,6,Yes,6,Insideclassroom,No,English,tomar,simple-finite,NA,NA
La policía viene otra vez,DE_WR_38_23_6_14_RS,39,25,43_25,2019,Cologne,Lower advanced,5,male,23,fem,PRE,MC,DEF,GI,N,dp,88.4,No,16,6,Yes,6,Insideclassroom,No,English,venir,simple-finite,NA,NA
y Chaplin lo toma otra vez.,DE_WR_38_23_6_14_RS,39,26,43_26,2019,Cologne,Lower advanced,5,male,23,masc,PRE,MC,DEF,GI,N,dp,88.4,No,16,6,Yes,6,Insideclassroom,No,English,tomar,simple-finite,NA,NA
Al final Chaplin cuida al bebé.,DE_WR_38_23_6_14_RS,39,27,43_27,2019,Cologne,Lower advanced,5,male,23,masc,PRE,MC,DEF,GI,Y,dp,88.4,No,16,6,Yes,6,Insideclassroom,No,English,cuidar,simple-finite,NA,NA
Después para,DE_WR_38_23_6_14_RS,39,3,43_3,2019,Cologne,Lower advanced,5,male,23,masc,NA,MC,NA,GI,N,nullsub,88.4,No,16,6,Yes,6,Insideclassroom,No,English,parar,simple-finite,NA,NA
y coge un cigarillo,DE_WR_38_23_6_14_RS,39,4,43_4,2019,Cologne,Lower advanced,5,male,23,masc,NA,MC,NA,GI,Y,nullsub,88.4,No,16,6,Yes,6,Insideclassroom,No,English,coger,simple-finite,NA,NA
y lo enciende.,DE_WR_38_23_6_14_RS,39,5,43_5,2019,Cologne,Lower advanced,5,male,23,masc,NA,MC,NA,GI,Y,nullsub,88.4,No,16,6,Yes,6,Insideclassroom,No,English,encender,simple-finite,NA,NA
Èl encuentra un bebé en la calle,DE_WR_38_23_6_14_RS,39,6,43_6,2019,Cologne,Lower advanced,5,male,23,masc,PRE,MC,DEF,GI,Y,pron,88.4,No,16,6,Yes,6,Insideclassroom,No,English,encontrar,simple-finite,NA,NA
y lo recoge.,DE_WR_38_23_6_14_RS,39,7,43_7,2019,Cologne,Lower advanced,5,male,23,masc,NA,MC,NA,GI,Y,nullsub,88.4,No,16,6,Yes,6,Insideclassroom,No,English,recoger,simple-finite,NA,NA
Después porsigue una mujer,DE_WR_38_23_6_14_RS,39,8,43_8,2019,Cologne,Lower advanced,5,male,23,masc,NA,MC,NA,GI,Y,nullsub,88.4,No,16,6,Yes,6,Insideclassroom,No,English,proseguir,simple-finite,NA,NA
El  vídeo trata de un hombre,DE_WR_38_23_7_14_LKM,40,1,44_1,2018,Hamburg,Upper intermediate,4,female,23,masc,PRE,MC,DEF,NE,N,dp,88.4,No,16,7,Yes,15,Outsideclassroom,No,English,tratar,periphrasis-lexical,NA,NA
así pues el hombre se queda con el bebé.,DE_WR_38_23_7_14_LKM,40,10,44_10,2018,Hamburg,Upper intermediate,4,female,23,masc,PRE,MC,DEF,GI,N,dp,88.4,No,16,7,Yes,15,Outsideclassroom,No,English,quedarse,simple-finite,NA,NA
Después de su último ensayo el decide guardar el bebé.,DE_WR_38_23_7_14_LKM,40,11,44_11,2018,Hamburg,Upper intermediate,4,female,23,masc,PRE,MC,DEF,GI,Y,pron,88.4,No,16,7,Yes,15,Outsideclassroom,No,English,decidir,simple-finite,NA,NA
que está caminando por una obra.,DE_WR_38_23_7_14_LKM,40,2,44_2,2018,Hamburg,Upper intermediate,4,female,23,masc,PRE,SC,DEF,GI,N,pron,88.4,No,16,7,Yes,15,Outsideclassroom,No,English,caminar,periphrasis-gerund,NA,NA
Encuentra a un bebé abandonado.,DE_WR_38_23_7_14_LKM,40,3,44_3,2018,Hamburg,Upper intermediate,4,female,23,masc,NA,MC,NA,GI,Y,nullsub,88.4,No,16,7,Yes,15,Outsideclassroom,No,English,encontrar,simple-finite,NA,NA
Lo levanta de la calle,DE_WR_38_23_7_14_LKM,40,4,44_4,2018,Hamburg,Upper intermediate,4,female,23,masc,NA,MC,NA,GI,Y,nullsub,88.4,No,16,7,Yes,15,Outsideclassroom,No,English,levantar,simple-finite,NA,NA
y intenta ponerlo en el cochecito de una mujer.,DE_WR_38_23_7_14_LKM,40,5,44_5,2018,Hamburg,Upper intermediate,4,female,23,masc,NA,MC,NA,GI,Y,nullsub,88.4,No,16,7,Yes,15,Outsideclassroom,No,English,intentar,infinitive,NA,NA
"Sin embargo, ella lo atrapa",DE_WR_38_23_7_14_LKM,40,6,44_6,2018,Hamburg,Upper intermediate,4,female,23,fem,PRE,MC,DEF,GI,N,pron,88.4,No,16,7,Yes,15,Outsideclassroom,No,English,atrapar,simple-finite,NA,NA
así que él se queda con el bebé.,DE_WR_38_23_7_14_LKM,40,7,44_7,2018,Hamburg,Upper intermediate,4,female,23,masc,PRE,MC,DEF,GI,N,pron,88.4,No,16,7,Yes,15,Outsideclassroom,No,English,quedarse,simple-finite,NA,NA
"Después quiere ponerlo a la calle de nuevo,",DE_WR_38_23_7_14_LKM,40,8,44_8,2018,Hamburg,Upper intermediate,4,female,23,masc,NA,MC,NA,GI,Y,nullsub,88.4,No,16,7,Yes,15,Outsideclassroom,No,English,poner,modal,NA,NA
pero de repente un policía aparece,DE_WR_38_23_7_14_LKM,40,9,44_9,2018,Hamburg,Upper intermediate,4,female,23,masc,PRE,MC,INDEF,NE,N,dp,88.4,No,16,7,Yes,15,Outsideclassroom,No,English,aparecer,simple-finite,NA,NA
"Esta película se llama ""El niño""",DE_WR_38_24_7_14_RP,41,1,45_1,2018,Barcelona,Upper intermediate,4,female,24,fem,PRE,MC,DEF,NE,N,dp,88.4,No,17,7,Yes,10,Outsideclassroom,No,French,llamarse,simple-finite,NA,NA
que Charlie pone el niño en su cochecito,DE_WR_38_24_7_14_RP,41,10,45_10,2018,Barcelona,Upper intermediate,4,female,24,masc,PRE,SC,DEF,GI,N,dp,88.4,No,17,7,Yes,10,Outsideclassroom,No,French,poner,simple-finite,NA,NA
que vigila Charlie,DE_WR_38_24_7_14_RP,41,13,45_13,2018,Barcelona,Upper intermediate,4,female,24,masc,PRE,SC,DEF,GI,Y,pron,88.4,No,17,7,Yes,10,Outsideclassroom,No,French,vigilar,simple-finite,NA,NA
porque sospecha,DE_WR_38_24_7_14_RP,41,14,45_14,2018,Barcelona,Upper intermediate,4,female,24,masc,NA,MC,NA,GI,Y,nullsub,88.4,No,17,7,Yes,10,Outsideclassroom,No,French,sospechar,simple-finite,NA,NA
que él haga una tontería con el niño.,DE_WR_38_24_7_14_RP,41,15,45_15,2018,Barcelona,Upper intermediate,4,female,24,masc,PRE,SC,DEF,GI,N,pron,88.4,No,17,7,Yes,10,Outsideclassroom,No,French,hacer,simple-finite,NA,NA
Al final Charlie encuentra un pequeño papelito en el bolsillo del niño,DE_WR_38_24_7_14_RP,41,16,45_16,2018,Barcelona,Upper intermediate,4,female,24,masc,PRE,MC,DEF,GI,Y,dp,88.4,No,17,7,Yes,10,Outsideclassroom,No,French,encontrar,simple-finite,NA,NA
que […] debe cuidarlo y amarlo.,DE_WR_38_24_7_14_RP,41,18,45_18,2018,Barcelona,Upper intermediate,4,female,24,masc,NA,SC,NA,GI,N,nullsub,88.4,No,17,7,Yes,10,Outsideclassroom,No,French,cuidar,modal,NA,NA
lo quien encuentre este huerfano,DE_WR_38_24_7_14_RP,41,19,45_19,2018,Barcelona,Upper intermediate,4,female,24,masc,PRE,SC,DEF,GI,Y,pron,88.4,No,17,7,Yes,10,Outsideclassroom,No,French,encontrar,simple-finite,NA,NA
y es una de las mas famosas de Charlie Chaplin,DE_WR_38_24_7_14_RP,41,2,45_2,2018,Barcelona,Upper intermediate,4,female,24,fem,NA,MC,NA,GI,Y,nullsub,88.4,No,17,7,Yes,10,Outsideclassroom,No,French,ser,simple-finite,NA,NA
Charlie decide de llevar el niño a su casa,DE_WR_38_24_7_14_RP,41,20,45_20,2018,Barcelona,Upper intermediate,4,female,24,masc,PRE,MC,DEF,GI,N,dp,88.4,No,17,7,Yes,10,Outsideclassroom,No,French,decidir,infinitive,NA,NA
y el nene crece con el.,DE_WR_38_24_7_14_RP,41,21,45_21,2018,Barcelona,Upper intermediate,4,female,24,masc,PRE,MC,DEF,GI,N,dp,88.4,No,17,7,Yes,10,Outsideclassroom,No,French,crecer,simple-finite,NA,NA
quien era un gran actor de las pelis mudas.,DE_WR_38_24_7_14_RP,41,3,45_3,2018,Barcelona,Upper intermediate,4,female,24,masc,POST,SC,DEF,GI,N,pron,88.4,No,17,7,Yes,10,Outsideclassroom,No,French,ser,simple-finite,NA,NA
cuando Charlie encuentra el huerfano putativo.,DE_WR_38_24_7_14_RP,41,5,45_5,2018,Barcelona,Upper intermediate,4,female,24,masc,PRE,SC,DEF,GI,Y,dp,88.4,No,17,7,Yes,10,Outsideclassroom,No,French,encontrar,simple-finite,NA,NA
Lo encuentra en la calle a lado de la basura,DE_WR_38_24_7_14_RP,41,6,45_6,2018,Barcelona,Upper intermediate,4,female,24,masc,NA,MC,NA,GI,Y,nullsub,88.4,No,17,7,Yes,10,Outsideclassroom,No,French,encontrar,simple-finite,NA,NA
y primero intenta de quitarselo de encima.,DE_WR_38_24_7_14_RP,41,7,45_7,2018,Barcelona,Upper intermediate,4,female,24,masc,NA,MC,NA,GI,Y,nullsub,88.4,No,17,7,Yes,10,Outsideclassroom,No,French,intentar,simple-finite,NA,NA
Estos intentos siempre fallan por una mujer,DE_WR_38_24_7_14_RP,41,8,45_8,2018,Barcelona,Upper intermediate,4,female,24,masc,PRE,MC,DEF,NE,N,dp,88.4,No,17,7,Yes,10,Outsideclassroom,No,French,fallar,simple-finite,NA,NA
que no accepta,DE_WR_38_24_7_14_RP,41,9,45_9,2018,Barcelona,Upper intermediate,4,female,24,fem,PRE,SC,DEF,GI,N,pron,88.4,No,17,7,Yes,10,Outsideclassroom,No,French,aceptar,simple-finite,NA,NA
Charlie Chaplin está andando en la calle,DE_WR_38_25_7_14_CR,42,1,46_1,2018,Bonn,Lower intermediate,3,female,25,masc,PRE,MC,DEF,NE,N,dp,88.4,No,18,7,Yes,8,Outsideclassroom,No,French,andar,simple-finite,NA,NA
"que pasa por la calle,",DE_WR_38_25_7_14_CR,42,10,46_10,2018,Bonn,Lower intermediate,3,female,25,fem,PRE,SC,DEF,GI,N,pron,88.4,No,18,7,Yes,8,Outsideclassroom,No,French,pasar,simple-finite,NA,NA
y se esconde detrás de un muro.,DE_WR_38_25_7_14_CR,42,11,46_11,2018,Bonn,Lower intermediate,3,female,25,masc,NA,MC,NA,GI,N,nullsub,88.4,No,18,7,Yes,8,Outsideclassroom,No,French,esconder,simple-finite,NA,NA
El otro hombre pasa a una tienda,DE_WR_38_25_7_14_CR,42,12,46_12,2018,Bonn,Lower intermediate,3,female,25,masc,PRE,MC,DEF,GI,N,dp,88.4,No,18,7,Yes,8,Outsideclassroom,No,French,pasar,simple-finite,NA,NA
delante de que la dicha mujer ha dejado su bebé.,DE_WR_38_25_7_14_CR,42,13,46_13,2018,Bonn,Lower intermediate,3,female,25,fem,PRE,SC,DEF,GI,N,dp,88.4,No,18,7,Yes,8,Outsideclassroom,No,French,dejar,simple-finite,NA,NA
El hombre tiene la misma idea como Charlie,DE_WR_38_25_7_14_CR,42,14,46_14,2018,Bonn,Lower intermediate,3,female,25,masc,PRE,MC,DEF,GI,N,dp,88.4,No,18,7,Yes,8,Outsideclassroom,No,French,tener,simple-finite,NA,NA
y pone a 'su' bebé al lado de este bebé,DE_WR_38_25_7_14_CR,42,15,46_15,2018,Bonn,Lower intermediate,3,female,25,masc,NA,MC,NA,GI,Y,nullsub,88.4,No,18,7,Yes,8,Outsideclassroom,No,French,poner,simple-finite,NA,NA
antes de que vuelva la mujer enfada,DE_WR_38_25_7_14_CR,42,16,46_16,2018,Bonn,Lower intermediate,3,female,25,fem,PRE,SC,DEF,GI,N,dp,88.4,No,18,7,Yes,8,Outsideclassroom,No,French,volver,simple-finite,NA,NA
que está quejándose.,DE_WR_38_25_7_14_CR,42,17,46_17,2018,Bonn,Lower intermediate,3,female,25,fem,PRE,SC,DEF,GI,Y,pron,88.4,No,18,7,Yes,8,Outsideclassroom,No,French,quejarse,simple-finite,NA,NA
Aparece un policía,DE_WR_38_25_7_14_CR,42,18,46_18,2018,Bonn,Lower intermediate,3,female,25,masc,POST,MC,INDEF,NE,N,dp,88.4,No,18,7,Yes,8,Outsideclassroom,No,French,aparecer,simple-finite,NA,NA
que arregla la situación,DE_WR_38_25_7_14_CR,42,19,46_19,2018,Bonn,Lower intermediate,3,female,25,masc,PRE,SC,DEF,GI,Y,pron,88.4,No,18,7,Yes,8,Outsideclassroom,No,French,arreglar,simple-finite,NA,NA
así que Charlie pone al bebé en sus brazos.,DE_WR_38_25_7_14_CR,42,20,46_20,2018,Bonn,Lower intermediate,3,female,25,masc,PRE,MC,DEF,GI,N,dp,88.4,No,18,7,Yes,8,Outsideclassroom,No,French,poner,simple-finite,NA,NA
encuentra un papel en la ropa del bebé con el mensage de cuidarse de él.,DE_WR_38_25_7_14_CR,42,22,46_22,2018,Bonn,Lower intermediate,3,female,25,masc,NA,MC,NA,GI,Y,nullsub,88.4,No,18,7,Yes,8,Outsideclassroom,No,French,encontrar,simple-finite,NA,NA
que caen abajo de una casa,DE_WR_38_25_7_14_CR,42,3,46_3,2018,Bonn,Lower intermediate,3,female,25,unknown,PRE,SC,DEF,GI,N,pron,88.4,No,18,7,Yes,8,Outsideclassroom,No,French,caer,simple-finite,NA,NA
cuando encuentra un bebé.,DE_WR_38_25_7_14_CR,42,4,46_4,2018,Bonn,Lower intermediate,3,female,25,masc,NA,SC,NA,GI,N,nullsub,88.4,No,18,7,Yes,8,Outsideclassroom,No,French,encontrar,simple-finite,NA,NA
Pasa una mujer con otro bebé.,DE_WR_38_25_7_14_CR,42,5,46_5,2018,Bonn,Lower intermediate,3,female,25,fem,PRE,MC,INDEF,NE,N,dp,88.4,No,18,7,Yes,8,Outsideclassroom,No,French,pasar,simple-finite,NA,NA
Charlie pone al bebé encontrado al lado de este bebé,DE_WR_38_25_7_14_CR,42,6,46_6,2018,Bonn,Lower intermediate,3,female,25,masc,PRE,MC,DEF,GI,N,dp,88.4,No,18,7,Yes,8,Outsideclassroom,No,French,poner,simple-finite,NA,NA
por lo cual a mujer está enfadada.,DE_WR_38_25_7_14_CR,42,7,46_7,2018,Bonn,Lower intermediate,3,female,25,fem,PRE,SC,DEF,GI,N,dp,88.4,No,18,7,Yes,8,Outsideclassroom,No,French,estar,simple-finite,NA,NA
"le da a un hombre,",DE_WR_38_25_7_14_CR,42,9,46_9,2018,Bonn,Lower intermediate,3,female,25,masc,NA,MC,NA,GI,Y,nullsub,88.4,No,18,7,Yes,8,Outsideclassroom,No,French,dar,simple-finite,NA,NA
"También intenta en meter el bebé en otro carro,",DE_WR_38_28_28_14_LBK,43,10,47_10,2018,Hamburg,Upper intermediate,4,female,28,masc,NA,MC,NA,GI,Y,nullsub,88.4,No,1,28,Yes,3,Outsideclassroom,No,English,intentar,infinitive,NA,NA
pero la madre se da cuenta,DE_WR_38_28_28_14_LBK,43,11,47_11,2018,Hamburg,Upper intermediate,4,female,28,fem,PRE,MC,DEF,NE,N,dp,88.4,No,1,28,Yes,3,Outsideclassroom,No,English,darse,periphrasis-lexical,NA,NA
y se enfada.,DE_WR_38_28_28_14_LBK,43,12,47_12,2018,Hamburg,Upper intermediate,4,female,28,fem,NA,MC,NA,GI,Y,nullsub,88.4,No,1,28,Yes,3,Outsideclassroom,No,English,enfadarse,simple-finite,NA,NA
Al final se sienta,DE_WR_38_28_28_14_LBK,43,13,47_13,2018,Hamburg,Upper intermediate,4,female,28,masc,NA,MC,NA,GI,N,nullsub,88.4,No,1,28,Yes,3,Outsideclassroom,No,English,sentarse,simple-finite,NA,NA
"y encuentra una carta,",DE_WR_38_28_28_14_LBK,43,14,47_14,2018,Hamburg,Upper intermediate,4,female,28,masc,NA,MC,NA,GI,Y,nullsub,88.4,No,1,28,Yes,3,Outsideclassroom,No,English,encontrar,simple-finite,NA,NA
que la persona […]   Le cuide,DE_WR_38_28_28_14_LBK,43,16,47_16,2018,Hamburg,Upper intermediate,4,female,28,fem,PRE,SC,DEF,NE,N,dp,88.4,No,1,28,Yes,3,Outsideclassroom,No,English,cuidar,simple-finite,NA,NA
y le dé amor y una casa cariñosa.,DE_WR_38_28_28_14_LBK,43,17,47_17,2018,Hamburg,Upper intermediate,4,female,28,fem,NA,SC,NA,GI,Y,nullsub,88.4,No,1,28,Yes,3,Outsideclassroom,No,English,dar,simple-finite,NA,NA
que encuentre al bebé,DE_WR_38_28_28_14_LBK,43,18,47_18,2018,Hamburg,Upper intermediate,4,female,28,fem,NA,SC,NA,GI,Y,nullsub,88.4,No,1,28,Yes,3,Outsideclassroom,No,English,encontrar,simple-finite,NA,NA
Charlie le mira al bebé con mucho cariño.,DE_WR_38_28_28_14_LBK,43,19,47_19,2018,Hamburg,Upper intermediate,4,female,28,masc,PRE,MC,DEF,GI,N,dp,88.4,No,1,28,Yes,3,Outsideclassroom,No,English,mirar,simple-finite,NA,NA
quien encuentra una bebé en un callejon.,DE_WR_38_28_28_14_LBK,43,2,47_2,2018,Hamburg,Upper intermediate,4,female,28,masc,PRE,SC,DEF,GI,N,pron,88.4,No,1,28,Yes,3,Outsideclassroom,No,English,encontrar,simple-finite,NA,NA
El bebé está tirado al lado de una basura.,DE_WR_38_28_28_14_LBK,43,3,47_3,2018,Hamburg,Upper intermediate,4,female,28,masc,PRE,MC,DEF,GI,N,dp,88.4,No,1,28,Yes,3,Outsideclassroom,No,English,estar,simple-finite,NA,NA
Cuándo pasa,DE_WR_38_28_28_14_LBK,43,4,47_4,2018,Hamburg,Upper intermediate,4,female,28,masc,NA,SC,NA,GI,N,nullsub,88.4,No,1,28,Yes,3,Outsideclassroom,No,English,pasar,simple-finite,NA,NA
"y lo ve,",DE_WR_38_28_28_14_LBK,43,5,47_5,2018,Hamburg,Upper intermediate,4,female,28,masc,NA,MC,NA,GI,Y,nullsub,88.4,No,1,28,Yes,3,Outsideclassroom,No,English,ver,simple-finite,NA,NA
lo coje,DE_WR_38_28_28_14_LBK,43,6,47_6,2018,Hamburg,Upper intermediate,4,female,28,masc,NA,MC,NA,GI,Y,nullsub,88.4,No,1,28,Yes,3,Outsideclassroom,No,English,coger,simple-finite,NA,NA
y intenta de dárselo a otras personas.,DE_WR_38_28_28_14_LBK,43,7,47_7,2018,Hamburg,Upper intermediate,4,female,28,masc,NA,MC,NA,GI,Y,nullsub,88.4,No,1,28,Yes,3,Outsideclassroom,No,English,intentar,infinitive,NA,NA
Un policía se da cuenta,DE_WR_38_28_28_14_LBK,43,8,47_8,2018,Hamburg,Upper intermediate,4,female,28,masc,PRE,MC,INDEF,NE,N,dp,88.4,No,1,28,Yes,3,Outsideclassroom,No,English,darse,periphrasis-lexical,NA,NA
y por eso se lo tiene que quedar.,DE_WR_38_28_28_14_LBK,43,9,47_9,2018,Hamburg,Upper intermediate,4,female,28,masc,NA,MC,NA,GI,N,nullsub,88.4,No,1,28,Yes,3,Outsideclassroom,No,English,quedar,modal,NA,NA
si alguién lo había botado allá.,DE_WR_38_32_13_14_KK,44,10,48_10,2019,NA,Lower advanced,5,female,32,masc,PRE,SC,INDEF,NE,N,pron,88.4,No,17,13,Yes,15,Outsideclassroom,No,English,botar,simple-finite,NA,NA
Toma el hijo en sus brazos,DE_WR_38_32_13_14_KK,44,11,48_11,2019,NA,Lower advanced,5,female,32,masc,NA,MC,NA,GI,N,nullsub,88.4,No,17,13,Yes,15,Outsideclassroom,No,English,tomar,simple-finite,NA,NA
y busca a alguién,DE_WR_38_32_13_14_KK,44,12,48_12,2019,NA,Lower advanced,5,female,32,masc,NA,MC,NA,GI,Y,nullsub,88.4,No,17,13,Yes,15,Outsideclassroom,No,English,buscar,simple-finite,NA,NA
a quien podría permanecer.,DE_WR_38_32_13_14_KK,44,13,48_13,2019,NA,Lower advanced,5,female,32,unknown,NA,SC,NA,GI,N,nullsub,88.4,No,17,13,Yes,15,Outsideclassroom,No,English,permenacer,modal,NA,NA
En este momento viene una mujer con su hijo en un cochecito.,DE_WR_38_32_13_14_KK,44,14,48_14,2019,NA,Lower advanced,5,female,32,fem,POST,MC,INDEF,NE,N,dp,88.4,No,17,13,Yes,15,Outsideclassroom,No,English,venir,simple-finite,NA,NA
Chaplin piensa,DE_WR_38_32_13_14_KK,44,15,48_15,2019,NA,Lower advanced,5,female,32,masc,PRE,MC,DEF,GI,N,dp,88.4,No,17,13,Yes,15,Outsideclassroom,No,English,pensar,simple-finite,NA,NA
que esto podría ser la mamá,DE_WR_38_32_13_14_KK,44,16,48_16,2019,NA,Lower advanced,5,female,32,unknown,NA,SC,NA,GI,N,nullsub,88.4,No,17,13,Yes,15,Outsideclassroom,No,English,ser,modal,NA,NA
y deja el bebé en su cochecito.,DE_WR_38_32_13_14_KK,44,17,48_17,2019,NA,Lower advanced,5,female,32,masc,NA,MC,NA,GI,N,nullsub,88.4,No,17,13,Yes,15,Outsideclassroom,No,English,dejar,simple-finite,NA,NA
Pero la mujer rápidamente se da cuenta,DE_WR_38_32_13_14_KK,44,18,48_18,2019,NA,Lower advanced,5,female,32,fem,PRE,MC,DEF,GI,N,dp,88.4,No,17,13,Yes,15,Outsideclassroom,No,English,darse,periphrasis-lexical,NA,NA
Alguna gente tira basura en el patio,DE_WR_38_32_13_14_KK,44,2,48_2,2019,NA,Lower advanced,5,female,32,fem,PRE,MC,INDEF,NE,N,dp,88.4,No,17,13,Yes,15,Outsideclassroom,No,English,tirar,simple-finite,NA,NA
y lo reclama al Chaplin.,DE_WR_38_32_13_14_KK,44,20,48_20,2019,NA,Lower advanced,5,female,32,fem,NA,MC,NA,GI,N,nullsub,88.4,No,17,13,Yes,15,Outsideclassroom,No,English,reclamar,simple-finite,NA,NA
Entonces él toma de vuelta al bebé,DE_WR_38_32_13_14_KK,44,21,48_21,2019,NA,Lower advanced,5,female,32,masc,PRE,MC,DEF,GI,N,pron,88.4,No,17,13,Yes,15,Outsideclassroom,No,English,tomar,simple-finite,NA,NA
y intenta de dejarlo al lado de los cubos en el patio.,DE_WR_38_32_13_14_KK,44,22,48_22,2019,NA,Lower advanced,5,female,32,masc,NA,MC,NA,GI,Y,nullsub,88.4,No,17,13,Yes,15,Outsideclassroom,No,English,intentar,infinitive,NA,NA
Pero justamente en este momento viene la policía,DE_WR_38_32_13_14_KK,44,23,48_23,2019,NA,Lower advanced,5,female,32,fem,POST,MC,DEF,NE,N,dp,88.4,No,17,13,Yes,15,Outsideclassroom,No,English,venir,simple-finite,NA,NA
y rápidamente Chaplin sube al bebé,DE_WR_38_32_13_14_KK,44,24,48_24,2019,NA,Lower advanced,5,female,32,masc,PRE,MC,DEF,GI,N,dp,88.4,No,17,13,Yes,15,Outsideclassroom,No,English,subir,simple-finite,NA,NA
y se esconde.,DE_WR_38_32_13_14_KK,44,25,48_25,2019,NA,Lower advanced,5,female,32,masc,NA,MC,NA,GI,Y,nullsub,88.4,No,17,13,Yes,15,Outsideclassroom,No,English,esconderse,simple-finite,NA,NA
Después intenta de dejar el bebé con otro caballero en la calle.,DE_WR_38_32_13_14_KK,44,26,48_26,2019,NA,Lower advanced,5,female,32,masc,NA,MC,NA,GI,Y,nullsub,88.4,No,17,13,Yes,15,Outsideclassroom,No,English,intentar,infinitive,NA,NA
Le da al hijo en sus manos,DE_WR_38_32_13_14_KK,44,27,48_27,2019,NA,Lower advanced,5,female,32,masc,NA,MC,NA,GI,Y,nullsub,88.4,No,17,13,Yes,15,Outsideclassroom,No,English,dar,simple-finite,NA,NA
y corre para escapar.,DE_WR_38_32_13_14_KK,44,28,48_28,2019,NA,Lower advanced,5,female,32,masc,NA,MC,NA,GI,Y,nullsub,88.4,No,17,13,Yes,15,Outsideclassroom,No,English,correr,simple-finite,NA,NA
El caballero no sabe,DE_WR_38_32_13_14_KK,44,29,48_29,2019,NA,Lower advanced,5,female,32,masc,PRE,MC,DEF,GI,N,dp,88.4,No,17,13,Yes,15,Outsideclassroom,No,English,saber,simple-finite,NA,NA
y Chaplin se asusta un poco de esto.,DE_WR_38_32_13_14_KK,44,3,48_3,2019,NA,Lower advanced,5,female,32,masc,PRE,MC,DEF,GI,N,dp,88.4,No,17,13,Yes,15,Outsideclassroom,No,English,asustarse,simple-finite,NA,NA
y anda un poco por la calle.,DE_WR_38_32_13_14_KK,44,31,48_31,2019,NA,Lower advanced,5,female,32,masc,NA,MC,NA,GI,Y,nullsub,88.4,No,17,13,Yes,15,Outsideclassroom,No,English,andar,simple-finite,NA,NA
Ve el cochecito otra vez,DE_WR_38_32_13_14_KK,44,32,48_32,2019,NA,Lower advanced,5,female,32,masc,NA,MC,NA,GI,Y,nullsub,88.4,No,17,13,Yes,15,Outsideclassroom,No,English,ver,simple-finite,NA,NA
y pone el bebé otra vez dentro para huir.,DE_WR_38_32_13_14_KK,44,33,48_33,2019,NA,Lower advanced,5,female,32,masc,NA,MC,NA,GI,Y,nullsub,88.4,No,17,13,Yes,15,Outsideclassroom,No,English,poner,simple-finite,NA,NA
Justamente en el momento […] Chaplin pasa por la calle.,DE_WR_38_32_13_14_KK,44,34,48_34,2019,NA,Lower advanced,5,female,32,masc,PRE,MC,DEF,GI,N,dp,88.4,No,17,13,Yes,15,Outsideclassroom,No,English,pasar,simple-finite,NA,NA
cuando vuelve la mamá,DE_WR_38_32_13_14_KK,44,35,48_35,2019,NA,Lower advanced,5,female,32,fem,POST,SC,DEF,GI,N,dp,88.4,No,17,13,Yes,15,Outsideclassroom,No,English,volver,simple-finite,NA,NA
y lo devuelve al Chaplin.,DE_WR_38_32_13_14_KK,44,36,48_36,2019,NA,Lower advanced,5,female,32,fem,NA,MC,NA,GI,Y,nullsub,88.4,No,17,13,Yes,15,Outsideclassroom,No,English,devolver,simple-finite,NA,NA
Ahora Chaplin está desecepcionado.,DE_WR_38_32_13_14_KK,44,37,48_37,2019,NA,Lower advanced,5,female,32,masc,PRE,MC,DEF,GI,N,dp,88.4,No,17,13,Yes,15,Outsideclassroom,No,English,estar,simple-finite,NA,NA
Con el bebé se siente en la calle,DE_WR_38_32_13_14_KK,44,38,48_38,2019,NA,Lower advanced,5,female,32,masc,NA,MC,NA,GI,Y,nullsub,88.4,No,17,13,Yes,15,Outsideclassroom,No,English,sentare,simple-finite,NA,NA
y piensa.,DE_WR_38_32_13_14_KK,44,39,48_39,2019,NA,Lower advanced,5,female,32,masc,NA,MC,NA,GI,Y,nullsub,88.4,No,17,13,Yes,15,Outsideclassroom,No,English,pensar,simple-finite,NA,NA
Después se acerca un poco más,DE_WR_38_32_13_14_KK,44,4,48_4,2019,NA,Lower advanced,5,female,32,masc,NA,MC,NA,GI,Y,nullsub,88.4,No,17,13,Yes,15,Outsideclassroom,No,English,acercarse,simple-finite,NA,NA
Por un corto momento se le ocurre,DE_WR_38_32_13_14_KK,44,40,48_40,2019,NA,Lower advanced,5,female,32,masc,NA,MC,NA,NA,NA,nullsub,88.4,No,17,13,Yes,15,Outsideclassroom,No,English,ocurrirse,simple-finite,NA,NA
Pero finalmente encuentra un papelito cerca del hijo.,DE_WR_38_32_13_14_KK,44,42,48_42,2019,NA,Lower advanced,5,female,32,masc,NA,MC,NA,GI,Y,nullsub,88.4,No,17,13,Yes,15,Outsideclassroom,No,English,encontrar,simple-finite,NA,NA
Por allá está escrito lo siguiente:,DE_WR_38_32_13_14_KK,44,43,48_43,2019,NA,Lower advanced,5,female,32,unknown,POST,MC,DEF,GI,N,pron,88.4,No,17,13,Yes,15,Outsideclassroom,No,English,estar,simple-finite,NA,NA
Chaplin está feliz,DE_WR_38_32_13_14_KK,44,45,48_45,2019,NA,Lower advanced,5,female,32,masc,PRE,MC,DEF,GI,N,dp,88.4,No,17,13,Yes,15,Outsideclassroom,No,English,estar,simple-finite,NA,NA
y se va con el bebé.,DE_WR_38_32_13_14_KK,44,46,48_46,2019,NA,Lower advanced,5,female,32,masc,NA,MC,NA,GI,Y,nullsub,88.4,No,17,13,Yes,15,Outsideclassroom,No,English,irse,simple-finite,NA,NA
y enciende un cigarillo.,DE_WR_38_32_13_14_KK,44,5,48_5,2019,NA,Lower advanced,5,female,32,masc,NA,MC,NA,GI,Y,nullsub,88.4,No,17,13,Yes,15,Outsideclassroom,No,English,encender,simple-finite,NA,NA
De repente se da cuenta,DE_WR_38_32_13_14_KK,44,6,48_6,2019,NA,Lower advanced,5,female,32,masc,NA,MC,NA,GI,Y,nullsub,88.4,No,17,13,Yes,15,Outsideclassroom,No,English,darse,periphrasis-lexical,NA,NA
que está llorando.,DE_WR_38_32_13_14_KK,44,8,48_8,2019,NA,Lower advanced,5,female,32,masc,PRE,SC,DEF,GI,Y,pron,88.4,No,17,13,Yes,15,Outsideclassroom,No,English,llorar,periphrasis-gerund,NA,NA
Chaplin se pregunta,DE_WR_38_32_13_14_KK,44,9,48_9,2019,NA,Lower advanced,5,female,32,masc,PRE,MC,DEF,GI,N,dp,88.4,No,17,13,Yes,15,Outsideclassroom,No,English,preguntar,simple-finite,NA,NA
Esta es la historia de una relación entre Charles Chaplin y un bebé desconocido.,DE_WR_39_20_5_14_LW,45,1,49_1,2018,Hamburg,Lower advanced,5,female,20,fem,NA,MC,DEF,NE,N,dp,90.7,No,14,5,Yes,15,Outsideclassroom,No,English,ser,simple-finite,NA,NA
que ya tiene otro bebé,DE_WR_39_20_5_14_LW,45,10,49_10,2018,Hamburg,Lower advanced,5,female,20,fem,NA,MC,NA,GI,N,nullsub,90.7,No,14,5,Yes,15,Outsideclassroom,No,English,tener,simple-finite,NA,NA
y pone el su niño allí también.,DE_WR_39_20_5_14_LW,45,11,49_11,2018,Hamburg,Lower advanced,5,female,20,masc,NA,MC,NA,GI,N,nullsub,90.7,No,14,5,Yes,15,Outsideclassroom,No,English,poner,simple-finite,NA,NA
"En cuanto viene la madre,",DE_WR_39_20_5_14_LW,45,12,49_12,2018,Hamburg,Lower advanced,5,female,20,fem,POST,SC,DEF,GI,N,dp,90.7,No,14,5,Yes,15,Outsideclassroom,No,English,venir,simple-finite,NA,NA
le da una hostia,DE_WR_39_20_5_14_LW,45,13,49_13,2018,Hamburg,Lower advanced,5,female,20,fem,NA,MC,NA,GI,Y,nullsub,90.7,No,14,5,Yes,15,Outsideclassroom,No,English,dar,simple-finite,NA,NA
y Chaplin huye con el bebé.   .,DE_WR_39_20_5_14_LW,45,14,49_14,2018,Hamburg,Lower advanced,5,female,20,masc,PRE,MC,DEF,GI,N,dp,90.7,No,14,5,Yes,15,Outsideclassroom,No,English,huír,simple-finite,NA,NA
Su siguiente opción para deshacerse del pequeñito es,DE_WR_39_20_5_14_LW,45,15,49_15,2018,Hamburg,Lower advanced,5,female,20,masc,PRE,MC,DEF,NE,N,dp,90.7,No,14,5,Yes,15,Outsideclassroom,No,English,deshacerse,simple-finite,NA,NA
Esto tampoco funciona,DE_WR_39_20_5_14_LW,45,18,49_18,2018,Hamburg,Lower advanced,5,female,20,unknown,PRE,MC,DEF,GI,N,pron,90.7,No,14,5,Yes,15,Outsideclassroom,No,English,funcionar,simple-finite,NA,NA
porqué el viejo le encuentra en su escondite,DE_WR_39_20_5_14_LW,45,19,49_19,2018,Hamburg,Lower advanced,5,female,20,masc,PRE,SC,DEF,GI,N,dp,90.7,No,14,5,Yes,15,Outsideclassroom,No,English,encontrar,simple-finite,NA,NA
"Cuando Chaplin se quiere fumar un cigarro tranquilamente,",DE_WR_39_20_5_14_LW,45,2,49_2,2018,Hamburg,Lower advanced,5,female,20,masc,PRE,SC,DEF,GI,N,dp,90.7,No,14,5,Yes,15,Outsideclassroom,No,English,fumar,modal,NA,NA
y llama a la policía.,DE_WR_39_20_5_14_LW,45,20,49_20,2018,Hamburg,Lower advanced,5,female,20,fem,NA,MC,NA,GI,Y,nullsub,90.7,No,14,5,Yes,15,Outsideclassroom,No,English,llamar,simple-finite,NA,NA
"que más puede hacer,",DE_WR_39_20_5_14_LW,45,22,49_22,2018,Hamburg,Lower advanced,5,female,20,masc,NA,SC,NA,GI,Y,nullsub,90.7,No,14,5,Yes,15,Outsideclassroom,No,English,hacer,modal,NA,NA
encuentra una nota,DE_WR_39_20_5_14_LW,45,24,49_24,2018,Hamburg,Lower advanced,5,female,20,masc,NA,MC,NA,GI,Y,nullsub,90.7,No,14,5,Yes,15,Outsideclassroom,No,English,encontrar,simple-finite,NA,NA
que dice,DE_WR_39_20_5_14_LW,45,25,49_25,2018,Hamburg,Lower advanced,5,female,20,fem,PRE,SC,DEF,GI,N,pron,90.7,No,14,5,Yes,15,Outsideclassroom,No,English,decir,simple-finite,NA,NA
Chaplin sonríe,DE_WR_39_20_5_14_LW,45,27,49_27,2018,Hamburg,Lower advanced,5,female,20,masc,PRE,MC,DEF,GI,N,dp,90.7,No,14,5,Yes,15,Outsideclassroom,No,English,sonreír,simple-finite,NA,NA
y uno sabe,DE_WR_39_20_5_14_LW,45,28,49_28,2018,Hamburg,Lower advanced,5,female,20,masc,PRE,MC,DEF,NE,N,pron,90.7,No,14,5,Yes,15,Outsideclassroom,No,English,saber,simple-finite,NA,NA
que le ha cogido cariño.,DE_WR_39_20_5_14_LW,45,29,49_29,2018,Hamburg,Lower advanced,5,female,20,masc,NA,SC,NA,GI,N,nullsub,90.7,No,14,5,Yes,15,Outsideclassroom,No,English,coger,simple-finite,NA,NA
un bebé […]  llama su atención.,DE_WR_39_20_5_14_LW,45,3,49_3,2018,Hamburg,Lower advanced,5,female,20,masc,PRE,MC,INDEF,NE,N,dp,90.7,No,14,5,Yes,15,Outsideclassroom,No,English,llamar,periphrasis-lexical,NA,NA
Se van juntos.,DE_WR_39_20_5_14_LW,45,30,49_30,2018,Hamburg,Lower advanced,5,female,20,masc,NA,MC,NA,GI,N,nullsub,90.7,No,14,5,Yes,15,Outsideclassroom,No,English,irse,simple-finite,NA,NA
que esta llorando,DE_WR_39_20_5_14_LW,45,4,49_4,2018,Hamburg,Lower advanced,5,female,20,masc,PRE,SC,DEF,GI,Y,pron,90.7,No,14,5,Yes,15,Outsideclassroom,No,English,llorar,periphrasis-gerund,NA,NA
Como él no sabe,DE_WR_39_20_5_14_LW,45,5,49_5,2018,Hamburg,Lower advanced,5,female,20,masc,PRE,MC,DEF,GI,N,pron,90.7,No,14,5,Yes,15,Outsideclassroom,No,English,saber,simple-finite,NA,NA
coge el infantil,DE_WR_39_20_5_14_LW,45,7,49_7,2018,Hamburg,Lower advanced,5,female,20,masc,NA,MC,NA,GI,Y,nullsub,90.7,No,14,5,Yes,15,Outsideclassroom,No,English,coger,simple-finite,NA,NA
y busca a la madre.,DE_WR_39_20_5_14_LW,45,8,49_8,2018,Hamburg,Lower advanced,5,female,20,masc,NA,MC,NA,GI,Y,nullsub,90.7,No,14,5,Yes,15,Outsideclassroom,No,English,buscar,simple-finite,NA,NA
Solo encuentra un carrito,DE_WR_39_20_5_14_LW,45,9,49_9,2018,Hamburg,Lower advanced,5,female,20,masc,NA,MC,NA,GI,Y,nullsub,90.7,No,14,5,Yes,15,Outsideclassroom,No,English,encontrar,simple-finite,NA,NA
Charles Chaplin va a la calle,DE_WR_22_25_5_14_AKK,46,1,5_1,2019,NA,Upper beginner,2,female,25,masc,PRE,MC,DEF,NE,N,dp,51.2,No,20,5,No,15,Outsideclassroom,Yes,Portuguese,ir,simple-finite,NA,NA
"El pone el bebe en la calle,",DE_WR_22_25_5_14_AKK,46,10,5_10,2019,NA,Upper beginner,2,female,25,masc,PRE,MC,DEF,GI,Y,pron,51.2,No,20,5,No,15,Outsideclassroom,Yes,Portuguese,poner,simple-finite,NA,NA
perro la policia le ve,DE_WR_22_25_5_14_AKK,46,11,5_11,2019,NA,Upper beginner,2,female,25,fem,PRE,MC,DEF,NE,N,dp,51.2,No,20,5,No,15,Outsideclassroom,Yes,Portuguese,ver,simple-finite,NA,NA
y Charles otra vez pone el bebe.,DE_WR_22_25_5_14_AKK,46,12,5_12,2019,NA,Upper beginner,2,female,25,masc,PRE,MC,DEF,GI,N,dp,51.2,No,20,5,No,15,Outsideclassroom,Yes,Portuguese,poner,simple-finite,NA,NA
Despues el pone el bebe a un hombre vejo,DE_WR_22_25_5_14_AKK,46,13,5_13,2019,NA,Upper beginner,2,female,25,masc,PRE,MC,DEF,GI,Y,pron,51.2,No,20,5,No,15,Outsideclassroom,Yes,Portuguese,poner,simple-finite,NA,NA
y corre.,DE_WR_22_25_5_14_AKK,46,14,5_14,2019,NA,Upper beginner,2,female,25,masc,NA,MC,NA,GI,Y,nullsub,51.2,No,20,5,No,15,Outsideclassroom,Yes,Portuguese,correr,simple-finite,NA,NA
El hombre vejo pone el bebe a la senora.,DE_WR_22_25_5_14_AKK,46,15,5_15,2019,NA,Upper beginner,2,female,25,masc,PRE,MC,DEF,GI,N,pron,51.2,No,20,5,No,15,Outsideclassroom,Yes,Portuguese,poner,simple-finite,NA,NA
"Quando la senora sale una tienda,",DE_WR_22_25_5_14_AKK,46,16,5_16,2019,NA,Upper beginner,2,female,25,fem,PRE,MC,DEF,GI,N,dp,51.2,No,20,5,No,15,Outsideclassroom,Yes,Portuguese,salir,simple-finite,NA,NA
ve Chaplin,DE_WR_22_25_5_14_AKK,46,17,5_17,2019,NA,Upper beginner,2,female,25,fem,NA,MC,NA,GI,Y,nullsub,51.2,No,20,5,No,15,Outsideclassroom,Yes,Portuguese,ver,simple-finite,NA,NA
y cree,DE_WR_22_25_5_14_AKK,46,18,5_18,2019,NA,Upper beginner,2,female,25,fem,NA,MC,NA,GI,Y,nullsub,51.2,No,20,5,No,15,Outsideclassroom,Yes,Portuguese,creer,simple-finite,NA,NA
que el ha pongo el bebe allí.,DE_WR_22_25_5_14_AKK,46,19,5_19,2019,NA,Upper beginner,2,female,25,masc,PRE,SC,DEF,GI,N,pron,51.2,No,20,5,No,15,Outsideclassroom,Yes,Portuguese,poner,simple-finite,NA,NA
"y qando quiere fumar,",DE_WR_22_25_5_14_AKK,46,2,5_2,2019,NA,Upper beginner,2,female,25,masc,NA,SC,NA,GI,Y,nullsub,51.2,No,20,5,No,15,Outsideclassroom,Yes,Portuguese,fumar,modal,NA,NA
Ella va furioso  .,DE_WR_22_25_5_14_AKK,46,20,5_20,2019,NA,Upper beginner,2,female,25,fem,PRE,MC,DEF,GI,N,pron,51.2,No,20,5,No,15,Outsideclassroom,Yes,Portuguese,ir,simple-finite,NA,NA
y pone el bebe a Chaplin.,DE_WR_22_25_5_14_AKK,46,21,5_21,2019,NA,Upper beginner,2,female,25,fem,NA,MC,NA,GI,Y,nullsub,51.2,No,20,5,No,15,Outsideclassroom,Yes,Portuguese,poner,simple-finite,NA,NA
En el fin Chaplin encontre una papel con una mensaje,DE_WR_22_25_5_14_AKK,46,22,5_22,2019,NA,Upper beginner,2,female,25,masc,PRE,MC,DEF,GI,N,dp,51.2,No,20,5,No,15,Outsideclassroom,Yes,Portuguese,encontrar,simple-finite,NA,NA
El lleve el bebe.,DE_WR_22_25_5_14_AKK,46,23,5_23,2019,NA,Upper beginner,2,female,25,masc,NA,MC,NA,GI,Y,nullsub,51.2,No,20,5,No,15,Outsideclassroom,Yes,Portuguese,llevar,simple-finite,NA,NA
encontre un bebe.,DE_WR_22_25_5_14_AKK,46,3,5_3,2019,NA,Upper beginner,2,female,25,masc,NA,MC,NA,GI,Y,nullsub,51.2,No,20,5,No,15,Outsideclassroom,Yes,Portuguese,encontrar,simple-finite,NA,NA
El no sabe,DE_WR_22_25_5_14_AKK,46,4,5_4,2019,NA,Upper beginner,2,female,25,masc,PRE,MC,DEF,GI,Y,pron,51.2,No,20,5,No,15,Outsideclassroom,Yes,Portuguese,saber,simple-finite,NA,NA
que fazer,DE_WR_22_25_5_14_AKK,46,5,5_5,2019,NA,Upper beginner,2,female,25,masc,NA,SC,NA,NA,NA,nullsub,51.2,No,20,5,No,15,Outsideclassroom,Yes,Portuguese,hacer,simple-finite,NA,NA
y decide de poner el bebe a una senora.,DE_WR_22_25_5_14_AKK,46,6,5_6,2019,NA,Upper beginner,2,female,25,masc,NA,MC,NA,GI,Y,nullsub,51.2,No,20,5,No,15,Outsideclassroom,Yes,Portuguese,decidir,infinitive,NA,NA
La senora no quiere el bebe.,DE_WR_22_25_5_14_AKK,46,7,5_7,2019,NA,Upper beginner,2,female,25,fem,PRE,MC,DEF,GI,N,dp,51.2,No,20,5,No,15,Outsideclassroom,Yes,Portuguese,querer,simple-finite,NA,NA
Ella va muy furioso,DE_WR_22_25_5_14_AKK,46,8,5_8,2019,NA,Upper beginner,2,female,25,fem,PRE,MC,DEF,GI,Y,pron,51.2,No,20,5,No,15,Outsideclassroom,Yes,Portuguese,ir,simple-finite,NA,NA
aunque Chaplin já pone el bebe.,DE_WR_22_25_5_14_AKK,46,9,5_9,2019,NA,Upper beginner,2,female,25,masc,PRE,SC,DEF,GI,N,dp,51.2,No,20,5,No,15,Outsideclassroom,Yes,Portuguese,poner,simple-finite,NA,NA
"El vídeo trata del famoso personaje Charles Chaplin,",DE_WR_39_20_7_14_HP,47,1,50_1,2019,Erlangen,Lower intermediate,3,female,20,masc,PRE,MC,DEF,NE,N,dp,90.7,No,13,7,No,15,Insideclassroom,No,English,tratar,periphrasis-lexical,NA,NA
cuando Charles pasea por la calle,DE_WR_39_20_7_14_HP,47,10,50_10,2019,Erlangen,Lower intermediate,3,female,20,masc,PRE,SC,DEF,GI,N,dp,90.7,No,13,7,No,15,Insideclassroom,No,English,pasear,simple-finite,NA,NA
oye y ve a un bebé en la calle.,DE_WR_39_20_7_14_HP,47,13,50_13,2019,Erlangen,Lower intermediate,3,female,20,masc,NA,MC,NA,GI,Y,nullsub,90.7,No,13,7,No,15,Insideclassroom,No,English,oír,simple-finite,NA,NA
Lleva al bebé,DE_WR_39_20_7_14_HP,47,14,50_14,2019,Erlangen,Lower intermediate,3,female,20,masc,NA,MC,NA,GI,Y,nullsub,90.7,No,13,7,No,15,Insideclassroom,No,English,llevar,simple-finite,NA,NA
y mira por la calle,DE_WR_39_20_7_14_HP,47,15,50_15,2019,Erlangen,Lower intermediate,3,female,20,masc,NA,MC,NA,GI,Y,nullsub,90.7,No,13,7,No,15,Insideclassroom,No,English,mirar,simple-finite,NA,NA
De repente aparece una mujer con un cochecito,DE_WR_39_20_7_14_HP,47,17,50_17,2019,Erlangen,Lower intermediate,3,female,20,fem,POST,MC,INDEF,NE,N,dp,90.7,No,13,7,No,15,Insideclassroom,No,English,aparecer,simple-finite,NA,NA
que va por la calle hacia una tienda.,DE_WR_39_20_7_14_HP,47,18,50_18,2019,Erlangen,Lower intermediate,3,female,20,fem,PRE,SC,DEF,GI,Y,pron,90.7,No,13,7,No,15,Insideclassroom,No,English,ir,simple-finite,NA,NA
"Mientras ella entra en la tienda,",DE_WR_39_20_7_14_HP,47,19,50_19,2019,Erlangen,Lower intermediate,3,female,20,fem,PRE,MC,DEF,GI,Y,pron,90.7,No,13,7,No,15,Insideclassroom,No,English,entrar,simple-finite,NA,NA
que aparece en películas sin sonido.,DE_WR_39_20_7_14_HP,47,2,50_2,2019,Erlangen,Lower intermediate,3,female,20,masc,PRE,SC,DEF,GI,N,pron,90.7,No,13,7,No,15,Insideclassroom,No,English,aparecer,simple-finite,NA,NA
él mete el bebé en el cochecito.,DE_WR_39_20_7_14_HP,47,20,50_20,2019,Erlangen,Lower intermediate,3,female,20,masc,PRE,MC,DEF,GI,N,pron,90.7,No,13,7,No,15,Insideclassroom,No,English,meter,simple-finite,NA,NA
La mujer lo vea,DE_WR_39_20_7_14_HP,47,21,50_21,2019,Erlangen,Lower intermediate,3,female,20,fem,PRE,MC,DEF,GI,N,dp,90.7,No,13,7,No,15,Insideclassroom,No,English,ver,simple-finite,NA,NA
y pega con su paraguas a Charles.,DE_WR_39_20_7_14_HP,47,22,50_22,2019,Erlangen,Lower intermediate,3,female,20,fem,NA,MC,NA,GI,Y,nullsub,90.7,No,13,7,No,15,Insideclassroom,No,English,golpear,simple-finite,NA,NA
Entonces él tiene la idea de llevar al bebé al mismo sitio,DE_WR_39_20_7_14_HP,47,23,50_23,2019,Erlangen,Lower intermediate,3,female,20,masc,PRE,MC,DEF,GI,N,pron,90.7,No,13,7,No,15,Insideclassroom,No,English,tener,simple-finite,NA,NA
donde lo ha encontrado antes.,DE_WR_39_20_7_14_HP,47,24,50_24,2019,Erlangen,Lower intermediate,3,female,20,masc,NA,SC,NA,GI,Y,nullsub,90.7,No,13,7,No,15,Insideclassroom,No,English,encontrar,simple-finite,NA,NA
aparece un policía,DE_WR_39_20_7_14_HP,47,26,50_26,2019,Erlangen,Lower intermediate,3,female,20,masc,POST,MC,INDEF,NE,N,dp,90.7,No,13,7,No,15,Insideclassroom,No,English,aparecer,simple-finite,NA,NA
Entonces engaña a un hombre,DE_WR_39_20_7_14_HP,47,28,50_28,2019,Erlangen,Lower intermediate,3,female,20,masc,NA,MC,NA,GI,N,nullsub,90.7,No,13,7,No,15,Insideclassroom,No,English,engañar,simple-finite,NA,NA
y le da a él el bebé.,DE_WR_39_20_7_14_HP,47,29,50_29,2019,Erlangen,Lower intermediate,3,female,20,masc,NA,MC,NA,GI,Y,nullsub,90.7,No,13,7,No,15,Insideclassroom,No,English,dar,simple-finite,NA,NA
Él sale de una casa,DE_WR_39_20_7_14_HP,47,3,50_3,2019,Erlangen,Lower intermediate,3,female,20,masc,PRE,MC,DEF,GI,Y,pron,90.7,No,13,7,No,15,Insideclassroom,No,English,salir,simple-finite,NA,NA
Este hombre tampoco sabe,DE_WR_39_20_7_14_HP,47,30,50_30,2019,Erlangen,Lower intermediate,3,female,20,masc,PRE,MC,DEF,GI,N,dp,90.7,No,13,7,No,15,Insideclassroom,No,English,saber,simple-finite,NA,NA
y mete el bebé al mismo cochecito,DE_WR_39_20_7_14_HP,47,32,50_32,2019,Erlangen,Lower intermediate,3,female,20,masc,NA,MC,NA,GI,Y,nullsub,90.7,No,13,7,No,15,Insideclassroom,No,English,meter,simple-finite,NA,NA
Este intento también fracasa,DE_WR_39_20_7_14_HP,47,34,50_34,2019,Erlangen,Lower intermediate,3,female,20,masc,PRE,MC,DEF,NE,N,dp,90.7,No,13,7,No,15,Insideclassroom,No,English,intentar,simple-finite,NA,NA
y al final Charles Chaplin se queda con el bebé en la calle,DE_WR_39_20_7_14_HP,47,35,50_35,2019,Erlangen,Lower intermediate,3,female,20,masc,PRE,MC,DEF,GI,N,dp,90.7,No,13,7,No,15,Insideclassroom,No,English,quedar,simple-finite,NA,NA
que parecen ser de la madre del bebé.,DE_WR_39_20_7_14_HP,47,37,50_37,2019,Erlangen,Lower intermediate,3,female,20,fem,PRE,SC,DEF,GI,N,pron,90.7,No,13,7,No,15,Insideclassroom,No,English,parecer,simple-finite,NA,NA
Al principio de esta historia suceden dos incidentes,DE_WR_39_20_7_14_HP,47,5,50_5,2019,Erlangen,Lower intermediate,3,female,20,masc,POST,MC,DEF,NE,N,dp,90.7,No,13,7,No,15,Insideclassroom,No,English,suceder,simple-finite,NA,NA
una vez una persona de una casa tira cosas desde una ventana a él,DE_WR_39_20_7_14_HP,47,7,50_7,2019,Erlangen,Lower intermediate,3,female,20,fem,PRE,MC,INDEF,NE,N,dp,90.7,No,13,7,No,15,Insideclassroom,No,English,tirar,simple-finite,NA,NA
y la otra vez es otra persona,DE_WR_39_20_7_14_HP,47,8,50_8,2019,Erlangen,Lower intermediate,3,female,20,fem,POST,MC,INDEF,NE,N,dp,90.7,No,13,7,No,15,Insideclassroom,No,English,ser,simple-finite,NA,NA
"que casi tira su basura a él,",DE_WR_39_20_7_14_HP,47,9,50_9,2019,Erlangen,Lower intermediate,3,female,20,fem,NA,SC,NA,GI,Y,nullsub,90.7,No,13,7,No,15,Insideclassroom,No,English,tirar,simple-finite,NA,NA
El vídeo trata de Charlie Chaplin,DE_WR_39_21_11_14_JM,48,1,51_1,2018,Hamburg,Lower intermediate,3,female,21,masc,PRE,MC,DEF,NE,N,dp,90.7,No,10,11,Yes,4,Insideclassroom,No,English,tratar,simple-finite,NA,NA
y se enfadó.,DE_WR_39_21_11_14_JM,48,10,51_10,2018,Hamburg,Lower intermediate,3,female,21,fem,NA,MC,NA,GI,Y,nullsub,90.7,No,10,11,Yes,4,Insideclassroom,No,English,enfadarse,simple-finite,NA,NA
Pues Charlie tuvo que irse con el bebé.,DE_WR_39_21_11_14_JM,48,11,51_11,2018,Hamburg,Lower intermediate,3,female,21,masc,PRE,MC,DEF,GI,N,dp,90.7,No,10,11,Yes,4,Insideclassroom,No,English,irse,modal,NA,NA
Desde este momento intentó de dejar el bebé con otras personas,DE_WR_39_21_11_14_JM,48,12,51_12,2018,Hamburg,Lower intermediate,3,female,21,masc,NA,MC,NA,GI,Y,nullsub,90.7,No,10,11,Yes,4,Insideclassroom,No,English,intentar,infinitive,NA,NA
Esa intención no salió,DE_WR_39_21_11_14_JM,48,15,51_15,2018,Hamburg,Lower intermediate,3,female,21,fem,PRE,MC,DEF,NE,N,dp,90.7,No,10,11,Yes,4,Insideclassroom,No,English,salir,simple-finite,NA,NA
hasta que Charlie leó una carta,DE_WR_39_21_11_14_JM,48,16,51_16,2018,Hamburg,Lower intermediate,3,female,21,masc,PRE,SC,DEF,GI,N,dp,90.7,No,10,11,Yes,4,Insideclassroom,No,English,leer,simple-finite,NA,NA
que estaba dentro de la chaqueta de este niño.,DE_WR_39_21_11_14_JM,48,17,51_17,2018,Hamburg,Lower intermediate,3,female,21,fem,PRE,SC,DEF,GI,N,pron,90.7,No,10,11,Yes,4,Insideclassroom,No,English,estar,simple-finite,NA,NA
que por favor amen a este huérfano.,DE_WR_39_21_11_14_JM,48,19,51_19,2018,Hamburg,Lower intermediate,3,female,21,masc,NA,SC,NA,NE,N,nullsub,90.7,No,10,11,Yes,4,Insideclassroom,No,English,amar,simple-finite,NA,NA
como se encontró su bebé en la calle.,DE_WR_39_21_11_14_JM,48,2,51_2,2018,Hamburg,Lower intermediate,3,female,21,masc,NA,SC,NA,GI,N,nullsub,90.7,No,10,11,Yes,4,Insideclassroom,No,English,encontrarse,simple-finite,NA,NA
Charlie estuvo feliz,DE_WR_39_21_11_14_JM,48,20,51_20,2018,Hamburg,Lower intermediate,3,female,21,masc,PRE,MC,DEF,GI,N,dp,90.7,No,10,11,Yes,4,Insideclassroom,No,English,estar,simple-finite,NA,NA
y se fue con su bebé.,DE_WR_39_21_11_14_JM,48,21,51_21,2018,Hamburg,Lower intermediate,3,female,21,masc,NA,MC,NA,GI,Y,nullsub,90.7,No,10,11,Yes,4,Insideclassroom,No,English,ser,simple-finite,NA,NA
Estaba caminando por la calle,DE_WR_39_21_11_14_JM,48,3,51_3,2018,Hamburg,Lower intermediate,3,female,21,masc,NA,MC,NA,GI,Y,nullsub,90.7,No,10,11,Yes,4,Insideclassroom,No,English,caminar,periphrasis-gerund,NA,NA
cuando de repente alguien tiró algo del techo.,DE_WR_39_21_11_14_JM,48,4,51_4,2018,Hamburg,Lower intermediate,3,female,21,unknown,PRE,SC,INDEF,NE,N,pron,90.7,No,10,11,Yes,4,Insideclassroom,No,English,tirar,simple-finite,NA,NA
Charlie estuvo confundido y un poco enfadado,DE_WR_39_21_11_14_JM,48,5,51_5,2018,Hamburg,Lower intermediate,3,female,21,masc,PRE,MC,DEF,GI,N,dp,90.7,No,10,11,Yes,4,Insideclassroom,No,English,estar,simple-finite,NA,NA
cuando vió un bebé gritando y solito en una esquina.,DE_WR_39_21_11_14_JM,48,6,51_6,2018,Hamburg,Lower intermediate,3,female,21,masc,NA,SC,NA,GI,Y,nullsub,90.7,No,10,11,Yes,4,Insideclassroom,No,English,ver,simple-finite,NA,NA
Lo quizo poner en una carreta para bebés,DE_WR_39_21_11_14_JM,48,7,51_7,2018,Hamburg,Lower intermediate,3,female,21,masc,NA,MC,NA,GI,Y,nullsub,90.7,No,10,11,Yes,4,Insideclassroom,No,English,poner,modal,NA,NA
que estaba al lado de él.,DE_WR_39_21_11_14_JM,48,8,51_8,2018,Hamburg,Lower intermediate,3,female,21,fem,PRE,SC,DEF,GI,N,pron,90.7,No,10,11,Yes,4,Insideclassroom,No,English,estar,simple-finite,NA,NA
La mamá del bebé a dentro de la carreta volvió,DE_WR_39_21_11_14_JM,48,9,51_9,2018,Hamburg,Lower intermediate,3,female,21,fem,PRE,MC,DEF,NE,N,dp,90.7,No,10,11,Yes,4,Insideclassroom,No,English,volver,simple-finite,NA,NA
Chaplin está caminando por la calle,DE_WR_39_21_5_14_JR,49,1,52_1,2019,Cologne,Lower advanced,5,female,21,masc,PRE,MC,DEF,NE,N,dp,90.7,No,16,5,Yes,11,Outsideclassroom,No,English,caminar,periphrasis-gerund,NA,NA
"Cuando quiere deshacerse del niño,",DE_WR_39_21_5_14_JR,49,10,52_10,2019,Cologne,Lower advanced,5,female,21,masc,NA,SC,NA,GI,N,nullsub,90.7,No,16,5,Yes,11,Outsideclassroom,No,English,deshacerse,modal,NA,NA
la policía le pare.,DE_WR_39_21_5_14_JR,49,11,52_11,2019,Cologne,Lower advanced,5,female,21,masc,PRE,MC,DEF,GI,N,dp,90.7,No,16,5,Yes,11,Outsideclassroom,No,English,parar,simple-finite,NA,NA
"Ve a un hombre,",DE_WR_39_21_5_14_JR,49,12,52_12,2019,Cologne,Lower advanced,5,female,21,masc,NA,MC,NA,GI,N,nullsub,90.7,No,16,5,Yes,11,Outsideclassroom,No,English,ver,simple-finite,NA,NA
le da el niño,DE_WR_39_21_5_14_JR,49,13,52_13,2019,Cologne,Lower advanced,5,female,21,masc,NA,MC,NA,GI,Y,nullsub,90.7,No,16,5,Yes,11,Outsideclassroom,No,English,dar,simple-finite,NA,NA
y empieza a correr.,DE_WR_39_21_5_14_JR,49,14,52_14,2019,Cologne,Lower advanced,5,female,21,masc,NA,MC,NA,GI,Y,nullsub,90.7,No,16,5,Yes,11,Outsideclassroom,No,English,correr,periphrasis-lexical,NA,NA
"Este hombre da el niño a la mujer de antes, de coincidencia.",DE_WR_39_21_5_14_JR,49,15,52_15,2019,Cologne,Lower advanced,5,female,21,masc,PRE,MC,DEF,GI,N,dp,90.7,No,16,5,Yes,11,Outsideclassroom,No,English,dar,simple-finite,NA,NA
Cuando la mujer lo ve,DE_WR_39_21_5_14_JR,49,16,52_16,2019,Cologne,Lower advanced,5,female,21,fem,PRE,SC,DEF,GI,N,dp,90.7,No,16,5,Yes,11,Outsideclassroom,No,English,ver,simple-finite,NA,NA
también ve a Chaplin,DE_WR_39_21_5_14_JR,49,17,52_17,2019,Cologne,Lower advanced,5,female,21,fem,NA,MC,NA,GI,Y,nullsub,90.7,No,16,5,Yes,11,Outsideclassroom,No,English,ver,simple-finite,NA,NA
y lo dice a la policía.,DE_WR_39_21_5_14_JR,49,18,52_18,2019,Cologne,Lower advanced,5,female,21,fem,NA,MC,NA,GI,Y,nullsub,90.7,No,16,5,Yes,11,Outsideclassroom,No,English,decir,simple-finite,NA,NA
Chaplin otra vez tiene que cuidar el niño.,DE_WR_39_21_5_14_JR,49,19,52_19,2019,Cologne,Lower advanced,5,female,21,masc,PRE,MC,DEF,GI,N,dp,90.7,No,16,5,Yes,11,Outsideclassroom,No,English,cuidar,modal,NA,NA
y una mujer echa unas cosas a su cabeza.,DE_WR_39_21_5_14_JR,49,2,52_2,2019,Cologne,Lower advanced,5,female,21,fem,PRE,MC,INDEF,NE,N,dp,90.7,No,16,5,Yes,11,Outsideclassroom,No,English,echar,simple-finite,NA,NA
Está pensando en dejarlo en la calle,DE_WR_39_21_5_14_JR,49,20,52_20,2019,Cologne,Lower advanced,5,female,21,masc,NA,MC,NA,GI,Y,nullsub,90.7,No,16,5,Yes,11,Outsideclassroom,No,English,pensar,periphrasis-gerund,NA,NA
pero no puede.,DE_WR_39_21_5_14_JR,49,21,52_21,2019,Cologne,Lower advanced,5,female,21,masc,NA,MC,NA,GI,Y,nullsub,90.7,No,16,5,Yes,11,Outsideclassroom,No,English,poder,simple-finite,NA,NA
Encuentra una letra,DE_WR_39_21_5_14_JR,49,22,52_22,2019,Cologne,Lower advanced,5,female,21,fem,NA,MC,NA,GI,Y,nullsub,90.7,No,16,5,Yes,11,Outsideclassroom,No,English,encontrar,simple-finite,NA,NA
lo que dice,DE_WR_39_21_5_14_JR,49,23,52_23,2019,Cologne,Lower advanced,5,female,21,fem,PRE,SC,DEF,GI,N,pron,90.7,No,16,5,Yes,11,Outsideclassroom,No,English,decir,simple-finite,NA,NA
que alguien debe cuidar a este niño,DE_WR_39_21_5_14_JR,49,24,52_24,2019,Cologne,Lower advanced,5,female,21,unknown,PRE,SC,INDEF,NE,N,pron,90.7,No,16,5,Yes,11,Outsideclassroom,No,English,cuidar,modal,NA,NA
y Chaplin empieza a enamorarse del niño.,DE_WR_39_21_5_14_JR,49,25,52_25,2019,Cologne,Lower advanced,5,female,21,masc,PRE,MC,DEF,GI,N,dp,90.7,No,16,5,Yes,11,Outsideclassroom,No,English,enamorarse,periphrasis-lexical,NA,NA
Después sale con él.,DE_WR_39_21_5_14_JR,49,26,52_26,2019,Cologne,Lower advanced,5,female,21,masc,NA,MC,NA,GI,Y,nullsub,90.7,No,16,5,Yes,11,Outsideclassroom,No,English,salir,simple-finite,NA,NA
Después para,DE_WR_39_21_5_14_JR,49,3,52_3,2019,Cologne,Lower advanced,5,female,21,masc,NA,MC,NA,GI,N,nullsub,90.7,No,16,5,Yes,11,Outsideclassroom,No,English,parar,simple-finite,NA,NA
y busca por otro cigarillo.,DE_WR_39_21_5_14_JR,49,4,52_4,2019,Cologne,Lower advanced,5,female,21,masc,NA,MC,NA,GI,Y,nullsub,90.7,No,16,5,Yes,11,Outsideclassroom,No,English,buscar,simple-finite,NA,NA
Encuentra un bebé en la calle,DE_WR_39_21_5_14_JR,49,5,52_5,2019,Cologne,Lower advanced,5,female,21,masc,NA,MC,NA,GI,Y,nullsub,90.7,No,16,5,Yes,11,Outsideclassroom,No,English,encontrar,simple-finite,NA,NA
y ve a una mujer con otro niño.,DE_WR_39_21_5_14_JR,49,6,52_6,2019,Cologne,Lower advanced,5,female,21,fem,NA,MC,NA,GI,Y,nullsub,90.7,No,16,5,Yes,11,Outsideclassroom,No,English,ver,simple-finite,NA,NA
Quiere,DE_WR_39_21_5_14_JR,49,7,52_7,2019,Cologne,Lower advanced,5,female,21,masc,NA,MC,NA,GI,Y,nullsub,90.7,No,16,5,Yes,11,Outsideclassroom,No,English,querer,simple-finite,NA,NA
que la mujer tome este bebé igual,DE_WR_39_21_5_14_JR,49,8,52_8,2019,Cologne,Lower advanced,5,female,21,fem,PRE,SC,DEF,GI,N,dp,90.7,No,16,5,Yes,11,Outsideclassroom,No,English,tomar,simple-finite,NA,NA
pero ella dice que no.,DE_WR_39_21_5_14_JR,50,9,52_9,2019,Cologne,Lower advanced,5,female,21,fem,PRE,MC,DEF,GI,Y,pron,90.7,No,16,5,Yes,11,Outsideclassroom,No,English,decir,simple-finite,NA,NA
pero el hombre tiene la misma idea,DE_WR_39_22_2_14_KP,50,10,53_10,2019,Frankfurt,Lower advanced,5,female,22,masc,PRE,MC,DEF,GI,N,dp,90.7,No,20,2,Yes,10,Outsideclassroom,No,English,tener,simple-finite,NA,NA
y también deja el bebé en el carro.,DE_WR_39_22_2_14_KP,50,11,53_11,2019,Frankfurt,Lower advanced,5,female,22,masc,NA,MC,NA,GI,Y,nullsub,90.7,No,20,2,Yes,10,Outsideclassroom,No,English,dejar,simple-finite,NA,NA
"Cuando Cc pasa,",DE_WR_39_22_2_14_KP,50,12,53_12,2019,Frankfurt,Lower advanced,5,female,22,masc,PRE,SC,DEF,GI,N,dp,90.7,No,20,2,Yes,10,Outsideclassroom,No,English,pasar,simple-finite,NA,NA
la mujercita empiaza a golpearle,DE_WR_39_22_2_14_KP,50,13,53_13,2019,Frankfurt,Lower advanced,5,female,22,fem,PRE,MC,DEF,GI,N,dp,90.7,No,20,2,Yes,10,Outsideclassroom,No,English,golpear,periphrasis-lexical,NA,NA
y le devuelve el bebé.,DE_WR_39_22_2_14_KP,50,14,53_14,2019,Frankfurt,Lower advanced,5,female,22,fem,NA,MC,NA,GI,Y,nullsub,90.7,No,20,2,Yes,10,Outsideclassroom,No,English,devolver,simple-finite,NA,NA
Al final CC encuentra un mensaje en la ropa del bebé,DE_WR_39_22_2_14_KP,50,15,53_15,2019,Frankfurt,Lower advanced,5,female,22,masc,PRE,MC,DEF,GI,N,dp,90.7,No,20,2,Yes,10,Outsideclassroom,No,English,encontrar,simple-finite,NA,NA
que pone:,DE_WR_39_22_2_14_KP,50,16,53_16,2019,Frankfurt,Lower advanced,5,female,22,masc,PRE,SC,DEF,GI,N,pron,90.7,No,20,2,Yes,10,Outsideclassroom,No,English,poner,simple-finite,NA,NA
Se va con el bebé entre los brazos.,DE_WR_39_22_2_14_KP,50,18,53_18,2019,Frankfurt,Lower advanced,5,female,22,masc,NA,MC,NA,GI,N,nullsub,90.7,No,20,2,Yes,10,Outsideclassroom,No,English,irse,simple-finite,NA,NA
que encuentra a un bebé en una esquina.,DE_WR_39_22_2_14_KP,50,2,53_2,2019,Frankfurt,Lower advanced,5,female,22,masc,PRE,SC,DEF,GI,N,pron,90.7,No,20,2,Yes,10,Outsideclassroom,No,English,encontrar,simple-finite,NA,NA
El intenta de maneras diferentes deshacerse del bebé.,DE_WR_39_22_2_14_KP,50,3,53_3,2019,Frankfurt,Lower advanced,5,female,22,masc,PRE,MC,DEF,GI,Y,pron,90.7,No,20,2,Yes,10,Outsideclassroom,No,English,intentar,infinitive,NA,NA
Intenta meterlo con otro bebé en un carro,DE_WR_39_22_2_14_KP,50,4,53_4,2019,Frankfurt,Lower advanced,5,female,22,masc,NA,MC,NA,GI,Y,nullsub,90.7,No,20,2,Yes,10,Outsideclassroom,No,English,intentar,infinitive,NA,NA
pero la madre del bebé le sigue,DE_WR_39_22_2_14_KP,50,5,53_5,2019,Frankfurt,Lower advanced,5,female,22,fem,PRE,MC,DEF,NE,N,dp,90.7,No,20,2,Yes,10,Outsideclassroom,No,English,seguir,simple-finite,NA,NA
y se lo devuelve.,DE_WR_39_22_2_14_KP,50,6,53_6,2019,Frankfurt,Lower advanced,5,female,22,fem,NA,MC,NA,GI,Y,nullsub,90.7,No,20,2,Yes,10,Outsideclassroom,No,English,devolver,simple-finite,NA,NA
Después deja el bebé con otro hombre,DE_WR_39_22_2_14_KP,50,7,53_7,2019,Frankfurt,Lower advanced,5,female,22,masc,NA,MC,NA,GI,N,nullsub,90.7,No,20,2,Yes,10,Outsideclassroom,No,English,dejar,simple-finite,NA,NA
que por fin consiguió deshacerse del bebé,DE_WR_39_22_2_14_KP,50,9,53_9,2019,Frankfurt,Lower advanced,5,female,22,masc,NA,SC,NA,GI,Y,nullsub,90.7,No,20,2,Yes,10,Outsideclassroom,No,English,conseguir,simple-finite,NA,NA
"Chaplin encuentra un bebé en la calle,",DE_WR_39_22_5_14_SH,51,1,54_1,2019,Frankfurt,Lower advanced,5,female,22,masc,PRE,MC,DEF,NE,N,dp,90.7,No,14,5,Yes,5,Outsideclassroom,No,English,encontrar,simple-finite,NA,NA
y corre.,DE_WR_39_22_5_14_SH,51,10,54_10,2019,Frankfurt,Lower advanced,5,female,22,masc,NA,MC,NA,GI,Y,nullsub,90.7,No,14,5,Yes,5,Outsideclassroom,No,English,correr,simple-finite,NA,NA
El hombre pone el bebé otra vez en el carrito de la mujer.,DE_WR_39_22_5_14_SH,51,11,54_11,2019,Frankfurt,Lower advanced,5,female,22,masc,PRE,MC,DEF,GI,N,dp,90.7,No,14,5,Yes,5,Outsideclassroom,No,English,poner,simple-finite,NA,NA
Lo encuentra,DE_WR_39_22_5_14_SH,51,12,54_12,2019,Frankfurt,Lower advanced,5,female,22,fem,NA,MC,NA,GI,N,nullsub,90.7,No,14,5,Yes,5,Outsideclassroom,No,English,encontrar,simple-finite,NA,NA
cuando Chaplin la está pasando.,DE_WR_39_22_5_14_SH,51,13,54_13,2019,Frankfurt,Lower advanced,5,female,22,masc,PRE,SC,DEF,GI,N,dp,90.7,No,14,5,Yes,5,Outsideclassroom,No,English,pasar,periphrasis-gerund,NA,NA
Le pega con su bastón,DE_WR_39_22_5_14_SH,51,14,54_14,2019,Frankfurt,Lower advanced,5,female,22,fem,NA,MC,NA,GI,N,nullsub,90.7,No,14,5,Yes,5,Outsideclassroom,No,English,pegar,simple-finite,NA,NA
y le acusa al policía.,DE_WR_39_22_5_14_SH,51,15,54_15,2019,Frankfurt,Lower advanced,5,female,22,fem,NA,MC,NA,GI,Y,nullsub,90.7,No,14,5,Yes,5,Outsideclassroom,No,English,acusar,simple-finite,NA,NA
Champlin toma el bebé,DE_WR_39_22_5_14_SH,51,16,54_16,2019,Frankfurt,Lower advanced,5,female,22,masc,PRE,MC,DEF,GI,N,dp,90.7,No,14,5,Yes,5,Outsideclassroom,No,English,tomar,simple-finite,NA,NA
y se va.,DE_WR_39_22_5_14_SH,51,17,54_17,2019,Frankfurt,Lower advanced,5,female,22,masc,NA,MC,NA,GI,Y,nullsub,90.7,No,14,5,Yes,5,Outsideclassroom,No,English,irse,simple-finite,NA,NA
Encuentra una letra,DE_WR_39_22_5_14_SH,51,18,54_18,2019,Frankfurt,Lower advanced,5,female,22,fem,NA,MC,NA,GI,N,nullsub,90.7,No,14,5,Yes,5,Outsideclassroom,No,English,encontrar,simple-finite,NA,NA
que dice,DE_WR_39_22_5_14_SH,51,19,54_19,2019,Frankfurt,Lower advanced,5,female,22,fem,PRE,SC,DEF,GI,N,pron,90.7,No,14,5,Yes,5,Outsideclassroom,No,English,decir,simple-finite,NA,NA
lo coge,DE_WR_39_22_5_14_SH,51,2,54_2,2019,Frankfurt,Lower advanced,5,female,22,masc,NA,MC,NA,GI,Y,nullsub,90.7,No,14,5,Yes,5,Outsideclassroom,No,English,coger,simple-finite,NA,NA
que el niño es un orfan,DE_WR_39_22_5_14_SH,51,20,54_20,2019,Frankfurt,Lower advanced,5,female,22,masc,NA,SC,DEF,GI,N,dp,90.7,No,14,5,Yes,5,Outsideclassroom,No,English,ser,simple-finite,NA,NA
y debe ser amado.,DE_WR_39_22_5_14_SH,51,21,54_21,2019,Frankfurt,Lower advanced,5,female,22,masc,NA,MC,NA,GI,Y,nullsub,90.7,No,14,5,Yes,5,Outsideclassroom,No,English,ser,modal,NA,NA
Champlin se va con el Bebé el los brazos.,DE_WR_39_22_5_14_SH,51,22,54_22,2019,Frankfurt,Lower advanced,5,female,22,masc,PRE,MC,DEF,GI,N,dp,90.7,No,14,5,Yes,5,Outsideclassroom,No,English,irse,simple-finite,NA,NA
y lo pone en el carrito de una mujer.,DE_WR_39_22_5_14_SH,51,3,54_3,2019,Frankfurt,Lower advanced,5,female,22,masc,NA,MC,NA,GI,Y,nullsub,90.7,No,14,5,Yes,5,Outsideclassroom,No,English,poner,simple-finite,NA,NA
La mujer se enfada,DE_WR_39_22_5_14_SH,51,4,54_4,2019,Frankfurt,Lower advanced,5,female,22,fem,PRE,MC,DEF,GI,N,dp,90.7,No,14,5,Yes,5,Outsideclassroom,No,English,enfadarse,simple-finite,NA,NA
y Chaplin lo retira,DE_WR_39_22_5_14_SH,51,5,54_5,2019,Frankfurt,Lower advanced,5,female,22,masc,PRE,MC,DEF,GI,N,dp,90.7,No,14,5,Yes,5,Outsideclassroom,No,English,retira,simple-finite,NA,NA
y quiere ponerlo otra vez en la calle.,DE_WR_39_22_5_14_SH,51,6,54_6,2019,Frankfurt,Lower advanced,5,female,22,masc,NA,MC,NA,GI,Y,nullsub,90.7,No,14,5,Yes,5,Outsideclassroom,No,English,poner,modal,NA,NA
Pero un policía le está mirando.,DE_WR_39_22_5_14_SH,51,7,54_7,2019,Frankfurt,Lower advanced,5,female,22,masc,PRE,MC,INDEF,NE,N,dp,90.7,No,14,5,Yes,5,Outsideclassroom,No,English,mirar,periphrasis-gerund,NA,NA
Por eso coge el bebé de nuevo,DE_WR_39_22_5_14_SH,51,8,54_8,2019,Frankfurt,Lower advanced,5,female,22,masc,NA,MC,NA,GI,N,nullsub,90.7,No,14,5,Yes,5,Outsideclassroom,No,English,coger,simple-finite,NA,NA
y lo da a un hombre viejo,DE_WR_39_22_5_14_SH,51,9,54_9,2019,Frankfurt,Lower advanced,5,female,22,masc,NA,MC,NA,GI,Y,nullsub,90.7,No,14,5,Yes,5,Outsideclassroom,No,English,dar,simple-finite,NA,NA
La historia trata de un hombre en los años 60,DE_WR_39_22_6_14_VM,52,1,55_1,2019,Frankfurt,Lower advanced,5,female,22,fem,PRE,MC,DEF,NE,N,dp,90.7,No,16,6,Yes,10,Outsideclassroom,No,English,tratar,periphrasis-lexical,NA,NA
por lo tanto el protagonista quiere dejarlo de vuelta en la esquina,DE_WR_39_22_6_14_VM,52,10,55_10,2019,Frankfurt,Lower advanced,5,female,22,masc,PRE,SC,DEF,GI,N,dp,90.7,No,16,6,Yes,10,Outsideclassroom,No,English,dejar,modal,NA,NA
dónde lo encontró.,DE_WR_39_22_6_14_VM,52,11,55_11,2019,Frankfurt,Lower advanced,5,female,22,masc,NA,SC,NA,GI,Y,nullsub,90.7,No,16,6,Yes,10,Outsideclassroom,No,English,encontrar,simple-finite,NA,NA
Justo en ese momento pasa un policía,DE_WR_39_22_6_14_VM,52,12,55_12,2019,Frankfurt,Lower advanced,5,female,22,masc,POST,MC,INDEF,NE,N,dp,90.7,No,16,6,Yes,10,Outsideclassroom,No,English,pasar,simple-finite,NA,NA
y debajo de sus ojos vigilosos se lo lleva consigo otra vez.,DE_WR_39_22_6_14_VM,52,13,55_13,2019,Frankfurt,Lower advanced,5,female,22,masc,NA,MC,NA,GI,N,nullsub,90.7,No,16,6,Yes,10,Outsideclassroom,No,English,llevarse,simple-finite,NA,NA
Cuando ve a un hombre judío,DE_WR_39_22_6_14_VM,52,14,55_14,2019,Frankfurt,Lower advanced,5,female,22,masc,NA,SC,NA,GI,Y,nullsub,90.7,No,16,6,Yes,10,Outsideclassroom,No,English,ver,simple-finite,NA,NA
se lo da a él,DE_WR_39_22_6_14_VM,52,15,55_15,2019,Frankfurt,Lower advanced,5,female,22,masc,NA,SC,NA,GI,Y,nullsub,90.7,No,16,6,Yes,10,Outsideclassroom,No,English,dar,simple-finite,NA,NA
y luego se escapa.,DE_WR_39_22_6_14_VM,52,16,55_16,2019,Frankfurt,Lower advanced,5,female,22,masc,NA,MC,NA,GI,Y,nullsub,90.7,No,16,6,Yes,10,Outsideclassroom,No,English,escaparse,simple-finite,NA,NA
que el problema está solucionado.,DE_WR_39_22_6_14_VM,52,18,55_18,2019,Frankfurt,Lower advanced,5,female,22,masc,PRE,SC,DEF,NE,N,dp,90.7,No,16,6,Yes,10,Outsideclassroom,No,English,estar,simple-finite,NA,NA
Pero la mala suerte le parece seguir,DE_WR_39_22_6_14_VM,52,19,55_19,2019,Frankfurt,Lower advanced,5,female,22,fem,PRE,MC,DEF,NE,N,dp,90.7,No,16,6,Yes,10,Outsideclassroom,No,English,parecer,infinitive,NA,NA
que anda caminando por una calle.,DE_WR_39_22_6_14_VM,52,2,55_2,2019,Frankfurt,Lower advanced,5,female,22,masc,PRE,SC,DEF,GI,N,pron,90.7,No,16,6,Yes,10,Outsideclassroom,No,English,caminar,periphrasis-gerund,NA,NA
porque el hombre judío deja el bebé con la mujer,DE_WR_39_22_6_14_VM,52,20,55_20,2019,Frankfurt,Lower advanced,5,female,22,masc,PRE,MC,DEF,GI,N,dp,90.7,No,16,6,Yes,10,Outsideclassroom,No,English,dejar,simple-finite,NA,NA
al que el protagonista anteriormente ha intentado darlo.,DE_WR_39_22_6_14_VM,52,21,55_21,2019,Frankfurt,Lower advanced,5,female,22,masc,PRE,SC,DEF,GI,N,dp,90.7,No,16,6,Yes,10,Outsideclassroom,No,English,intentar,infinitive,NA,NA
"Cuando ella se da cuenta de eso,",DE_WR_39_22_6_14_VM,52,22,55_22,2019,Frankfurt,Lower advanced,5,female,22,fem,PRE,SC,DEF,GI,N,pron,90.7,No,16,6,Yes,10,Outsideclassroom,No,English,darse,periphrasis-lexical,NA,NA
el protagonista justo está pasando al lado de la mujer.,DE_WR_39_22_6_14_VM,52,23,55_23,2019,Frankfurt,Lower advanced,5,female,22,masc,PRE,MC,DEF,GI,N,dp,90.7,No,16,6,Yes,10,Outsideclassroom,No,English,pasar,periphrasis-gerund,NA,NA
Obviamente piensa,DE_WR_39_22_6_14_VM,52,24,55_24,2019,Frankfurt,Lower advanced,5,female,22,fem,NA,MC,NA,GI,N,nullsub,90.7,No,16,6,Yes,10,Outsideclassroom,No,English,pensar,simple-finite,NA,NA
"que fue él,",DE_WR_39_22_6_14_VM,52,25,55_25,2019,Frankfurt,Lower advanced,5,female,22,fem,POST,SC,DEF,GI,N,pron,90.7,No,16,6,Yes,10,Outsideclassroom,No,English,ser,simple-finite,NA,NA
"quien se lo había dejado de vuelta,",DE_WR_39_22_6_14_VM,52,26,55_26,2019,Frankfurt,Lower advanced,5,female,22,masc,PRE,SC,DEF,GI,Y,pron,90.7,No,16,6,Yes,10,Outsideclassroom,No,English,dejar,simple-finite,NA,NA
y empieza a gritarle.,DE_WR_39_22_6_14_VM,52,27,55_27,2019,Frankfurt,Lower advanced,5,female,22,fem,NA,MC,NA,GI,N,nullsub,90.7,No,16,6,Yes,10,Outsideclassroom,No,English,gritar,periphrasis-lexical,NA,NA
A causa del quilombo […] viene el policía,DE_WR_39_22_6_14_VM,52,28,55_28,2019,Frankfurt,Lower advanced,5,female,22,masc,POST,MC,DEF,NE,N,dp,90.7,No,16,6,Yes,10,Outsideclassroom,No,English,venir,simple-finite,NA,NA
que provoca,DE_WR_39_22_6_14_VM,52,29,55_29,2019,Frankfurt,Lower advanced,5,female,22,fem,PRE,SC,DEF,GI,Y,pron,90.7,No,16,6,Yes,10,Outsideclassroom,No,English,provocar,simple-finite,NA,NA
En una esquina encuentra a un bebé,DE_WR_39_22_6_14_VM,52,3,55_3,2019,Frankfurt,Lower advanced,5,female,22,masc,NA,MC,NA,GI,Y,nullsub,90.7,No,16,6,Yes,10,Outsideclassroom,No,English,encontrar,simple-finite,NA,NA
y el protagonista se va con el bebé.,DE_WR_39_22_6_14_VM,52,30,55_30,2019,Frankfurt,Lower advanced,5,female,22,masc,PRE,MC,DEF,GI,N,dp,90.7,No,16,6,Yes,10,Outsideclassroom,No,English,irse,simple-finite,NA,NA
"que estaba en la ropa del bebé,",DE_WR_39_22_6_14_VM,52,32,55_32,2019,Frankfurt,Lower advanced,5,female,22,masc,PRE,SC,DEF,GI,N,pron,90.7,No,16,6,Yes,10,Outsideclassroom,No,English,estar,simple-finite,NA,NA
decide quedarse con el orfano.,DE_WR_39_22_6_14_VM,52,33,55_33,2019,Frankfurt,Lower advanced,5,female,22,masc,NA,MC,NA,GI,Y,nullsub,90.7,No,16,6,Yes,10,Outsideclassroom,No,English,decidir,infinitive,NA,NA
que está solito.,DE_WR_39_22_6_14_VM,52,4,55_4,2019,Frankfurt,Lower advanced,5,female,22,masc,PRE,SC,DEF,GI,N,pron,90.7,No,16,6,Yes,10,Outsideclassroom,No,English,estar,simple-finite,NA,NA
quien se quedara con el bebé,DE_WR_39_22_6_14_VM,52,6,55_6,2019,Frankfurt,Lower advanced,5,female,22,unknown,PRE,SC,DEF,GI,Y,pron,90.7,No,16,6,Yes,10,Outsideclassroom,No,English,quedar,simple-finite,NA,NA
lo da primero a una mujer,DE_WR_39_22_6_14_VM,52,7,55_7,2019,Frankfurt,Lower advanced,5,female,22,masc,NA,MC,NA,GI,N,nullsub,90.7,No,16,6,Yes,10,Outsideclassroom,No,English,dar,simple-finite,NA,NA
que está paseando con el suyo.,DE_WR_39_22_6_14_VM,52,8,55_8,2019,Frankfurt,Lower advanced,5,female,22,fem,PRE,SC,DEF,GI,N,pron,90.7,No,16,6,Yes,10,Outsideclassroom,No,English,pasear,periphrasis-gerund,NA,NA
"Ella no lo quiere tener,",DE_WR_39_22_6_14_VM,52,9,55_9,2019,Frankfurt,Lower advanced,5,female,22,fem,PRE,MC,DEF,GI,Y,pron,90.7,No,16,6,Yes,10,Outsideclassroom,No,English,tener,modal,NA,NA
Charlie Chaplin está caminando por un barrio pobre con casas,DE_WR_39_29_13_14_JL,53,1,56_1,2018,Hamburg,Lower advanced,5,female,29,masc,PRE,MC,DEF,NE,N,dp,90.7,No,16,13,Yes,4,Outsideclassroom,No,English,caminar,periphrasis-gerund,NA,NA
Charlie está asustado,DE_WR_39_29_13_14_JL,53,10,56_10,2018,Hamburg,Lower advanced,5,female,29,masc,PRE,MC,DEF,GI,N,dp,90.7,No,16,13,Yes,4,Outsideclassroom,No,English,estar,simple-finite,NA,NA
y no sabe realmente,DE_WR_39_29_13_14_JL,53,11,56_11,2018,Hamburg,Lower advanced,5,female,29,masc,NA,MC,NA,GI,Y,nullsub,90.7,No,16,13,Yes,4,Outsideclassroom,No,English,saber,simple-finite,NA,NA
Charlie se decide de recoger el bebe,DE_WR_39_29_13_14_JL,53,14,56_14,2018,Hamburg,Lower advanced,5,female,29,masc,PRE,MC,DEF,GI,Y,dp,90.7,No,16,13,Yes,4,Outsideclassroom,No,English,decidirse,infinitive,NA,NA
pero no quiere tomar la responsabilidad,DE_WR_39_29_13_14_JL,53,15,56_15,2018,Hamburg,Lower advanced,5,female,29,masc,NA,MC,NA,GI,Y,nullsub,90.7,No,16,13,Yes,4,Outsideclassroom,No,English,tomar,simple-finite,NA,NA
e intenta a deshacerse del bebe.,DE_WR_39_29_13_14_JL,53,16,56_16,2018,Hamburg,Lower advanced,5,female,29,masc,NA,MC,NA,GI,Y,nullsub,90.7,No,16,13,Yes,4,Outsideclassroom,No,English,intentar,infinitive,NA,NA
"Primero, intenta de meter el bebe al carrito de una madre",DE_WR_39_29_13_14_JL,53,17,56_17,2018,Hamburg,Lower advanced,5,female,29,masc,NA,MC,NA,GI,Y,nullsub,90.7,No,16,13,Yes,4,Outsideclassroom,No,English,intentar,infinitive,NA,NA
"que también anda con su bebe,",DE_WR_39_29_13_14_JL,53,18,56_18,2018,Hamburg,Lower advanced,5,female,29,fem,PRE,SC,DEF,GI,N,pron,90.7,No,16,13,Yes,4,Outsideclassroom,No,English,andar,simple-finite,NA,NA
pero ella no lo acepta.,DE_WR_39_29_13_14_JL,53,19,56_19,2018,Hamburg,Lower advanced,5,female,29,fem,PRE,MC,DEF,GI,Y,pron,90.7,No,16,13,Yes,4,Outsideclassroom,No,English,aceptar,simple-finite,NA,NA
que parecen a ruinas.,DE_WR_39_29_13_14_JL,53,2,56_2,2018,Hamburg,Lower advanced,5,female,29,fem,PRE,SC,DEF,GI,N,pron,90.7,No,16,13,Yes,4,Outsideclassroom,No,English,parecer,simple-finite,NA,NA
"Después, Charlie sigue haciendo vueltas",DE_WR_39_29_13_14_JL,53,20,56_20,2018,Hamburg,Lower advanced,5,female,29,masc,PRE,MC,DEF,GI,N,dp,90.7,No,16,13,Yes,4,Outsideclassroom,No,English,hacer,periphrasis-gerund,NA,NA
y hace varios intentos,DE_WR_39_29_13_14_JL,53,21,56_21,2018,Hamburg,Lower advanced,5,female,29,masc,NA,MC,NA,GI,Y,nullsub,90.7,No,16,13,Yes,4,Outsideclassroom,No,English,hacer,simple-finite,NA,NA
"Sin embargo, el bebe siempre termina de nuevo con é",DE_WR_39_29_13_14_JL,53,23,56_23,2018,Hamburg,Lower advanced,5,female,29,masc,PRE,MC,DEF,GI,N,dp,90.7,No,16,13,Yes,4,Outsideclassroom,No,English,terminar,simple-finite,NA,NA
y nadie quiere llevarselo,DE_WR_39_29_13_14_JL,53,24,56_24,2018,Hamburg,Lower advanced,5,female,29,masc,PRE,MC,INDEF,NE,N,pron,90.7,No,16,13,Yes,4,Outsideclassroom,No,English,llevar,modal,NA,NA
"Al final, Charlie está desesperado",DE_WR_39_29_13_14_JL,53,26,56_26,2018,Hamburg,Lower advanced,5,female,29,masc,PRE,MC,DEF,GI,N,dp,90.7,No,16,13,Yes,4,Outsideclassroom,No,English,estar,simple-finite,NA,NA
y se sienta con el bebe en el peatonal,DE_WR_39_29_13_14_JL,53,27,56_27,2018,Hamburg,Lower advanced,5,female,29,masc,NA,MC,NA,GI,Y,nullsub,90.7,No,16,13,Yes,4,Outsideclassroom,No,English,sentarse,simple-finite,NA,NA
"La primera idea […] es meter el bebe al alcantarrillo,",DE_WR_39_29_13_14_JL,53,29,56_29,2018,Hamburg,Lower advanced,5,female,29,fem,PRE,MC,DEF,NE,N,dp,90.7,No,16,13,Yes,4,Outsideclassroom,No,English,meter,simple-finite,NA,NA
Aparentemente ya no vive gente en este barrio.,DE_WR_39_29_13_14_JL,53,3,56_3,2018,Hamburg,Lower advanced,5,female,29,fem,POST,MC,INDEF,NE,N,dp,90.7,No,16,13,Yes,4,Outsideclassroom,No,English,vivir,simple-finite,NA,NA
que le ocurre,DE_WR_39_29_13_14_JL,53,30,56_30,2018,Hamburg,Lower advanced,5,female,29,masc,PRE,SC,DEF,GI,Y,pron,90.7,No,16,13,Yes,4,Outsideclassroom,No,English,ocurrir,simple-finite,NA,NA
pero no lo hace,DE_WR_39_29_13_14_JL,53,31,56_31,2018,Hamburg,Lower advanced,5,female,29,unknown,NA,MC,NA,GI,N,nullsub,90.7,No,16,13,Yes,4,Outsideclassroom,No,English,hacer,simple-finite,NA,NA
porque su conciencia no se lo permite.,DE_WR_39_29_13_14_JL,53,32,56_32,2018,Hamburg,Lower advanced,5,female,29,fem,PRE,MC,DEF,NE,N,dp,90.7,No,16,13,Yes,4,Outsideclassroom,No,English,permitir,simple-finite,NA,NA
Cuando encuentra una nota debajo de las telas,DE_WR_39_29_13_14_JL,53,33,56_33,2018,Hamburg,Lower advanced,5,female,29,masc,NA,SC,NA,GI,N,nullsub,90.7,No,16,13,Yes,4,Outsideclassroom,No,English,encontrar,simple-finite,NA,NA
que amarran el bebe,DE_WR_39_29_13_14_JL,53,34,56_34,2018,Hamburg,Lower advanced,5,female,29,unknown,PRE,SC,DEF,GI,N,pron,90.7,No,16,13,Yes,4,Outsideclassroom,No,English,amarrar,simple-finite,NA,NA
que dice,DE_WR_39_29_13_14_JL,53,35,56_35,2018,Hamburg,Lower advanced,5,female,29,fem,PRE,SC,DEF,GI,N,pron,90.7,No,16,13,Yes,4,Outsideclassroom,No,English,decir,simple-finite,NA,NA
que el bebe es un huerfano,DE_WR_39_29_13_14_JL,53,36,56_36,2018,Hamburg,Lower advanced,5,female,29,masc,NA,SC,DEF,GI,N,dp,90.7,No,16,13,Yes,4,Outsideclassroom,No,English,ser,simple-finite,NA,NA
que necesita alguien,DE_WR_39_29_13_14_JL,53,37,56_37,2018,Hamburg,Lower advanced,5,female,29,unknown,NA,SC,NA,GI,Y,nullsub,90.7,No,16,13,Yes,4,Outsideclassroom,No,English,necesitar,simple-finite,NA,NA
"que le cuida,",DE_WR_39_29_13_14_JL,53,38,56_38,2018,Hamburg,Lower advanced,5,female,29,unknown,NA,SC,NA,GI,N,nullsub,90.7,No,16,13,Yes,4,Outsideclassroom,No,English,cuidar,simple-finite,NA,NA
Charlie decide de un momento al otro quedarse con el bebe,DE_WR_39_29_13_14_JL,53,39,56_39,2018,Hamburg,Lower advanced,5,female,29,masc,PRE,MC,DEF,GI,N,dp,90.7,No,16,13,Yes,4,Outsideclassroom,No,English,decidir,infinitive,NA,NA
y se pone feliz.,DE_WR_39_29_13_14_JL,53,40,56_40,2018,Hamburg,Lower advanced,5,female,29,masc,NA,MC,NA,GI,Y,nullsub,90.7,No,16,13,Yes,4,Outsideclassroom,No,English,ponerse,simple-finite,NA,NA
y obreros desechan piedras rotas por las ventanas.,DE_WR_39_29_13_14_JL,53,5,56_5,2018,Hamburg,Lower advanced,5,female,29,masc,PRE,MC,INDEF,NE,N,dp,90.7,No,16,13,Yes,4,Outsideclassroom,No,English,desechar,simple-finite,NA,NA
"De repente, Charlie Chaplin encuentra un paquete bien amarrado en el suelo al lado de un basurero.",DE_WR_39_29_13_14_JL,53,6,56_6,2018,Hamburg,Lower advanced,5,female,29,masc,PRE,MC,DEF,GI,N,dp,90.7,No,16,13,Yes,4,Outsideclassroom,No,English,encontrar,simple-finite,NA,NA
"Acercándose, Charlie Chaplin nota",DE_WR_39_29_13_14_JL,53,7,56_7,2018,Hamburg,Lower advanced,5,female,29,masc,PRE,MC,DEF,GI,Y,dp,90.7,No,16,13,Yes,4,Outsideclassroom,No,English,notar,simple-finite,NA,NA
que el paquete es una bebe,DE_WR_39_29_13_14_JL,53,8,56_8,2018,Hamburg,Lower advanced,5,female,29,masc,NA,SC,DEF,NE,N,dp,90.7,No,16,13,Yes,4,Outsideclassroom,No,English,ser,simple-finite,NA,NA
que ha sido dejado en la calle.,DE_WR_39_29_13_14_JL,53,9,56_9,2018,Hamburg,Lower advanced,5,female,29,masc,PRE,SC,DEF,GI,N,pron,90.7,No,16,13,Yes,4,Outsideclassroom,No,English,dejar,passive,NA,NA
"Un hombre (Charlie) está paseando por una callecita,",DE_WR_39_46_30_14_IK,54,1,57_1,2018,Frankfurt,Lower advanced,5,female,46,masc,PRE,MC,INDEF,NE,N,dp,90.7,No,16,30,Yes,45,Outsideclassroom,Yes,"French, English, Hungarian",pasear,periphrasis-gerund,NA,NA
la mujer le explica,DE_WR_39_46_30_14_IK,54,11,57_11,2018,Frankfurt,Lower advanced,5,female,46,fem,PRE,MC,DEF,GI,Y,dp,90.7,No,16,30,Yes,45,Outsideclassroom,Yes,"French, English, Hungarian",explicar,simple-finite,NA,NA
"que se ha equivocado,",DE_WR_39_46_30_14_IK,54,12,57_12,2018,Frankfurt,Lower advanced,5,female,46,masc,NA,SC,NA,GI,N,nullsub,90.7,No,16,30,Yes,45,Outsideclassroom,Yes,"French, English, Hungarian",equivocarse,simple-finite,NA,NA
y Charlie se va con el bebé en sus brazos.,DE_WR_39_46_30_14_IK,54,13,57_13,2018,Frankfurt,Lower advanced,5,female,46,masc,PRE,MC,DEF,GI,Y,dp,90.7,No,16,30,Yes,45,Outsideclassroom,Yes,"French, English, Hungarian",irse,simple-finite,NA,NA
Deja al bebé en el rincón,DE_WR_39_46_30_14_IK,54,14,57_14,2018,Frankfurt,Lower advanced,5,female,46,masc,NA,MC,NA,GI,Y,nullsub,90.7,No,16,30,Yes,45,Outsideclassroom,Yes,"French, English, Hungarian",dejar,simple-finite,NA,NA
donde lo ha encontrado,DE_WR_39_46_30_14_IK,54,15,57_15,2018,Frankfurt,Lower advanced,5,female,46,masc,NA,SC,NA,GI,Y,nullsub,90.7,No,16,30,Yes,45,Outsideclassroom,Yes,"French, English, Hungarian",encontrar,simple-finite,NA,NA
porque viene un policía,DE_WR_39_46_30_14_IK,54,17,57_17,2018,Frankfurt,Lower advanced,5,female,46,masc,POST,SC,INDEF,NE,N,dp,90.7,No,16,30,Yes,45,Outsideclassroom,Yes,"French, English, Hungarian",venir,simple-finite,NA,NA
que la criatura es su responsabilidad.,DE_WR_39_46_30_14_IK,54,19,57_19,2018,Frankfurt,Lower advanced,5,female,46,masc,PRE,SC,DEF,GI,N,dp,90.7,No,16,30,Yes,45,Outsideclassroom,Yes,"French, English, Hungarian",ser,simple-finite,NA,NA
"Charlie le pasa el bebé,",DE_WR_39_46_30_14_IK,54,22,57_22,2018,Frankfurt,Lower advanced,5,female,46,masc,PRE,MC,DEF,GI,N,dp,90.7,No,16,30,Yes,45,Outsideclassroom,Yes,"French, English, Hungarian",pasar,simple-finite,NA,NA
que quiere ajustarse los zapatos.,DE_WR_39_46_30_14_IK,54,24,57_24,2018,Frankfurt,Lower advanced,5,female,46,masc,NA,SC,NA,GI,Y,nullsub,90.7,No,16,30,Yes,45,Outsideclassroom,Yes,"French, English, Hungarian",ajustarse,simple-finite,NA,NA
Se va corriendo,DE_WR_39_46_30_14_IK,54,25,57_25,2018,Frankfurt,Lower advanced,5,female,46,masc,NA,MC,NA,GI,Y,nullsub,90.7,No,16,30,Yes,45,Outsideclassroom,Yes,"French, English, Hungarian",correr,periphrasis-gerund,NA,NA
y se esconde.,DE_WR_39_46_30_14_IK,54,26,57_26,2018,Frankfurt,Lower advanced,5,female,46,masc,NA,MC,NA,GI,Y,nullsub,90.7,No,16,30,Yes,45,Outsideclassroom,Yes,"French, English, Hungarian",esconderse,simple-finite,NA,NA
"El otro hombre busca a Charlie,",DE_WR_39_46_30_14_IK,54,27,57_27,2018,Frankfurt,Lower advanced,5,female,46,masc,PRE,MC,DEF,GI,N,dp,90.7,No,16,30,Yes,45,Outsideclassroom,Yes,"French, English, Hungarian",buscar,simple-finite,NA,NA
pero como no lo encuentra,DE_WR_39_46_30_14_IK,54,28,57_28,2018,Frankfurt,Lower advanced,5,female,46,masc,NA,SC,NA,GI,Y,nullsub,90.7,No,16,30,Yes,45,Outsideclassroom,Yes,"French, English, Hungarian",encontrar,simple-finite,NA,NA
"y que nota el coche de bebé aparcado delante de una tienda,",DE_WR_39_46_30_14_IK,54,29,57_29,2018,Frankfurt,Lower advanced,5,female,46,masc,NA,SC,NA,GI,Y,nullsub,90.7,No,16,30,Yes,45,Outsideclassroom,Yes,"French, English, Hungarian",notar,simple-finite,NA,NA
cuando encuentra a un bebé abandonado en un rincón de la calle.,DE_WR_39_46_30_14_IK,54,3,57_3,2018,Frankfurt,Lower advanced,5,female,46,masc,NA,SC,NA,GI,Y,nullsub,90.7,No,16,30,Yes,45,Outsideclassroom,Yes,"French, English, Hungarian",encontrar,simple-finite,NA,NA
deja el bebé en el coche.,DE_WR_39_46_30_14_IK,54,30,57_30,2018,Frankfurt,Lower advanced,5,female,46,masc,NA,MC,NA,GI,Y,nullsub,90.7,No,16,30,Yes,45,Outsideclassroom,Yes,"French, English, Hungarian",dejar,simple-finite,NA,NA
"Charlie sale de su rincón,",DE_WR_39_46_30_14_IK,54,31,57_31,2018,Frankfurt,Lower advanced,5,female,46,masc,PRE,MC,DEF,GI,N,dp,90.7,No,16,30,Yes,45,Outsideclassroom,Yes,"French, English, Hungarian",salir,simple-finite,NA,NA
"encuentra al policía,",DE_WR_39_46_30_14_IK,54,32,57_32,2018,Frankfurt,Lower advanced,5,female,46,masc,NA,MC,NA,GI,Y,nullsub,90.7,No,16,30,Yes,45,Outsideclassroom,Yes,"French, English, Hungarian",encontrar,simple-finite,NA,NA
torna,DE_WR_39_46_30_14_IK,54,33,57_33,2018,Frankfurt,Lower advanced,5,female,46,masc,NA,MC,NA,GI,Y,nullsub,90.7,No,16,30,Yes,45,Outsideclassroom,Yes,"French, English, Hungarian",tornar,simple-finite,NA,NA
y se va en otra dirección,DE_WR_39_46_30_14_IK,54,34,57_34,2018,Frankfurt,Lower advanced,5,female,46,masc,NA,MC,NA,GI,Y,nullsub,90.7,No,16,30,Yes,45,Outsideclassroom,Yes,"French, English, Hungarian",irse,simple-finite,NA,NA
que es exactamente,DE_WR_39_46_30_14_IK,54,35,57_35,2018,Frankfurt,Lower advanced,5,female,46,unknown,PRE,SC,DEF,GI,N,pron,90.7,No,16,30,Yes,45,Outsideclassroom,Yes,"French, English, Hungarian",ser,simple-finite,NA,NA
dónde está el coche de bebé.,DE_WR_39_46_30_14_IK,54,36,57_36,2018,Frankfurt,Lower advanced,5,female,46,masc,POST,SC,DEF,GI,N,dp,90.7,No,16,30,Yes,45,Outsideclassroom,Yes,"French, English, Hungarian",estar,simple-finite,NA,NA
"Sale la mujer de la tienda,",DE_WR_39_46_30_14_IK,54,37,57_37,2018,Frankfurt,Lower advanced,5,female,46,fem,POST,MC,DEF,GI,N,dp,90.7,No,16,30,Yes,45,Outsideclassroom,Yes,"French, English, Hungarian",salir,simple-finite,NA,NA
"y cuando ve a Charlie pasando,",DE_WR_39_46_30_14_IK,54,38,57_38,2018,Frankfurt,Lower advanced,5,female,46,fem,NA,SC,NA,GI,Y,nullsub,90.7,No,16,30,Yes,45,Outsideclassroom,Yes,"French, English, Hungarian",ver,simple-finite,NA,NA
piensa,DE_WR_39_46_30_14_IK,54,39,57_39,2018,Frankfurt,Lower advanced,5,female,46,fem,NA,MC,NA,GI,Y,nullsub,90.7,No,16,30,Yes,45,Outsideclassroom,Yes,"French, English, Hungarian",pensar,simple-finite,NA,NA
"Pasa una mujer con coche de bebé,",DE_WR_39_46_30_14_IK,54,4,57_4,2018,Frankfurt,Lower advanced,5,female,46,fem,POST,MC,INDEF,NE,N,dp,90.7,No,16,30,Yes,45,Outsideclassroom,Yes,"French, English, Hungarian",pasar,simple-finite,NA,NA
que otra vez fue él,DE_WR_39_46_30_14_IK,54,40,57_40,2018,Frankfurt,Lower advanced,5,female,46,fem,POST,SC,DEF,GI,N,pron,90.7,No,16,30,Yes,45,Outsideclassroom,Yes,"French, English, Hungarian",ser,simple-finite,NA,NA
que le puso el bebé en el coche.,DE_WR_39_46_30_14_IK,54,41,57_41,2018,Frankfurt,Lower advanced,5,female,46,fem,PRE,SC,DEF,GI,Y,pron,90.7,No,16,30,Yes,45,Outsideclassroom,Yes,"French, English, Hungarian",poner,simple-finite,NA,NA
Empieza un disputo,DE_WR_39_46_30_14_IK,54,42,57_42,2018,Frankfurt,Lower advanced,5,female,46,fem,POST,MC,INDEF,NE,N,dp,90.7,No,16,30,Yes,45,Outsideclassroom,Yes,"French, English, Hungarian",empezar,simple-finite,NA,NA
que atrae al policía.,DE_WR_39_46_30_14_IK,54,43,57_43,2018,Frankfurt,Lower advanced,5,female,46,masc,PRE,SC,DEF,GI,Y,pron,90.7,No,16,30,Yes,45,Outsideclassroom,Yes,"French, English, Hungarian",atraer,simple-finite,NA,NA
Así Charlie se va otra vez con la criatura en sus brazos.,DE_WR_39_46_30_14_IK,54,44,57_44,2018,Frankfurt,Lower advanced,5,female,46,masc,PRE,MC,DEF,GI,N,dp,90.7,No,16,30,Yes,45,Outsideclassroom,Yes,"French, English, Hungarian",irse,simple-finite,NA,NA
piensa en alguna solución.,DE_WR_39_46_30_14_IK,54,46,57_46,2018,Frankfurt,Lower advanced,5,female,46,masc,NA,MC,NA,GI,Y,nullsub,90.7,No,16,30,Yes,45,Outsideclassroom,Yes,"French, English, Hungarian",pensar,simple-finite,NA,NA
Al final encuentra una noticia dejada en las ropas del bebé.,DE_WR_39_46_30_14_IK,54,47,57_47,2018,Frankfurt,Lower advanced,5,female,46,fem,NA,MC,NA,GI,Y,nullsub,90.7,No,16,30,Yes,45,Outsideclassroom,Yes,"French, English, Hungarian",encontrar,simple-finite,NA,NA
Charlie se deja mover de esas palabras,DE_WR_39_46_30_14_IK,54,50,57_50,2018,Frankfurt,Lower advanced,5,female,46,masc,PRE,MC,DEF,GI,Y,dp,90.7,No,16,30,Yes,45,Outsideclassroom,Yes,"French, English, Hungarian",mover,modal,NA,NA
y acepta el bebé como el suyo.,DE_WR_39_46_30_14_IK,54,51,57_51,2018,Frankfurt,Lower advanced,5,female,46,masc,NA,MC,NA,GI,Y,nullsub,90.7,No,16,30,Yes,45,Outsideclassroom,Yes,"French, English, Hungarian",aceptar,simple-finite,NA,NA
"que el bebé sea él de la mujer,",DE_WR_39_46_30_14_IK,54,6,57_6,2018,Frankfurt,Lower advanced,5,female,46,masc,PRE,SC,DEF,GI,N,dp,90.7,No,16,30,Yes,45,Outsideclassroom,Yes,"French, English, Hungarian",ser,simple-finite,NA,NA
"o al menos que ella pueda cuidar del bebé mejor que él,",DE_WR_39_46_30_14_IK,54,7,57_7,2018,Frankfurt,Lower advanced,5,female,46,fem,PRE,SC,DEF,GI,N,pron,90.7,No,16,30,Yes,45,Outsideclassroom,Yes,"French, English, Hungarian",cuidar,modal,NA,NA
la llama,DE_WR_39_46_30_14_IK,54,8,57_8,2018,Frankfurt,Lower advanced,5,female,46,masc,NA,MC,NA,GI,N,nullsub,90.7,No,16,30,Yes,45,Outsideclassroom,Yes,"French, English, Hungarian",llamar,simple-finite,NA,NA
y le pone el bebé en el coche.,DE_WR_39_46_30_14_IK,54,9,57_9,2018,Frankfurt,Lower advanced,5,female,46,masc,NA,MC,NA,GI,Y,nullsub,90.7,No,16,30,Yes,45,Outsideclassroom,Yes,"French, English, Hungarian",poner,simple-finite,NA,NA
El vídeo empieza con Charlie Chaplin,DE_WR_40_19_4_14_MS,55,1,58_1,2018,Bonn,Lower advanced,5,male,19,masc,PRE,MC,DEF,NE,N,dp,93,No,15,4,Yes,15,Insideclassroom,No,English,empezar,simple-finite,NA,NA
y se acerca a élla,DE_WR_40_19_4_14_MS,55,10,58_10,2018,Bonn,Lower advanced,5,male,19,masc,NA,MC,NA,GI,N,nullsub,93,No,15,4,Yes,15,Insideclassroom,No,English,acercarse,simple-finite,NA,NA
"que ha encontrado él,",DE_WR_40_19_4_14_MS,55,12,58_12,2018,Bonn,Lower advanced,5,male,19,masc,POST,SC,DEF,GI,Y,pron,93,No,15,4,Yes,15,Insideclassroom,No,English,encontrar,simple-finite,NA,NA
porque supone,DE_WR_40_19_4_14_MS,55,13,58_13,2018,Bonn,Lower advanced,5,male,19,masc,NA,SC,NA,GI,Y,nullsub,93,No,15,4,Yes,15,Insideclassroom,No,English,suponer,simple-finite,NA,NA
que es el bebé de la mujer.,DE_WR_40_19_4_14_MS,55,14,58_14,2018,Bonn,Lower advanced,5,male,19,masc,NA,SC,DEF,GI,N,dp,93,No,15,4,Yes,15,Insideclassroom,No,English,ser,simple-finite,NA,NA
ésta se enfada con Chaplin,DE_WR_40_19_4_14_MS,55,16,58_16,2018,Bonn,Lower advanced,5,male,19,fem,PRE,MC,DEF,GI,N,pron,93,No,15,4,Yes,15,Insideclassroom,No,English,enfadarse,simple-finite,NA,NA
"ya que, […] el niño […] no es suya.",DE_WR_40_19_4_14_MS,55,17,58_17,2018,Bonn,Lower advanced,5,male,19,masc,PRE,MC,DEF,GI,N,dp,93,No,15,4,Yes,15,Insideclassroom,No,English,ser,simple-finite,NA,NA
que ha encontrado él,DE_WR_40_19_4_14_MS,55,19,58_19,2018,Bonn,Lower advanced,5,male,19,masc,POST,SC,DEF,GI,N,pron,93,No,15,4,Yes,15,Insideclassroom,No,English,encontrar,simple-finite,NA,NA
Por eso él se queda con el bebé,DE_WR_40_19_4_14_MS,55,20,58_20,2018,Bonn,Lower advanced,5,male,19,masc,PRE,MC,DEF,GI,Y,pron,93,No,15,4,Yes,15,Insideclassroom,No,English,quedarse,simple-finite,NA,NA
y sigue buscando un lugar,DE_WR_40_19_4_14_MS,55,21,58_21,2018,Bonn,Lower advanced,5,male,19,masc,NA,MC,NA,GI,Y,nullsub,93,No,15,4,Yes,15,Insideclassroom,No,English,buscar,periphrasis-gerund,NA,NA
"Cuando ve a otro hombre,",DE_WR_40_19_4_14_MS,55,23,58_23,2018,Bonn,Lower advanced,5,male,19,masc,NA,SC,NA,GI,Y,nullsub,93,No,15,4,Yes,15,Insideclassroom,No,English,ver,simple-finite,NA,NA
finge,DE_WR_40_19_4_14_MS,55,24,58_24,2018,Bonn,Lower advanced,5,male,19,masc,NA,MC,NA,GI,Y,nullsub,93,No,15,4,Yes,15,Insideclassroom,No,English,fingir,simple-finite,NA,NA
que tenga una piedra en su zapato,DE_WR_40_19_4_14_MS,55,25,58_25,2018,Bonn,Lower advanced,5,male,19,masc,NA,SC,NA,GI,Y,nullsub,93,No,15,4,Yes,15,Insideclassroom,No,English,tener,simple-finite,NA,NA
y pide al hombre,DE_WR_40_19_4_14_MS,55,26,58_26,2018,Bonn,Lower advanced,5,male,19,masc,NA,MC,NA,GI,Y,nullsub,93,No,15,4,Yes,15,Insideclassroom,No,English,pedir,simple-finite,NA,NA
que él cuidara al bebé,DE_WR_40_19_4_14_MS,55,27,58_27,2018,Bonn,Lower advanced,5,male,19,masc,PRE,SC,DEF,GI,N,pron,93,No,15,4,Yes,15,Insideclassroom,No,English,cuidar,simple-finite,NA,NA
mientras que saque la piedra d e su zapato.,DE_WR_40_19_4_14_MS,55,28,58_28,2018,Bonn,Lower advanced,5,male,19,masc,NA,SC,NA,GI,N,nullsub,93,No,15,4,Yes,15,Insideclassroom,No,English,sacar,simple-finite,NA,NA
Cuando el otro hombre tiene al bebé en sus manos,DE_WR_40_19_4_14_MS,55,29,58_29,2018,Bonn,Lower advanced,5,male,19,masc,PRE,SC,DEF,GI,N,dp,93,No,15,4,Yes,15,Insideclassroom,No,English,tener,simple-finite,NA,NA
cuando encuentra a un bebé,DE_WR_40_19_4_14_MS,55,3,58_3,2018,Bonn,Lower advanced,5,male,19,masc,NA,SC,NA,GI,Y,nullsub,93,No,15,4,Yes,15,Insideclassroom,No,English,encontrar,simple-finite,NA,NA
Chaplin se da la fuga.,DE_WR_40_19_4_14_MS,55,30,58_30,2018,Bonn,Lower advanced,5,male,19,masc,PRE,MC,DEF,GI,N,dp,93,No,15,4,Yes,15,Insideclassroom,No,English,darse,periphrasis-lexical,NA,NA
Ahora el aludido hombre busca un lugar,DE_WR_40_19_4_14_MS,55,31,58_31,2018,Bonn,Lower advanced,5,male,19,masc,PRE,MC,DEF,GI,N,dp,93,No,15,4,Yes,15,Insideclassroom,No,English,buscar,simple-finite,NA,NA
encuentra la carra para niños de la mujer del inicio del vídeo.,DE_WR_40_19_4_14_MS,55,34,58_34,2018,Bonn,Lower advanced,5,male,19,fem,NA,MC,NA,GI,Y,nullsub,93,No,15,4,Yes,15,Insideclassroom,No,English,encontrar,simple-finite,NA,NA
Deja al bebé en la carra,DE_WR_40_19_4_14_MS,55,35,58_35,2018,Bonn,Lower advanced,5,male,19,masc,NA,MC,NA,GI,Y,nullsub,93,No,15,4,Yes,15,Insideclassroom,No,English,dejar,simple-finite,NA,NA
y se va.,DE_WR_40_19_4_14_MS,55,36,58_36,2018,Bonn,Lower advanced,5,male,19,masc,NA,MC,NA,GI,Y,nullsub,93,No,15,4,Yes,15,Insideclassroom,No,English,irse,simple-finite,NA,NA
Luego Chaplin pasa la carra,DE_WR_40_19_4_14_MS,55,37,58_37,2018,Bonn,Lower advanced,5,male,19,masc,PRE,MC,DEF,GI,N,dp,93,No,15,4,Yes,15,Insideclassroom,No,English,pasar,simple-finite,NA,NA
cuando la mujer vuelve,DE_WR_40_19_4_14_MS,55,38,58_38,2018,Bonn,Lower advanced,5,male,19,fem,PRE,SC,DEF,GI,N,dp,93,No,15,4,Yes,15,Insideclassroom,No,English,volver,simple-finite,NA,NA
"y lo encuentra junto a la carra,",DE_WR_40_19_4_14_MS,55,39,58_39,2018,Bonn,Lower advanced,5,male,19,fem,NA,MC,NA,GI,Y,nullsub,93,No,15,4,Yes,15,Insideclassroom,No,English,encontrar,simple-finite,NA,NA
"en la que yacen los dos bebés, el suyo y él",DE_WR_40_19_4_14_MS,55,40,58_40,2018,Bonn,Lower advanced,5,male,19,masc,POST,SC,DEF,NE,N,dp,93,No,15,4,Yes,15,Insideclassroom,No,English,yacer,simple-finite,NA,NA
que Chaplin ha encontrado al principio del vídeo.,DE_WR_40_19_4_14_MS,55,41,58_41,2018,Bonn,Lower advanced,5,male,19,masc,PRE,SC,DEF,GI,N,dp,93,No,15,4,Yes,15,Insideclassroom,No,English,encontrar,simple-finite,NA,NA
Se enfada de nuevo con él,DE_WR_40_19_4_14_MS,55,42,58_42,2018,Bonn,Lower advanced,5,male,19,fem,NA,MC,NA,GI,N,nullsub,93,No,15,4,Yes,15,Insideclassroom,No,English,enfadarse,simple-finite,NA,NA
y revuelve el bebé a Chaplin.,DE_WR_40_19_4_14_MS,55,43,58_43,2018,Bonn,Lower advanced,5,male,19,fem,NA,MC,NA,GI,Y,nullsub,93,No,15,4,Yes,15,Insideclassroom,No,English,devolver,simple-finite,NA,NA
Después él se va a buscar otro lugar.,DE_WR_40_19_4_14_MS,55,44,58_44,2018,Bonn,Lower advanced,5,male,19,masc,PRE,MC,DEF,GI,N,pron,93,No,15,4,Yes,15,Insideclassroom,No,English,irse,periphrasis-lexical,NA,NA
Buscando se sienta en la acera con el bebé,DE_WR_40_19_4_14_MS,55,45,58_45,2018,Bonn,Lower advanced,5,male,19,masc,NA,SC,NA,GI,Y,nullsub,93,No,15,4,Yes,15,Insideclassroom,No,English,sentarse,simple-finite,NA,NA
y encuentra una nota en la manta,DE_WR_40_19_4_14_MS,55,46,58_46,2018,Bonn,Lower advanced,5,male,19,masc,NA,MC,NA,GI,Y,nullsub,93,No,15,4,Yes,15,Insideclassroom,No,English,encontrar,simple-finite,NA,NA
en la que está el bebé.,DE_WR_40_19_4_14_MS,55,47,58_47,2018,Bonn,Lower advanced,5,male,19,masc,POST,SC,DEF,GI,N,dp,93,No,15,4,Yes,15,Insideclassroom,No,English,estar,simple-finite,NA,NA
La nota dice,DE_WR_40_19_4_14_MS,55,48,58_48,2018,Bonn,Lower advanced,5,male,19,fem,PRE,MC,DEF,GI,Y,dp,93,No,15,4,Yes,15,Insideclassroom,No,English,decir,simple-finite,NA,NA
que cuide al niño,DE_WR_40_19_4_14_MS,55,49,58_49,2018,Bonn,Lower advanced,5,male,19,masc,NA,SC,NA,GI,N,nullsub,93,No,15,4,Yes,15,Insideclassroom,No,English,cuidar,simple-finite,NA,NA
Él pone al bebé en sus manos,DE_WR_40_19_4_14_MS,55,5,58_5,2018,Bonn,Lower advanced,5,male,19,masc,PRE,MC,DEF,GI,N,pron,93,No,15,4,Yes,15,Insideclassroom,No,English,poner,simple-finite,NA,NA
porque éste sea huérfano.,DE_WR_40_19_4_14_MS,55,50,58_50,2018,Bonn,Lower advanced,5,male,19,masc,PRE,SC,DEF,GI,N,pron,93,No,15,4,Yes,15,Insideclassroom,No,English,ser,simple-finite,NA,NA
Champlin se queda con el niño,DE_WR_40_19_4_14_MS,55,52,58_52,2018,Bonn,Lower advanced,5,male,19,masc,PRE,MC,DEF,GI,N,dp,93,No,15,4,Yes,15,Insideclassroom,No,English,quedarse,simple-finite,NA,NA
y sigue pasando por la calle con él.,DE_WR_40_19_4_14_MS,55,53,58_53,2018,Bonn,Lower advanced,5,male,19,masc,NA,MC,NA,GI,Y,nullsub,93,No,15,4,Yes,15,Insideclassroom,No,English,pasar,periphrasis-gerund,NA,NA
Así acaba el vídeo.,DE_WR_40_19_4_14_MS,55,54,58_54,2018,Bonn,Lower advanced,5,male,19,masc,POST,MC,DEF,GI,N,dp,93,No,15,4,Yes,15,Insideclassroom,No,English,acabar,simple-finite,NA,NA
y se da la vuelta para averiguar,DE_WR_40_19_4_14_MS,55,6,58_6,2018,Bonn,Lower advanced,5,male,19,masc,NA,MC,NA,GI,Y,nullsub,93,No,15,4,Yes,15,Insideclassroom,No,English,darse,simple-finite,NA,NA
a quién pertenece el bebé.,DE_WR_40_19_4_14_MS,55,7,58_7,2018,Bonn,Lower advanced,5,male,19,masc,POST,SC,DEF,GI,N,dp,93,No,15,4,Yes,15,Insideclassroom,No,English,pertenecer,simple-finite,NA,NA
Ve a una mujer con otro bebé,DE_WR_40_19_4_14_MS,55,8,58_8,2018,Bonn,Lower advanced,5,male,19,fem,NA,MC,NA,GI,N,nullsub,93,No,15,4,Yes,15,Insideclassroom,No,English,ver,simple-finite,NA,NA
"Un hombre llevando traje y sombrero, con un bigote especial, está andando por una calleja",DE_WR_40_20_9_14_SK,56,1,59_1,2018,Bremen,Lower advanced,5,female,20,masc,PRE,MC,INDEF,NE,N,dp,93,No,11,9,No,15,Outsideclassroom,No,English,andar,periphrasis-gerund,NA,NA
"que el bebé no pertenece a la mujer,",DE_WR_40_20_9_14_SK,56,11,59_11,2018,Bremen,Lower advanced,5,female,20,masc,PRE,SC,DEF,GI,N,dp,93,No,11,9,No,15,Outsideclassroom,No,English,pertenecer,simple-finite,NA,NA
porque se pone enfadada,DE_WR_40_20_9_14_SK,56,12,59_12,2018,Bremen,Lower advanced,5,female,20,fem,NA,SC,NA,GI,N,nullsub,93,No,11,9,No,15,Outsideclassroom,No,English,ponerse,simple-finite,NA,NA
y se marcha.,DE_WR_40_20_9_14_SK,56,13,59_13,2018,Bremen,Lower advanced,5,female,20,fem,NA,MC,NA,GI,Y,nullsub,93,No,11,9,No,15,Outsideclassroom,No,English,marcharse,simple-finite,NA,NA
"después, el hombre quiere devolver el bebé al suelo",DE_WR_40_20_9_14_SK,56,14,59_14,2018,Bremen,Lower advanced,5,female,20,masc,PRE,MC,DEF,GI,N,dp,93,No,11,9,No,15,Outsideclassroom,No,English,devolver,simple-finite,NA,NA
cuando un guardia aparece.,DE_WR_40_20_9_14_SK,56,15,59_15,2018,Bremen,Lower advanced,5,female,20,masc,PRE,SC,INDEF,NE,N,dp,93,No,11,9,No,15,Outsideclassroom,No,English,aparecer,simple-finite,NA,NA
"Entonces sigue andando con el bebé,",DE_WR_40_20_9_14_SK,56,16,59_16,2018,Bremen,Lower advanced,5,female,20,masc,NA,MC,NA,GI,N,nullsub,93,No,11,9,No,15,Outsideclassroom,No,English,andar,periphrasis-gerund,NA,NA
le da a cualquier hombre,DE_WR_40_20_9_14_SK,56,17,59_17,2018,Bremen,Lower advanced,5,female,20,masc,NA,MC,NA,GI,Y,nullsub,93,No,11,9,No,15,Outsideclassroom,No,English,dar,simple-finite,NA,NA
y sale corriendo.,DE_WR_40_20_9_14_SK,56,18,59_18,2018,Bremen,Lower advanced,5,female,20,masc,NA,MC,NA,GI,Y,nullsub,93,No,11,9,No,15,Outsideclassroom,No,English,salir,periphrasis-gerund,NA,NA
"El extraño le sigue a él,",DE_WR_40_20_9_14_SK,56,19,59_19,2018,Bremen,Lower advanced,5,female,20,masc,PRE,MC,DEF,GI,N,dp,93,No,11,9,No,15,Outsideclassroom,No,English,seguir,simple-finite,NA,NA
"y está fumando,",DE_WR_40_20_9_14_SK,56,2,59_2,2018,Bremen,Lower advanced,5,female,20,masc,NA,MC,NA,GI,Y,nullsub,93,No,11,9,No,15,Outsideclassroom,No,English,fumar,periphrasis-gerund,NA,NA
pero no le puede encontrar.,DE_WR_40_20_9_14_SK,56,20,59_20,2018,Bremen,Lower advanced,5,female,20,masc,NA,MC,NA,GI,Y,nullsub,93,No,11,9,No,15,Outsideclassroom,No,English,encontrar,modal,NA,NA
"Descubre un cochecito de niños delante de una tienda,",DE_WR_40_20_9_14_SK,56,21,59_21,2018,Bremen,Lower advanced,5,female,20,masc,NA,MC,NA,GI,Y,nullsub,93,No,11,9,No,15,Outsideclassroom,No,English,descubrir,simple-finite,NA,NA
depone el bebé allí,DE_WR_40_20_9_14_SK,56,22,59_22,2018,Bremen,Lower advanced,5,female,20,masc,NA,MC,NA,GI,Y,nullsub,93,No,11,9,No,15,Outsideclassroom,No,English,deponer,simple-finite,NA,NA
y se va.,DE_WR_40_20_9_14_SK,56,23,59_23,2018,Bremen,Lower advanced,5,female,20,masc,NA,MC,NA,GI,Y,nullsub,93,No,11,9,No,15,Outsideclassroom,No,English,irse,simple-finite,NA,NA
"Cuando la mujer del cochecito sale de la tienda,",DE_WR_40_20_9_14_SK,56,24,59_24,2018,Bremen,Lower advanced,5,female,20,fem,PRE,SC,DEF,GI,N,dp,93,No,11,9,No,15,Outsideclassroom,No,English,salir,simple-finite,NA,NA
el hombre […] pasa por la tienda,DE_WR_40_20_9_14_SK,56,25,59_25,2018,Bremen,Lower advanced,5,female,20,masc,PRE,MC,DEF,GI,N,dp,93,No,11,9,No,15,Outsideclassroom,No,English,pasar,simple-finite,NA,NA
"que encontró el bebé en el suelo,",DE_WR_40_20_9_14_SK,56,26,59_26,2018,Bremen,Lower advanced,5,female,20,masc,PRE,SC,DEF,GI,Y,pron,93,No,11,9,No,15,Outsideclassroom,No,English,encontrar,simple-finite,NA,NA
y la mujer […]  empieza a golpearle con su paraguas.,DE_WR_40_20_9_14_SK,56,27,59_27,2018,Bremen,Lower advanced,5,female,20,fem,PRE,MC,DEF,GI,N,dp,93,No,11,9,No,15,Outsideclassroom,No,English,golpear,periphrasis-lexical,NA,NA
que le reconoce,DE_WR_40_20_9_14_SK,56,28,59_28,2018,Bremen,Lower advanced,5,female,20,fem,PRE,SC,DEF,GI,Y,pron,93,No,11,9,No,15,Outsideclassroom,No,English,reconocer,simple-finite,NA,NA
"Por obligación, el hombre coge el bebé",DE_WR_40_20_9_14_SK,56,29,59_29,2018,Bremen,Lower advanced,5,female,20,masc,PRE,MC,DEF,GI,N,dp,93,No,11,9,No,15,Outsideclassroom,No,English,coger,simple-finite,NA,NA
"cuando de repente encuentra a un bebé,",DE_WR_40_20_9_14_SK,56,3,59_3,2018,Bremen,Lower advanced,5,female,20,masc,NA,SC,NA,GI,Y,nullsub,93,No,11,9,No,15,Outsideclassroom,No,English,encontrar,simple-finite,NA,NA
y se siente en una acera.,DE_WR_40_20_9_14_SK,56,30,59_30,2018,Bremen,Lower advanced,5,female,20,masc,NA,MC,NA,GI,Y,nullsub,93,No,11,9,No,15,Outsideclassroom,No,English,sentarse,simple-finite,NA,NA
Por un momento pequeño piensa en tirar el bebé en la canalización,DE_WR_40_20_9_14_SK,56,31,59_31,2018,Bremen,Lower advanced,5,female,20,masc,NA,MC,NA,GI,Y,nullsub,93,No,11,9,No,15,Outsideclassroom,No,English,pensar,simple-finite,NA,NA
pero lo deja.,DE_WR_40_20_9_14_SK,56,32,59_32,2018,Bremen,Lower advanced,5,female,20,masc,NA,MC,NA,GI,Y,nullsub,93,No,11,9,No,15,Outsideclassroom,No,English,dejar,simple-finite,NA,NA
Encuentra en la ropa del bebé un papel,DE_WR_40_20_9_14_SK,56,33,59_33,2018,Bremen,Lower advanced,5,female,20,masc,NA,MC,NA,GI,Y,nullsub,93,No,11,9,No,15,Outsideclassroom,No,English,encontrar,simple-finite,NA,NA
que dice:,DE_WR_40_20_9_14_SK,56,34,59_34,2018,Bremen,Lower advanced,5,female,20,masc,PRE,SC,DEF,GI,N,pron,93,No,11,9,No,15,Outsideclassroom,No,English,decir,simple-finite,NA,NA
"Al final, el hombre sonríe",DE_WR_40_20_9_14_SK,56,36,59_36,2018,Bremen,Lower advanced,5,female,20,masc,PRE,MC,DEF,GI,N,dp,93,No,11,9,No,15,Outsideclassroom,No,English,sonreír,simple-finite,NA,NA
y se va con el bebé en sus brazos.,DE_WR_40_20_9_14_SK,56,37,59_37,2018,Bremen,Lower advanced,5,female,20,masc,NA,MC,NA,GI,Y,nullsub,93,No,11,9,No,15,Outsideclassroom,No,English,irse,simple-finite,NA,NA
Mira a una mujer,DE_WR_40_20_9_14_SK,56,5,59_5,2018,Bremen,Lower advanced,5,female,20,masc,NA,MC,NA,GI,N,nullsub,93,No,11,9,No,15,Outsideclassroom,No,English,mirar,simple-finite,NA,NA
"que está cerca con un cochecito de niños,",DE_WR_40_20_9_14_SK,56,6,59_6,2018,Bremen,Lower advanced,5,female,20,masc,PRE,SC,DEF,GI,N,pron,93,No,11,9,No,15,Outsideclassroom,No,English,estar,simple-finite,NA,NA
se acerca a ella,DE_WR_40_20_9_14_SK,56,7,59_7,2018,Bremen,Lower advanced,5,female,20,masc,NA,MC,NA,GI,N,nullsub,93,No,11,9,No,15,Outsideclassroom,No,English,acercarse,simple-finite,NA,NA
y le dice:,DE_WR_40_20_9_14_SK,56,8,59_8,2018,Bremen,Lower advanced,5,female,20,masc,NA,MC,NA,GI,Y,nullsub,93,No,11,9,No,15,Outsideclassroom,No,English,decir,simple-finite,NA,NA
"""Perdón, usted dejó caer algo"".",DE_WR_40_20_9_14_SK,56,9,59_9,2018,Bremen,Lower advanced,5,female,20,fem,PRE,MC,DEF,GI,N,pron,93,No,11,9,No,15,Outsideclassroom,No,English,caer,modal,NA,NA
El video es sobre un hombre,DE_WR_23_20_3_14_SH,57,1,6_1,2018,NA,Upper beginner,2,female,20,masc,PRE,MC,DEF,NE,N,dp,53.5,No,16,3,Yes,8,Outsideclassroom,No,English,ser,simple-finite,NA,NA
"El baby es muy pequena,",DE_WR_23_20_3_14_SH,57,10,6_10,2018,NA,Upper beginner,2,female,20,masc,PRE,MC,DEF,GI,N,dp,53.5,No,16,3,Yes,8,Outsideclassroom,No,English,ser,simple-finite,NA,NA
creo que no mayor de un ano.,DE_WR_23_20_3_14_SH,57,11,6_11,2018,NA,Upper beginner,2,female,20,1st_person,NA,MC,NA,GI,N,nullsub,53.5,No,16,3,Yes,8,Outsideclassroom,No,English,creer,simple-finite,NA,NA
que fuma en una calle.,DE_WR_23_20_3_14_SH,57,2,6_2,2018,NA,Upper beginner,2,female,20,masc,PRE,MC,DEF,GI,N,pron,53.5,No,16,3,Yes,8,Outsideclassroom,No,English,fumar,simple-finite,NA,NA
De repente el hombre lo ha visto un baby,DE_WR_23_20_3_14_SH,57,3,6_3,2018,NA,Upper beginner,2,female,20,masc,PRE,MC,DEF,GI,Y,dp,53.5,No,16,3,Yes,8,Outsideclassroom,No,English,ver,simple-finite,NA,NA
que esta en el suelo.,DE_WR_23_20_3_14_SH,57,4,6_4,2018,NA,Upper beginner,2,female,20,masc,PRE,SC,DEF,GI,N,pron,53.5,No,16,3,Yes,8,Outsideclassroom,No,English,estar,simple-finite,NA,NA
La madre del baby no lo quiere.,DE_WR_23_20_3_14_SH,57,5,6_5,2018,NA,Upper beginner,2,female,20,fem,PRE,MC,DEF,NE,N,dp,53.5,No,16,3,Yes,8,Outsideclassroom,No,English,querer,simple-finite,NA,NA
"Por eso el hombre trata en otro hombre,",DE_WR_23_20_3_14_SH,57,6,6_6,2018,NA,Upper beginner,2,female,20,masc,PRE,MC,DEF,GI,N,dp,53.5,No,16,3,Yes,8,Outsideclassroom,No,English,tratar,simple-finite,NA,NA
pero el también no lo quiere.,DE_WR_23_20_3_14_SH,57,7,6_7,2018,NA,Upper beginner,2,female,20,masc,PRE,MC,DEF,GI,N,pron,53.5,No,16,3,Yes,8,Outsideclassroom,No,English,querer,simple-finite,NA,NA
Al fin el hombre lo quiere,DE_WR_23_20_3_14_SH,57,8,6_8,2018,NA,Upper beginner,2,female,20,masc,PRE,MC,DEF,GI,N,dp,53.5,No,16,3,Yes,8,Outsideclassroom,No,English,querer,simple-finite,NA,NA
y el es muy alegre sobre el baby.,DE_WR_23_20_3_14_SH,57,9,6_9,2018,NA,Upper beginner,2,female,20,masc,PRE,MC,DEF,GI,Y,pron,53.5,No,16,3,Yes,8,Outsideclassroom,No,English,ser,simple-finite,NA,NA
"El título del video es ""The Kid""",DE_WR_40_21_3_14_KK,58,1,60_1,2018,Granada,Upper intermediate,4,female,21,masc,PRE,MC,DEF,NE,N,dp,93,No,14,3,Yes,20,Insideclassroom,No,English,ser,simple-finite,NA,NA
Está muy sorprendiente,DE_WR_40_21_3_14_KK,58,10,60_10,2018,Granada,Upper intermediate,4,female,21,masc,NA,MC,NA,GI,Y,nullsub,93,No,14,3,Yes,20,Insideclassroom,No,English,estar,simple-finite,NA,NA
y busca a un respnsable por la area.,DE_WR_40_21_3_14_KK,58,11,60_11,2018,Granada,Upper intermediate,4,female,21,masc,NA,MC,NA,GI,Y,nullsub,93,No,14,3,Yes,20,Insideclassroom,No,English,buscar,simple-finite,NA,NA
Entonces quiere metir el niño al coche de bébes de una mujer,DE_WR_40_21_3_14_KK,58,12,60_12,2018,Granada,Upper intermediate,4,female,21,masc,NA,MC,NA,GI,Y,nullsub,93,No,14,3,Yes,20,Insideclassroom,No,English,meter,simple-finite,NA,NA
que ella haya perdido algo.,DE_WR_40_21_3_14_KK,58,14,60_14,2018,Granada,Upper intermediate,4,female,21,fem,PRE,SC,DEF,GI,N,pron,93,No,14,3,Yes,20,Insideclassroom,No,English,perder,simple-finite,NA,NA
Ella actua muy enfadada,DE_WR_40_21_3_14_KK,58,15,60_15,2018,Granada,Upper intermediate,4,female,21,fem,PRE,MC,DEF,GI,Y,pron,93,No,14,3,Yes,20,Insideclassroom,No,English,actuar,simple-finite,NA,NA
cuando le da cuenta,DE_WR_40_21_3_14_KK,58,16,60_16,2018,Granada,Upper intermediate,4,female,21,fem,NA,SC,NA,GI,Y,nullsub,93,No,14,3,Yes,20,Insideclassroom,No,English,darse,periphrasis-lexical,NA,NA
porque no es su bébe,DE_WR_40_21_3_14_KK,58,17,60_17,2018,Granada,Upper intermediate,4,female,21,masc,POST,SC,DEF,GI,N,dp,93,No,14,3,Yes,20,Insideclassroom,No,English,ser,simple-finite,NA,NA
y entonces Chaplin tiene que seguir con el bébe en sus brazos.,DE_WR_40_21_3_14_KK,58,18,60_18,2018,Granada,Upper intermediate,4,female,21,masc,PRE,MC,DEF,GI,N,dp,93,No,14,3,Yes,20,Insideclassroom,No,English,seguir,modal,NA,NA
Vuelve al sitio,DE_WR_40_21_3_14_KK,58,19,60_19,2018,Granada,Upper intermediate,4,female,21,masc,NA,MC,NA,GI,Y,nullsub,93,No,14,3,Yes,20,Insideclassroom,No,English,volver,simple-finite,NA,NA
y fue hecho por Charlie Chaplin.,DE_WR_40_21_3_14_KK,58,2,60_2,2018,Granada,Upper intermediate,4,female,21,masc,NA,MC,NA,GI,Y,nullsub,93,No,14,3,Yes,20,Insideclassroom,No,English,hacer,passive,NA,NA
donde encontró el niño,DE_WR_40_21_3_14_KK,58,20,60_20,2018,Granada,Upper intermediate,4,female,21,masc,NA,SC,NA,GI,Y,nullsub,93,No,14,3,Yes,20,Insideclassroom,No,English,encontrar,simple-finite,NA,NA
Pero de repente aparace un hombre de la policia,DE_WR_40_21_3_14_KK,58,22,60_22,2018,Granada,Upper intermediate,4,female,21,masc,POST,MC,INDEF,NE,Y,dp,93,No,14,3,Yes,20,Insideclassroom,No,English,aparecer,simple-finite,NA,NA
asi que tiene que quedarse con el bébe en sus brazos.,DE_WR_40_21_3_14_KK,58,23,60_23,2018,Granada,Upper intermediate,4,female,21,masc,NA,MC,NA,GI,N,nullsub,93,No,14,3,Yes,20,Insideclassroom,No,English,quedarse,modal,NA,NA
Lleva caminando con el niño,DE_WR_40_21_3_14_KK,58,24,60_24,2018,Granada,Upper intermediate,4,female,21,masc,NA,MC,NA,GI,Y,nullsub,93,No,14,3,Yes,20,Insideclassroom,No,English,caminar,periphrasis-gerund,NA,NA
cuando encuentra otro hombre.,DE_WR_40_21_3_14_KK,58,25,60_25,2018,Granada,Upper intermediate,4,female,21,masc,NA,SC,NA,GI,Y,nullsub,93,No,14,3,Yes,20,Insideclassroom,No,English,encontrar,simple-finite,NA,NA
Le da el bébe con el motivo de arreglar sus zapatos,DE_WR_40_21_3_14_KK,58,26,60_26,2018,Granada,Upper intermediate,4,female,21,masc,NA,MC,NA,GI,Y,nullsub,93,No,14,3,Yes,20,Insideclassroom,No,English,dar,simple-finite,NA,NA
y empieza a correr,DE_WR_40_21_3_14_KK,58,27,60_27,2018,Granada,Upper intermediate,4,female,21,masc,NA,MC,NA,GI,Y,nullsub,93,No,14,3,Yes,20,Insideclassroom,No,English,correr,periphrasis-lexical,NA,NA
para que el otro hombre se quede con el niño.,DE_WR_40_21_3_14_KK,58,28,60_28,2018,Granada,Upper intermediate,4,female,21,masc,PRE,SC,DEF,GI,N,dp,93,No,14,3,Yes,20,Insideclassroom,No,English,quedarse,simple-finite,NA,NA
El mismo hombre sigue a Chaplin corriendo,DE_WR_40_21_3_14_KK,58,29,60_29,2018,Granada,Upper intermediate,4,female,21,masc,PRE,MC,DEF,GI,Y,dp,93,No,14,3,Yes,20,Insideclassroom,No,English,seguir,simple-finite,NA,NA
porque tampoco quiere quedarse con el bébe.,DE_WR_40_21_3_14_KK,58,30,60_30,2018,Granada,Upper intermediate,4,female,21,masc,NA,SC,NA,GI,Y,nullsub,93,No,14,3,Yes,20,Insideclassroom,No,English,quedarse,modal,NA,NA
encuentra dicha mujer con el coche para niños del principio.,DE_WR_40_21_3_14_KK,58,32,60_32,2018,Granada,Upper intermediate,4,female,21,masc,NA,MC,NA,GI,Y,nullsub,93,No,14,3,Yes,20,Insideclassroom,No,English,encontrar,simple-finite,NA,NA
Mete el bébe por dentro,DE_WR_40_21_3_14_KK,58,33,60_33,2018,Granada,Upper intermediate,4,female,21,masc,NA,MC,NA,GI,Y,nullsub,93,No,14,3,Yes,20,Insideclassroom,No,English,meter,simple-finite,NA,NA
y abandona el sitio.,DE_WR_40_21_3_14_KK,58,34,60_34,2018,Granada,Upper intermediate,4,female,21,masc,NA,MC,NA,GI,Y,nullsub,93,No,14,3,Yes,20,Insideclassroom,No,English,abandonar,simple-finite,NA,NA
"Chaplin, […] cruza por esa calle",DE_WR_40_21_3_14_KK,58,35,60_35,2018,Granada,Upper intermediate,4,female,21,masc,PRE,MC,DEF,GI,N,dp,93,No,14,3,Yes,20,Insideclassroom,No,English,cruzar,simple-finite,NA,NA
"que ahora se siente muy libre y seguro,",DE_WR_40_21_3_14_KK,58,36,60_36,2018,Granada,Upper intermediate,4,female,21,masc,PRE,SC,DEF,GI,Y,pron,93,No,14,3,Yes,20,Insideclassroom,No,English,sentarse,simple-finite,NA,NA
donde en el mismo momento […] aprace la señora del principio.,DE_WR_40_21_3_14_KK,58,37,60_37,2018,Granada,Upper intermediate,4,female,21,fem,POST,SC,DEF,GI,N,dp,93,No,14,3,Yes,20,Insideclassroom,No,English,aparecer,simple-finite,NA,NA
Cuando ve el otro niño en su carril,DE_WR_40_21_3_14_KK,58,38,60_38,2018,Granada,Upper intermediate,4,female,21,fem,NA,SC,NA,GI,Y,nullsub,93,No,14,3,Yes,20,Insideclassroom,No,English,ver,simple-finite,NA,NA
se enfada,DE_WR_40_21_3_14_KK,58,39,60_39,2018,Granada,Upper intermediate,4,female,21,fem,NA,MC,NA,GI,Y,nullsub,93,No,14,3,Yes,20,Insideclassroom,No,English,enfadarse,simple-finite,NA,NA
y empieza a pegarle a Chaplin,DE_WR_40_21_3_14_KK,58,40,60_40,2018,Granada,Upper intermediate,4,female,21,fem,NA,MC,NA,GI,Y,nullsub,93,No,14,3,Yes,20,Insideclassroom,No,English,pegar,periphrasis-lexical,NA,NA
porque piensa,DE_WR_40_21_3_14_KK,58,41,60_41,2018,Granada,Upper intermediate,4,female,21,fem,NA,SC,NA,GI,Y,nullsub,93,No,14,3,Yes,20,Insideclassroom,No,English,pensar,simple-finite,NA,NA
que el ha puesto el niño de nuevo.,DE_WR_40_21_3_14_KK,58,42,60_42,2018,Granada,Upper intermediate,4,female,21,masc,PRE,SC,DEF,GI,N,pron,93,No,14,3,Yes,20,Insideclassroom,No,English,poner,simple-finite,NA,NA
Así que Chaplin tiene que quedarse otra vez con el niño.,DE_WR_40_21_3_14_KK,58,43,60_43,2018,Granada,Upper intermediate,4,female,21,masc,PRE,MC,DEF,GI,N,dp,93,No,14,3,Yes,20,Insideclassroom,No,English,quedarse,modal,NA,NA
"Para un momento está pensando en poner el bébe a la canalisación,",DE_WR_40_21_3_14_KK,58,44,60_44,2018,Granada,Upper intermediate,4,female,21,masc,NA,MC,NA,GI,Y,nullsub,93,No,14,3,Yes,20,Insideclassroom,No,English,pensar,periphrasis-gerund,NA,NA
pero se lo lamenta,DE_WR_40_21_3_14_KK,58,45,60_45,2018,Granada,Upper intermediate,4,female,21,masc,NA,MC,NA,GI,Y,nullsub,93,No,14,3,Yes,20,Insideclassroom,No,English,lamentar,simple-finite,NA,NA
y entonces no lo hace.,DE_WR_40_21_3_14_KK,58,46,60_46,2018,Granada,Upper intermediate,4,female,21,masc,NA,MC,NA,GI,Y,nullsub,93,No,14,3,Yes,20,Insideclassroom,No,English,hacer,simple-finite,NA,NA
Descubre una carta escrita por dentro de las ropas del bébe,DE_WR_40_21_3_14_KK,58,47,60_47,2018,Granada,Upper intermediate,4,female,21,masc,NA,MC,NA,GI,Y,nullsub,93,No,14,3,Yes,20,Insideclassroom,No,English,descubrir,simple-finite,NA,NA
que pide,DE_WR_40_21_3_14_KK,58,48,60_48,2018,Granada,Upper intermediate,4,female,21,fem,PRE,SC,DEF,GI,N,pron,93,No,14,3,Yes,20,Insideclassroom,No,English,pedir,simple-finite,NA,NA
que alguien le ame y cuide al niño.,DE_WR_40_21_3_14_KK,58,49,60_49,2018,Granada,Upper intermediate,4,female,21,masc,PRE,SC,INDEF,NE,N,pron,93,No,14,3,Yes,20,Insideclassroom,No,English,amar,simple-finite,NA,NA
Lleva un traje,DE_WR_40_21_3_14_KK,58,5,60_5,2018,Granada,Upper intermediate,4,female,21,masc,NA,MC,NA,GI,Y,nullsub,93,No,14,3,Yes,20,Insideclassroom,No,English,llevar,simple-finite,NA,NA
y se quede con ello.,DE_WR_40_21_3_14_KK,58,52,60_52,2018,Granada,Upper intermediate,4,female,21,masc,NA,MC,NA,GI,Y,nullsub,93,No,14,3,Yes,20,Insideclassroom,No,English,quedarse,simple-finite,NA,NA
y fuma,DE_WR_40_21_3_14_KK,58,6,60_6,2018,Granada,Upper intermediate,4,female,21,masc,NA,MC,NA,GI,Y,nullsub,93,No,14,3,Yes,20,Insideclassroom,No,English,fumar,simple-finite,NA,NA
mientras la gente tira basura desde su ventanas.,DE_WR_40_21_3_14_KK,58,7,60_7,2018,Granada,Upper intermediate,4,female,21,fem,PRE,SC,DEF,NE,N,dp,93,No,14,3,Yes,20,Insideclassroom,No,English,tirar,simple-finite,NA,NA
Empieza a fumar un cigarillo,DE_WR_40_21_3_14_KK,58,8,60_8,2018,Granada,Upper intermediate,4,female,21,masc,NA,MC,NA,GI,N,nullsub,93,No,14,3,Yes,20,Insideclassroom,No,English,fumar,periphrasis-lexical,NA,NA
cuando de repente encuentra un bébe en el suelo.,DE_WR_40_21_3_14_KK,58,9,60_9,2018,Granada,Upper intermediate,4,female,21,masc,NA,SC,NA,GI,Y,nullsub,93,No,14,3,Yes,20,Insideclassroom,No,English,encontrar,simple-finite,NA,NA
Al principio del vídeo Chaplin está caminando en una callejón del fondo hacia adelante,DE_WR_40_22_6_14_SK,59,1,61_1,2018,Bremen,Upper intermediate,4,female,22,masc,PRE,MC,DEF,NE,N,dp,93,No,16,6,Yes,18,Outsideclassroom,No,English,caminar,periphrasis-gerund,NA,NA
intenta meter el bebé junto con el otro bebé en el carrito,DE_WR_40_22_6_14_SK,59,10,61_10,2018,Bremen,Upper intermediate,4,female,22,masc,NA,MC,NA,GI,N,nullsub,93,No,16,6,Yes,18,Outsideclassroom,No,English,intentar,infinitive,NA,NA
"pero la mujer se da cuenta,",DE_WR_40_22_6_14_SK,59,11,61_11,2018,Bremen,Upper intermediate,4,female,22,fem,PRE,MC,DEF,GI,N,dp,93,No,16,6,Yes,18,Outsideclassroom,No,English,darse,periphrasis-lexical,NA,NA
se enfada,DE_WR_40_22_6_14_SK,59,12,61_12,2018,Bremen,Upper intermediate,4,female,22,fem,NA,MC,NA,GI,Y,nullsub,93,No,16,6,Yes,18,Outsideclassroom,No,English,enfadarse,simple-finite,NA,NA
y Chaplin vuelve a coger el bebé.,DE_WR_40_22_6_14_SK,59,13,61_13,2018,Bremen,Upper intermediate,4,female,22,masc,PRE,MC,DEF,GI,N,dp,93,No,16,6,Yes,18,Outsideclassroom,No,English,coger,periphrasis-lexical,NA,NA
Depués quiere dejarlo en el lugar,DE_WR_40_22_6_14_SK,59,14,61_14,2018,Bremen,Upper intermediate,4,female,22,masc,NA,MC,NA,GI,Y,nullsub,93,No,16,6,Yes,18,Outsideclassroom,No,English,dejar,modal,NA,NA
donde lo encontró,DE_WR_40_22_6_14_SK,59,15,61_15,2018,Bremen,Upper intermediate,4,female,22,masc,NA,SC,NA,GI,Y,nullsub,93,No,16,6,Yes,18,Outsideclassroom,No,English,encontrar,simple-finite,NA,NA
pero no puede hacerlo,DE_WR_40_22_6_14_SK,59,16,61_16,2018,Bremen,Upper intermediate,4,female,22,masc,NA,MC,NA,GI,Y,nullsub,93,No,16,6,Yes,18,Outsideclassroom,No,English,hacer,modal,NA,NA
dado que viene un policía,DE_WR_40_22_6_14_SK,59,17,61_17,2018,Bremen,Upper intermediate,4,female,22,masc,POST,SC,INDEF,NE,N,dp,93,No,16,6,Yes,18,Outsideclassroom,No,English,venir,simple-finite,NA,NA
que está observando la escena.,DE_WR_40_22_6_14_SK,59,18,61_18,2018,Bremen,Upper intermediate,4,female,22,masc,PRE,SC,DEF,GI,Y,pron,93,No,16,6,Yes,18,Outsideclassroom,No,English,observar,periphrasis-gerund,NA,NA
"Pues, camina unos metros",DE_WR_40_22_6_14_SK,59,19,61_19,2018,Bremen,Upper intermediate,4,female,22,masc,NA,MC,NA,GI,N,nullsub,93,No,16,6,Yes,18,Outsideclassroom,No,English,caminar,simple-finite,NA,NA
mientras la gente tira basura por la ventana a la calle.,DE_WR_40_22_6_14_SK,59,2,61_2,2018,Bremen,Upper intermediate,4,female,22,fem,PRE,SC,DEF,NE,N,dp,93,No,16,6,Yes,18,Outsideclassroom,No,English,tirar,simple-finite,NA,NA
hasta que se encuentra con un hombre un poco cojo.,DE_WR_40_22_6_14_SK,59,20,61_20,2018,Bremen,Upper intermediate,4,female,22,masc,NA,SC,NA,GI,Y,nullsub,93,No,16,6,Yes,18,Outsideclassroom,No,English,encontrarse,simple-finite,NA,NA
Chaplin finge,DE_WR_40_22_6_14_SK,59,21,61_21,2018,Bremen,Upper intermediate,4,female,22,masc,PRE,MC,DEF,GI,Y,dp,93,No,16,6,Yes,18,Outsideclassroom,No,English,fingir,simple-finite,NA,NA
que tiene que atarse los zapatos de nuevo,DE_WR_40_22_6_14_SK,59,22,61_22,2018,Bremen,Upper intermediate,4,female,22,masc,NA,SC,NA,GI,Y,nullsub,93,No,16,6,Yes,18,Outsideclassroom,No,English,atarse,modal,NA,NA
y pide al otro hobre,DE_WR_40_22_6_14_SK,59,23,61_23,2018,Bremen,Upper intermediate,4,female,22,masc,NA,MC,NA,GI,Y,nullsub,93,No,16,6,Yes,18,Outsideclassroom,No,English,pedir,simple-finite,NA,NA
que coja el bebé durante un momento.,DE_WR_40_22_6_14_SK,59,24,61_24,2018,Bremen,Upper intermediate,4,female,22,masc,NA,SC,NA,GI,N,nullsub,93,No,16,6,Yes,18,Outsideclassroom,No,English,coger,simple-finite,NA,NA
Cuando lo hace,DE_WR_40_22_6_14_SK,59,25,61_25,2018,Bremen,Upper intermediate,4,female,22,masc,NA,SC,NA,GI,Y,nullsub,93,No,16,6,Yes,18,Outsideclassroom,No,English,hacer,simple-finite,NA,NA
Chaplin huye rápidamente,DE_WR_40_22_6_14_SK,59,26,61_26,2018,Bremen,Upper intermediate,4,female,22,masc,PRE,MC,DEF,GI,N,dp,93,No,16,6,Yes,18,Outsideclassroom,No,English,huír,simple-finite,NA,NA
y cree,DE_WR_40_22_6_14_SK,59,27,61_27,2018,Bremen,Upper intermediate,4,female,22,masc,NA,MC,NA,GI,Y,nullsub,93,No,16,6,Yes,18,Outsideclassroom,No,English,creer,simple-finite,NA,NA
que por fin se pude deshacer del bebé.,DE_WR_40_22_6_14_SK,59,28,61_28,2018,Bremen,Upper intermediate,4,female,22,masc,NA,SC,NA,GI,Y,nullsub,93,No,16,6,Yes,18,Outsideclassroom,No,English,deshacerse,modal,NA,NA
El hombre cojo en busca de Chaplin e encuentra por casualidad con el carrito de da mujer de antes,DE_WR_40_22_6_14_SK,59,29,61_29,2018,Bremen,Upper intermediate,4,female,22,masc,PRE,MC,DEF,GI,N,dp,93,No,16,6,Yes,18,Outsideclassroom,No,English,encontrar,simple-finite,NA,NA
Algo de la basura le cae encima a Chaplin.,DE_WR_40_22_6_14_SK,59,3,61_3,2018,Bremen,Upper intermediate,4,female,22,fem,PRE,MC,INDEF,NE,N,pron,93,No,16,6,Yes,18,Outsideclassroom,No,English,caer,simple-finite,NA,NA
y mete el bebé dentro.,DE_WR_40_22_6_14_SK,59,30,61_30,2018,Bremen,Upper intermediate,4,female,22,masc,NA,MC,NA,GI,Y,nullsub,93,No,16,6,Yes,18,Outsideclassroom,No,English,meter,simple-finite,NA,NA
Justo en el momento […] Chaplin pasa a su lado.,DE_WR_40_22_6_14_SK,59,31,61_31,2018,Bremen,Upper intermediate,4,female,22,masc,PRE,MC,DEF,GI,N,dp,93,No,16,6,Yes,18,Outsideclassroom,No,English,pasar,simple-finite,NA,NA
"en el que la mujer sale de la tiende,",DE_WR_40_22_6_14_SK,59,32,61_32,2018,Bremen,Upper intermediate,4,female,22,fem,PRE,SC,DEF,GI,N,dp,93,No,16,6,Yes,18,Outsideclassroom,No,English,salir,simple-finite,NA,NA
"Evidentemente, la mujer piensa",DE_WR_40_22_6_14_SK,59,33,61_33,2018,Bremen,Upper intermediate,4,female,22,fem,PRE,MC,DEF,GI,Y,dp,93,No,16,6,Yes,18,Outsideclassroom,No,English,pensar,simple-finite,NA,NA
que Chaplin ha intentado meter el bebé de nuevo en su carrito.,DE_WR_40_22_6_14_SK,59,34,61_34,2018,Bremen,Upper intermediate,4,female,22,masc,PRE,SC,DEF,GI,N,dp,93,No,16,6,Yes,18,Outsideclassroom,No,English,intentar,simple-finite,NA,NA
"Se enfada aún más,",DE_WR_40_22_6_14_SK,59,35,61_35,2018,Bremen,Upper intermediate,4,female,22,fem,NA,MC,NA,GI,N,nullsub,93,No,16,6,Yes,18,Outsideclassroom,No,English,enfadarse,simple-finite,NA,NA
corre detrás de Chaplin,DE_WR_40_22_6_14_SK,59,36,61_36,2018,Bremen,Upper intermediate,4,female,22,fem,NA,MC,NA,GI,Y,nullsub,93,No,16,6,Yes,18,Outsideclassroom,No,English,correr,simple-finite,NA,NA
y le da una buena leche con un paraguas.,DE_WR_40_22_6_14_SK,59,37,61_37,2018,Bremen,Upper intermediate,4,female,22,fem,NA,MC,NA,GI,Y,nullsub,93,No,16,6,Yes,18,Outsideclassroom,No,English,dar,simple-finite,NA,NA
Chaplin se ocupa de nuevo del bebé,DE_WR_40_22_6_14_SK,59,38,61_38,2018,Bremen,Upper intermediate,4,female,22,masc,PRE,MC,DEF,GI,N,dp,93,No,16,6,Yes,18,Outsideclassroom,No,English,ocuparse,simple-finite,NA,NA
Está pensando en tirarlo en las alcanterías,DE_WR_40_22_6_14_SK,59,39,61_39,2018,Bremen,Upper intermediate,4,female,22,masc,NA,MC,NA,GI,Y,nullsub,93,No,16,6,Yes,18,Outsideclassroom,No,English,pensar,periphrasis-gerund,NA,NA
pero el bebé le da pena.,DE_WR_40_22_6_14_SK,59,40,61_40,2018,Bremen,Upper intermediate,4,female,22,masc,PRE,MC,DEF,GI,N,dp,93,No,16,6,Yes,18,Outsideclassroom,No,English,dar,simple-finite,NA,NA
Cuando lee el papelito,DE_WR_40_22_6_14_SK,59,41,61_41,2018,Bremen,Upper intermediate,4,female,22,masc,NA,SC,NA,GI,N,nullsub,93,No,16,6,Yes,18,Outsideclassroom,No,English,leer,simple-finite,NA,NA
que llevo el bebé consigo,DE_WR_40_22_6_14_SK,59,42,61_42,2018,Bremen,Upper intermediate,4,female,22,masc,PRE,SC,DEF,GI,N,dp,93,No,16,6,Yes,18,Outsideclassroom,No,English,llevar,simple-finite,NA,NA
decide a quedarselo.,DE_WR_40_22_6_14_SK,59,43,61_43,2018,Bremen,Upper intermediate,4,female,22,masc,NA,MC,NA,GI,N,nullsub,93,No,16,6,Yes,18,Outsideclassroom,No,English,decidir,simple-finite,NA,NA
enciende,DE_WR_40_22_6_14_SK,59,5,61_5,2018,Bremen,Upper intermediate,4,female,22,masc,NA,MC,NA,GI,N,nullsub,93,No,16,6,Yes,18,Outsideclassroom,No,English,encender,simple-finite,NA,NA
y empieza a fumar.,DE_WR_40_22_6_14_SK,59,6,61_6,2018,Bremen,Upper intermediate,4,female,22,masc,NA,MC,NA,GI,Y,nullsub,93,No,16,6,Yes,18,Outsideclassroom,No,English,fumar,periphrasis-gerund,NA,NA
De repente se fija de un bebé  envuelto en mantal en el suelo.,DE_WR_40_22_6_14_SK,59,7,61_7,2018,Bremen,Upper intermediate,4,female,22,masc,NA,MC,NA,GI,Y,nullsub,93,No,16,6,Yes,18,Outsideclassroom,No,English,fijarse,simple-finite,NA,NA
Lo coge aúpa,DE_WR_40_22_6_14_SK,59,8,61_8,2018,Bremen,Upper intermediate,4,female,22,masc,NA,MC,NA,GI,Y,nullsub,93,No,16,6,Yes,18,Outsideclassroom,No,English,coger,simple-finite,NA,NA
Cuando pasa una mujer con un carrito,DE_WR_40_22_6_14_SK,59,9,61_9,2018,Bremen,Upper intermediate,4,female,22,fem,POST,SC,INDEF,NE,N,dp,93,No,16,6,Yes,18,Outsideclassroom,No,English,pasar,simple-finite,NA,NA
Al principio Charlie Chaplin está caminando por la calle.,DE_WR_40_23_22_14_JR,60,1,62_1,2018,Bremen,Lower advanced,5,female,23,masc,PRE,MC,DEF,NE,N,dp,93,No,1,22,Yes,25,Outsideclassroom,No,English,caminar,periphrasis-gerund,NA,NA
Así se lo traye.,DE_WR_40_23_22_14_JR,60,10,62_10,2018,Bremen,Lower advanced,5,female,23,masc,NA,MC,NA,GI,Y,nullsub,93,No,1,22,Yes,25,Outsideclassroom,No,English,traer,simple-finite,NA,NA
"Dado que la mujer,[…] está enfadada",DE_WR_40_23_22_14_JR,60,11,62_11,2018,Bremen,Lower advanced,5,female,23,fem,PRE,SC,DEF,GI,N,dp,93,No,1,22,Yes,25,Outsideclassroom,No,English,estar,simple-finite,NA,NA
"que ya tiene un bébé,",DE_WR_40_23_22_14_JR,60,12,62_12,2018,Bremen,Lower advanced,5,female,23,fem,PRE,SC,DEF,GI,Y,pron,93,No,1,22,Yes,25,Outsideclassroom,No,English,tener,simple-finite,NA,NA
"porque el traido niño no es suyo,",DE_WR_40_23_22_14_JR,60,13,62_13,2018,Bremen,Lower advanced,5,female,23,masc,PRE,SC,DEF,GI,N,dp,93,No,1,22,Yes,25,Outsideclassroom,No,English,ser,simple-finite,NA,NA
Charlie vuelve a poner el recién nacido al lugar,DE_WR_40_23_22_14_JR,60,14,62_14,2018,Bremen,Lower advanced,5,female,23,masc,PRE,MC,DEF,GI,N,dp,93,No,1,22,Yes,25,Outsideclassroom,No,English,poner,periphrasis-lexical,NA,NA
donde lo encontró.,DE_WR_40_23_22_14_JR,60,15,62_15,2018,Bremen,Lower advanced,5,female,23,masc,NA,SC,NA,GI,Y,nullsub,93,No,1,22,Yes,25,Outsideclassroom,No,English,encontrar,simple-finite,NA,NA
Pero lo tiene que recoger,DE_WR_40_23_22_14_JR,60,16,62_16,2018,Bremen,Lower advanced,5,female,23,masc,NA,MC,NA,GI,Y,nullsub,93,No,1,22,Yes,25,Outsideclassroom,No,English,recoger,modal,NA,NA
porque ya viene la policía,DE_WR_40_23_22_14_JR,60,17,62_17,2018,Bremen,Lower advanced,5,female,23,fem,POST,SC,DEF,NE,N,dp,93,No,1,22,Yes,25,Outsideclassroom,No,English,venir,simple-finite,NA,NA
y Chaplin se lo da a otro hombre,DE_WR_40_23_22_14_JR,60,18,62_18,2018,Bremen,Lower advanced,5,female,23,masc,PRE,MC,DEF,GI,N,dp,93,No,1,22,Yes,25,Outsideclassroom,No,English,dar,simple-finite,NA,NA
En un momento algo […] Le caye de una casa sobre su espalda.,DE_WR_40_23_22_14_JR,60,2,62_2,2018,Bremen,Lower advanced,5,female,23,unknown,PRE,MC,INDEF,NE,N,pron,93,No,1,22,Yes,25,Outsideclassroom,No,English,caer,simple-finite,NA,NA
Charlie se va corriendo.,DE_WR_40_23_22_14_JR,60,20,62_20,2018,Bremen,Lower advanced,5,female,23,masc,PRE,MC,DEF,GI,Y,dp,93,No,1,22,Yes,25,Outsideclassroom,No,English,irse,periphrasis-gerund,NA,NA
El otro hombre […] mete el bébé en el cochecito de la mujer con el otro niño.,DE_WR_40_23_22_14_JR,60,21,62_21,2018,Bremen,Lower advanced,5,female,23,masc,PRE,MC,DEF,GI,N,dp,93,No,1,22,Yes,25,Outsideclassroom,No,English,meter,simple-finite,NA,NA
que no sabe,DE_WR_40_23_22_14_JR,60,22,62_22,2018,Bremen,Lower advanced,5,female,23,masc,PRE,SC,DEF,GI,Y,pron,93,No,1,22,Yes,25,Outsideclassroom,No,English,saber,simple-finite,NA,NA
Cuando la madre lo ve en combinación con Charlie,DE_WR_40_23_22_14_JR,60,24,62_24,2018,Bremen,Lower advanced,5,female,23,fem,PRE,SC,DEF,GI,N,dp,93,No,1,22,Yes,25,Outsideclassroom,No,English,ver,simple-finite,NA,NA
"que está pasando contento,",DE_WR_40_23_22_14_JR,60,25,62_25,2018,Bremen,Lower advanced,5,female,23,masc,PRE,SC,DEF,GI,N,pron,93,No,1,22,Yes,25,Outsideclassroom,No,English,pasar,periphrasis-gerund,NA,NA
le pega con sus paraguas.,DE_WR_40_23_22_14_JR,60,26,62_26,2018,Bremen,Lower advanced,5,female,23,fem,NA,MC,NA,GI,N,nullsub,93,No,1,22,Yes,25,Outsideclassroom,No,English,pegar,simple-finite,NA,NA
Luego Charlie toma el bébé de nuevo,DE_WR_40_23_22_14_JR,60,27,62_27,2018,Bremen,Lower advanced,5,female,23,masc,PRE,MC,DEF,GI,N,dp,93,No,1,22,Yes,25,Outsideclassroom,No,English,tomar,simple-finite,NA,NA
y desperado se siente al piso.,DE_WR_40_23_22_14_JR,60,28,62_28,2018,Bremen,Lower advanced,5,female,23,masc,NA,MC,NA,GI,Y,nullsub,93,No,1,22,Yes,25,Outsideclassroom,No,English,sentarse,simple-finite,NA,NA
Allí encuentra un papel,DE_WR_40_23_22_14_JR,60,29,62_29,2018,Bremen,Lower advanced,5,female,23,masc,NA,MC,NA,GI,Y,nullsub,93,No,1,22,Yes,25,Outsideclassroom,No,English,encontrar,simple-finite,NA,NA
que parece a basura,DE_WR_40_23_22_14_JR,60,3,62_3,2018,Bremen,Lower advanced,5,female,23,unknown,NA,SC,DEF,GI,Y,nullsub,93,No,1,22,Yes,25,Outsideclassroom,No,English,parecer,simple-finite,NA,NA
cuyos padres perdieron la vida.,DE_WR_40_23_22_14_JR,60,32,62_32,2018,Bremen,Lower advanced,5,female,23,masc,PRE,SC,DEF,GI,N,dp,93,No,1,22,Yes,25,Outsideclassroom,No,English,perder,simple-finite,NA,NA
Después toma un cigarrillo de una caja,DE_WR_40_23_22_14_JR,60,4,62_4,2018,Bremen,Lower advanced,5,female,23,masc,NA,MC,NA,GI,N,nullsub,93,No,1,22,Yes,25,Outsideclassroom,No,English,tomar,simple-finite,NA,NA
y la encende.,DE_WR_40_23_22_14_JR,60,5,62_5,2018,Bremen,Lower advanced,5,female,23,fem,NA,MC,NA,GI,Y,nullsub,93,No,1,22,Yes,25,Outsideclassroom,No,English,encender,simple-finite,NA,NA
Las guantas las tira a la basura.,DE_WR_40_23_22_14_JR,60,6,62_6,2018,Bremen,Lower advanced,5,female,23,masc,NA,MC,NA,GI,Y,nullsub,93,No,1,22,Yes,25,Outsideclassroom,No,English,tirar,simple-finite,NA,NA
Charlie encuentra un bébé,DE_WR_40_23_22_14_JR,60,7,62_7,2018,Bremen,Lower advanced,5,female,23,masc,PRE,MC,DEF,GI,Y,dp,93,No,1,22,Yes,25,Outsideclassroom,No,English,encontrar,simple-finite,NA,NA
y cree,DE_WR_40_23_22_14_JR,60,8,62_8,2018,Bremen,Lower advanced,5,female,23,masc,NA,MC,NA,GI,Y,nullsub,93,No,1,22,Yes,25,Outsideclassroom,No,English,creer,simple-finite,NA,NA
que veía a la madre del niño.,DE_WR_40_23_22_14_JR,60,9,62_9,2018,Bremen,Lower advanced,5,female,23,fem,NA,SC,NA,GI,Y,nullsub,93,No,1,22,Yes,25,Outsideclassroom,No,English,ver,simple-finite,NA,NA
"Al principio del video, Charles Chaplin está caminando en una calle.",DE_WR_40_25_11_14_LM,61,1,63_1,2018,Hamburg,Lower advanced,5,female,25,masc,PRE,MC,DEF,NE,N,dp,93,No,14,11,Yes,10,Outsideclassroom,No,English,caminar,periphrasis-gerund,NA,NA
y lo pone en un cochecito.,DE_WR_40_25_11_14_LM,61,10,63_10,2018,Hamburg,Lower advanced,5,female,25,masc,NA,MC,NA,GI,Y,nullsub,93,No,14,11,Yes,10,Outsideclassroom,No,English,ponerse,simple-finite,NA,NA
En aquel cochecito ya está leyendo otro bebé.,DE_WR_40_25_11_14_LM,61,11,63_11,2018,Hamburg,Lower advanced,5,female,25,masc,POST,MC,DEF,NE,N,dp,93,No,14,11,Yes,10,Outsideclassroom,No,English,estar,simple-finite,NA,NA
"La mujer […] se enfada mucho con Charles,",DE_WR_40_25_11_14_LM,61,12,63_12,2018,Hamburg,Lower advanced,5,female,25,fem,PRE,MC,DEF,GI,N,dp,93,No,14,11,Yes,10,Outsideclassroom,No,English,enfadarse,simple-finite,NA,NA
que está manejando el cochecito,DE_WR_40_25_11_14_LM,61,13,63_13,2018,Hamburg,Lower advanced,5,female,25,fem,PRE,SC,DEF,GI,Y,pron,93,No,14,11,Yes,10,Outsideclassroom,No,English,manejar,periphrasis-gerund,NA,NA
entonces él coge el bebé,DE_WR_40_25_11_14_LM,61,14,63_14,2018,Hamburg,Lower advanced,5,female,25,masc,PRE,MC,DEF,GI,N,pron,93,No,14,11,Yes,10,Outsideclassroom,No,English,coger,simple-finite,NA,NA
y la mujer se va.,DE_WR_40_25_11_14_LM,61,15,63_15,2018,Hamburg,Lower advanced,5,female,25,fem,PRE,MC,DEF,GI,N,dp,93,No,14,11,Yes,10,Outsideclassroom,No,English,irse,simple-finite,NA,NA
que Charles no sabe,DE_WR_40_25_11_14_LM,61,17,63_17,2018,Hamburg,Lower advanced,5,female,25,masc,PRE,SC,DEF,GI,N,dp,93,No,14,11,Yes,10,Outsideclassroom,No,English,saber,simple-finite,NA,NA
"así que lo pone otra vez en el suelo en el lugar,",DE_WR_40_25_11_14_LM,61,19,63_19,2018,Hamburg,Lower advanced,5,female,25,masc,NA,MC,NA,GI,Y,nullsub,93,No,14,11,Yes,10,Outsideclassroom,No,English,ponerse,simple-finite,NA,NA
donde lo había descubierto antes.,DE_WR_40_25_11_14_LM,61,20,63_20,2018,Hamburg,Lower advanced,5,female,25,masc,NA,SC,NA,GI,Y,nullsub,93,No,14,11,Yes,10,Outsideclassroom,No,English,descubrir,simple-finite,NA,NA
Justo en ese momento viene un policía,DE_WR_40_25_11_14_LM,61,21,63_21,2018,Hamburg,Lower advanced,5,female,25,masc,POST,MC,INDEF,NE,N,dp,93,No,14,11,Yes,10,Outsideclassroom,No,English,venir,simple-finite,NA,NA
que se fija de Charles.,DE_WR_40_25_11_14_LM,61,22,63_22,2018,Hamburg,Lower advanced,5,female,25,masc,PRE,SC,DEF,GI,Y,pron,93,No,14,11,Yes,10,Outsideclassroom,No,English,fijarse,simple-finite,NA,NA
"Inmediatamente, Charles coge el bebé de nuevo",DE_WR_40_25_11_14_LM,61,23,63_23,2018,Hamburg,Lower advanced,5,female,25,masc,PRE,MC,DEF,GI,N,dp,93,No,14,11,Yes,10,Outsideclassroom,No,English,coger,simple-finite,NA,NA
y se va a otra calle.,DE_WR_40_25_11_14_LM,61,24,63_24,2018,Hamburg,Lower advanced,5,female,25,masc,NA,MC,NA,GI,Y,nullsub,93,No,14,11,Yes,10,Outsideclassroom,No,English,irse,simple-finite,NA,NA
Allí ve a un hombre mayor.,DE_WR_40_25_11_14_LM,61,25,63_25,2018,Hamburg,Lower advanced,5,female,25,masc,NA,MC,NA,GI,Y,nullsub,93,No,14,11,Yes,10,Outsideclassroom,No,English,ver,simple-finite,NA,NA
Charles le da el bebé,DE_WR_40_25_11_14_LM,61,26,63_26,2018,Hamburg,Lower advanced,5,female,25,masc,PRE,MC,DEF,GI,Y,dp,93,No,14,11,Yes,10,Outsideclassroom,No,English,dar,simple-finite,NA,NA
porque simula hacerse un nudo en el zapato.,DE_WR_40_25_11_14_LM,61,27,63_27,2018,Hamburg,Lower advanced,5,female,25,masc,NA,SC,NA,GI,Y,nullsub,93,No,14,11,Yes,10,Outsideclassroom,No,English,simular,simple-finite,NA,NA
Charles se escapa.,DE_WR_40_25_11_14_LM,61,29,63_29,2018,Hamburg,Lower advanced,5,female,25,masc,PRE,MC,DEF,GI,Y,dp,93,No,14,11,Yes,10,Outsideclassroom,No,English,escaparse,simple-finite,NA,NA
que le tira piedras a su cabeza.,DE_WR_40_25_11_14_LM,61,3,63_3,2018,Hamburg,Lower advanced,5,female,25,unknown,PRE,SC,DEF,GI,Y,pron,93,No,14,11,Yes,10,Outsideclassroom,No,English,tirar,simple-finite,NA,NA
El hombre mayor pone el bebé otra vez en en el cochecito,DE_WR_40_25_11_14_LM,61,30,63_30,2018,Hamburg,Lower advanced,5,female,25,masc,PRE,MC,DEF,GI,N,dp,93,No,14,11,Yes,10,Outsideclassroom,No,English,poner,simple-finite,NA,NA
y se va corriendo.,DE_WR_40_25_11_14_LM,61,31,63_31,2018,Hamburg,Lower advanced,5,female,25,masc,NA,MC,NA,GI,Y,nullsub,93,No,14,11,Yes,10,Outsideclassroom,No,English,irse,periphrasis-gerund,NA,NA
La madre se enfada de nuevo,DE_WR_40_25_11_14_LM,61,32,63_32,2018,Hamburg,Lower advanced,5,female,25,fem,PRE,MC,DEF,GI,N,dp,93,No,14,11,Yes,10,Outsideclassroom,No,English,enfadarse,simple-finite,NA,NA
"y cuando ve a Charles,",DE_WR_40_25_11_14_LM,61,33,63_33,2018,Hamburg,Lower advanced,5,female,25,fem,NA,SC,NA,GI,Y,nullsub,93,No,14,11,Yes,10,Outsideclassroom,No,English,ver,simple-finite,NA,NA
le pega con su paraguas.,DE_WR_40_25_11_14_LM,61,34,63_34,2018,Hamburg,Lower advanced,5,female,25,fem,NA,MC,NA,GI,Y,nullsub,93,No,14,11,Yes,10,Outsideclassroom,No,English,pegar,simple-finite,NA,NA
El policía aparece otra vez,DE_WR_40_25_11_14_LM,61,35,63_35,2018,Hamburg,Lower advanced,5,female,25,masc,PRE,MC,DEF,GI,N,dp,93,No,14,11,Yes,10,Outsideclassroom,No,English,aparecer,simple-finite,NA,NA
y ve,DE_WR_40_25_11_14_LM,61,36,63_36,2018,Hamburg,Lower advanced,5,female,25,masc,NA,MC,NA,GI,Y,nullsub,93,No,14,11,Yes,10,Outsideclassroom,No,English,ver,simple-finite,NA,NA
cómo Charles y la madre están discutiendo.,DE_WR_40_25_11_14_LM,61,37,63_37,2018,Hamburg,Lower advanced,5,female,25,masc,PRE,SC,DEF,GI,N,dp,93,No,14,11,Yes,10,Outsideclassroom,No,English,discutir,periphrasis-gerund,NA,NA
Charles coge otra vez el bebé para salir de la situación.,DE_WR_40_25_11_14_LM,61,38,63_38,2018,Hamburg,Lower advanced,5,female,25,masc,PRE,MC,DEF,GI,N,dp,93,No,14,11,Yes,10,Outsideclassroom,No,English,coger,simple-finite,NA,NA
Charles se siente con el bebé en en suelo.,DE_WR_40_25_11_14_LM,61,39,63_39,2018,Hamburg,Lower advanced,5,female,25,masc,PRE,MC,DEF,GI,Y,dp,93,No,14,11,Yes,10,Outsideclassroom,No,English,sentarse,simple-finite,NA,NA
Charles sigue caminando por la calle,DE_WR_40_25_11_14_LM,61,4,63_4,2018,Hamburg,Lower advanced,5,female,25,masc,PRE,MC,DEF,GI,N,dp,93,No,14,11,Yes,10,Outsideclassroom,No,English,caminar,periphrasis-gerund,NA,NA
En el mantel del bebé descubre una nota,DE_WR_40_25_11_14_LM,61,40,63_40,2018,Hamburg,Lower advanced,5,female,25,masc,NA,MC,NA,GI,Y,nullsub,93,No,14,11,Yes,10,Outsideclassroom,No,English,descubrir,simple-finite,NA,NA
que pone,DE_WR_40_25_11_14_LM,61,41,63_41,2018,Hamburg,Lower advanced,5,female,25,fem,PRE,SC,DEF,GI,N,pron,93,No,14,11,Yes,10,Outsideclassroom,No,English,poner,simple-finite,NA,NA
Charles le regala una sonrisa cariñosa al bebé,DE_WR_40_25_11_14_LM,61,43,63_43,2018,Hamburg,Lower advanced,5,female,25,masc,PRE,MC,DEF,GI,N,dp,93,No,14,11,Yes,10,Outsideclassroom,No,English,regalar,simple-finite,NA,NA
y se van.,DE_WR_40_25_11_14_LM,61,44,63_44,2018,Hamburg,Lower advanced,5,female,25,masc,NA,MC,NA,GI,N,nullsub,93,No,14,11,Yes,10,Outsideclassroom,No,English,irse,simple-finite,NA,NA
hasta que se para,DE_WR_40_25_11_14_LM,61,5,63_5,2018,Hamburg,Lower advanced,5,female,25,masc,NA,SC,NA,GI,Y,nullsub,93,No,14,11,Yes,10,Outsideclassroom,No,English,pararse,simple-finite,NA,NA
"Un poquito más tarde, descubre un bebé",DE_WR_40_25_11_14_LM,61,7,63_7,2018,Hamburg,Lower advanced,5,female,25,masc,NA,MC,NA,GI,Y,nullsub,93,No,14,11,Yes,10,Outsideclassroom,No,English,descubrir,simple-finite,NA,NA
que está leyendo en una esquina de la calle enfrente de una casa.,DE_WR_40_25_11_14_LM,61,8,63_8,2018,Hamburg,Lower advanced,5,female,25,masc,PRE,SC,DEF,GI,N,pron,93,No,14,11,Yes,10,Outsideclassroom,No,English,leer,periphrasis-gerund,NA,NA
Charles coge el bebé,DE_WR_40_25_11_14_LM,61,9,63_9,2018,Hamburg,Lower advanced,5,female,25,masc,PRE,MC,DEF,GI,N,dp,93,No,14,11,Yes,10,Outsideclassroom,No,English,coger,simple-finite,NA,NA
"La película,  [...] es de aproximadamente 4 minutos",DE_WR_40_26_9_14_JB,62,1,64_1,2018,Würzburg,Lower advanced,5,female,26,fem,PRE,MC,DEF,NE,N,dp,93,No,17,9,Yes,5,Outsideclassroom,No,"English, French",ser,simple-finite,NA,NA
y tienen un palo de madera en la mano.,DE_WR_40_26_9_14_JB,62,10,64_10,2018,Würzburg,Lower advanced,5,female,26,masc,NA,MC,NA,GI,Y,nullsub,93,No,17,9,Yes,5,Outsideclassroom,No,"English, French",tener,simple-finite,NA,NA
"En los primeros segundos, observamos",DE_WR_40_26_9_14_JB,62,11,64_11,2018,Würzburg,Lower advanced,5,female,26,1st_person,NA,MC,NA,GI,N,nullsub,93,No,17,9,Yes,5,Outsideclassroom,No,"English, French",observar,simple-finite,NA,NA
como algunas piedras caen de un techo,DE_WR_40_26_9_14_JB,62,12,64_12,2018,Würzburg,Lower advanced,5,female,26,fem,PRE,SC,INDEF,NE,N,dp,93,No,17,9,Yes,5,Outsideclassroom,No,"English, French",caer,simple-finite,NA,NA
"y casi caen a la cabeza de Chaplin,",DE_WR_40_26_9_14_JB,62,13,64_13,2018,Würzburg,Lower advanced,5,female,26,fem,NA,MC,NA,GI,Y,nullsub,93,No,17,9,Yes,5,Outsideclassroom,No,"English, French",caer,simple-finite,NA,NA
después de este choque coje un cigarro de su bolsillo,DE_WR_40_26_9_14_JB,62,14,64_14,2018,Würzburg,Lower advanced,5,female,26,masc,NA,MC,NA,GI,N,nullsub,93,No,17,9,Yes,5,Outsideclassroom,No,"English, French",cojer,simple-finite,NA,NA
y lo enciende.,DE_WR_40_26_9_14_JB,62,15,64_15,2018,Würzburg,Lower advanced,5,female,26,masc,NA,MC,NA,GI,Y,nullsub,93,No,17,9,Yes,5,Outsideclassroom,No,"English, French",encender,simple-finite,NA,NA
"Cuando sigue dando la vuelta,",DE_WR_40_26_9_14_JB,62,16,64_16,2018,Würzburg,Lower advanced,5,female,26,masc,NA,SC,NA,GI,Y,nullsub,93,No,17,9,Yes,5,Outsideclassroom,No,"English, French",seguir,simple-finite,NA,NA
mira al suelo,DE_WR_40_26_9_14_JB,62,17,64_17,2018,Würzburg,Lower advanced,5,female,26,masc,NA,MC,NA,GI,Y,nullsub,93,No,17,9,Yes,5,Outsideclassroom,No,"English, French",mirar,simple-finite,NA,NA
y se da cuenta,DE_WR_40_26_9_14_JB,62,18,64_18,2018,Würzburg,Lower advanced,5,female,26,masc,NA,MC,NA,GI,Y,nullsub,93,No,17,9,Yes,5,Outsideclassroom,No,"English, French",darse ,periphrasis-lexical,NA,NA
"en la que aparece el famosos actor Charlie Chaplin,",DE_WR_40_26_9_14_JB,62,2,64_2,2018,Würzburg,Lower advanced,5,female,26,masc,POST,SC,DEF,NE,N,dp,93,No,17,9,Yes,5,Outsideclassroom,No,"English, French",aparecer,simple-finite,NA,NA
que parece no tener madre,DE_WR_40_26_9_14_JB,62,20,64_20,2018,Würzburg,Lower advanced,5,female,26,masc,PRE,SC,DEF,GI,Y,pron,93,No,17,9,Yes,5,Outsideclassroom,No,"English, French",parecer,infinitive,NA,NA
que se ocupe de ello.,DE_WR_40_26_9_14_JB,62,21,64_21,2018,Würzburg,Lower advanced,5,female,26,fem,PRE,SC,DEF,GI,N,pron,93,No,17,9,Yes,5,Outsideclassroom,No,"English, French",ocuparse,simple-finite,NA,NA
Chaplin coge el bebé a los brazos,DE_WR_40_26_9_14_JB,62,22,64_22,2018,Würzburg,Lower advanced,5,female,26,masc,PRE,MC,DEF,GI,N,dp,93,No,17,9,Yes,5,Outsideclassroom,No,"English, French",coger,simple-finite,NA,NA
y intenta encontrar  la madre,DE_WR_40_26_9_14_JB,62,23,64_23,2018,Würzburg,Lower advanced,5,female,26,masc,NA,MC,NA,GI,Y,nullsub,93,No,17,9,Yes,5,Outsideclassroom,No,"English, French",intentar,infinitive,NA,NA
"pero la mujer […] por fin no quiere el bebé,",DE_WR_40_26_9_14_JB,62,25,64_25,2018,Würzburg,Lower advanced,5,female,26,fem,PRE,MC,DEF,GI,N,dp,93,No,17,9,Yes,5,Outsideclassroom,No,"English, French",querer,simple-finite,NA,NA
que puede encontrar,DE_WR_40_26_9_14_JB,62,26,64_26,2018,Würzburg,Lower advanced,5,female,26,fem,PRE,SC,DEF,GI,N,pron,93,No,17,9,Yes,5,Outsideclassroom,No,"English, French",encontrar,simple-finite,NA,NA
ya tiene un hijo.,DE_WR_40_26_9_14_JB,62,27,64_27,2018,Würzburg,Lower advanced,5,female,26,fem,NA,MC,NA,NE,Y,nullsub,93,No,17,9,Yes,5,Outsideclassroom,No,"English, French",tener,simple-finite,NA,NA
Siguen varias escenas,DE_WR_40_26_9_14_JB,62,28,64_28,2018,Würzburg,Lower advanced,5,female,26,masc,POST,MC,INDEF,NE,N,dp,93,No,17,9,Yes,5,Outsideclassroom,No,"English, French",seguir,simple-finite,NA,NA
"en las que Chaplin trata de dejar el bebé en varios lugares,",DE_WR_40_26_9_14_JB,62,29,64_29,2018,Würzburg,Lower advanced,5,female,26,masc,PRE,SC,DEF,GI,N,dp,93,No,17,9,Yes,5,Outsideclassroom,No,"English, French",tratar,infinitive,NA,NA
y nos presenta la corta historia de un hombre (Chaplin),DE_WR_40_26_9_14_JB,62,3,64_3,2018,Würzburg,Lower advanced,5,female,26,masc,NA,MC,NA,GI,Y,nullsub,93,No,17,9,Yes,5,Outsideclassroom,No,"English, French",presentar,simple-finite,NA,NA
pero una vez un hombre de la policía interviene,DE_WR_40_26_9_14_JB,62,30,64_30,2018,Würzburg,Lower advanced,5,female,26,masc,PRE,MC,INDEF,NE,N,dp,93,No,17,9,Yes,5,Outsideclassroom,No,"English, French",intervenir,simple-finite,NA,NA
"y, otra vez, otro hombre, […]   lo pone en el carrito de niño de la mujer",DE_WR_40_26_9_14_JB,62,31,64_31,2018,Würzburg,Lower advanced,5,female,26,masc,PRE,MC,INDEF,NE,N,dp,93,No,17,9,Yes,5,Outsideclassroom,No,"English, French",poner,simple-finite,NA,NA
"a quien Chaplin ha dejado el bebé,",DE_WR_40_26_9_14_JB,62,32,64_32,2018,Würzburg,Lower advanced,5,female,26,masc,PRE,SC,DEF,GI,N,dp,93,No,17,9,Yes,5,Outsideclassroom,No,"English, French",dejar,simple-finite,NA,NA
que ya conocemos.,DE_WR_40_26_9_14_JB,62,33,64_33,2018,Würzburg,Lower advanced,5,female,26,fem,NA,SC,NA,GI,N,nullsub,93,No,17,9,Yes,5,Outsideclassroom,No,"English, French",conocer,simple-finite,NA,NA
"Por fin, Chaplin se da cuenta",DE_WR_40_26_9_14_JB,62,34,64_34,2018,Würzburg,Lower advanced,5,female,26,masc,PRE,MC,DEF,GI,N,dp,93,No,17,9,Yes,5,Outsideclassroom,No,"English, French",darse ,periphrasis-lexical,NA,NA
"de que no puede soltar el bebé en ningún lugar,",DE_WR_40_26_9_14_JB,62,35,64_35,2018,Würzburg,Lower advanced,5,female,26,masc,NA,SC,NA,GI,Y,nullsub,93,No,17,9,Yes,5,Outsideclassroom,No,"English, French",soltar,modal,NA,NA
se sienta en la calle,DE_WR_40_26_9_14_JB,62,36,64_36,2018,Würzburg,Lower advanced,5,female,26,masc,NA,MC,NA,GI,Y,nullsub,93,No,17,9,Yes,5,Outsideclassroom,No,"English, French",sentarse,simple-finite,NA,NA
que está pensando sobre dejar el bebé caer en el sumidero de la calle.,DE_WR_40_26_9_14_JB,62,38,64_38,2018,Würzburg,Lower advanced,5,female,26,masc,NA,SC,NA,GI,Y,nullsub,93,No,17,9,Yes,5,Outsideclassroom,No,"English, French",pensar,periphrasis-gerund,NA,NA
"Sin embargo, por fin, descubre un papelito dentro del pañuelo de bebé",DE_WR_40_26_9_14_JB,62,39,64_39,2018,Würzburg,Lower advanced,5,female,26,masc,NA,MC,NA,GI,Y,nullsub,93,No,17,9,Yes,5,Outsideclassroom,No,"English, French",descubrir,simple-finite,NA,NA
que encuentro a un bebé,DE_WR_40_26_9_14_JB,62,4,64_4,2018,Würzburg,Lower advanced,5,female,26,masc,NA,SC,NA,GI,N,nullsub,93,No,17,9,Yes,5,Outsideclassroom,No,"English, French",encontrar,simple-finite,NA,NA
en el que se ha escrito alguien,DE_WR_40_26_9_14_JB,62,40,64_40,2018,Würzburg,Lower advanced,5,female,26,masc,POST,SC,INDEF,NE,N,pron,93,No,17,9,Yes,5,Outsideclassroom,No,"English, French",escribir,simple-finite,NA,NA
coge el bebé con una risa intensa,DE_WR_40_26_9_14_JB,62,42,64_42,2018,Würzburg,Lower advanced,5,female,26,masc,NA,MC,NA,GI,N,nullsub,93,No,17,9,Yes,5,Outsideclassroom,No,"English, French",coger,simple-finite,NA,NA
"y sigue su camino,",DE_WR_40_26_9_14_JB,62,43,64_43,2018,Würzburg,Lower advanced,5,female,26,masc,NA,MC,NA,GI,Y,nullsub,93,No,17,9,Yes,5,Outsideclassroom,No,"English, French",seguir,simple-finite,NA,NA
y no sabe realmente,DE_WR_40_26_9_14_JB,62,5,64_5,2018,Würzburg,Lower advanced,5,female,26,masc,NA,MC,NA,GI,Y,nullsub,93,No,17,9,Yes,5,Outsideclassroom,No,"English, French",saber,simple-finite,NA,NA
qué hacer con él.,DE_WR_40_26_9_14_JB,62,6,64_6,2018,Würzburg,Lower advanced,5,female,26,masc,NA,SC,NA,NA,NA,nullsub,93,No,17,9,Yes,5,Outsideclassroom,No,"English, French",hacer,simple-finite,NA,NA
"Al principio, vemos a Chaplin",DE_WR_40_26_9_14_JB,62,7,64_7,2018,Würzburg,Lower advanced,5,female,26,masc,NA,MC,NA,NE,N,nullsub,93,No,17,9,Yes,5,Outsideclassroom,No,"English, French",ver,simple-finite,NA,NA
"como está dando un paseo por una zona de  casas,",DE_WR_40_26_9_14_JB,62,8,64_8,2018,Würzburg,Lower advanced,5,female,26,masc,NA,SC,NA,GI,N,nullsub,93,No,17,9,Yes,5,Outsideclassroom,No,"English, French",dar,periphrasis-gerund,NA,NA
lleva el traje típico de los años 20,DE_WR_40_26_9_14_JB,62,9,64_9,2018,Würzburg,Lower advanced,5,female,26,masc,NA,MC,NA,GI,Y,nullsub,93,No,17,9,Yes,5,Outsideclassroom,No,"English, French",llevar,simple-finite,NA,NA
"Chaplin se pasea por la calle,",DE_WR_40_26_9_14_SJ,63,1,65_1,2018,Bochum,Lower intermediate,3,female,26,masc,PRE,MC,DEF,NE,N,dp,93,No,17,9,Yes,10,Outsideclassroom,No,English,pasear,simple-finite,NA,NA
y él tiene que retomar el bebé.,DE_WR_40_26_9_14_SJ,63,10,65_10,2018,Bochum,Lower intermediate,3,female,26,masc,PRE,MC,DEF,GI,N,pron,93,No,17,9,Yes,10,Outsideclassroom,No,English,retomar,modal,NA,NA
Un hombre viejo pasa la calle,DE_WR_40_26_9_14_SJ,63,11,65_11,2018,Bochum,Lower intermediate,3,female,26,masc,PRE,MC,INDEF,NE,N,dp,93,No,17,9,Yes,10,Outsideclassroom,No,English,pasar,simple-finite,NA,NA
y Chaplin le da el bebé,DE_WR_40_26_9_14_SJ,63,12,65_12,2018,Bochum,Lower intermediate,3,female,26,masc,PRE,MC,DEF,GI,N,dp,93,No,17,9,Yes,10,Outsideclassroom,No,English,dar,simple-finite,NA,NA
"y desaparece,",DE_WR_40_26_9_14_SJ,63,13,65_13,2018,Bochum,Lower intermediate,3,female,26,masc,NA,MC,NA,GI,Y,nullsub,93,No,17,9,Yes,10,Outsideclassroom,No,English,desaparecer,simple-finite,NA,NA
porque corre.,DE_WR_40_26_9_14_SJ,63,14,65_14,2018,Bochum,Lower intermediate,3,female,26,masc,NA,SC,NA,GI,Y,nullsub,93,No,17,9,Yes,10,Outsideclassroom,No,English,correr,simple-finite,NA,NA
El hombre viejo deja el bebé en el coche para niños de la madre.,DE_WR_40_26_9_14_SJ,63,15,65_15,2018,Bochum,Lower intermediate,3,female,26,masc,PRE,MC,DEF,GI,N,dp,93,No,17,9,Yes,10,Outsideclassroom,No,English,dejar,simple-finite,NA,NA
Chaplin pasa por la calle,DE_WR_40_26_9_14_SJ,63,16,65_16,2018,Bochum,Lower intermediate,3,female,26,masc,PRE,MC,DEF,GI,N,dp,93,No,17,9,Yes,10,Outsideclassroom,No,English,pasar,simple-finite,NA,NA
y la madre le reconoce.,DE_WR_40_26_9_14_SJ,63,17,65_17,2018,Bochum,Lower intermediate,3,female,26,fem,PRE,MC,DEF,GI,N,dp,93,No,17,9,Yes,10,Outsideclassroom,No,English,reconocer,simple-finite,NA,NA
Lo está golpeando.,DE_WR_40_26_9_14_SJ,63,18,65_18,2018,Bochum,Lower intermediate,3,female,26,fem,NA,MC,NA,GI,Y,nullsub,93,No,17,9,Yes,10,Outsideclassroom,No,English,golpear,periphrasis-gerund,NA,NA
Chaplin toma al bebé,DE_WR_40_26_9_14_SJ,63,19,65_19,2018,Bochum,Lower intermediate,3,female,26,masc,PRE,MC,DEF,GI,N,dp,93,No,17,9,Yes,10,Outsideclassroom,No,English,tomar,simple-finite,NA,NA
"cuando una mujer echa basura, mejor piedras pequeñas, de la ventana.",DE_WR_40_26_9_14_SJ,63,2,65_2,2018,Bochum,Lower intermediate,3,female,26,fem,PRE,SC,INDEF,NE,N,dp,93,No,17,9,Yes,10,Outsideclassroom,No,English,echar,simple-finite,NA,NA
y encuentra una carta,DE_WR_40_26_9_14_SJ,63,20,65_20,2018,Bochum,Lower intermediate,3,female,26,masc,NA,MC,NA,GI,Y,nullsub,93,No,17,9,Yes,10,Outsideclassroom,No,English,encontrar,simple-finite,NA,NA
"El bebé es un pobre huérfano,",DE_WR_40_26_9_14_SJ,63,22,65_22,2018,Bochum,Lower intermediate,3,female,26,masc,PRE,MC,NA,GI,N,dp,93,No,17,9,Yes,10,Outsideclassroom,No,English,ser,simple-finite,NA,NA
por favor lo ame.,DE_WR_40_26_9_14_SJ,63,23,65_23,2018,Bochum,Lower intermediate,3,female,26,unknown,NA,MC,NA,NA,NA,nullsub,93,No,17,9,Yes,10,Outsideclassroom,No,English,amar,simple-finite,NA,NA
Chaplin siempre tiene que tener cuiado.,DE_WR_40_26_9_14_SJ,63,3,65_3,2018,Bochum,Lower intermediate,3,female,26,masc,PRE,MC,DEF,GI,Y,dp,93,No,17,9,Yes,10,Outsideclassroom,No,English,tener,modal,NA,NA
Se halla un bebé al suelo de la calle.,DE_WR_40_26_9_14_SJ,63,4,65_4,2018,Bochum,Lower intermediate,3,female,26,masc,POST,MC,INDEF,NE,N,dp,93,No,17,9,Yes,10,Outsideclassroom,No,English,hallarse,simple-finite,NA,NA
"Quiere dejarlo en el suelo,",DE_WR_40_26_9_14_SJ,63,5,65_5,2018,Bochum,Lower intermediate,3,female,26,masc,NA,MC,NA,GI,N,nullsub,93,No,17,9,Yes,10,Outsideclassroom,No,English,dejar,modal,NA,NA
pero llega un polícia,DE_WR_40_26_9_14_SJ,63,6,65_6,2018,Bochum,Lower intermediate,3,female,26,masc,POST,MC,INDEF,NE,N,dp,93,No,17,9,Yes,10,Outsideclassroom,No,English,llegar,simple-finite,NA,NA
que discute con él.,DE_WR_40_26_9_14_SJ,63,7,65_7,2018,Bochum,Lower intermediate,3,female,26,masc,PRE,SC,DEF,GI,Y,pron,93,No,17,9,Yes,10,Outsideclassroom,No,English,discutir,simple-finite,NA,NA
Después intenta dejar el bebé en un coche para niños.,DE_WR_40_26_9_14_SJ,63,8,65_8,2018,Bochum,Lower intermediate,3,female,26,masc,NA,MC,NA,GI,N,nullsub,93,No,17,9,Yes,10,Outsideclassroom,No,English,intentar,infinitive,NA,NA
La madre discute con Chaplin,DE_WR_40_26_9_14_SJ,63,9,65_9,2018,Bochum,Lower intermediate,3,female,26,fem,PRE,MC,DEF,GI,N,dp,93,No,17,9,Yes,10,Outsideclassroom,No,English,discutir,simple-finite,NA,NA
Charlie Chaplin está de paseo.,DE_WR_40_31_13_14_SM,64,1,66_1,2018,Santiago de Compostela,Lower advanced,5,female,31,masc,PRE,MC,DEF,NE,N,dp,93,No,18,13,Yes,10,Outsideclassroom,Yes,"English, Galician",estar,simple-finite,NA,NA
y se enciendo uno nuevo de una caja metálica de pitillos semifumados con una cerilla,DE_WR_40_31_13_14_SM,64,10,66_10,2018,Santiago de Compostela,Lower advanced,5,female,31,masc,NA,MC,NA,GI,N,nullsub,93,No,18,13,Yes,10,Outsideclassroom,Yes,"English, Galician",encender,simple-finite,NA,NA
que enciende en la suela del zapato.,DE_WR_40_31_13_14_SM,64,11,66_11,2018,Santiago de Compostela,Lower advanced,5,female,31,masc,NA,SC,NA,GI,Y,nullsub,93,No,18,13,Yes,10,Outsideclassroom,Yes,"English, Galician",encender,simple-finite,NA,NA
"A unos metros más, en la esquina de una casa encuentra a un bebé en el suelo.",DE_WR_40_31_13_14_SM,64,12,66_12,2018,Santiago de Compostela,Lower advanced,5,female,31,masc,NA,MC,NA,GI,Y,nullsub,93,No,18,13,Yes,10,Outsideclassroom,Yes,"English, Galician",encontrar,simple-finite,NA,NA
Lo sube a sus brazos,DE_WR_40_31_13_14_SM,64,13,66_13,2018,Santiago de Compostela,Lower advanced,5,female,31,masc,NA,MC,NA,GI,Y,nullsub,93,No,18,13,Yes,10,Outsideclassroom,Yes,"English, Galician",subir,simple-finite,NA,NA
"y empieza a mirar para ver,",DE_WR_40_31_13_14_SM,64,14,66_14,2018,Santiago de Compostela,Lower advanced,5,female,31,masc,NA,MC,NA,GI,Y,nullsub,93,No,18,13,Yes,10,Outsideclassroom,Yes,"English, Galician",mirar,periphrasis-lexical,NA,NA
dónde están los padres.,DE_WR_40_31_13_14_SM,64,15,66_15,2018,Santiago de Compostela,Lower advanced,5,female,31,masc,POST,SC,DEF,NE,N,dp,93,No,18,13,Yes,10,Outsideclassroom,Yes,"English, Galician",estar,simple-finite,NA,NA
Ve a una señora con un bebé en un carrito,DE_WR_40_31_13_14_SM,64,16,66_16,2018,Santiago de Compostela,Lower advanced,5,female,31,masc,NA,MC,NA,GI,N,nullsub,93,No,18,13,Yes,10,Outsideclassroom,Yes,"English, Galician",ver,simple-finite,NA,NA
y deja al bebé encontrado en el carrito.,DE_WR_40_31_13_14_SM,64,17,66_17,2018,Santiago de Compostela,Lower advanced,5,female,31,masc,NA,MC,NA,GI,Y,nullsub,93,No,18,13,Yes,10,Outsideclassroom,Yes,"English, Galician",dejar,simple-finite,NA,NA
Pero la mujer vuelve,DE_WR_40_31_13_14_SM,64,18,66_18,2018,Santiago de Compostela,Lower advanced,5,female,31,fem,PRE,MC,DEF,GI,N,dp,93,No,18,13,Yes,10,Outsideclassroom,Yes,"English, Galician",volver,simple-finite,NA,NA
y se enfada.,DE_WR_40_31_13_14_SM,64,19,66_19,2018,Santiago de Compostela,Lower advanced,5,female,31,fem,NA,MC,NA,GI,Y,nullsub,93,No,18,13,Yes,10,Outsideclassroom,Yes,"English, Galician",enfadarse,simple-finite,NA,NA
Entonces decide dejar al niño,DE_WR_40_31_13_14_SM,64,20,66_20,2018,Santiago de Compostela,Lower advanced,5,female,31,masc,NA,MC,NA,GI,N,nullsub,93,No,18,13,Yes,10,Outsideclassroom,Yes,"English, Galician",decidir,simple-finite,NA,NA
donde lo encontró -,DE_WR_40_31_13_14_SM,64,21,66_21,2018,Santiago de Compostela,Lower advanced,5,female,31,masc,NA,SC,NA,GI,Y,nullsub,93,No,18,13,Yes,10,Outsideclassroom,Yes,"English, Galician",encontrar,simple-finite,NA,NA
pero se enfrenta con un policía.,DE_WR_40_31_13_14_SM,64,22,66_22,2018,Santiago de Compostela,Lower advanced,5,female,31,masc,NA,MC,NA,GI,Y,nullsub,93,No,18,13,Yes,10,Outsideclassroom,Yes,"English, Galician",enfrentarse,simple-finite,NA,NA
se lleva el niño,DE_WR_40_31_13_14_SM,64,24,66_24,2018,Santiago de Compostela,Lower advanced,5,female,31,masc,NA,MC,NA,GI,N,nullsub,93,No,18,13,Yes,10,Outsideclassroom,Yes,"English, Galician",llevarse,simple-finite,NA,NA
"y lo deja en los brazos de un señor viejo barbudo,",DE_WR_40_31_13_14_SM,64,25,66_25,2018,Santiago de Compostela,Lower advanced,5,female,31,masc,NA,MC,NA,GI,Y,nullsub,93,No,18,13,Yes,10,Outsideclassroom,Yes,"English, Galician",dejar,simple-finite,NA,NA
y se va corriendo.,DE_WR_40_31_13_14_SM,64,27,66_27,2018,Santiago de Compostela,Lower advanced,5,female,31,masc,NA,MC,NA,GI,Y,nullsub,93,No,18,13,Yes,10,Outsideclassroom,Yes,"English, Galician",irse,periphrasis-gerund,NA,NA
El viejo lo busca,DE_WR_40_31_13_14_SM,64,28,66_28,2018,Santiago de Compostela,Lower advanced,5,female,31,masc,PRE,MC,DEF,GI,N,dp,93,No,18,13,Yes,10,Outsideclassroom,Yes,"English, Galician",buscar,simple-finite,NA,NA
"pero no le ve,",DE_WR_40_31_13_14_SM,64,29,66_29,2018,Santiago de Compostela,Lower advanced,5,female,31,masc,NA,MC,NA,GI,Y,nullsub,93,No,18,13,Yes,10,Outsideclassroom,Yes,"English, Galician",ver,simple-finite,NA,NA
La zona de la ciudad parece muy pobre.,DE_WR_40_31_13_14_SM,64,3,66_3,2018,Santiago de Compostela,Lower advanced,5,female,31,masc,PRE,MC,DEF,NE,N,dp,93,No,18,13,Yes,10,Outsideclassroom,Yes,"English, Galician",parecer,simple-finite,NA,NA
y deja el bebé en el mismo carrito de la misma señora de antes.,DE_WR_40_31_13_14_SM,64,30,66_30,2018,Santiago de Compostela,Lower advanced,5,female,31,masc,NA,MC,NA,GI,Y,nullsub,93,No,18,13,Yes,10,Outsideclassroom,Yes,"English, Galician",dejar,simple-finite,NA,NA
Charlie pensó,DE_WR_40_31_13_14_SM,64,31,66_31,2018,Santiago de Compostela,Lower advanced,5,female,31,masc,PRE,MC,DEF,GI,N,dp,93,No,18,13,Yes,10,Outsideclassroom,Yes,"English, Galician",pensar,simple-finite,NA,NA
que se salvó,DE_WR_40_31_13_14_SM,64,32,66_32,2018,Santiago de Compostela,Lower advanced,5,female,31,masc,NA,SC,NA,GI,Y,nullsub,93,No,18,13,Yes,10,Outsideclassroom,Yes,"English, Galician",salvarse,simple-finite,NA,NA
pero cuando pasa al carrito la mujer emocionada,DE_WR_40_31_13_14_SM,64,33,66_33,2018,Santiago de Compostela,Lower advanced,5,female,31,fem,NA,SC,NA,GI,Y,nullsub,93,No,18,13,Yes,10,Outsideclassroom,Yes,"English, Galician",pasar,simple-finite,NA,NA
le ve,DE_WR_40_31_13_14_SM,64,34,66_34,2018,Santiago de Compostela,Lower advanced,5,female,31,fem,NA,MC,NA,GI,N,nullsub,93,No,18,13,Yes,10,Outsideclassroom,Yes,"English, Galician",ver,simple-finite,NA,NA
y le devuelve el bebé otra vez con el policía,DE_WR_40_31_13_14_SM,64,35,66_35,2018,Santiago de Compostela,Lower advanced,5,female,31,fem,NA,MC,NA,GI,Y,nullsub,93,No,18,13,Yes,10,Outsideclassroom,Yes,"English, Galician",devolver,simple-finite,NA,NA
Entonces se sienta en el lado de la carretera,DE_WR_40_31_13_14_SM,64,37,66_37,2018,Santiago de Compostela,Lower advanced,5,female,31,masc,NA,MC,NA,GI,N,nullsub,93,No,18,13,Yes,10,Outsideclassroom,Yes,"English, Galician",sentarse,simple-finite,NA,NA
"y encuentra una carta,",DE_WR_40_31_13_14_SM,64,38,66_38,2018,Santiago de Compostela,Lower advanced,5,female,31,masc,NA,MC,NA,GI,Y,nullsub,93,No,18,13,Yes,10,Outsideclassroom,Yes,"English, Galician",encontrar,simple-finite,NA,NA
Algunas de las casas se están cayendo,DE_WR_40_31_13_14_SM,64,4,66_4,2018,Santiago de Compostela,Lower advanced,5,female,31,fem,PRE,MC,INDEF,NE,N,pron,93,No,18,13,Yes,10,Outsideclassroom,Yes,"English, Galician",caer,simple-finite,NA,NA
que alguien se encarga del huérfano,DE_WR_40_31_13_14_SM,64,40,66_40,2018,Santiago de Compostela,Lower advanced,5,female,31,masc,PRE,SC,INDEF,NE,N,pron,93,No,18,13,Yes,10,Outsideclassroom,Yes,"English, Galician",encargarse,simple-finite,NA,NA
Entonces se lleva al bebé.,DE_WR_40_31_13_14_SM,64,42,66_42,2018,Santiago de Compostela,Lower advanced,5,female,31,masc,NA,MC,NA,GI,N,nullsub,93,No,18,13,Yes,10,Outsideclassroom,Yes,"English, Galician",llevarse,simple-finite,NA,NA
y casi Le caen unos ladrillos.,DE_WR_40_31_13_14_SM,64,5,66_5,2018,Santiago de Compostela,Lower advanced,5,female,31,masc,POST,MC,INDEF,NE,N,dp,93,No,18,13,Yes,10,Outsideclassroom,Yes,"English, Galician",caer,simple-finite,NA,NA
"Avanza algo más,",DE_WR_40_31_13_14_SM,64,6,66_6,2018,Santiago de Compostela,Lower advanced,5,female,31,masc,NA,MC,NA,GI,N,nullsub,93,No,18,13,Yes,10,Outsideclassroom,Yes,"English, Galician",avanzar,simple-finite,NA,NA
y le tiran basura.,DE_WR_40_31_13_14_SM,64,8,66_8,2018,Santiago de Compostela,Lower advanced,5,female,31,unknown,NA,MC,NA,NE,N,nullsub,93,No,18,13,Yes,10,Outsideclassroom,Yes,"English, Galician",tirar,simple-finite,NA,NA
La basura también le apaga su cigarro,DE_WR_40_31_13_14_SM,64,9,66_9,2018,Santiago de Compostela,Lower advanced,5,female,31,fem,PRE,MC,DEF,GI,N,dp,93,No,18,13,Yes,10,Outsideclassroom,Yes,"English, Galician",apagar,simple-finite,NA,NA
En el videoclip vemos la historia de  Charles Chaplin,DE_WR_41_20_6_14_AB,65,1,67_1,2018,Leipzig,Lower advanced,5,female,20,fem,NA,MC,NA,NE,N,nullsub,95.3,No,14,6,Yes,20,Outsideclassroom,No,English,ver,simple-finite,NA,NA
y le explica,DE_WR_41_20_6_14_AB,65,10,67_10,2018,Leipzig,Lower advanced,5,female,20,fem,NA,MC,NA,GI,Y,nullsub,95.3,No,14,6,Yes,20,Outsideclassroom,No,English,explicar,simple-finite,NA,NA
que este bebé no es el suyo.,DE_WR_41_20_6_14_AB,65,11,67_11,2018,Leipzig,Lower advanced,5,female,20,fem,PRE,SC,DEF,GI,N,dp,95.3,No,14,6,Yes,20,Outsideclassroom,No,English,ser,simple-finite,NA,NA
Entonces Charly quiere poner el bebé en el lugar,DE_WR_41_20_6_14_AB,65,12,67_12,2018,Leipzig,Lower advanced,5,female,20,masc,PRE,MC,DEF,GI,N,dp,95.3,No,14,6,Yes,20,Outsideclassroom,No,English,poner,modal,NA,NA
"donde lo ha encontrado,",DE_WR_41_20_6_14_AB,65,13,67_13,2018,Leipzig,Lower advanced,5,female,20,masc,NA,SC,NA,GI,Y,nullsub,95.3,No,14,6,Yes,20,Outsideclassroom,No,English,encontrar,simple-finite,NA,NA
pero aparece un policía,DE_WR_41_20_6_14_AB,65,14,67_14,2018,Leipzig,Lower advanced,5,female,20,masc,POST,MC,INDEF,NE,N,dp,95.3,No,14,6,Yes,20,Outsideclassroom,No,English,aparecer,simple-finite,NA,NA
y él tiene que llevárselo otra vez.,DE_WR_41_20_6_14_AB,65,15,67_15,2018,Leipzig,Lower advanced,5,female,20,masc,PRE,MC,DEF,GI,N,pron,95.3,No,14,6,Yes,20,Outsideclassroom,No,English,llevarse,modal,NA,NA
Luego pide a un hombre,DE_WR_41_20_6_14_AB,65,16,67_16,2018,Leipzig,Lower advanced,5,female,20,masc,NA,MC,NA,GI,Y,nullsub,95.3,No,14,6,Yes,20,Outsideclassroom,No,English,pedir,simple-finite,NA,NA
que pasa por la calle,DE_WR_41_20_6_14_AB,65,17,67_17,2018,Leipzig,Lower advanced,5,female,20,masc,PRE,SC,DEF,GI,N,pron,95.3,No,14,6,Yes,20,Outsideclassroom,No,English,pasar,simple-finite,NA,NA
que coja a bebé,DE_WR_41_20_6_14_AB,65,18,67_18,2018,Leipzig,Lower advanced,5,female,20,masc,NA,SC,NA,GI,N,nullsub,95.3,No,14,6,Yes,20,Outsideclassroom,No,English,coger,simple-finite,NA,NA
porque se han abierto sus cordones.,DE_WR_41_20_6_14_AB,65,19,67_19,2018,Leipzig,Lower advanced,5,female,20,masc,POST,SC,DEF,NE,N,dp,95.3,No,14,6,Yes,20,Outsideclassroom,No,English,abrir,simple-finite,NA,NA
que encuentra a un bebé en la calle a lado de un cubo de basura.,DE_WR_41_20_6_14_AB,65,2,67_2,2018,Leipzig,Lower advanced,5,female,20,masc,PRE,SC,DEF,GI,N,pron,95.3,No,14,6,Yes,20,Outsideclassroom,No,English,encontrar,simple-finite,NA,NA
Charly se va corriendo,DE_WR_41_20_6_14_AB,65,20,67_20,2018,Leipzig,Lower advanced,5,female,20,masc,PRE,MC,DEF,GI,N,dp,95.3,No,14,6,Yes,20,Outsideclassroom,No,English,correr,simple-finite,NA,NA
y el hombre se queda con el bebé.,DE_WR_41_20_6_14_AB,65,21,67_21,2018,Leipzig,Lower advanced,5,female,20,masc,PRE,MC,DEF,GI,N,dp,95.3,No,14,6,Yes,20,Outsideclassroom,No,English,quedarse,simple-finite,NA,NA
Por casualidad lo pone en el mismo cochecito como Charly,DE_WR_41_20_6_14_AB,65,22,67_22,2018,Leipzig,Lower advanced,5,female,20,masc,NA,MC,NA,GI,Y,nullsub,95.3,No,14,6,Yes,20,Outsideclassroom,No,English,poner,simple-finite,NA,NA
y se va.,DE_WR_41_20_6_14_AB,65,23,67_23,2018,Leipzig,Lower advanced,5,female,20,masc,NA,MC,NA,GI,Y,nullsub,95.3,No,14,6,Yes,20,Outsideclassroom,No,English,irse,simple-finite,NA,NA
Luego Charly pasa por el cochecito,DE_WR_41_20_6_14_AB,65,24,67_24,2018,Leipzig,Lower advanced,5,female,20,masc,PRE,MC,DEF,GI,N,dp,95.3,No,14,6,Yes,20,Outsideclassroom,No,English,pasar,simple-finite,NA,NA
y la mujer se enfada otra vez con él.,DE_WR_41_20_6_14_AB,65,25,67_25,2018,Leipzig,Lower advanced,5,female,20,fem,PRE,MC,DEF,GI,N,dp,95.3,No,14,6,Yes,20,Outsideclassroom,No,English,enfadarse,simple-finite,NA,NA
el policía aparece,DE_WR_41_20_6_14_AB,65,26,67_26,2018,Leipzig,Lower advanced,5,female,20,masc,PRE,MC,DEF,GI,N,dp,95.3,No,14,6,Yes,20,Outsideclassroom,No,English,aparecer,simple-finite,NA,NA
y le obligan  a llevárselo otra vez.,DE_WR_41_20_6_14_AB,65,27,67_27,2018,Leipzig,Lower advanced,5,female,20,masc,NA,MC,NA,GI,N,nullsub,95.3,No,14,6,Yes,20,Outsideclassroom,No,English,obligar,infinitive,NA,NA
Está pensando en tirar el bebé en un imbornal,DE_WR_41_20_6_14_AB,65,28,67_28,2018,Leipzig,Lower advanced,5,female,20,masc,NA,MC,NA,GI,N,nullsub,95.3,No,14,6,Yes,20,Outsideclassroom,No,English,pensar,periphrasis-gerund,NA,NA
", pero encuentra una notica",DE_WR_41_20_6_14_AB,65,29,67_29,2018,Leipzig,Lower advanced,5,female,20,masc,NA,MC,NA,GI,Y,nullsub,95.3,No,14,6,Yes,20,Outsideclassroom,No,English,encontrar,simple-finite,NA,NA
Charly no sabe,DE_WR_41_20_6_14_AB,65,3,67_3,2018,Leipzig,Lower advanced,5,female,20,masc,PRE,MC,DEF,GI,Y,dp,95.3,No,14,6,Yes,20,Outsideclassroom,No,English,saber,simple-finite,NA,NA
que dice,DE_WR_41_20_6_14_AB,65,30,67_30,2018,Leipzig,Lower advanced,5,female,20,fem,PRE,SC,DEF,GI,N,pron,95.3,No,14,6,Yes,20,Outsideclassroom,No,English,decir,simple-finite,NA,NA
que la persona debe preocuparse de él.,DE_WR_41_20_6_14_AB,65,31,67_31,2018,Leipzig,Lower advanced,5,female,20,fem,PRE,SC,DEF,NE,N,dp,95.3,No,14,6,Yes,20,Outsideclassroom,No,English,deber,simple-finite,NA,NA
que encuentra al bebé,DE_WR_41_20_6_14_AB,65,32,67_32,2018,Leipzig,Lower advanced,5,female,20,masc,PRE,SC,DEF,GI,Y,pron,95.3,No,14,6,Yes,20,Outsideclassroom,No,English,encontrar,simple-finite,NA,NA
"Así que, al final, Charly se lo lleva.",DE_WR_41_20_6_14_AB,65,33,67_33,2018,Leipzig,Lower advanced,5,female,20,masc,PRE,MC,DEF,GI,N,dp,95.3,No,14,6,Yes,20,Outsideclassroom,No,English,llevarse,simple-finite,NA,NA
"de quién es el bebé,",DE_WR_41_20_6_14_AB,65,4,67_4,2018,Leipzig,Lower advanced,5,female,20,masc,POST,SC,DEF,GI,N,dp,95.3,No,14,6,Yes,20,Outsideclassroom,No,English,ser,simple-finite,NA,NA
pero supone,DE_WR_41_20_6_14_AB,65,5,67_5,2018,Leipzig,Lower advanced,5,female,20,masc,NA,MC,NA,GI,N,nullsub,95.3,No,14,6,Yes,20,Outsideclassroom,No,English,suponer,simple-finite,NA,NA
que es de una mujer,DE_WR_41_20_6_14_AB,65,6,67_6,2018,Leipzig,Lower advanced,5,female,20,masc,NA,SC,NA,GI,N,nullsub,95.3,No,14,6,Yes,20,Outsideclassroom,No,English,ser,simple-finite,NA,NA
que pasa por la calle con un cochecito.,DE_WR_41_20_6_14_AB,65,7,67_7,2018,Leipzig,Lower advanced,5,female,20,fem,PRE,SC,DEF,GI,N,pron,95.3,No,14,6,Yes,20,Outsideclassroom,No,English,pasar,simple-finite,NA,NA
Por eso pone el bebé en el cochecito.,DE_WR_41_20_6_14_AB,65,8,67_8,2018,Leipzig,Lower advanced,5,female,20,masc,NA,MC,NA,GI,N,nullsub,95.3,No,14,6,Yes,20,Outsideclassroom,No,English,ponerse,simple-finite,NA,NA
La mujer se enfada,DE_WR_41_20_6_14_AB,65,9,67_9,2018,Leipzig,Lower advanced,5,female,20,fem,PRE,MC,DEF,GI,N,dp,95.3,No,14,6,Yes,20,Outsideclassroom,No,English,enfadarse,simple-finite,NA,NA
se saca un cigarillo de una cajita,DE_WR_41_21_2_14_CB,66,10,68_10,2019,Erlangen,Upper advanced,6,female,21,masc,NA,MC,NA,GI,Y,nullsub,95.3,No,19,2,Yes,20,Insideclassroom,Yes,Italian,sacar,simple-finite,NA,NA
y lo enciende.,DE_WR_41_21_2_14_CB,66,11,68_11,2019,Erlangen,Upper advanced,6,female,21,masc,NA,MC,NA,GI,Y,nullsub,95.3,No,19,2,Yes,20,Insideclassroom,Yes,Italian,encender,simple-finite,NA,NA
"Un instante más tarde, ve a un bebé abandonado",DE_WR_41_21_2_14_CB,66,12,68_12,2019,Erlangen,Upper advanced,6,female,21,masc,NA,MC,NA,GI,Y,nullsub,95.3,No,19,2,Yes,20,Insideclassroom,Yes,Italian,ver,simple-finite,NA,NA
que alguien había puesto por el suelo.,DE_WR_41_21_2_14_CB,66,13,68_13,2019,Erlangen,Upper advanced,6,female,21,masc,PRE,SC,INDEF,NE,N,pron,95.3,No,19,2,Yes,20,Insideclassroom,Yes,Italian,poner,simple-finite,NA,NA
"Él tome el bebé,",DE_WR_41_21_2_14_CB,66,14,68_14,2019,Erlangen,Upper advanced,6,female,21,masc,PRE,MC,DEF,GI,N,pron,95.3,No,19,2,Yes,20,Insideclassroom,Yes,Italian,tomar,simple-finite,NA,NA
pero se da cuenta,DE_WR_41_21_2_14_CB,66,15,68_15,2019,Erlangen,Upper advanced,6,female,21,masc,NA,MC,NA,GI,Y,nullsub,95.3,No,19,2,Yes,20,Insideclassroom,Yes,Italian,darse ,periphrasis-lexical,NA,NA
de que no sabe,DE_WR_41_21_2_14_CB,66,16,68_16,2019,Erlangen,Upper advanced,6,female,21,masc,NA,SC,NA,GI,Y,nullsub,95.3,No,19,2,Yes,20,Insideclassroom,Yes,Italian,saber,simple-finite,NA,NA
Primero lo pone en el cochecito para niños de una mujer,DE_WR_41_21_2_14_CB,66,18,68_18,2019,Erlangen,Upper advanced,6,female,21,masc,NA,MC,NA,GI,Y,nullsub,95.3,No,19,2,Yes,20,Insideclassroom,Yes,Italian,poner,simple-finite,NA,NA
que lo había olvidado ella.,DE_WR_41_21_2_14_CB,66,20,68_20,2019,Erlangen,Upper advanced,6,female,21,fem,POST,SC,DEF,GI,N,pron,95.3,No,19,2,Yes,20,Insideclassroom,Yes,Italian,olvidar,simple-finite,NA,NA
La mujer se enfada mucho,DE_WR_41_21_2_14_CB,66,21,68_21,2019,Erlangen,Upper advanced,6,female,21,fem,PRE,MC,DEF,GI,Y,dp,95.3,No,19,2,Yes,20,Insideclassroom,Yes,Italian,enfadarse,simple-finite,NA,NA
y él tiene que sacarlo del cochecito.,DE_WR_41_21_2_14_CB,66,22,68_22,2019,Erlangen,Upper advanced,6,female,21,masc,PRE,MC,DEF,GI,N,pron,95.3,No,19,2,Yes,20,Insideclassroom,Yes,Italian,sacar,modal,NA,NA
Después lo da a un anciano,DE_WR_41_21_2_14_CB,66,23,68_23,2019,Erlangen,Upper advanced,6,female,21,masc,NA,MC,NA,GI,Y,nullsub,95.3,No,19,2,Yes,20,Insideclassroom,Yes,Italian,darse ,simple-finite,NA,NA
En el momento […] empieza a cazar el hombre,DE_WR_41_21_2_14_CB,66,25,68_25,2019,Erlangen,Upper advanced,6,female,21,masc,NA,MC,NA,GI,N,nullsub,95.3,No,19,2,Yes,20,Insideclassroom,Yes,Italian,cazar,periphrasis-lexical,NA,NA
en el que el anciano entiende,DE_WR_41_21_2_14_CB,66,26,68_26,2019,Erlangen,Upper advanced,6,female,21,masc,PRE,SC,DEF,GI,Y,dp,95.3,No,19,2,Yes,20,Insideclassroom,Yes,Italian,entender,simple-finite,NA,NA
"lo que está pasando,",DE_WR_41_21_2_14_CB,66,27,68_27,2019,Erlangen,Upper advanced,6,female,21,masc,PRE,SC,DEF,NE,N,pron,95.3,No,19,2,Yes,20,Insideclassroom,Yes,Italian,pasar,periphrasis-gerund,NA,NA
"El hombre corre por toda la ciudad,",DE_WR_41_21_2_14_CB,66,29,68_29,2019,Erlangen,Upper advanced,6,female,21,masc,PRE,MC,DEF,GI,N,dp,95.3,No,19,2,Yes,20,Insideclassroom,Yes,Italian,correr,simple-finite,NA,NA
De las plantas superiores de una casa están cayendo bloques de ladrillo,DE_WR_41_21_2_14_CB,66,3,68_3,2019,Erlangen,Upper advanced,6,female,21,masc,POST,MC,NA,NE,N,dp,95.3,No,19,2,Yes,20,Insideclassroom,Yes,Italian,caer,periphrasis-gerund,NA,NA
pero no lo consigue.,DE_WR_41_21_2_14_CB,66,31,68_31,2019,Erlangen,Upper advanced,6,female,21,masc,NA,MC,NA,GI,Y,nullsub,95.3,No,19,2,Yes,20,Insideclassroom,Yes,Italian,conseguir,simple-finite,NA,NA
"Otra vez intenta meterlo en el cochecito para niños de la mujer,",DE_WR_41_21_2_14_CB,66,32,68_32,2019,Erlangen,Upper advanced,6,female,21,masc,NA,MC,NA,GI,Y,nullsub,95.3,No,19,2,Yes,20,Insideclassroom,Yes,Italian,intentar,infinitive,NA,NA
pero cuando ella sale de una tienda,DE_WR_41_21_2_14_CB,66,33,68_33,2019,Erlangen,Upper advanced,6,female,21,fem,PRE,SC,DEF,GI,N,pron,95.3,No,19,2,Yes,20,Insideclassroom,Yes,Italian,salir,simple-finite,NA,NA
"y se da cuenta,",DE_WR_41_21_2_14_CB,66,34,68_34,2019,Erlangen,Upper advanced,6,female,21,fem,NA,MC,NA,GI,Y,nullsub,95.3,No,19,2,Yes,20,Insideclassroom,Yes,Italian,darse ,periphrasis-lexical,NA,NA
golpea al hombre con su paraaguas.,DE_WR_41_21_2_14_CB,66,35,68_35,2019,Erlangen,Upper advanced,6,female,21,fem,NA,MC,NA,GI,Y,nullsub,95.3,No,19,2,Yes,20,Insideclassroom,Yes,Italian,golpear,simple-finite,NA,NA
Frustrado y desorientado el hombre se sienta al margen de la calle con el bebé en los brazos.,DE_WR_41_21_2_14_CB,66,36,68_36,2019,Erlangen,Upper advanced,6,female,21,masc,PRE,MC,DEF,GI,N,dp,95.3,No,19,2,Yes,20,Insideclassroom,Yes,Italian,sentarse,simple-finite,NA,NA
"En la ropa del bebé encuentra una carta,",DE_WR_41_21_2_14_CB,66,37,68_37,2019,Erlangen,Upper advanced,6,female,21,masc,NA,MC,NA,GI,Y,nullsub,95.3,No,19,2,Yes,20,Insideclassroom,Yes,Italian,encontrar,simple-finite,NA,NA
El hombre sonríe,DE_WR_41_21_2_14_CB,66,41,68_41,2019,Erlangen,Upper advanced,6,female,21,masc,PRE,MC,DEF,GI,N,dp,95.3,No,19,2,Yes,20,Insideclassroom,Yes,Italian,sonreír,simple-finite,NA,NA
y se va.,DE_WR_41_21_2_14_CB,66,42,68_42,2019,Erlangen,Upper advanced,6,female,21,masc,NA,MC,NA,GI,Y,nullsub,95.3,No,19,2,Yes,20,Insideclassroom,Yes,Italian,irse,simple-finite,NA,NA
El hombre se quita del polvo,DE_WR_41_21_2_14_CB,66,5,68_5,2019,Erlangen,Upper advanced,6,female,21,masc,PRE,MC,DEF,GI,N,dp,95.3,No,19,2,Yes,20,Insideclassroom,Yes,Italian,llevarse,simple-finite,NA,NA
que la caída de los bloques provocó,DE_WR_41_21_2_14_CB,66,6,68_6,2019,Erlangen,Upper advanced,6,female,21,masc,PRE,SC,DEF,NE,N,dp,95.3,No,19,2,Yes,20,Insideclassroom,Yes,Italian,provocar,simple-finite,NA,NA
y sigue andando.,DE_WR_41_21_2_14_CB,66,7,68_7,2019,Erlangen,Upper advanced,6,female,21,masc,NA,MC,NA,GI,N,nullsub,95.3,No,19,2,Yes,20,Insideclassroom,Yes,Italian,andar,periphrasis-gerund,NA,NA
Se pone los guantes,DE_WR_41_21_2_14_CB,66,8,68_8,2019,Erlangen,Upper advanced,6,female,21,masc,NA,MC,NA,GI,Y,nullsub,95.3,No,19,2,Yes,20,Insideclassroom,Yes,Italian,ponerse,simple-finite,NA,NA
"que ya tiene un bebé,",DE_WR_41_21_3_14_MP,67,11,69_11,2018,Munich,Lower intermediate,3,female,21,fem,NA,SC,NA,GI,Y,nullsub,95.3,No,18,3,Yes,15,Outsideclassroom,No,English,tener,simple-finite,NA,NA
pero la mujer no lo quiere,DE_WR_41_21_3_14_MP,67,12,69_12,2018,Munich,Lower intermediate,3,female,21,fem,PRE,MC,DEF,GI,Y,dp,95.3,No,18,3,Yes,15,Outsideclassroom,No,English,querer,simple-finite,NA,NA
y rechaza el bebé.,DE_WR_41_21_3_14_MP,67,13,69_13,2018,Munich,Lower intermediate,3,female,21,fem,NA,MC,NA,GI,Y,nullsub,95.3,No,18,3,Yes,15,Outsideclassroom,No,English,rechazar,simple-finite,NA,NA
Después Chaplin intenta dejar el bebé,DE_WR_41_21_3_14_MP,67,14,69_14,2018,Munich,Lower intermediate,3,female,21,masc,PRE,MC,DEF,GI,N,dp,95.3,No,18,3,Yes,15,Outsideclassroom,No,English,intentar,infinitive,NA,NA
"donde lo encontró,",DE_WR_41_21_3_14_MP,67,15,69_15,2018,Munich,Lower intermediate,3,female,21,masc,NA,SC,NA,GI,Y,nullsub,95.3,No,18,3,Yes,15,Outsideclassroom,No,English,encontrar,simple-finite,NA,NA
"pero le ve la policia,",DE_WR_41_21_3_14_MP,67,16,69_16,2018,Munich,Lower intermediate,3,female,21,fem,POST,MC,DEF,NE,N,dp,95.3,No,18,3,Yes,15,Outsideclassroom,No,English,ver,simple-finite,NA,NA
asi que se va,DE_WR_41_21_3_14_MP,67,17,69_17,2018,Munich,Lower intermediate,3,female,21,masc,NA,MC,NA,GI,N,nullsub,95.3,No,18,3,Yes,15,Outsideclassroom,No,English,irse,simple-finite,NA,NA
Cuando encuentra otro hombre,DE_WR_41_21_3_14_MP,67,19,69_19,2018,Munich,Lower intermediate,3,female,21,masc,NA,SC,NA,GI,Y,nullsub,95.3,No,18,3,Yes,15,Outsideclassroom,No,English,encontrar,simple-finite,NA,NA
intenta dejar el bebé con el,DE_WR_41_21_3_14_MP,67,20,69_20,2018,Munich,Lower intermediate,3,female,21,masc,NA,MC,NA,GI,Y,nullsub,95.3,No,18,3,Yes,15,Outsideclassroom,No,English,intentar,infinitive,NA,NA
el otro hombre deja el bebé con la misma mujer,DE_WR_41_21_3_14_MP,67,22,69_22,2018,Munich,Lower intermediate,3,female,21,masc,PRE,MC,DEF,GI,N,dp,95.3,No,18,3,Yes,15,Outsideclassroom,No,English,dejar,simple-finite,NA,NA
a la que antes había encontrado Chaplin,DE_WR_41_21_3_14_MP,67,23,69_23,2018,Munich,Lower intermediate,3,female,21,fem,POST,SC,DEF,GI,N,dp,95.3,No,18,3,Yes,15,Outsideclassroom,No,English,encontrar,simple-finite,NA,NA
y que ya tiene un bebé.,DE_WR_41_21_3_14_MP,67,24,69_24,2018,Munich,Lower intermediate,3,female,21,fem,PRE,MC,DEF,GI,N,pron,95.3,No,18,3,Yes,15,Outsideclassroom,No,English,tener,simple-finite,NA,NA
Cuando la mujer se da cuenta de esto,DE_WR_41_21_3_14_MP,67,25,69_25,2018,Munich,Lower intermediate,3,female,21,fem,PRE,SC,DEF,GI,N,dp,95.3,No,18,3,Yes,15,Outsideclassroom,No,English,darse ,periphrasis-lexical,NA,NA
"ve a Chaplin,",DE_WR_41_21_3_14_MP,67,26,69_26,2018,Munich,Lower intermediate,3,female,21,fem,NA,MC,NA,GI,Y,nullsub,95.3,No,18,3,Yes,15,Outsideclassroom,No,English,ver,simple-finite,NA,NA
empieza a lamentar en alta voz,DE_WR_41_21_3_14_MP,67,27,69_27,2018,Munich,Lower intermediate,3,female,21,fem,NA,MC,NA,GI,Y,nullsub,95.3,No,18,3,Yes,15,Outsideclassroom,No,English,lamentar,simple-finite,NA,NA
y la policia se acerca.,DE_WR_41_21_3_14_MP,67,28,69_28,2018,Munich,Lower intermediate,3,female,21,fem,PRE,MC,DEF,GI,N,dp,95.3,No,18,3,Yes,15,Outsideclassroom,No,English,acercarse,simple-finite,NA,NA
"Por eso Chaplin se va con el bebé de nuevo,",DE_WR_41_21_3_14_MP,67,29,69_29,2018,Munich,Lower intermediate,3,female,21,masc,PRE,MC,DEF,GI,N,dp,95.3,No,18,3,Yes,15,Outsideclassroom,No,English,irse,simple-finite,NA,NA
mientras que gente está echando basura,DE_WR_41_21_3_14_MP,67,3,69_3,2018,Munich,Lower intermediate,3,female,21,fem,PRE,SC,INDEF,NE,N,dp,95.3,No,18,3,Yes,15,Outsideclassroom,No,English,echar,periphrasis-gerund,NA,NA
porque no quiere,DE_WR_41_21_3_14_MP,67,30,69_30,2018,Munich,Lower intermediate,3,female,21,masc,NA,SC,NA,GI,Y,nullsub,95.3,No,18,3,Yes,15,Outsideclassroom,No,English,querer,simple-finite,NA,NA
que la policia le eche la bronca.,DE_WR_41_21_3_14_MP,67,31,69_31,2018,Munich,Lower intermediate,3,female,21,fem,PRE,SC,DEF,GI,N,dp,95.3,No,18,3,Yes,15,Outsideclassroom,No,English,echar,simple-finite,NA,NA
Al final se sienta con el,DE_WR_41_21_3_14_MP,67,32,69_32,2018,Munich,Lower intermediate,3,female,21,masc,NA,MC,NA,GI,N,nullsub,95.3,No,18,3,Yes,15,Outsideclassroom,No,English,sentarse,simple-finite,NA,NA
y aparece bastante contento.,DE_WR_41_21_3_14_MP,67,33,69_33,2018,Munich,Lower intermediate,3,female,21,masc,NA,MC,NA,GI,Y,nullsub,95.3,No,18,3,Yes,15,Outsideclassroom,No,English,aparecer,simple-finite,NA,NA
"Le gusta el bebé,",DE_WR_41_21_3_14_MP,67,34,69_34,2018,Munich,Lower intermediate,3,female,21,masc,POST,MC,DEF,GI,N,dp,95.3,No,18,3,Yes,15,Outsideclassroom,No,English,gustar,simple-finite,NA,NA
"empieza a sonreír,",DE_WR_41_21_3_14_MP,67,35,69_35,2018,Munich,Lower intermediate,3,female,21,masc,NA,MC,NA,GI,N,nullsub,95.3,No,18,3,Yes,15,Outsideclassroom,No,English,sonreír,periphrasis-lexical,NA,NA
"y se va con el otra vez,",DE_WR_41_21_3_14_MP,67,36,69_36,2018,Munich,Lower intermediate,3,female,21,masc,NA,MC,NA,GI,Y,nullsub,95.3,No,18,3,Yes,15,Outsideclassroom,No,English,irse,simple-finite,NA,NA
pero sin intentar dejarlo con alguien.,DE_WR_41_21_3_14_MP,67,37,69_37,2018,Munich,Lower intermediate,3,female,21,masc,NA,SC,NA,GI,Y,nullsub,95.3,No,18,3,Yes,15,Outsideclassroom,No,English,intentar,infinitive,NA,NA
que hace sucio Chaplin tambien.,DE_WR_41_21_3_14_MP,67,4,69_4,2018,Munich,Lower intermediate,3,female,21,fem,PRE,SC,DEF,GI,N,pron,95.3,No,18,3,Yes,15,Outsideclassroom,No,English,hacer,simple-finite,NA,NA
Mientras que está lamentando,DE_WR_41_21_3_14_MP,67,5,69_5,2018,Munich,Lower intermediate,3,female,21,masc,NA,SC,NA,GI,N,nullsub,95.3,No,18,3,Yes,15,Outsideclassroom,No,English,lamentar,periphrasis-gerund,NA,NA
se da cuenta de,DE_WR_41_21_3_14_MP,67,6,69_6,2018,Munich,Lower intermediate,3,female,21,masc,NA,MC,NA,GI,Y,nullsub,95.3,No,18,3,Yes,15,Outsideclassroom,No,English,darse ,periphrasis-lexical,NA,NA
lo que alguien dejó su bebé en este patio.,DE_WR_41_21_3_14_MP,67,7,69_7,2018,Munich,Lower intermediate,3,female,21,masc,PRE,SC,INDEF,NE,N,pron,95.3,No,18,3,Yes,15,Outsideclassroom,No,English,dejar,simple-finite,NA,NA
Al principio Chaplin piensa,DE_WR_41_21_3_14_MP,67,8,69_8,2018,Munich,Lower intermediate,3,female,21,masc,PRE,MC,DEF,GI,N,dp,95.3,No,18,3,Yes,15,Outsideclassroom,No,English,pensar,simple-finite,NA,NA
que fue dejado por una mujar,DE_WR_41_21_3_14_MP,67,9,69_9,2018,Munich,Lower intermediate,3,female,21,masc,NA,SC,NA,GI,N,nullsub,95.3,No,18,3,Yes,15,Outsideclassroom,No,English,dejar,passive,NA,NA
Es un video con Charlie Chaplin.,DE_WR_24_34_4_14_SO,68,1,7_1,2018,NA,Upper beginner,2,female,34,masc,POST,MC,INDEF,NE,N,dp,55.8,Yes,30,4,Yes,360,Outsideclassroom,Yes,English,ser,simple-finite,NA,NA
Charlie quiere poner el bebe en su coche con el otro bebe.,DE_WR_24_34_4_14_SO,68,10,7_10,2018,NA,Upper beginner,2,female,34,masc,PRE,MC,DEF,GI,N,dp,55.8,Yes,30,4,Yes,360,Outsideclassroom,Yes,English,poner,modal,NA,NA
Pero la mujer no se gusta,DE_WR_24_34_4_14_SO,68,11,7_11,2018,NA,Upper beginner,2,female,34,fem,NA,MC,NA,GI,N,nullsub,55.8,Yes,30,4,Yes,360,Outsideclassroom,Yes,English,gustar,simple-finite,NA,NA
y Charlie necesita,DE_WR_24_34_4_14_SO,68,12,7_12,2018,NA,Upper beginner,2,female,34,masc,PRE,MC,DEF,GI,N,dp,55.8,Yes,30,4,Yes,360,Outsideclassroom,Yes,English,necesitar,simple-finite,NA,NA
y pone el bebe otra vez.,DE_WR_24_34_4_14_SO,68,13,7_13,2018,NA,Upper beginner,2,female,34,masc,NA,MC,NA,GI,Y,nullsub,55.8,Yes,30,4,Yes,360,Outsideclassroom,Yes,English,poner,simple-finite,NA,NA
"Despues Charlie quiere pone el nino en la calle,",DE_WR_24_34_4_14_SO,68,14,7_14,2018,NA,Upper beginner,2,female,34,masc,PRE,MC,DEF,GI,Y,dp,55.8,Yes,30,4,Yes,360,Outsideclassroom,Yes,English,poner,modal,NA,NA
en este momento la policia esta alla,DE_WR_24_34_4_14_SO,68,15,7_15,2018,NA,Upper beginner,2,female,34,fem,PRE,MC,DEF,GI,N,dp,55.8,Yes,30,4,Yes,360,Outsideclassroom,Yes,English,estar,simple-finite,NA,NA
y el plan esta rompio.,DE_WR_24_34_4_14_SO,68,16,7_16,2018,NA,Upper beginner,2,female,34,masc,PRE,MC,DEF,NE,N,dp,55.8,Yes,30,4,Yes,360,Outsideclassroom,Yes,English,estar,simple-finite,NA,NA
Charlie pone el nino en los brazos de un otro senor en esta calle.,DE_WR_24_34_4_14_SO,68,17,7_17,2018,NA,Upper beginner,2,female,34,masc,PRE,MC,DEF,GI,N,dp,55.8,Yes,30,4,Yes,360,Outsideclassroom,Yes,English,poner,simple-finite,NA,NA
Ello traje el bebe,DE_WR_24_34_4_14_SO,68,18,7_18,2018,NA,Upper beginner,2,female,34,masc,PRE,MC,DEF,GI,Y,pron,55.8,Yes,30,4,Yes,360,Outsideclassroom,Yes,English,traer,simple-finite,NA,NA
y pone el en el coche de las senora.,DE_WR_24_34_4_14_SO,68,19,7_19,2018,NA,Upper beginner,2,female,34,masc,NA,MC,NA,GI,Y,nullsub,55.8,Yes,30,4,Yes,360,Outsideclassroom,Yes,English,poner,simple-finite,NA,NA
El esta caminando,DE_WR_24_34_4_14_SO,68,2,7_2,2018,NA,Upper beginner,2,female,34,masc,PRE,MC,DEF,GI,N,pron,55.8,Yes,30,4,Yes,360,Outsideclassroom,Yes,English,estar,simple-finite,NA,NA
Cuando la senora ve Charlie,DE_WR_24_34_4_14_SO,68,20,7_20,2018,NA,Upper beginner,2,female,34,fem,PRE,MC,DEF,GI,N,dp,55.8,Yes,30,4,Yes,360,Outsideclassroom,Yes,English,ver,simple-finite,NA,NA
pone la bebe en los brazos de ello.,DE_WR_24_34_4_14_SO,68,21,7_21,2018,NA,Upper beginner,2,female,34,masc,NA,MC,NA,GI,Y,nullsub,55.8,Yes,30,4,Yes,360,Outsideclassroom,Yes,English,poner,simple-finite,NA,NA
Charlie se sienta,DE_WR_24_34_4_14_SO,68,22,7_22,2018,NA,Upper beginner,2,female,34,masc,PRE,MC,DEF,GI,N,dp,55.8,Yes,30,4,Yes,360,Outsideclassroom,Yes,English,sentarse,simple-finite,NA,NA
y mire al nino.,DE_WR_24_34_4_14_SO,68,23,7_23,2018,NA,Upper beginner,2,female,34,masc,NA,MC,NA,GI,Y,nullsub,55.8,Yes,30,4,Yes,360,Outsideclassroom,Yes,English,mirar,simple-finite,NA,NA
Hay un papel en la camisa del bebe,DE_WR_24_34_4_14_SO,68,24,7_24,2018,NA,Upper beginner,2,female,34,masc,NA,MC,NA,NE,N,nullsub,55.8,Yes,30,4,Yes,360,Outsideclassroom,Yes,English,haber,simple-finite,NA,NA
que dize:,DE_WR_24_34_4_14_SO,68,25,7_25,2018,NA,Upper beginner,2,female,34,masc,PRE,MC,DEF,NE,Y,pron,55.8,Yes,30,4,Yes,360,Outsideclassroom,Yes,English,decir,simple-finite,NA,NA
"""Necesito amor y abrazos por favor,",DE_WR_24_34_4_14_SO,68,26,7_26,2018,NA,Upper beginner,2,female,34,1st_person,NA,MC,NA,GI,N,nullsub,55.8,Yes,30,4,Yes,360,Outsideclassroom,Yes,English,necesitar,simple-finite,NA,NA
"no tengo madre ni padre!""",DE_WR_24_34_4_14_SO,68,27,7_27,2018,NA,Upper beginner,2,female,34,1st_person,NA,MC,NA,GI,Y,nullsub,55.8,Yes,30,4,Yes,360,Outsideclassroom,Yes,English,tener,simple-finite,NA,NA
cuando piedras estan volando desde la casa.,DE_WR_24_34_4_14_SO,68,3,7_3,2018,NA,Upper beginner,2,female,34,fem,PRE,SC,INDEF,NE,N,dp,55.8,Yes,30,4,Yes,360,Outsideclassroom,Yes,English,volar,periphrasis-gerund,NA,NA
"Cuando mire,",DE_WR_24_34_4_14_SO,68,4,7_4,2018,NA,Upper beginner,2,female,34,masc,NA,SC,NA,GI,N,nullsub,55.8,Yes,30,4,Yes,360,Outsideclassroom,Yes,English,mirar,simple-finite,NA,NA
ve un bebe en la calle que sta solito.,DE_WR_24_34_4_14_SO,68,5,7_5,2018,NA,Upper beginner,2,female,34,masc,NA,MC,NA,GI,Y,nullsub,55.8,Yes,30,4,Yes,360,Outsideclassroom,Yes,English,ver,simple-finite,NA,NA
Charlie pone el nino,DE_WR_24_34_4_14_SO,68,6,7_6,2018,NA,Upper beginner,2,female,34,masc,PRE,MC,DEF,GI,Y,dp,55.8,Yes,30,4,Yes,360,Outsideclassroom,Yes,English,poner,simple-finite,NA,NA
pero no se,DE_WR_24_34_4_14_SO,68,7,7_7,2018,NA,Upper beginner,2,female,34,masc,NA,MC,NA,GI,Y,nullsub,55.8,Yes,30,4,Yes,360,Outsideclassroom,Yes,English,saber,simple-finite,NA,NA
que lo que nesesita.,DE_WR_24_34_4_14_SO,68,8,7_8,2018,NA,Upper beginner,2,female,34,masc,NA,SC,NA,GI,N,nullsub,55.8,Yes,30,4,Yes,360,Outsideclassroom,Yes,English,necesitar,simple-finite,NA,NA
"Cuando una mujer con su nino camina en este calle,",DE_WR_24_34_4_14_SO,68,9,7_9,2018,NA,Upper beginner,2,female,34,fem,PRE,MC,INDEF,NE,N,dp,55.8,Yes,30,4,Yes,360,Outsideclassroom,Yes,English,caminar,simple-finite,NA,NA
Él intenta poner el bebé en su lugar original,DE_WR_41_21_5_14_HB,69,10,70_10,2019,Erlangen,Upper advanced,6,female,21,masc,PRE,MC,DEF,GI,N,pron,95.3,No,16,5,No,10,Insideclassroom,No,English,intentar,infinitive,NA,NA
pero un policía le ve,DE_WR_41_21_5_14_HB,69,11,70_11,2019,Erlangen,Upper advanced,6,female,21,masc,PRE,MC,INDEF,NE,N,dp,95.3,No,16,5,No,10,Insideclassroom,No,English,ver,simple-finite,NA,NA
y por eso levanta al bebé otra vez,DE_WR_41_21_5_14_HB,69,12,70_12,2019,Erlangen,Upper advanced,6,female,21,masc,NA,MC,NA,GI,N,nullsub,95.3,No,16,5,No,10,Insideclassroom,No,English,levantar,simple-finite,NA,NA
y se va.,DE_WR_41_21_5_14_HB,69,13,70_13,2019,Erlangen,Upper advanced,6,female,21,masc,NA,MC,NA,GI,Y,nullsub,95.3,No,16,5,No,10,Insideclassroom,No,English,irse,simple-finite,NA,NA
Ve a un hombre,DE_WR_41_21_5_14_HB,69,14,70_14,2019,Erlangen,Upper advanced,6,female,21,masc,NA,MC,NA,GI,Y,nullsub,95.3,No,16,5,No,10,Insideclassroom,No,English,ver,simple-finite,NA,NA
y decide darle el bebé sin decir algo y salir corriendo.,DE_WR_41_21_5_14_HB,69,15,70_15,2019,Erlangen,Upper advanced,6,female,21,masc,NA,MC,NA,GI,Y,nullsub,95.3,No,16,5,No,10,Insideclassroom,No,English,decidir,infinitive,NA,NA
El hombre está sorprendido,DE_WR_41_21_5_14_HB,69,16,70_16,2019,Erlangen,Upper advanced,6,female,21,masc,PRE,MC,DEF,GI,N,dp,95.3,No,16,5,No,10,Insideclassroom,No,English,estar,simple-finite,NA,NA
y sigue a Charles.,DE_WR_41_21_5_14_HB,69,17,70_17,2019,Erlangen,Upper advanced,6,female,21,masc,NA,MC,NA,GI,Y,nullsub,95.3,No,16,5,No,10,Insideclassroom,No,English,seguir,simple-finite,NA,NA
No puede encontrarle,DE_WR_41_21_5_14_HB,69,18,70_18,2019,Erlangen,Upper advanced,6,female,21,masc,NA,MC,NA,GI,Y,nullsub,95.3,No,16,5,No,10,Insideclassroom,No,English,encontrar,modal,NA,NA
pero ve un cochecito enfrente de una tienda.,DE_WR_41_21_5_14_HB,69,19,70_19,2019,Erlangen,Upper advanced,6,female,21,masc,NA,MC,NA,GI,Y,nullsub,95.3,No,16,5,No,10,Insideclassroom,No,English,ver,simple-finite,NA,NA
En ella encuentra a un bebé en la calle.,DE_WR_41_21_5_14_HB,69,2,70_2,2019,Erlangen,Upper advanced,6,female,21,fem,NA,MC,NA,GI,N,nullsub,95.3,No,16,5,No,10,Insideclassroom,No,English,encontrar,simple-finite,NA,NA
Pone el bebé en él,DE_WR_41_21_5_14_HB,69,20,70_20,2019,Erlangen,Upper advanced,6,female,21,masc,NA,MC,NA,GI,Y,nullsub,95.3,No,16,5,No,10,Insideclassroom,No,English,poner,simple-finite,NA,NA
y corre.,DE_WR_41_21_5_14_HB,69,21,70_21,2019,Erlangen,Upper advanced,6,female,21,masc,NA,MC,NA,GI,Y,nullsub,95.3,No,16,5,No,10,Insideclassroom,No,English,correr,simple-finite,NA,NA
La madre sale de la tienda,DE_WR_41_21_5_14_HB,69,22,70_22,2019,Erlangen,Upper advanced,6,female,21,fem,PRE,MC,DEF,GI,N,dp,95.3,No,16,5,No,10,Insideclassroom,No,English,salir,simple-finite,NA,NA
y ve primero al bebé,DE_WR_41_21_5_14_HB,69,23,70_23,2019,Erlangen,Upper advanced,6,female,21,masc,NA,MC,NA,GI,Y,nullsub,95.3,No,16,5,No,10,Insideclassroom,No,English,ver,simple-finite,NA,NA
que está pasando por la tienda.,DE_WR_41_21_5_14_HB,69,25,70_25,2019,Erlangen,Upper advanced,6,female,21,masc,PRE,SC,DEF,GI,N,pron,95.3,No,16,5,No,10,Insideclassroom,No,English,pasar,periphrasis-gerund,NA,NA
Ella dice otra vez,DE_WR_41_21_5_14_HB,69,26,70_26,2019,Erlangen,Upper advanced,6,female,21,fem,PRE,MC,DEF,GI,N,pron,95.3,No,16,5,No,10,Insideclassroom,No,English,decir,simple-finite,NA,NA
que no es su bebé,DE_WR_41_21_5_14_HB,69,27,70_27,2019,Erlangen,Upper advanced,6,female,21,fem,POST,SC,DEF,GI,N,dp,95.3,No,16,5,No,10,Insideclassroom,No,English,caer,simple-finite,NA,NA
y él le levanta,DE_WR_41_21_5_14_HB,69,28,70_28,2019,Erlangen,Upper advanced,6,female,21,masc,PRE,MC,DEF,GI,N,pron,95.3,No,16,5,No,10,Insideclassroom,No,English,levantar,simple-finite,NA,NA
y se va.,DE_WR_41_21_5_14_HB,69,29,70_29,2019,Erlangen,Upper advanced,6,female,21,masc,NA,MC,NA,GI,Y,nullsub,95.3,No,16,5,No,10,Insideclassroom,No,English,irse,simple-finite,NA,NA
Primero piensa,DE_WR_41_21_5_14_HB,69,3,70_3,2019,Erlangen,Upper advanced,6,female,21,masc,NA,MC,NA,GI,Y,nullsub,95.3,No,16,5,No,10,Insideclassroom,No,English,pensar,simple-finite,NA,NA
Luego encuentra un papel sujetado al bebé,DE_WR_41_21_5_14_HB,69,30,70_30,2019,Erlangen,Upper advanced,6,female,21,masc,NA,MC,NA,GI,Y,nullsub,95.3,No,16,5,No,10,Insideclassroom,No,English,encontrar,simple-finite,NA,NA
que dice,DE_WR_41_21_5_14_HB,69,31,70_31,2019,Erlangen,Upper advanced,6,female,21,masc,PRE,SC,DEF,GI,N,pron,95.3,No,16,5,No,10,Insideclassroom,No,English,decir,simple-finite,NA,NA
Charles sonríe,DE_WR_41_21_5_14_HB,69,33,70_33,2019,Erlangen,Upper advanced,6,female,21,masc,PRE,MC,DEF,GI,N,dp,95.3,No,16,5,No,10,Insideclassroom,No,English,sonreír,simple-finite,NA,NA
y se va junto con el bebé.,DE_WR_41_21_5_14_HB,69,34,70_34,2019,Erlangen,Upper advanced,6,female,21,masc,NA,MC,NA,GI,Y,nullsub,95.3,No,16,5,No,10,Insideclassroom,No,English,irse,simple-finite,NA,NA
"que ha entrado una casa cercana,",DE_WR_41_21_5_14_HB,69,5,70_5,2019,Erlangen,Upper advanced,6,female,21,masc,PRE,SC,DEF,GI,N,pron,95.3,No,16,5,No,10,Insideclassroom,No,English,entrar,simple-finite,NA,NA
la mujer sale del edificio,DE_WR_41_21_5_14_HB,69,7,70_7,2019,Erlangen,Upper advanced,6,female,21,fem,PRE,MC,DEF,GI,N,dp,95.3,No,16,5,No,10,Insideclassroom,No,English,salir,simple-finite,NA,NA
y dice,DE_WR_41_21_5_14_HB,69,8,70_8,2019,Erlangen,Upper advanced,6,female,21,fem,NA,MC,NA,GI,Y,nullsub,95.3,No,16,5,No,10,Insideclassroom,No,English,decir,simple-finite,NA,NA
que no es su bebé.,DE_WR_41_21_5_14_HB,69,9,70_9,2019,Erlangen,Upper advanced,6,female,21,fem,POST,SC,DEF,GI,N,dp,95.3,No,16,5,No,10,Insideclassroom,No,English,ser,simple-finite,NA,NA
Charles Chaplin camina por la calle,DE_WR_41_22_8.5_14_AF,70,1,71_1,2019,Wien,Lower advanced,5,female,22,masc,PRE,MC,DEF,NE,N,dp,95.3,No,13,8.5,Yes,15,Insideclassroom,No,English,caminar,simple-finite,NA,NA
y lo pone en el sitio,DE_WR_41_22_8.5_14_AF,70,10,71_10,2019,Wien,Lower advanced,5,female,22,masc,NA,MC,NA,GI,Y,nullsub,95.3,No,13,8.5,Yes,15,Insideclassroom,No,English,poner,simple-finite,NA,NA
donde lo he encontrado.,DE_WR_41_22_8.5_14_AF,70,11,71_11,2019,Wien,Lower advanced,5,female,22,masc,NA,SC,NA,GI,Y,nullsub,95.3,No,13,8.5,Yes,15,Insideclassroom,No,English,encontrar,simple-finite,NA,NA
Cuando se da la vuelta al bebé,DE_WR_41_22_8.5_14_AF,70,12,71_12,2019,Wien,Lower advanced,5,female,22,masc,NA,SC,NA,GI,Y,nullsub,95.3,No,13,8.5,Yes,15,Insideclassroom,No,English,darse ,periphrasis-lexical,NA,NA
encuentra con un policia,DE_WR_41_22_8.5_14_AF,70,13,71_13,2019,Wien,Lower advanced,5,female,22,masc,NA,MC,NA,GI,Y,nullsub,95.3,No,13,8.5,Yes,15,Insideclassroom,No,English,encontrar,simple-finite,NA,NA
"y por eso coge el bebé otra vez,",DE_WR_41_22_8.5_14_AF,70,14,71_14,2019,Wien,Lower advanced,5,female,22,masc,NA,MC,NA,GI,Y,nullsub,95.3,No,13,8.5,Yes,15,Insideclassroom,No,English,coger,simple-finite,NA,NA
para que no parezca como un criminal.,DE_WR_41_22_8.5_14_AF,70,15,71_15,2019,Wien,Lower advanced,5,female,22,masc,NA,SC,NA,GI,Y,nullsub,95.3,No,13,8.5,Yes,15,Insideclassroom,No,English,parecer,simple-finite,NA,NA
Recoge el bebé de nuevo,DE_WR_41_22_8.5_14_AF,70,16,71_16,2019,Wien,Lower advanced,5,female,22,masc,NA,MC,NA,GI,Y,nullsub,95.3,No,13,8.5,Yes,15,Insideclassroom,No,English,recoger,simple-finite,NA,NA
y lo da a un hombre,DE_WR_41_22_8.5_14_AF,70,17,71_17,2019,Wien,Lower advanced,5,female,22,masc,NA,MC,NA,GI,Y,nullsub,95.3,No,13,8.5,Yes,15,Insideclassroom,No,English,dar,simple-finite,NA,NA
El hombre de la calle pone el bebé en el cochecito de la madre de antes.,DE_WR_41_22_8.5_14_AF,70,19,71_19,2019,Wien,Lower advanced,5,female,22,masc,PRE,MC,DEF,GI,Y,dp,95.3,No,13,8.5,Yes,15,Insideclassroom,No,English,poner,simple-finite,NA,NA
cuando se caen escombros de construcción.,DE_WR_41_22_8.5_14_AF,70,2,71_2,2019,Wien,Lower advanced,5,female,22,masc,POST,SC,INDEF,NE,N,dp,95.3,No,13,8.5,Yes,15,Insideclassroom,No,English,caer,simple-finite,NA,NA
"Cuando Charles Chaplin pasa por el cochecito la madre,",DE_WR_41_22_8.5_14_AF,70,20,71_20,2019,Wien,Lower advanced,5,female,22,masc,PRE,SC,DEF,GI,N,dp,95.3,No,13,8.5,Yes,15,Insideclassroom,No,English,pasar,simple-finite,NA,NA
ella piensa,DE_WR_41_22_8.5_14_AF,70,21,71_21,2019,Wien,Lower advanced,5,female,22,fem,PRE,MC,DEF,GI,N,pron,95.3,No,13,8.5,Yes,15,Insideclassroom,No,English,pensar,simple-finite,NA,NA
que ha sido él,DE_WR_41_22_8.5_14_AF,70,22,71_22,2019,Wien,Lower advanced,5,female,22,masc,POST,SC,DEF,GI,N,pron,95.3,No,13,8.5,Yes,15,Insideclassroom,No,English,ser,simple-finite,NA,NA
que ha puesto el bebé allí otra vez.,DE_WR_41_22_8.5_14_AF,70,23,71_23,2019,Wien,Lower advanced,5,female,22,masc,PRE,SC,DEF,GI,Y,pron,95.3,No,13,8.5,Yes,15,Insideclassroom,No,English,poner,simple-finite,NA,NA
Lo pega con su paraguas,DE_WR_41_22_8.5_14_AF,70,24,71_24,2019,Wien,Lower advanced,5,female,22,fem,NA,MC,NA,GI,N,nullsub,95.3,No,13,8.5,Yes,15,Insideclassroom,No,English,pegar,simple-finite,NA,NA
y Charles Chaplin recoge el bebé.,DE_WR_41_22_8.5_14_AF,70,25,71_25,2019,Wien,Lower advanced,5,female,22,masc,PRE,MC,DEF,GI,N,dp,95.3,No,13,8.5,Yes,15,Insideclassroom,No,English,recoger,simple-finite,NA,NA
Mientras que se sienta con el bebé,DE_WR_41_22_8.5_14_AF,70,26,71_26,2019,Wien,Lower advanced,5,female,22,masc,NA,SC,NA,GI,Y,nullsub,95.3,No,13,8.5,Yes,15,Insideclassroom,No,English,sentarse,simple-finite,NA,NA
encuentra una hoja,DE_WR_41_22_8.5_14_AF,70,27,71_27,2019,Wien,Lower advanced,5,female,22,masc,NA,MC,NA,GI,Y,nullsub,95.3,No,13,8.5,Yes,15,Insideclassroom,No,English,encontrar,simple-finite,NA,NA
que por favor alguien debe cuidarse del bebé.,DE_WR_41_22_8.5_14_AF,70,29,71_29,2019,Wien,Lower advanced,5,female,22,unknown,PRE,SC,INDEF,NE,N,pron,95.3,No,13,8.5,Yes,15,Insideclassroom,No,English,cuidarse,modal,NA,NA
De repente ve un pequeño bebé.,DE_WR_41_22_8.5_14_AF,70,3,71_3,2019,Wien,Lower advanced,5,female,22,masc,NA,MC,NA,GI,N,nullsub,95.3,No,13,8.5,Yes,15,Insideclassroom,No,English,ver,simple-finite,NA,NA
Lo coge,DE_WR_41_22_8.5_14_AF,70,4,71_4,2019,Wien,Lower advanced,5,female,22,masc,NA,MC,NA,GI,Y,nullsub,95.3,No,13,8.5,Yes,15,Insideclassroom,No,English,coger,simple-finite,NA,NA
y quiere ponerlo en un sitio seguro.,DE_WR_41_22_8.5_14_AF,70,5,71_5,2019,Wien,Lower advanced,5,female,22,masc,NA,MC,NA,GI,Y,nullsub,95.3,No,13,8.5,Yes,15,Insideclassroom,No,English,poner,modal,NA,NA
Por eso lo pone en un cochecito con otro bebé.,DE_WR_41_22_8.5_14_AF,70,6,71_6,2019,Wien,Lower advanced,5,female,22,masc,NA,MC,NA,GI,Y,nullsub,95.3,No,13,8.5,Yes,15,Insideclassroom,No,English,poner,simple-finite,NA,NA
Cuando la madre del otro bebé vuelve de la tienda,DE_WR_41_22_8.5_14_AF,70,7,71_7,2019,Wien,Lower advanced,5,female,22,fem,PRE,SC,DEF,NE,N,dp,95.3,No,13,8.5,Yes,15,Insideclassroom,No,English,volver,simple-finite,NA,NA
grita a Charles Chaplin.,DE_WR_41_22_8.5_14_AF,70,8,71_8,2019,Wien,Lower advanced,5,female,22,fem,NA,MC,NA,GI,Y,nullsub,95.3,No,13,8.5,Yes,15,Insideclassroom,No,English,gritar,simple-finite,NA,NA
Él coge el bebé,DE_WR_41_22_8.5_14_AF,70,9,71_9,2019,Wien,Lower advanced,5,female,22,masc,PRE,MC,DEF,GI,N,pron,95.3,No,13,8.5,Yes,15,Insideclassroom,No,English,coger,simple-finite,NA,NA
"Un día un hombre elegante, concretamente Charles Chaplin, anduvo por las calles,",DE_WR_41_23_5_14_PN,71,1,72_1,2018,Kiel,Upper intermediate,4,female,23,masc,PRE,MC,DEF,NE,N,dp,95.3,No,17,5,Yes,16,Outsideclassroom,No,English,andar,simple-finite,NA,NA
Charles Chaplin puso el bebé en el carro de la mujer,DE_WR_41_23_5_14_PN,71,10,72_10,2018,Kiel,Upper intermediate,4,female,23,masc,PRE,MC,DEF,GI,N,dp,95.3,No,17,5,Yes,16,Outsideclassroom,No,English,poner,simple-finite,NA,NA
y la dijo en un inglés muy educado:,DE_WR_41_23_5_14_PN,71,11,72_11,2018,Kiel,Upper intermediate,4,female,23,masc,NA,MC,NA,GI,Y,nullsub,95.3,No,17,5,Yes,16,Outsideclassroom,No,English,decir,simple-finite,NA,NA
Elle se enfadó,DE_WR_41_23_5_14_PN,71,13,72_13,2018,Kiel,Upper intermediate,4,female,23,fem,PRE,MC,DEF,GI,N,pron,95.3,No,17,5,Yes,16,Outsideclassroom,No,English,enfadarse,simple-finite,NA,NA
y negó,DE_WR_41_23_5_14_PN,71,14,72_14,2018,Kiel,Upper intermediate,4,female,23,fem,NA,MC,NA,GI,Y,nullsub,95.3,No,17,5,Yes,16,Outsideclassroom,No,English,negar,simple-finite,NA,NA
que el bebé no sea el suyo.,DE_WR_41_23_5_14_PN,71,15,72_15,2018,Kiel,Upper intermediate,4,female,23,masc,PRE,SC,DEF,GI,N,dp,95.3,No,17,5,Yes,16,Outsideclassroom,No,English,ser,simple-finite,NA,NA
Por eso Charles quería devolver el bebé exactamente,DE_WR_41_23_5_14_PN,71,16,72_16,2018,Kiel,Upper intermediate,4,female,23,masc,PRE,MC,DEF,GI,N,dp,95.3,No,17,5,Yes,16,Outsideclassroom,No,English,devolver,modal,NA,NA
donde lo había encontrado antes.,DE_WR_41_23_5_14_PN,71,17,72_17,2018,Kiel,Upper intermediate,4,female,23,masc,NA,SC,NA,GI,Y,nullsub,95.3,No,17,5,Yes,16,Outsideclassroom,No,English,encontrar,simple-finite,NA,NA
Desgraciadamente vino un hombre de la policía en el momento,DE_WR_41_23_5_14_PN,71,18,72_18,2018,Kiel,Upper intermediate,4,female,23,masc,POST,MC,INDEF,NE,N,dp,95.3,No,17,5,Yes,16,Outsideclassroom,No,English,venir,simple-finite,NA,NA
"en que Charles estaba poniendo el bebé al suelo,",DE_WR_41_23_5_14_PN,71,19,72_19,2018,Kiel,Upper intermediate,4,female,23,masc,PRE,SC,DEF,GI,N,dp,95.3,No,17,5,Yes,16,Outsideclassroom,No,English,poner,periphrasis-gerund,NA,NA
se encendió un cigarrillo,DE_WR_41_23_5_14_PN,71,2,72_2,2018,Kiel,Upper intermediate,4,female,23,masc,NA,MC,NA,GI,Y,nullsub,95.3,No,17,5,Yes,16,Outsideclassroom,No,English,encender,simple-finite,NA,NA
cuando él se giró casi se topó con este hombre,DE_WR_41_23_5_14_PN,71,20,72_20,2018,Kiel,Upper intermediate,4,female,23,masc,PRE,SC,DEF,GI,Y,pron,95.3,No,17,5,Yes,16,Outsideclassroom,No,English,girarse,simple-finite,NA,NA
y reconoció,DE_WR_41_23_5_14_PN,71,21,72_21,2018,Kiel,Upper intermediate,4,female,23,masc,NA,MC,NA,GI,Y,nullsub,95.3,No,17,5,Yes,16,Outsideclassroom,No,English,reconocer,simple-finite,NA,NA
que no debería dejar el bebé solo.,DE_WR_41_23_5_14_PN,71,22,72_22,2018,Kiel,Upper intermediate,4,female,23,masc,NA,SC,NA,GI,Y,nullsub,95.3,No,17,5,Yes,16,Outsideclassroom,No,English,dejar,modal,NA,NA
De esta manera recogió al bebé otra vez,DE_WR_41_23_5_14_PN,71,23,72_23,2018,Kiel,Upper intermediate,4,female,23,masc,NA,MC,NA,GI,Y,nullsub,95.3,No,17,5,Yes,16,Outsideclassroom,No,English,recoger,simple-finite,NA,NA
"y siguió andando por las calles con la intención de encontrar algún sitio,",DE_WR_41_23_5_14_PN,71,24,72_24,2018,Kiel,Upper intermediate,4,female,23,masc,NA,MC,NA,GI,Y,nullsub,95.3,No,17,5,Yes,16,Outsideclassroom,No,English,andar,periphrasis-gerund,NA,NA
Unos segundos más tarde encontró a un hombre,DE_WR_41_23_5_14_PN,71,26,72_26,2018,Kiel,Upper intermediate,4,female,23,masc,NA,MC,NA,GI,Y,nullsub,95.3,No,17,5,Yes,16,Outsideclassroom,No,English,encontrar,simple-finite,NA,NA
"que anduvo lentamente,",DE_WR_41_23_5_14_PN,71,27,72_27,2018,Kiel,Upper intermediate,4,female,23,masc,PRE,SC,DEF,GI,N,pron,95.3,No,17,5,Yes,16,Outsideclassroom,No,English,andar,simple-finite,NA,NA
Charles pretendió,DE_WR_41_23_5_14_PN,71,28,72_28,2018,Kiel,Upper intermediate,4,female,23,masc,PRE,MC,DEF,GI,N,dp,95.3,No,17,5,Yes,16,Outsideclassroom,No,English,pretender,simple-finite,NA,NA
que tuviera problemas con sus zapatos,DE_WR_41_23_5_14_PN,71,29,72_29,2018,Kiel,Upper intermediate,4,female,23,masc,NA,SC,NA,GI,Y,nullsub,95.3,No,17,5,Yes,16,Outsideclassroom,No,English,tener,simple-finite,NA,NA
y de repente encontró a un bebé,DE_WR_41_23_5_14_PN,71,3,72_3,2018,Kiel,Upper intermediate,4,female,23,masc,NA,MC,NA,GI,Y,nullsub,95.3,No,17,5,Yes,16,Outsideclassroom,No,English,encontrar,simple-finite,NA,NA
y preguntó a este hombre,DE_WR_41_23_5_14_PN,71,30,72_30,2018,Kiel,Upper intermediate,4,female,23,masc,NA,MC,NA,GI,Y,nullsub,95.3,No,17,5,Yes,16,Outsideclassroom,No,English,preguntar,simple-finite,NA,NA
si él pudiera coger al bebé por un breve momento.,DE_WR_41_23_5_14_PN,71,31,72_31,2018,Kiel,Upper intermediate,4,female,23,masc,PRE,SC,DEF,GI,N,dp,95.3,No,17,5,Yes,16,Outsideclassroom,No,English,coger,modal,NA,NA
"Justamente en el momento cuando el bebé estaba en las manos de este hombre,",DE_WR_41_23_5_14_PN,71,32,72_32,2018,Kiel,Upper intermediate,4,female,23,masc,PRE,SC,DEF,GI,N,dp,95.3,No,17,5,Yes,16,Outsideclassroom,No,English,estar,simple-finite,NA,NA
Charles se estiró,DE_WR_41_23_5_14_PN,71,33,72_33,2018,Kiel,Upper intermediate,4,female,23,masc,PRE,MC,DEF,GI,N,dp,95.3,No,17,5,Yes,16,Outsideclassroom,No,English,estirar,simple-finite,NA,NA
y empezó de correr a otro sitio para esconderse.,DE_WR_41_23_5_14_PN,71,34,72_34,2018,Kiel,Upper intermediate,4,female,23,masc,NA,MC,NA,GI,Y,nullsub,95.3,No,17,5,Yes,16,Outsideclassroom,No,English,correr,periphrasis-lexical,NA,NA
En el mismo tiempo el hombre lento encontró el carro de la mujer,DE_WR_41_23_5_14_PN,71,35,72_35,2018,Kiel,Upper intermediate,4,female,23,masc,PRE,MC,DEF,GI,N,dp,95.3,No,17,5,Yes,16,Outsideclassroom,No,English,encontrar,simple-finite,NA,NA
y entonces se deshizo del bebé.,DE_WR_41_23_5_14_PN,71,36,72_36,2018,Kiel,Upper intermediate,4,female,23,masc,NA,MC,NA,GI,Y,nullsub,95.3,No,17,5,Yes,16,Outsideclassroom,No,English,deshacerse,simple-finite,NA,NA
Un rato más tarde Charles salió de su escondite,DE_WR_41_23_5_14_PN,71,37,72_37,2018,Kiel,Upper intermediate,4,female,23,masc,PRE,MC,DEF,GI,N,dp,95.3,No,17,5,Yes,16,Outsideclassroom,No,English,salir,simple-finite,NA,NA
"y, otra vez, casi se topó con el hombre de la policía.",DE_WR_41_23_5_14_PN,71,38,72_38,2018,Kiel,Upper intermediate,4,female,23,masc,NA,MC,NA,GI,Y,nullsub,95.3,No,17,5,Yes,16,Outsideclassroom,No,English,toparse,simple-finite,NA,NA
Charles anduvo rápidamente en alguna dirección,DE_WR_41_23_5_14_PN,71,39,72_39,2018,Kiel,Upper intermediate,4,female,23,masc,PRE,MC,DEF,GI,Y,dp,95.3,No,17,5,Yes,16,Outsideclassroom,No,English,andar,simple-finite,NA,NA
que estaba al suelo gritando.,DE_WR_41_23_5_14_PN,71,4,72_4,2018,Kiel,Upper intermediate,4,female,23,masc,PRE,SC,DEF,GI,N,pron,95.3,No,17,5,Yes,16,Outsideclassroom,No,English,estar,periphrasis-gerund,NA,NA
"y su camino se cruzaba con la mujer con el carro,",DE_WR_41_23_5_14_PN,71,40,72_40,2018,Kiel,Upper intermediate,4,female,23,masc,PRE,MC,DEF,NE,N,dp,95.3,No,17,5,Yes,16,Outsideclassroom,No,English,cruzar,simple-finite,NA,NA
"cuando le vio,",DE_WR_41_23_5_14_PN,71,41,72_41,2018,Kiel,Upper intermediate,4,female,23,fem,NA,SC,NA,GI,N,nullsub,95.3,No,17,5,Yes,16,Outsideclassroom,No,English,ver,simple-finite,NA,NA
le golpeó muchas veces con sus paraguas,DE_WR_41_23_5_14_PN,71,42,72_42,2018,Kiel,Upper intermediate,4,female,23,fem,NA,MC,NA,GI,Y,nullsub,95.3,No,17,5,Yes,16,Outsideclassroom,No,English,golpear,simple-finite,NA,NA
y Charles se veía otra vez con el bebé en las manos.,DE_WR_41_23_5_14_PN,71,43,72_43,2018,Kiel,Upper intermediate,4,female,23,masc,PRE,MC,DEF,GI,N,dp,95.3,No,17,5,Yes,16,Outsideclassroom,No,English,ver,simple-finite,NA,NA
"estaba pensando en ponerlo en la canalización,",DE_WR_41_23_5_14_PN,71,45,72_45,2018,Kiel,Upper intermediate,4,female,23,masc,NA,MC,NA,GI,Y,nullsub,95.3,No,17,5,Yes,16,Outsideclassroom,No,English,pensar,periphrasis-gerund,NA,NA
pero cuando el encontró una carta,DE_WR_41_23_5_14_PN,71,46,72_46,2018,Kiel,Upper intermediate,4,female,23,masc,PRE,SC,DEF,GI,Y,pron,95.3,No,17,5,Yes,16,Outsideclassroom,No,English,encontrar,simple-finite,NA,NA
"él empezó de sonreír,",DE_WR_41_23_5_14_PN,71,49,72_49,2018,Kiel,Upper intermediate,4,female,23,masc,PRE,MC,DEF,GI,N,pron,95.3,No,17,5,Yes,16,Outsideclassroom,No,English,empezar,simple-finite,NA,NA
Él miró hacia arriba  para ver,DE_WR_41_23_5_14_PN,71,5,72_5,2018,Kiel,Upper intermediate,4,female,23,masc,PRE,MC,DEF,GI,N,pron,95.3,No,17,5,Yes,16,Outsideclassroom,No,English,mirar,simple-finite,NA,NA
se quedó con el bebé,DE_WR_41_23_5_14_PN,71,50,72_50,2018,Kiel,Upper intermediate,4,female,23,masc,NA,MC,NA,GI,Y,nullsub,95.3,No,17,5,Yes,16,Outsideclassroom,No,English,quedarse,simple-finite,NA,NA
y se marchó.,DE_WR_41_23_5_14_PN,71,51,72_51,2018,Kiel,Upper intermediate,4,female,23,masc,NA,MC,NA,GI,Y,nullsub,95.3,No,17,5,Yes,16,Outsideclassroom,No,English,marcharse,simple-finite,NA,NA
"de dónde había venido,",DE_WR_41_23_5_14_PN,71,6,72_6,2018,Kiel,Upper intermediate,4,female,23,masc,NA,SC,NA,GI,N,nullsub,95.3,No,17,5,Yes,16,Outsideclassroom,No,English,venir,simple-finite,NA,NA
entonces cogió a este bebe,DE_WR_41_23_5_14_PN,71,7,72_7,2018,Kiel,Upper intermediate,4,female,23,masc,NA,MC,NA,GI,N,nullsub,95.3,No,17,5,Yes,16,Outsideclassroom,No,English,coger,simple-finite,NA,NA
y la vio a una mujer con un carro con un bebé dentro.,DE_WR_41_23_5_14_PN,71,8,72_8,2018,Kiel,Upper intermediate,4,female,23,masc,NA,MC,NA,GI,Y,nullsub,95.3,No,17,5,Yes,16,Outsideclassroom,No,English,ver,simple-finite,NA,NA
"Cuando la mujer entraba en una casa,",DE_WR_41_23_5_14_PN,71,9,72_9,2018,Kiel,Upper intermediate,4,female,23,fem,PRE,SC,DEF,GI,N,dp,95.3,No,17,5,Yes,16,Outsideclassroom,No,English,entrar,simple-finite,NA,NA
En el vídeo el hombre Charles Chaplin sale de una casa,DE_WR_41_23_7_14_ML,72,1,73_1,2018,Bamberg,Upper advanced,6,female,23,masc,PRE,MC,DEF,NE,N,dp,95.3,No,16,7,Yes,5,Outsideclassroom,No,English,salir,simple-finite,NA,NA
Lo toma en sus brazos,DE_WR_41_23_7_14_ML,72,10,73_10,2018,Bamberg,Upper advanced,6,female,23,masc,NA,MC,NA,GI,N,nullsub,95.3,No,16,7,Yes,5,Outsideclassroom,No,English,tomar,simple-finite,NA,NA
pero no sabe,DE_WR_41_23_7_14_ML,72,11,73_11,2018,Bamberg,Upper advanced,6,female,23,masc,NA,MC,NA,GI,Y,nullsub,95.3,No,16,7,Yes,5,Outsideclassroom,No,English,saber,simple-finite,NA,NA
Ve a una mujer,DE_WR_41_23_7_14_ML,72,13,73_13,2018,Bamberg,Upper advanced,6,female,23,masc,NA,MC,NA,GI,Y,nullsub,95.3,No,16,7,Yes,5,Outsideclassroom,No,English,ver,simple-finite,NA,NA
que ya tiene un bebé,DE_WR_41_23_7_14_ML,72,14,73_14,2018,Bamberg,Upper advanced,6,female,23,fem,PRE,SC,DEF,GI,N,pron,95.3,No,16,7,Yes,5,Outsideclassroom,No,English,tener,simple-finite,NA,NA
e intenta poner el bebé […],DE_WR_41_23_7_14_ML,72,15,73_15,2018,Bamberg,Upper advanced,6,female,23,masc,NA,MC,NA,GI,N,nullsub,95.3,No,16,7,Yes,5,Outsideclassroom,No,English,intentar,infinitive,NA,NA
que encontró al lado del bebé de la mujer,DE_WR_41_23_7_14_ML,72,16,73_16,2018,Bamberg,Upper advanced,6,female,23,masc,NA,SC,NA,GI,Y,nullsub,95.3,No,16,7,Yes,5,Outsideclassroom,No,English,encontrar,simple-finite,NA,NA
pero se enoja,DE_WR_41_23_7_14_ML,72,17,73_17,2018,Bamberg,Upper advanced,6,female,23,fem,NA,MC,NA,GI,N,nullsub,95.3,No,16,7,Yes,5,Outsideclassroom,No,English,enojarse,simple-finite,NA,NA
porque piensa,DE_WR_41_23_7_14_ML,72,18,73_18,2018,Bamberg,Upper advanced,6,female,23,fem,NA,SC,NA,GI,Y,nullsub,95.3,No,16,7,Yes,5,Outsideclassroom,No,English,pensar,simple-finite,NA,NA
que el es el padre.,DE_WR_41_23_7_14_ML,72,19,73_19,2018,Bamberg,Upper advanced,6,female,23,masc,PRE,SC,DEF,NE,N,pron,95.3,No,16,7,Yes,5,Outsideclassroom,No,English,ser,simple-finite,NA,NA
en la que alguien de arriba tira cosas por la ventana afuera.,DE_WR_41_23_7_14_ML,72,2,73_2,2018,Bamberg,Upper advanced,6,female,23,unknown,PRE,SC,INDEF,NE,N,pron,95.3,No,16,7,Yes,5,Outsideclassroom,No,English,tirar,simple-finite,NA,NA
Cuando entonces quiere acostar el bebé en el suelo,DE_WR_41_23_7_14_ML,72,20,73_20,2018,Bamberg,Upper advanced,6,female,23,masc,NA,SC,NA,GI,Y,nullsub,95.3,No,16,7,Yes,5,Outsideclassroom,No,English,acostar,modal,NA,NA
donde lo encontró,DE_WR_41_23_7_14_ML,72,21,73_21,2018,Bamberg,Upper advanced,6,female,23,masc,NA,SC,NA,GI,Y,nullsub,95.3,No,16,7,Yes,5,Outsideclassroom,No,English,encontrar,simple-finite,NA,NA
viene un policía,DE_WR_41_23_7_14_ML,72,22,73_22,2018,Bamberg,Upper advanced,6,female,23,masc,POST,MC,INDEF,NE,N,dp,95.3,No,16,7,Yes,5,Outsideclassroom,No,English,venir,simple-finite,NA,NA
y Chaplin lo toma de nuevo al bebé.,DE_WR_41_23_7_14_ML,72,23,73_23,2018,Bamberg,Upper advanced,6,female,23,masc,PRE,MC,DEF,GI,N,dp,95.3,No,16,7,Yes,5,Outsideclassroom,No,English,tomar,simple-finite,NA,NA
Un anciano después también ve a la mujer,DE_WR_41_23_7_14_ML,72,24,73_24,2018,Bamberg,Upper advanced,6,female,23,masc,PRE,MC,INDEF,NE,N,dp,95.3,No,16,7,Yes,5,Outsideclassroom,No,English,ver,simple-finite,NA,NA
al que Chaplin dio el bebé,DE_WR_41_23_7_14_ML,72,25,73_25,2018,Bamberg,Upper advanced,6,female,23,masc,PRE,SC,DEF,GI,N,dp,95.3,No,16,7,Yes,5,Outsideclassroom,No,English,dar,simple-finite,NA,NA
y pone el bebé en su carrillo al lado del otro bebé,DE_WR_41_23_7_14_ML,72,26,73_26,2018,Bamberg,Upper advanced,6,female,23,masc,NA,MC,NA,GI,N,nullsub,95.3,No,16,7,Yes,5,Outsideclassroom,No,English,poner,simple-finite,NA,NA
sin que elle se de cuenta.,DE_WR_41_23_7_14_ML,72,27,73_27,2018,Bamberg,Upper advanced,6,female,23,fem,PRE,SC,DEF,GI,N,pron,95.3,No,16,7,Yes,5,Outsideclassroom,No,English,darse ,periphrasis-lexical,NA,NA
Pero cuando ella se da cuenta,DE_WR_41_23_7_14_ML,72,28,73_28,2018,Bamberg,Upper advanced,6,female,23,fem,PRE,SC,DEF,GI,N,pron,95.3,No,16,7,Yes,5,Outsideclassroom,No,English,darse ,periphrasis-lexical,NA,NA
y ve a Chaplin,DE_WR_41_23_7_14_ML,72,29,73_29,2018,Bamberg,Upper advanced,6,female,23,fem,NA,MC,NA,GI,Y,nullsub,95.3,No,16,7,Yes,5,Outsideclassroom,No,English,ver,simple-finite,NA,NA
Chaplin se enoja,DE_WR_41_23_7_14_ML,72,3,73_3,2018,Bamberg,Upper advanced,6,female,23,masc,PRE,MC,DEF,GI,N,dp,95.3,No,16,7,Yes,5,Outsideclassroom,No,English,enojar,simple-finite,NA,NA
lo pega,DE_WR_41_23_7_14_ML,72,31,73_31,2018,Bamberg,Upper advanced,6,female,23,fem,NA,MC,NA,GI,N,nullsub,95.3,No,16,7,Yes,5,Outsideclassroom,No,English,pegar,simple-finite,NA,NA
y viene la policía,DE_WR_41_23_7_14_ML,72,32,73_32,2018,Bamberg,Upper advanced,6,female,23,fem,POST,MC,DEF,GI,N,dp,95.3,No,16,7,Yes,5,Outsideclassroom,No,English,venir,simple-finite,NA,NA
que causa,DE_WR_41_23_7_14_ML,72,33,73_33,2018,Bamberg,Upper advanced,6,female,23,fem,PRE,SC,DEF,GI,Y,pron,95.3,No,16,7,Yes,5,Outsideclassroom,No,English,causar,simple-finite,NA,NA
que Chaplin de nuevo toma el bebé,DE_WR_41_23_7_14_ML,72,34,73_34,2018,Bamberg,Upper advanced,6,female,23,masc,PRE,SC,DEF,GI,N,dp,95.3,No,16,7,Yes,5,Outsideclassroom,No,English,tomar,simple-finite,NA,NA
y se va.,DE_WR_41_23_7_14_ML,72,35,73_35,2018,Bamberg,Upper advanced,6,female,23,masc,NA,MC,NA,GI,Y,nullsub,95.3,No,16,7,Yes,5,Outsideclassroom,No,English,irse,simple-finite,NA,NA
Se siente en la calle con el bebé,DE_WR_41_23_7_14_ML,72,36,73_36,2018,Bamberg,Upper advanced,6,female,23,masc,NA,MC,NA,GI,Y,nullsub,95.3,No,16,7,Yes,5,Outsideclassroom,No,English,sentarse,simple-finite,NA,NA
y encuentra un papel en su ropa,DE_WR_41_23_7_14_ML,72,37,73_37,2018,Bamberg,Upper advanced,6,female,23,masc,NA,MC,NA,GI,Y,nullsub,95.3,No,16,7,Yes,5,Outsideclassroom,No,English,encontrar,simple-finite,NA,NA
que alguien ame y cuide a ese bebé huérfano.,DE_WR_41_23_7_14_ML,72,39,73_39,2018,Bamberg,Upper advanced,6,female,23,unknown,PRE,SC,INDEF,NE,N,pron,95.3,No,16,7,Yes,5,Outsideclassroom,No,English,amar,simple-finite,NA,NA
porque casi le pegó una planta,DE_WR_41_23_7_14_ML,72,4,73_4,2018,Bamberg,Upper advanced,6,female,23,masc,NA,SC,NA,NE,N,nullsub,95.3,No,16,7,Yes,5,Outsideclassroom,No,English,pegar,simple-finite,NA,NA
En este momento la música se pone más alegre,DE_WR_41_23_7_14_ML,72,40,73_40,2018,Bamberg,Upper advanced,6,female,23,masc,PRE,MC,DEF,NE,N,dp,95.3,No,16,7,Yes,5,Outsideclassroom,No,English,ponerse,simple-finite,NA,NA
y Chaplin por primera vez mira con cariño al bebé,DE_WR_41_23_7_14_ML,72,41,73_41,2018,Bamberg,Upper advanced,6,female,23,masc,PRE,MC,DEF,GI,N,dp,95.3,No,16,7,Yes,5,Outsideclassroom,No,English,mirar,simple-finite,NA,NA
que ahora lo acepta,DE_WR_41_23_7_14_ML,72,44,73_44,2018,Bamberg,Upper advanced,6,female,23,masc,NA,SC,NA,GI,Y,nullsub,95.3,No,16,7,Yes,5,Outsideclassroom,No,English,aceptar,simple-finite,NA,NA
y quiere cuidar por el,DE_WR_41_23_7_14_ML,72,45,73_45,2018,Bamberg,Upper advanced,6,female,23,masc,NA,MC,NA,GI,Y,nullsub,95.3,No,16,7,Yes,5,Outsideclassroom,No,English,cuidar,modal,NA,NA
que tiraron afuera.,DE_WR_41_23_7_14_ML,72,5,73_5,2018,Bamberg,Upper advanced,6,female,23,unknown,PRE,SC,DEF,NE,N,pron,95.3,No,16,7,Yes,5,Outsideclassroom,No,English,tirar,simple-finite,NA,NA
Se pega un cigarrillo,DE_WR_41_23_7_14_ML,72,6,73_6,2018,Bamberg,Upper advanced,6,female,23,masc,NA,MC,NA,GI,N,nullsub,95.3,No,16,7,Yes,5,Outsideclassroom,No,English,pegar,simple-finite,NA,NA
y mientras está fumando,DE_WR_41_23_7_14_ML,72,7,73_7,2018,Bamberg,Upper advanced,6,female,23,masc,NA,SC,NA,GI,Y,nullsub,95.3,No,16,7,Yes,5,Outsideclassroom,No,English,fumar,periphrasis-gerund,NA,NA
ve a un bebé llorando.,DE_WR_41_23_7_14_ML,72,8,73_8,2018,Bamberg,Upper advanced,6,female,23,masc,NA,MC,NA,GI,Y,nullsub,95.3,No,16,7,Yes,5,Outsideclassroom,No,English,ver,simple-finite,NA,NA
Ese bebé está acostado en el suelo de la calle al lado de la pared de la casa.,DE_WR_41_23_7_14_ML,72,9,73_9,2018,Bamberg,Upper advanced,6,female,23,masc,PRE,MC,DEF,GI,N,dp,95.3,No,16,7,Yes,5,Outsideclassroom,No,English,estar,simple-finite,NA,NA
"En la pelicula ""the kid"" Charles Chaplin camina fumando",DE_WR_41_25_6_14_SK,73,1,74_1,2019,Frankfurt,Upper advanced,6,female,25,masc,PRE,MC,DEF,NE,N,dp,95.3,No,19,6,Yes,20,Outsideclassroom,No,English,caminar,periphrasis-gerund,NA,NA
se enfada con Chaplin.,DE_WR_41_25_6_14_SK,73,10,74_10,2019,Frankfurt,Upper advanced,6,female,25,masc,NA,MC,NA,GI,Y,nullsub,95.3,No,19,6,Yes,20,Outsideclassroom,No,English,enfadarse,simple-finite,NA,NA
Por eso toma al bébé,DE_WR_41_25_6_14_SK,73,11,74_11,2019,Frankfurt,Upper advanced,6,female,25,masc,NA,MC,NA,GI,N,nullsub,95.3,No,19,6,Yes,20,Outsideclassroom,No,English,tomar,simple-finite,NA,NA
y quire dejarlo al lado de la basura,DE_WR_41_25_6_14_SK,73,12,74_12,2019,Frankfurt,Upper advanced,6,female,25,masc,NA,MC,NA,GI,Y,nullsub,95.3,No,19,6,Yes,20,Outsideclassroom,No,English,querer,simple-finite,NA,NA
pero no puede,DE_WR_41_25_6_14_SK,73,13,74_13,2019,Frankfurt,Upper advanced,6,female,25,masc,NA,MC,NA,GI,Y,nullsub,95.3,No,19,6,Yes,20,Outsideclassroom,No,English,poder,simple-finite,NA,NA
porque aparece un policía.,DE_WR_41_25_6_14_SK,73,14,74_14,2019,Frankfurt,Upper advanced,6,female,25,masc,POST,SC,INDEF,NE,N,dp,95.3,No,19,6,Yes,20,Outsideclassroom,No,English,aparecer,simple-finite,NA,NA
Busca otra solución,DE_WR_41_25_6_14_SK,73,15,74_15,2019,Frankfurt,Upper advanced,6,female,25,masc,NA,MC,NA,GI,N,nullsub,95.3,No,19,6,Yes,20,Outsideclassroom,No,English,buscar,simple-finite,NA,NA
El hombre mayor también quire quitarse del bébé,DE_WR_41_25_6_14_SK,73,17,74_17,2019,Frankfurt,Upper advanced,6,female,25,masc,PRE,MC,DEF,GI,N,dp,95.3,No,19,6,Yes,20,Outsideclassroom,No,English,quitarse,modal,NA,NA
Cuando la mujer regresa,DE_WR_41_25_6_14_SK,73,19,74_19,2019,Frankfurt,Upper advanced,6,female,25,fem,PRE,SC,DEF,GI,N,dp,95.3,No,19,6,Yes,20,Outsideclassroom,No,English,regresar,simple-finite,NA,NA
cuando encuentra a un bébé al lado de un cubo de basura.,DE_WR_41_25_6_14_SK,73,2,74_2,2019,Frankfurt,Upper advanced,6,female,25,masc,NA,SC,NA,GI,Y,nullsub,95.3,No,19,6,Yes,20,Outsideclassroom,No,English,encontrar,simple-finite,NA,NA
se enfada otra vez con Chaplin,DE_WR_41_25_6_14_SK,73,20,74_20,2019,Frankfurt,Upper advanced,6,female,25,fem,NA,MC,NA,GI,Y,nullsub,95.3,No,19,6,Yes,20,Outsideclassroom,No,English,enfadarse,simple-finite,NA,NA
y lo golpea con su paraguas,DE_WR_41_25_6_14_SK,73,21,74_21,2019,Frankfurt,Upper advanced,6,female,25,fem,NA,MC,NA,GI,Y,nullsub,95.3,No,19,6,Yes,20,Outsideclassroom,No,English,golpear,simple-finite,NA,NA
porque piensa,DE_WR_41_25_6_14_SK,73,22,74_22,2019,Frankfurt,Upper advanced,6,female,25,fem,NA,SC,NA,GI,Y,nullsub,95.3,No,19,6,Yes,20,Outsideclassroom,No,English,pensar,simple-finite,NA,NA
que es él,DE_WR_41_25_6_14_SK,73,23,74_23,2019,Frankfurt,Upper advanced,6,female,25,masc,POST,SC,DEF,GI,N,pron,95.3,No,19,6,Yes,20,Outsideclassroom,No,English,ser,simple-finite,NA,NA
quién ha puesto el bébé en el cochecito otra vez.,DE_WR_41_25_6_14_SK,73,24,74_24,2019,Frankfurt,Upper advanced,6,female,25,masc,PRE,SC,DEF,GI,Y,pron,95.3,No,19,6,Yes,20,Outsideclassroom,No,English,poner,simple-finite,NA,NA
De nuevo aparece el policía,DE_WR_41_25_6_14_SK,73,25,74_25,2019,Frankfurt,Upper advanced,6,female,25,masc,POST,MC,DEF,GI,N,dp,95.3,No,19,6,Yes,20,Outsideclassroom,No,English,aparecer,simple-finite,NA,NA
al que la mujer informa,DE_WR_41_25_6_14_SK,73,26,74_26,2019,Frankfurt,Upper advanced,6,female,25,fem,PRE,SC,DEF,GI,N,dp,95.3,No,19,6,Yes,20,Outsideclassroom,No,English,informar,simple-finite,NA,NA
que Chaplin ha dejado al bébé en el cochecito.,DE_WR_41_25_6_14_SK,73,27,74_27,2019,Frankfurt,Upper advanced,6,female,25,masc,PRE,SC,DEF,GI,N,dp,95.3,No,19,6,Yes,20,Outsideclassroom,No,English,dejar,simple-finite,NA,NA
El policía regaña a Chaplin,DE_WR_41_25_6_14_SK,73,28,74_28,2019,Frankfurt,Upper advanced,6,female,25,masc,PRE,MC,DEF,GI,N,dp,95.3,No,19,6,Yes,20,Outsideclassroom,No,English,regañar,simple-finite,NA,NA
y Chaplin toma al bébé otra vez.,DE_WR_41_25_6_14_SK,73,29,74_29,2019,Frankfurt,Upper advanced,6,female,25,masc,PRE,MC,DEF,GI,N,dp,95.3,No,19,6,Yes,20,Outsideclassroom,No,English,tomar,simple-finite,NA,NA
No sabe,DE_WR_41_25_6_14_SK,73,3,74_3,2019,Frankfurt,Upper advanced,6,female,25,masc,NA,MC,NA,GI,Y,nullsub,95.3,No,19,6,Yes,20,Outsideclassroom,No,English,saber,simple-finite,NA,NA
Después Chaplin quiere tirar al bébé en la canalización,DE_WR_41_25_6_14_SK,73,30,74_30,2019,Frankfurt,Upper advanced,6,female,25,masc,PRE,MC,DEF,GI,Y,dp,95.3,No,19,6,Yes,20,Outsideclassroom,No,English,tirar,modal,NA,NA
pero encuentra un papel,DE_WR_41_25_6_14_SK,73,31,74_31,2019,Frankfurt,Upper advanced,6,female,25,masc,NA,MC,NA,GI,Y,nullsub,95.3,No,19,6,Yes,20,Outsideclassroom,No,English,encontrar,simple-finite,NA,NA
Por eso Chaplin lo guarda.,DE_WR_41_25_6_14_SK,73,33,74_33,2019,Frankfurt,Upper advanced,6,female,25,masc,PRE,MC,DEF,GI,Y,dp,95.3,No,19,6,Yes,20,Outsideclassroom,No,English,guardar,simple-finite,NA,NA
y busca una solución para quitarse del bébé.,DE_WR_41_25_6_14_SK,73,5,74_5,2019,Frankfurt,Upper advanced,6,female,25,masc,NA,MC,NA,GI,Y,nullsub,95.3,No,19,6,Yes,20,Outsideclassroom,No,English,buscar,simple-finite,NA,NA
Ve a una mujer con un cochecito con otro bébé,DE_WR_41_25_6_14_SK,73,6,74_6,2019,Frankfurt,Upper advanced,6,female,25,fem,NA,MC,NA,GI,Y,nullsub,95.3,No,19,6,Yes,20,Outsideclassroom,No,English,ver,simple-finite,NA,NA
que deja el cochecito un rato para entrar en una casa.,DE_WR_41_25_6_14_SK,73,7,74_7,2019,Frankfurt,Upper advanced,6,female,25,masc,PRE,SC,DEF,GI,N,pron,95.3,No,19,6,Yes,20,Outsideclassroom,No,English,dejar,simple-finite,NA,NA
Chaplin decide dejar al bébé en el cochecito.,DE_WR_41_25_6_14_SK,73,8,74_8,2019,Frankfurt,Upper advanced,6,female,25,masc,PRE,MC,DEF,GI,N,dp,95.3,No,19,6,Yes,20,Outsideclassroom,No,English,decidir,infinitive,NA,NA
Cuando la mujer regresa,DE_WR_41_25_6_14_SK,73,9,74_9,2019,Frankfurt,Upper advanced,6,female,25,fem,PRE,SC,DEF,GI,N,dp,95.3,No,19,6,Yes,20,Outsideclassroom,No,English,regresar,simple-finite,NA,NA
El video cuenta la historia,DE_WR_41_30_4_14_MS,74,1,75_1,2018,Hamburg,Upper advanced,6,female,30,masc,PRE,MC,DEF,NE,N,dp,95.3,Yes,6,4,Yes,10,Outsideclassroom,Yes,English,contar,simple-finite,NA,NA
En este momento descubre un bebé,DE_WR_41_30_4_14_MS,74,10,75_10,2018,Hamburg,Upper advanced,6,female,30,masc,NA,MC,NA,GI,Y,nullsub,95.3,Yes,6,4,Yes,10,Outsideclassroom,Yes,English,descubrir,simple-finite,NA,NA
que lo habían dejado solo en la calle.,DE_WR_41_30_4_14_MS,74,11,75_11,2018,Hamburg,Upper advanced,6,female,30,masc,NA,SC,NA,GI,N,nullsub,95.3,Yes,6,4,Yes,10,Outsideclassroom,Yes,English,dejar,simple-finite,NA,NA
Lo recoge del suelo,DE_WR_41_30_4_14_MS,74,12,75_12,2018,Hamburg,Upper advanced,6,female,30,masc,NA,SC,NA,GI,N,nullsub,95.3,Yes,6,4,Yes,10,Outsideclassroom,Yes,English,recoger,simple-finite,NA,NA
"y intenta dejarlo varias veces con otra gente, como una senora",DE_WR_41_30_4_14_MS,74,13,75_13,2018,Hamburg,Upper advanced,6,female,30,masc,NA,MC,NA,GI,Y,nullsub,95.3,Yes,6,4,Yes,10,Outsideclassroom,Yes,English,intentar,infinitive,NA,NA
Tambien intenta dejarlo otra vez en el lugar,DE_WR_41_30_4_14_MS,74,15,75_15,2018,Hamburg,Upper advanced,6,female,30,masc,NA,MC,NA,GI,Y,nullsub,95.3,Yes,6,4,Yes,10,Outsideclassroom,Yes,English,intentar,infinitive,NA,NA
"en donde lo encontró,",DE_WR_41_30_4_14_MS,74,16,75_16,2018,Hamburg,Upper advanced,6,female,30,masc,NA,SC,NA,GI,Y,nullsub,95.3,Yes,6,4,Yes,10,Outsideclassroom,Yes,English,encontrar,simple-finite,NA,NA
como le está observando un policía,DE_WR_41_30_4_14_MS,74,18,75_18,2018,Hamburg,Upper advanced,6,female,30,masc,POST,SC,INDEF,NE,N,dp,95.3,Yes,6,4,Yes,10,Outsideclassroom,Yes,English,estar,simple-finite,NA,NA
Al final del video encuentra una carta metida en la sabana,DE_WR_41_30_4_14_MS,74,19,75_19,2018,Hamburg,Upper advanced,6,female,30,masc,NA,MC,NA,GI,N,nullsub,95.3,Yes,6,4,Yes,10,Outsideclassroom,Yes,English,encontrar,simple-finite,NA,NA
de cómo el Charles Chaplin encontró un bebé en la calle por coincidencia,DE_WR_41_30_4_14_MS,74,2,75_2,2018,Hamburg,Upper advanced,6,female,30,masc,PRE,SC,DEF,NE,N,dp,95.3,Yes,6,4,Yes,10,Outsideclassroom,Yes,English,encontrar,simple-finite,NA,NA
en que el bebé está envuelto .,DE_WR_41_30_4_14_MS,74,20,75_20,2018,Hamburg,Upper advanced,6,female,30,masc,PRE,SC,DEF,GI,N,dp,95.3,Yes,6,4,Yes,10,Outsideclassroom,Yes,English,estar,simple-finite,NA,NA
que por favor amen y cuiden al bebé orfáno,DE_WR_41_30_4_14_MS,74,22,75_22,2018,Hamburg,Upper advanced,6,female,30,unknown,NA,SC,NA,GI,N,nullsub,95.3,Yes,6,4,Yes,10,Outsideclassroom,Yes,English,amar,simple-finite,NA,NA
Y asi vemos,DE_WR_41_30_4_14_MS,74,23,75_23,2018,Hamburg,Upper advanced,6,female,30,1st_person,NA,MC,NA,GI,N,nullsub,95.3,Yes,6,4,Yes,10,Outsideclassroom,Yes,English,ver,simple-finite,NA,NA
como el Charles se va con el bebé en la mano y una mirada contenta.,DE_WR_41_30_4_14_MS,74,24,75_24,2018,Hamburg,Upper advanced,6,female,30,masc,PRE,SC,DEF,GI,N,dp,95.3,Yes,6,4,Yes,10,Outsideclassroom,Yes,English,irse,simple-finite,NA,NA
En el principio del video vemos a Charles,DE_WR_41_30_4_14_MS,74,4,75_4,2018,Hamburg,Upper advanced,6,female,30,masc,NA,MC,NA,NE,N,nullsub,95.3,Yes,6,4,Yes,10,Outsideclassroom,Yes,English,ver,simple-finite,NA,NA
donde la gente parece botar basura de las ventanas.,DE_WR_41_30_4_14_MS,74,6,75_6,2018,Hamburg,Upper advanced,6,female,30,fem,PRE,SC,DEF,NE,N,dp,95.3,Yes,6,4,Yes,10,Outsideclassroom,Yes,English,parecer,simple-finite,NA,NA
"Cuando se le está callendo algo por encima,",DE_WR_41_30_4_14_MS,74,7,75_7,2018,Hamburg,Upper advanced,6,female,30,unknown,POST,SC,NA,NE,N,pron,95.3,Yes,6,4,Yes,10,Outsideclassroom,Yes,English,caer,periphrasis-gerund,NA,NA
pierde su cigarrillo,DE_WR_41_30_4_14_MS,74,8,75_8,2018,Hamburg,Upper advanced,6,female,30,masc,NA,MC,NA,GI,N,nullsub,95.3,Yes,6,4,Yes,10,Outsideclassroom,Yes,English,perder,simple-finite,NA,NA
y tiene que parar para encenderse un nuevo.,DE_WR_41_30_4_14_MS,74,9,75_9,2018,Hamburg,Upper advanced,6,female,30,masc,NA,MC,NA,GI,Y,nullsub,95.3,Yes,6,4,Yes,10,Outsideclassroom,Yes,English,parar,modal,NA,NA
"en que lleva a su hijo,",DE_WR_41_55_22_14_IRR,75,10,76_10,2020,Granada,Upper advanced,6,female,55,masc,NA,SC,NA,GI,N,nullsub,95.3,Yes,33,22,Yes,17,Outsideclassroom,Yes,English,llevar,simple-finite,NA,NA
"deja el bebé encontrado en el mismo carrito,",DE_WR_41_55_22_14_IRR,75,11,76_11,2020,Granada,Upper advanced,6,female,55,masc,NA,MC,NA,GI,N,nullsub,95.3,Yes,33,22,Yes,17,Outsideclassroom,Yes,English,dejar,simple-finite,NA,NA
pero la mujer no es la madre,DE_WR_41_55_22_14_IRR,75,12,76_12,2020,Granada,Upper advanced,6,female,55,fem,NA,MC,DEF,NE,N,dp,95.3,Yes,33,22,Yes,17,Outsideclassroom,Yes,English,ser,simple-finite,NA,NA
y no quiere acoger al bebé encontrado.,DE_WR_41_55_22_14_IRR,75,13,76_13,2020,Granada,Upper advanced,6,female,55,fem,NA,MC,NA,GI,Y,nullsub,95.3,Yes,33,22,Yes,17,Outsideclassroom,Yes,English,acoger,simple-finite,NA,NA
"Después, intenta deshacerse del bebé en el mismo lugar",DE_WR_41_55_22_14_IRR,75,14,76_14,2020,Granada,Upper advanced,6,female,55,masc,NA,MC,NA,GI,N,nullsub,95.3,Yes,33,22,Yes,17,Outsideclassroom,Yes,English,intentar,infinitive,NA,NA
"donde lo había encontrado,",DE_WR_41_55_22_14_IRR,75,15,76_15,2020,Granada,Upper advanced,6,female,55,masc,NA,SC,NA,GI,Y,nullsub,95.3,Yes,33,22,Yes,17,Outsideclassroom,Yes,English,encontrar,simple-finite,NA,NA
pero en el momento de depositar al bebé en el suelo aparece un policía,DE_WR_41_55_22_14_IRR,75,16,76_16,2020,Granada,Upper advanced,6,female,55,masc,POST,MC,DEF,NE,N,dp,95.3,Yes,33,22,Yes,17,Outsideclassroom,Yes,English,depositar,simple-finite,NA,NA
lo vuelve a coger en brazos.,DE_WR_41_55_22_14_IRR,75,18,76_18,2020,Granada,Upper advanced,6,female,55,masc,NA,MC,NA,GI,Y,nullsub,95.3,Yes,33,22,Yes,17,Outsideclassroom,Yes,English,coger,periphrasis-lexical,NA,NA
Charles Chaplin parece ser un hombre pobre.,DE_WR_41_55_22_14_IRR,75,2,76_2,2020,Granada,Upper advanced,6,female,55,masc,NA,MC,DEF,NE,N,dp,95.3,Yes,33,22,Yes,17,Outsideclassroom,Yes,English,parecer,simple-finite,NA,NA
finge tener que atarse los cordones del zapato.,DE_WR_41_55_22_14_IRR,75,20,76_20,2020,Granada,Upper advanced,6,female,55,masc,NA,MC,NA,GI,Y,nullsub,95.3,Yes,33,22,Yes,17,Outsideclassroom,Yes,English,fingir,infinitive,NA,NA
Le deja al hombre el bebé,DE_WR_41_55_22_14_IRR,75,21,76_21,2020,Granada,Upper advanced,6,female,55,masc,NA,MC,NA,GI,Y,nullsub,95.3,Yes,33,22,Yes,17,Outsideclassroom,Yes,English,dejar,simple-finite,NA,NA
e intenta escaparse de la situación.,DE_WR_41_55_22_14_IRR,75,22,76_22,2020,Granada,Upper advanced,6,female,55,masc,NA,MC,NA,GI,Y,nullsub,95.3,Yes,33,22,Yes,17,Outsideclassroom,Yes,English,intentar,infinitive,NA,NA
El otro vuelve a dejar el bebé en el carrito de la misma mujer de antes,DE_WR_41_55_22_14_IRR,75,23,76_23,2020,Granada,Upper advanced,6,female,55,masc,PRE,MC,INDEF,GI,N,pron,95.3,Yes,33,22,Yes,17,Outsideclassroom,Yes,English,dejar,simple-finite,NA,NA
y casualmente Charles Chaplin pasa,DE_WR_41_55_22_14_IRR,75,24,76_24,2020,Granada,Upper advanced,6,female,55,masc,PRE,MC,DEF,GI,N,dp,95.3,Yes,33,22,Yes,17,Outsideclassroom,Yes,English,pasar,simple-finite,NA,NA
"y mientras ella le acusa de haberle dejado de nuevo ""su bebé"",",DE_WR_41_55_22_14_IRR,75,25,76_25,2020,Granada,Upper advanced,6,female,55,fem,PRE,SC,DEF,GI,N,pron,95.3,Yes,33,22,Yes,17,Outsideclassroom,Yes,English,acusar,simple-finite,NA,NA
justo pasa el policía,DE_WR_41_55_22_14_IRR,75,26,76_26,2020,Granada,Upper advanced,6,female,55,masc,POST,MC,DEF,GI,N,dp,95.3,Yes,33,22,Yes,17,Outsideclassroom,Yes,English,pasar,simple-finite,NA,NA
y se ve obligado a coger el bebé otra vez.,DE_WR_41_55_22_14_IRR,75,27,76_27,2020,Granada,Upper advanced,6,female,55,masc,NA,MC,NA,GI,N,nullsub,95.3,Yes,33,22,Yes,17,Outsideclassroom,Yes,English,verse,simple-finite,NA,NA
Se sienta con el bebé en la acera,DE_WR_41_55_22_14_IRR,75,28,76_28,2020,Granada,Upper advanced,6,female,55,masc,NA,MC,NA,GI,Y,nullsub,95.3,Yes,33,22,Yes,17,Outsideclassroom,Yes,English,sentarse,simple-finite,NA,NA
y no sabe muy bien,DE_WR_41_55_22_14_IRR,75,29,76_29,2020,Granada,Upper advanced,6,female,55,masc,NA,MC,NA,GI,Y,nullsub,95.3,Yes,33,22,Yes,17,Outsideclassroom,Yes,English,saber,simple-finite,NA,NA
Va paseando por el barrio,DE_WR_41_55_22_14_IRR,75,3,76_3,2020,Granada,Upper advanced,6,female,55,masc,NA,MC,NA,GI,Y,nullsub,95.3,Yes,33,22,Yes,17,Outsideclassroom,Yes,English,pasear,periphrasis-gerund,NA,NA
Al final encuentra una nota junto al bebé.,DE_WR_41_55_22_14_IRR,75,31,76_31,2020,Granada,Upper advanced,6,female,55,masc,NA,MC,NA,GI,Y,nullsub,95.3,Yes,33,22,Yes,17,Outsideclassroom,Yes,English,encontrar,simple-finite,NA,NA
"Pone ""cuide de él con mucho amor"".",DE_WR_41_55_22_14_IRR,75,32,76_32,2020,Granada,Upper advanced,6,female,55,unknown,NA,MC,NA,GI,N,nullsub,95.3,Yes,33,22,Yes,17,Outsideclassroom,Yes,English,cuidar,simple-finite,NA,NA
Se enternece con el bebé en sus brazos,DE_WR_41_55_22_14_IRR,75,33,76_33,2020,Granada,Upper advanced,6,female,55,masc,NA,MC,NA,GI,N,nullsub,95.3,Yes,33,22,Yes,17,Outsideclassroom,Yes,English,enternecer,simple-finite,NA,NA
y decide quedárselo para cuidar de él.,DE_WR_41_55_22_14_IRR,75,34,76_34,2020,Granada,Upper advanced,6,female,55,masc,NA,MC,NA,GI,Y,nullsub,95.3,Yes,33,22,Yes,17,Outsideclassroom,Yes,English,decidir,infinitive,NA,NA
y se encuentra un bebé abandonado.,DE_WR_41_55_22_14_IRR,75,4,76_4,2020,Granada,Upper advanced,6,female,55,masc,NA,MC,NA,GI,Y,nullsub,95.3,Yes,33,22,Yes,17,Outsideclassroom,Yes,English,encontrar,simple-finite,NA,NA
Lo coge en brazos,DE_WR_41_55_22_14_IRR,75,5,76_5,2020,Granada,Upper advanced,6,female,55,masc,NA,MC,NA,GI,Y,nullsub,95.3,Yes,33,22,Yes,17,Outsideclassroom,Yes,English,coger,simple-finite,NA,NA
y mira a su alrededor  para averiguar,DE_WR_41_55_22_14_IRR,75,6,76_6,2020,Granada,Upper advanced,6,female,55,masc,NA,MC,NA,GI,Y,nullsub,95.3,Yes,33,22,Yes,17,Outsideclassroom,Yes,English,mirar,simple-finite,NA,NA
de dónde puede a haber aparecido,DE_WR_41_55_22_14_IRR,75,7,76_7,2020,Granada,Upper advanced,6,female,55,masc,NA,SC,NA,GI,N,nullsub,95.3,Yes,33,22,Yes,17,Outsideclassroom,Yes,English,aparecer,modal,NA,NA
o a dónde puede pertenecer.,DE_WR_41_55_22_14_IRR,75,8,76_8,2020,Granada,Upper advanced,6,female,55,masc,NA,SC,NA,GI,N,nullsub,95.3,Yes,33,22,Yes,17,Outsideclassroom,Yes,English,pertencer,modal,NA,NA
Chaplin estaba caminando por una calle pequeña,DE_WR_42_20_4_14_NA,76,1,77_1,2019,Münster,Upper advanced,6,female,20,masc,PRE,MC,DEF,NE,N,dp,97.7,No,16,4,No,10,Insideclassroom,Yes,Turkish,caminar,periphrasis-gerund,NA,NA
Pero ella no le quería,DE_WR_42_20_4_14_NA,76,10,77_10,2019,Münster,Upper advanced,6,female,20,fem,PRE,MC,DEF,GI,N,pron,97.7,No,16,4,No,10,Insideclassroom,Yes,Turkish,querer,simple-finite,NA,NA
y gritó al pobre Chuplin.,DE_WR_42_20_4_14_NA,76,11,77_11,2019,Münster,Upper advanced,6,female,20,fem,NA,MC,NA,GI,Y,nullsub,97.7,No,16,4,No,10,Insideclassroom,Yes,Turkish,gritar,simple-finite,NA,NA
"Luego, le puso en los brazos de un señor",DE_WR_42_20_4_14_NA,76,12,77_12,2019,Münster,Upper advanced,6,female,20,masc,NA,MC,NA,GI,N,nullsub,97.7,No,16,4,No,10,Insideclassroom,Yes,Turkish,poner,simple-finite,NA,NA
Pero el señor tambièn puso el bebe al cochecito de la mujer mencionada,DE_WR_42_20_4_14_NA,76,15,77_15,2019,Münster,Upper advanced,6,female,20,masc,PRE,MC,DEF,GI,N,dp,97.7,No,16,4,No,10,Insideclassroom,Yes,Turkish,poner,simple-finite,NA,NA
y ella fue a un policía,DE_WR_42_20_4_14_NA,76,16,77_16,2019,Münster,Upper advanced,6,female,20,fem,PRE,MC,DEF,GI,N,pron,97.7,No,16,4,No,10,Insideclassroom,Yes,Turkish,ser,simple-finite,NA,NA
que dio el bebe de nuevo a Chuplin.,DE_WR_42_20_4_14_NA,76,17,77_17,2019,Münster,Upper advanced,6,female,20,masc,PRE,SC,DEF,GI,N,pron,97.7,No,16,4,No,10,Insideclassroom,Yes,Turkish,dar,simple-finite,NA,NA
Chuplin recogió el bebe,DE_WR_42_20_4_14_NA,76,18,77_18,2019,Münster,Upper advanced,6,female,20,masc,PRE,MC,DEF,GI,N,dp,97.7,No,16,4,No,10,Insideclassroom,Yes,Turkish,recoger,simple-finite,NA,NA
y se sentió al margen de la calle.,DE_WR_42_20_4_14_NA,76,19,77_19,2019,Münster,Upper advanced,6,female,20,masc,NA,MC,NA,GI,Y,nullsub,97.7,No,16,4,No,10,Insideclassroom,Yes,Turkish,sentarse,simple-finite,NA,NA
donde personas tiraron cosas por la ventana.,DE_WR_42_20_4_14_NA,76,2,77_2,2019,Münster,Upper advanced,6,female,20,fem,PRE,SC,INDEF,NE,N,dp,97.7,No,16,4,No,10,Insideclassroom,Yes,Turkish,tirar,simple-finite,NA,NA
Encontró un papel,DE_WR_42_20_4_14_NA,76,20,77_20,2019,Münster,Upper advanced,6,female,20,masc,NA,MC,NA,GI,Y,nullsub,97.7,No,16,4,No,10,Insideclassroom,Yes,Turkish,encontrar,simple-finite,NA,NA
y le da amor.,DE_WR_42_20_4_14_NA,76,23,77_23,2019,Münster,Upper advanced,6,female,20,masc,NA,MC,NA,NA,NA,nullsub,97.7,No,16,4,No,10,Insideclassroom,Yes,Turkish,dar,simple-finite,NA,NA
"Chuplin miró al niño,",DE_WR_42_20_4_14_NA,76,24,77_24,2019,Münster,Upper advanced,6,female,20,masc,PRE,MC,DEF,GI,N,dp,97.7,No,16,4,No,10,Insideclassroom,Yes,Turkish,mirar,simple-finite,NA,NA
sonrió,DE_WR_42_20_4_14_NA,76,25,77_25,2019,Münster,Upper advanced,6,female,20,masc,NA,MC,NA,GI,Y,nullsub,97.7,No,16,4,No,10,Insideclassroom,Yes,Turkish,sonreír,simple-finite,NA,NA
y se fue con el chiquito en sus brazos.,DE_WR_42_20_4_14_NA,76,26,77_26,2019,Münster,Upper advanced,6,female,20,masc,NA,MC,NA,GI,Y,nullsub,97.7,No,16,4,No,10,Insideclassroom,Yes,Turkish,irse,simple-finite,NA,NA
Dos veces casi le acertaron.,DE_WR_42_20_4_14_NA,76,3,77_3,2019,Münster,Upper advanced,6,female,20,fem,NA,MC,NA,GI,N,nullsub,97.7,No,16,4,No,10,Insideclassroom,Yes,Turkish,acertar,simple-finite,NA,NA
"Cuando buscaba un cigarro en la bolsa de su abrigo para fumar otra vez,",DE_WR_42_20_4_14_NA,76,4,77_4,2019,Münster,Upper advanced,6,female,20,masc,NA,SC,NA,GI,N,nullsub,97.7,No,16,4,No,10,Insideclassroom,Yes,Turkish,buscar,simple-finite,NA,NA
encontró un bebe,DE_WR_42_20_4_14_NA,76,5,77_5,2019,Münster,Upper advanced,6,female,20,masc,NA,MC,NA,GI,Y,nullsub,97.7,No,16,4,No,10,Insideclassroom,Yes,Turkish,encontrar,simple-finite,NA,NA
que estaba en la calle.,DE_WR_42_20_4_14_NA,76,6,77_6,2019,Münster,Upper advanced,6,female,20,masc,PRE,SC,DEF,GI,N,pron,97.7,No,16,4,No,10,Insideclassroom,Yes,Turkish,estar,simple-finite,NA,NA
Él que no quería dejarle,DE_WR_42_20_4_14_NA,76,7,77_7,2019,Münster,Upper advanced,6,female,20,masc,PRE,MC,DEF,GI,N,pron,97.7,No,16,4,No,10,Insideclassroom,Yes,Turkish,dejar,modal,NA,NA
solo buscó su madre o un lugar para el niño chiquito.,DE_WR_42_20_4_14_NA,76,8,77_8,2019,Münster,Upper advanced,6,female,20,masc,NA,MC,NA,GI,Y,nullsub,97.7,No,16,4,No,10,Insideclassroom,Yes,Turkish,buscar,simple-finite,NA,NA
"Primero, le puso en el cochecito de una mujer.",DE_WR_42_20_4_14_NA,76,9,77_9,2019,Münster,Upper advanced,6,female,20,masc,NA,MC,NA,GI,Y,nullsub,97.7,No,16,4,No,10,Insideclassroom,Yes,Turkish,poner,simple-finite,NA,NA
Charlie Chaplin camina de manera despistada por un patio detrás de un edificio,DE_WR_42_24_11_14_MCC,77,1,78_1,2018,Hamburg,Lower advanced,5,female,23,masc,PRE,MC,DEF,NE,N,dp,97.7,Yes,13,11,Yes,65,Outsideclassroom,Yes,"Arabic, English",caminar,simple-finite,NA,NA
le cae una gran cantidad de escombros.,DE_WR_42_24_11_14_MCC,77,10,78_10,2018,Hamburg,Lower advanced,5,female,23,masc,POST,MC,INDEF,NE,N,dp,97.7,Yes,13,11,Yes,65,Outsideclassroom,Yes,"Arabic, English",caer,simple-finite,NA,NA
"Por un momento se queda irritado,",DE_WR_42_24_11_14_MCC,77,11,78_11,2018,Hamburg,Lower advanced,5,female,23,masc,NA,MC,NA,GI,N,nullsub,97.7,Yes,13,11,Yes,65,Outsideclassroom,Yes,"Arabic, English",quedarse,simple-finite,NA,NA
pero despues enciende otro cigarillo.,DE_WR_42_24_11_14_MCC,77,12,78_12,2018,Hamburg,Lower advanced,5,female,23,masc,NA,MC,NA,GI,Y,nullsub,97.7,Yes,13,11,Yes,65,Outsideclassroom,Yes,"Arabic, English",encender,simple-finite,NA,NA
De repente encuentra en el suelo por los basureros un bebé envuelto en sábanas.,DE_WR_42_24_11_14_MCC,77,13,78_13,2018,Hamburg,Lower advanced,5,female,23,masc,NA,MC,NA,GI,Y,nullsub,97.7,Yes,13,11,Yes,65,Outsideclassroom,Yes,"Arabic, English",encontrar,simple-finite,NA,NA
Lo recoge,DE_WR_42_24_11_14_MCC,77,14,78_14,2018,Hamburg,Lower advanced,5,female,23,masc,NA,MC,NA,GI,Y,nullsub,97.7,Yes,13,11,Yes,65,Outsideclassroom,Yes,"Arabic, English",recoger,simple-finite,NA,NA
y mira hacia arriba,DE_WR_42_24_11_14_MCC,77,15,78_15,2018,Hamburg,Lower advanced,5,female,23,masc,NA,MC,NA,GI,Y,nullsub,97.7,Yes,13,11,Yes,65,Outsideclassroom,Yes,"Arabic, English",mirar,simple-finite,NA,NA
mientras al fondo una señora con un carro de bebé va pasando muy apurada.,DE_WR_42_24_11_14_MCC,77,16,78_16,2018,Hamburg,Lower advanced,5,female,23,fem,PRE,SC,INDEF,NE,N,dp,97.7,Yes,13,11,Yes,65,Outsideclassroom,Yes,"Arabic, English",ir,periphrasis-gerund,NA,NA
Charlie la llama,DE_WR_42_24_11_14_MCC,77,17,78_17,2018,Hamburg,Lower advanced,5,female,23,masc,PRE,MC,DEF,GI,N,dp,97.7,Yes,13,11,Yes,65,Outsideclassroom,Yes,"Arabic, English",llamar,simple-finite,NA,NA
"y se acerca a ella,",DE_WR_42_24_11_14_MCC,77,18,78_18,2018,Hamburg,Lower advanced,5,female,23,masc,NA,MC,NA,GI,Y,nullsub,97.7,Yes,13,11,Yes,65,Outsideclassroom,Yes,"Arabic, English",acercar,simple-finite,NA,NA
no obstante la señora se va,DE_WR_42_24_11_14_MCC,77,19,78_19,2018,Hamburg,Lower advanced,5,female,23,fem,PRE,MC,DEF,GI,N,dp,97.7,Yes,13,11,Yes,65,Outsideclassroom,Yes,"Arabic, English",irse,simple-finite,NA,NA
que está lleno de basura.,DE_WR_42_24_11_14_MCC,77,2,78_2,2018,Hamburg,Lower advanced,5,female,23,masc,PRE,SC,DEF,GI,N,pron,97.7,Yes,13,11,Yes,65,Outsideclassroom,Yes,"Arabic, English",estar,simple-finite,NA,NA
y deja el carro un momento.,DE_WR_42_24_11_14_MCC,77,20,78_20,2018,Hamburg,Lower advanced,5,female,23,fem,NA,MC,NA,GI,Y,nullsub,97.7,Yes,13,11,Yes,65,Outsideclassroom,Yes,"Arabic, English",dejar,simple-finite,NA,NA
"Justo cuando regresa,",DE_WR_42_24_11_14_MCC,77,21,78_21,2018,Hamburg,Lower advanced,5,female,23,fem,NA,SC,NA,GI,N,nullsub,97.7,Yes,13,11,Yes,65,Outsideclassroom,Yes,"Arabic, English",regresar,simple-finite,NA,NA
Charlie le pone el bebé en el carrito,DE_WR_42_24_11_14_MCC,77,22,78_22,2018,Hamburg,Lower advanced,5,female,23,masc,PRE,MC,DEF,GI,N,dp,97.7,Yes,13,11,Yes,65,Outsideclassroom,Yes,"Arabic, English",poner,simple-finite,NA,NA
como si fuera de ella.,DE_WR_42_24_11_14_MCC,77,23,78_23,2018,Hamburg,Lower advanced,5,female,23,fem,NA,SC,NA,GI,N,nullsub,97.7,Yes,13,11,Yes,65,Outsideclassroom,Yes,"Arabic, English",ser,simple-finite,NA,NA
La señora se queja,DE_WR_42_24_11_14_MCC,77,24,78_24,2018,Hamburg,Lower advanced,5,female,23,fem,PRE,MC,DEF,GI,N,dp,97.7,Yes,13,11,Yes,65,Outsideclassroom,Yes,"Arabic, English",quejarse,simple-finite,NA,NA
y le dice,DE_WR_42_24_11_14_MCC,77,25,78_25,2018,Hamburg,Lower advanced,5,female,23,fem,NA,MC,NA,GI,Y,nullsub,97.7,Yes,13,11,Yes,65,Outsideclassroom,Yes,"Arabic, English",decir,simple-finite,NA,NA
que se vaya en seguida.,DE_WR_42_24_11_14_MCC,77,26,78_26,2018,Hamburg,Lower advanced,5,female,23,masc,NA,SC,NA,GI,N,nullsub,97.7,Yes,13,11,Yes,65,Outsideclassroom,Yes,"Arabic, English",irse,simple-finite,NA,NA
"Charlie muy nervioso casi se lleva el bebé de la señora por equivocación,",DE_WR_42_24_11_14_MCC,77,27,78_27,2018,Hamburg,Lower advanced,5,female,23,masc,PRE,MC,DEF,GI,Y,dp,97.7,Yes,13,11,Yes,65,Outsideclassroom,Yes,"Arabic, English",llevarse,simple-finite,NA,NA
pero finalmente regresa con el bebé al lugar,DE_WR_42_24_11_14_MCC,77,28,78_28,2018,Hamburg,Lower advanced,5,female,23,masc,NA,MC,NA,GI,Y,nullsub,97.7,Yes,13,11,Yes,65,Outsideclassroom,Yes,"Arabic, English",regresar,simple-finite,NA,NA
en el que lo ha encontrado.,DE_WR_42_24_11_14_MCC,77,29,78_29,2018,Hamburg,Lower advanced,5,female,23,masc,NA,SC,NA,GI,Y,nullsub,97.7,Yes,13,11,Yes,65,Outsideclassroom,Yes,"Arabic, English",encontrar,simple-finite,NA,NA
Desde uno de los pisos de arriba del edificio una persona está botando escombros,DE_WR_42_24_11_14_MCC,77,3,78_3,2018,Hamburg,Lower advanced,5,female,23,fem,PRE,MC,INDEF,NE,N,dp,97.7,Yes,13,11,Yes,65,Outsideclassroom,Yes,"Arabic, English",botar,periphrasis-gerund,NA,NA
"Cuando ya está a punto de dejar el bebé ahi mismo,",DE_WR_42_24_11_14_MCC,77,30,78_30,2018,Hamburg,Lower advanced,5,female,23,masc,NA,SC,NA,GI,Y,nullsub,97.7,Yes,13,11,Yes,65,Outsideclassroom,Yes,"Arabic, English",estar,periphrasis-lexical,NA,NA
se encuentra a un policía,DE_WR_42_24_11_14_MCC,77,31,78_31,2018,Hamburg,Lower advanced,5,female,23,masc,NA,MC,NA,GI,Y,nullsub,97.7,Yes,13,11,Yes,65,Outsideclassroom,Yes,"Arabic, English",encontrar,simple-finite,NA,NA
y rapidamente vuelve a recoger el bebé.,DE_WR_42_24_11_14_MCC,77,32,78_32,2018,Hamburg,Lower advanced,5,female,23,masc,NA,MC,NA,GI,Y,nullsub,97.7,Yes,13,11,Yes,65,Outsideclassroom,Yes,"Arabic, English",recoger,periphrasis-lexical,NA,NA
En su desesperación se lo entrega a un señor,DE_WR_42_24_11_14_MCC,77,33,78_33,2018,Hamburg,Lower advanced,5,female,23,masc,NA,MC,NA,GI,Y,nullsub,97.7,Yes,13,11,Yes,65,Outsideclassroom,Yes,"Arabic, English",entregar,simple-finite,NA,NA
que va caminando por las calles.,DE_WR_42_24_11_14_MCC,77,34,78_34,2018,Hamburg,Lower advanced,5,female,23,masc,PRE,SC,DEF,GI,N,pron,97.7,Yes,13,11,Yes,65,Outsideclassroom,Yes,"Arabic, English",ir,periphrasis-gerund,NA,NA
Charlie sale corriendo,DE_WR_42_24_11_14_MCC,77,35,78_35,2018,Hamburg,Lower advanced,5,female,23,masc,PRE,MC,DEF,GI,N,dp,97.7,Yes,13,11,Yes,65,Outsideclassroom,Yes,"Arabic, English",salir,periphrasis-gerund,NA,NA
y se esconde.,DE_WR_42_24_11_14_MCC,77,36,78_36,2018,Hamburg,Lower advanced,5,female,23,masc,NA,MC,NA,GI,Y,nullsub,97.7,Yes,13,11,Yes,65,Outsideclassroom,Yes,"Arabic, English",esconder,simple-finite,NA,NA
El señor busca un lugar,DE_WR_42_24_11_14_MCC,77,37,78_37,2018,Hamburg,Lower advanced,5,female,23,masc,PRE,MC,DEF,GI,N,dp,97.7,Yes,13,11,Yes,65,Outsideclassroom,Yes,"Arabic, English",buscar,simple-finite,NA,NA
y lo acuesta justo en el proximo carro de bebé,DE_WR_42_24_11_14_MCC,77,39,78_39,2018,Hamburg,Lower advanced,5,female,23,masc,NA,MC,NA,GI,Y,nullsub,97.7,Yes,13,11,Yes,65,Outsideclassroom,Yes,"Arabic, English",acostar,simple-finite,NA,NA
que se caen en Charlie.,DE_WR_42_24_11_14_MCC,77,4,78_4,2018,Hamburg,Lower advanced,5,female,23,masc,PRE,SC,DEF,GI,N,pron,97.7,Yes,13,11,Yes,65,Outsideclassroom,Yes,"Arabic, English",caerse,simple-finite,NA,NA
"Mientras tanto, Charlie sale de su escondite",DE_WR_42_24_11_14_MCC,77,40,78_40,2018,Hamburg,Lower advanced,5,female,23,masc,PRE,MC,DEF,GI,N,dp,97.7,Yes,13,11,Yes,65,Outsideclassroom,Yes,"Arabic, English",salir,simple-finite,NA,NA
y como la señora ya lo conoce,DE_WR_42_24_11_14_MCC,77,41,78_41,2018,Hamburg,Lower advanced,5,female,23,fem,PRE,SC,DEF,GI,N,dp,97.7,Yes,13,11,Yes,65,Outsideclassroom,Yes,"Arabic, English",conocer,simple-finite,NA,NA
corre detrás de él,DE_WR_42_24_11_14_MCC,77,42,78_42,2018,Hamburg,Lower advanced,5,female,23,fem,NA,MC,NA,GI,Y,nullsub,97.7,Yes,13,11,Yes,65,Outsideclassroom,Yes,"Arabic, English",correr,simple-finite,NA,NA
y le pega con su sombrilla en cuanto lo ve.,DE_WR_42_24_11_14_MCC,77,43,78_43,2018,Hamburg,Lower advanced,5,female,23,fem,NA,MC,NA,GI,Y,nullsub,97.7,Yes,13,11,Yes,65,Outsideclassroom,Yes,"Arabic, English",pegar,simple-finite,NA,NA
Llega el policia,DE_WR_42_24_11_14_MCC,77,44,78_44,2018,Hamburg,Lower advanced,5,female,23,masc,POST,MC,DEF,GI,N,dp,97.7,Yes,13,11,Yes,65,Outsideclassroom,Yes,"Arabic, English",llegar,simple-finite,NA,NA
que se da cuenta del ruido en la calle,DE_WR_42_24_11_14_MCC,77,45,78_45,2018,Hamburg,Lower advanced,5,female,23,masc,PRE,SC,DEF,GI,Y,pron,97.7,Yes,13,11,Yes,65,Outsideclassroom,Yes,"Arabic, English",darse ,periphrasis-lexical,NA,NA
y la señora se queja,DE_WR_42_24_11_14_MCC,77,46,78_46,2018,Hamburg,Lower advanced,5,female,23,fem,PRE,MC,DEF,GI,N,dp,97.7,Yes,13,11,Yes,65,Outsideclassroom,Yes,"Arabic, English",quejarse,simple-finite,NA,NA
de que Charlie no deja de acostar un bebé extraño en su carrito.,DE_WR_42_24_11_14_MCC,77,47,78_47,2018,Hamburg,Lower advanced,5,female,23,masc,PRE,SC,DEF,GI,N,dp,97.7,Yes,13,11,Yes,65,Outsideclassroom,Yes,"Arabic, English",dejar,infinitive,NA,NA
Charlie no tiene otra opción,DE_WR_42_24_11_14_MCC,77,48,78_48,2018,Hamburg,Lower advanced,5,female,23,masc,PRE,MC,DEF,GI,Y,dp,97.7,Yes,13,11,Yes,65,Outsideclassroom,Yes,"Arabic, English",tener,simple-finite,NA,NA
"Charlie voltea a ver,",DE_WR_42_24_11_14_MCC,77,5,78_5,2018,Hamburg,Lower advanced,5,female,23,masc,PRE,MC,DEF,GI,N,dp,97.7,Yes,13,11,Yes,65,Outsideclassroom,Yes,"Arabic, English",ver,periphrasis-lexical,NA,NA
que tomar el bebé e irse.,DE_WR_42_24_11_14_MCC,77,50,78_50,2018,Hamburg,Lower advanced,5,female,23,masc,NA,SC,NA,NA,NA,nullsub,97.7,Yes,13,11,Yes,65,Outsideclassroom,Yes,"Arabic, English",tomar,simple-finite,NA,NA
y por un momento toma en cuenta hacer desaparecer el bebé ahí mismo.,DE_WR_42_24_11_14_MCC,77,51,78_51,2018,Hamburg,Lower advanced,5,female,23,masc,NA,MC,NA,GI,Y,nullsub,97.7,Yes,13,11,Yes,65,Outsideclassroom,Yes,"Arabic, English",tomar,simple-finite,NA,NA
Lo queda viendo,DE_WR_42_24_11_14_MCC,77,52,78_52,2018,Hamburg,Lower advanced,5,female,23,masc,NA,MC,NA,GI,Y,nullsub,97.7,Yes,13,11,Yes,65,Outsideclassroom,Yes,"Arabic, English",ver,simple-finite,NA,NA
y se da cuenta,DE_WR_42_24_11_14_MCC,77,53,78_53,2018,Hamburg,Lower advanced,5,female,23,masc,NA,MC,NA,GI,Y,nullsub,97.7,Yes,13,11,Yes,65,Outsideclassroom,Yes,"Arabic, English",darse,periphrasis-lexical,NA,NA
Saca el papelito,DE_WR_42_24_11_14_MCC,77,55,78_55,2018,Hamburg,Lower advanced,5,female,23,masc,NA,MC,NA,GI,N,nullsub,97.7,Yes,13,11,Yes,65,Outsideclassroom,Yes,"Arabic, English",sacar,simple-finite,NA,NA
y lee:,DE_WR_42_24_11_14_MCC,77,56,78_56,2018,Hamburg,Lower advanced,5,female,23,masc,NA,MC,NA,GI,Y,nullsub,97.7,Yes,13,11,Yes,65,Outsideclassroom,Yes,"Arabic, English",leer,simple-finite,NA,NA
Charlie se sienta en la acera,DE_WR_42_24_11_14_MCC,77,59,78_59,2018,Hamburg,Lower advanced,5,female,23,masc,PRE,MC,DEF,GI,N,dp,97.7,Yes,13,11,Yes,65,Outsideclassroom,Yes,"Arabic, English",sentarse,simple-finite,NA,NA
"pero sin embargo, no se demuestra interesado en eso",DE_WR_42_24_11_14_MCC,77,6,78_6,2018,Hamburg,Lower advanced,5,female,23,masc,NA,MC,NA,GI,Y,nullsub,97.7,Yes,13,11,Yes,65,Outsideclassroom,Yes,"Arabic, English",demostrar,simple-finite,NA,NA
la actitud de Charlie hacia el bebé cambia completamente.,DE_WR_42_24_11_14_MCC,77,60,78_60,2018,Hamburg,Lower advanced,5,female,23,masc,PRE,MC,DEF,NE,N,dp,97.7,Yes,13,11,Yes,65,Outsideclassroom,Yes,"Arabic, English",cambiar,simple-finite,NA,NA
Lo empieza a tratar con cariño,DE_WR_42_24_11_14_MCC,77,61,78_61,2018,Hamburg,Lower advanced,5,female,23,masc,NA,MC,NA,GI,N,nullsub,97.7,Yes,13,11,Yes,65,Outsideclassroom,Yes,"Arabic, English",empezar,simple-finite,NA,NA
y se lo lleva.,DE_WR_42_24_11_14_MCC,77,62,78_62,2018,Hamburg,Lower advanced,5,female,23,masc,NA,MC,NA,GI,Y,nullsub,97.7,Yes,13,11,Yes,65,Outsideclassroom,Yes,"Arabic, English",llevar,simple-finite,NA,NA
y sigue caminando –,DE_WR_42_24_11_14_MCC,77,7,78_7,2018,Hamburg,Lower advanced,5,female,23,masc,NA,MC,NA,GI,Y,nullsub,97.7,Yes,13,11,Yes,65,Outsideclassroom,Yes,"Arabic, English",caminar,periphrasis-gerund,NA,NA
"Cuando toma su bastón listo para marcharse,",DE_WR_42_24_11_14_MCC,77,9,78_9,2018,Hamburg,Lower advanced,5,female,23,masc,NA,SC,NA,GI,Y,nullsub,97.7,Yes,13,11,Yes,65,Outsideclassroom,Yes,"Arabic, English",tomar,simple-finite,NA,NA
"El cortometraje ""The kid- The baby"" con Charly Chaplin como protagonista trata de un hombre",DE_WR_42_24_14_14_ARUG,78,1,79_1,2018,Kiel,Upper advanced,6,female,24,masc,PRE,MC,DEF,NE,N,dp,97.7,No,14,14,Yes,7,Outsideclassroom,No,English,tratar,periphrasis-lexical,NA,NA
que usa un bastón.,DE_WR_42_24_14_14_ARUG,78,10,79_10,2018,Kiel,Upper advanced,6,female,24,masc,PRE,SC,DEF,GI,N,pron,97.7,No,14,14,Yes,7,Outsideclassroom,No,English,usar,simple-finite,NA,NA
Pide al anciano,DE_WR_42_24_14_14_ARUG,78,11,79_11,2018,Kiel,Upper advanced,6,female,24,masc,NA,MC,NA,GI,N,nullsub,97.7,No,14,14,Yes,7,Outsideclassroom,No,English,pedir,simple-finite,NA,NA
que ataje al bebé,DE_WR_42_24_14_14_ARUG,78,12,79_12,2018,Kiel,Upper advanced,6,female,24,masc,PRE,SC,DEF,GI,N,pron,97.7,No,14,14,Yes,7,Outsideclassroom,No,English,atajar,simple-finite,NA,NA
mientras que se ata los cordones con la intención de salir corriendo.,DE_WR_42_24_14_14_ARUG,78,13,79_13,2018,Kiel,Upper advanced,6,female,24,masc,NA,SC,NA,GI,N,nullsub,97.7,No,14,14,Yes,7,Outsideclassroom,No,English,atarse,simple-finite,NA,NA
El anciano se queda con el bebé,DE_WR_42_24_14_14_ARUG,78,14,79_14,2018,Kiel,Upper advanced,6,female,24,masc,PRE,MC,DEF,GI,N,dp,97.7,No,14,14,Yes,7,Outsideclassroom,No,English,quedarse,simple-finite,NA,NA
e intenta sacarse el bebé del mismo modo,DE_WR_42_24_14_14_ARUG,78,15,79_15,2018,Kiel,Upper advanced,6,female,24,masc,NA,MC,NA,GI,Y,nullsub,97.7,No,14,14,Yes,7,Outsideclassroom,No,English,intentar,infinitive,NA,NA
que antes lo hizo el otro hombre.,DE_WR_42_24_14_14_ARUG,78,16,79_16,2018,Kiel,Upper advanced,6,female,24,masc,POST,SC,DEF,NE,N,dp,97.7,No,14,14,Yes,7,Outsideclassroom,No,English,hacer,simple-finite,NA,NA
Cuando el protagonista pasa por el carrito de la señora,DE_WR_42_24_14_14_ARUG,78,17,79_17,2018,Kiel,Upper advanced,6,female,24,masc,PRE,SC,DEF,GI,N,dp,97.7,No,14,14,Yes,7,Outsideclassroom,No,English,pasar,simple-finite,NA,NA
ella se da cuenta,DE_WR_42_24_14_14_ARUG,78,18,79_18,2018,Kiel,Upper advanced,6,female,24,fem,PRE,MC,DEF,GI,N,pron,97.7,No,14,14,Yes,7,Outsideclassroom,No,English,darse ,periphrasis-lexical,NA,NA
y grita,DE_WR_42_24_14_14_ARUG,78,19,79_19,2018,Kiel,Upper advanced,6,female,24,fem,NA,MC,NA,GI,Y,nullsub,97.7,No,14,14,Yes,7,Outsideclassroom,No,English,gritar,simple-finite,NA,NA
que encuentra a un bebé tirado en una calle de un barrio de pocos recursos.,DE_WR_42_24_14_14_ARUG,78,2,79_2,2018,Kiel,Upper advanced,6,female,24,masc,PRE,SC,DEF,GI,N,pron,97.7,No,14,14,Yes,7,Outsideclassroom,No,English,encontrar,simple-finite,NA,NA
hasta que viene el policía,DE_WR_42_24_14_14_ARUG,78,20,79_20,2018,Kiel,Upper advanced,6,female,24,masc,POST,SC,DEF,GI,N,dp,97.7,No,14,14,Yes,7,Outsideclassroom,No,English,venir,simple-finite,NA,NA
y el protagonista se ve obligado a llevar al bebé consigo.,DE_WR_42_24_14_14_ARUG,78,21,79_21,2018,Kiel,Upper advanced,6,female,24,masc,PRE,MC,DEF,GI,N,dp,97.7,No,14,14,Yes,7,Outsideclassroom,No,English,verse,simple-finite,NA,NA
Deprimido se sienta en la vereda,DE_WR_42_24_14_14_ARUG,78,22,79_22,2018,Kiel,Upper advanced,6,female,24,masc,NA,MC,NA,GI,Y,nullsub,97.7,No,14,14,Yes,7,Outsideclassroom,No,English,sentarse,simple-finite,NA,NA
y encuentra un papel envuelto la tela,DE_WR_42_24_14_14_ARUG,78,23,79_23,2018,Kiel,Upper advanced,6,female,24,masc,NA,MC,NA,GI,Y,nullsub,97.7,No,14,14,Yes,7,Outsideclassroom,No,English,encontrar,simple-finite,NA,NA
que cubre al bebé.,DE_WR_42_24_14_14_ARUG,78,24,79_24,2018,Kiel,Upper advanced,6,female,24,masc,PRE,SC,DEF,GI,N,pron,97.7,No,14,14,Yes,7,Outsideclassroom,No,English,cubrir,simple-finite,NA,NA
que el bebé es un huérfano,DE_WR_42_24_14_14_ARUG,78,26,79_26,2018,Kiel,Upper advanced,6,female,24,masc,PRE,SC,DEF,GI,N,dp,97.7,No,14,14,Yes,7,Outsideclassroom,No,English,ser,simple-finite,NA,NA
"y que la persona […] se encargue, por favor, de él con mucho amor y cuidado.",DE_WR_42_24_14_14_ARUG,78,27,79_27,2018,Kiel,Upper advanced,6,female,24,fem,PRE,SC,DEF,NE,N,dp,97.7,No,14,14,Yes,7,Outsideclassroom,No,English,encargarse,simple-finite,NA,NA
que lo encuentre,DE_WR_42_24_14_14_ARUG,78,28,79_28,2018,Kiel,Upper advanced,6,female,24,fem,PRE,SC,DEF,GI,Y,pron,97.7,No,14,14,Yes,7,Outsideclassroom,No,English,encontrar,simple-finite,NA,NA
Con este mensaje el protagonista al final se siente feliz,DE_WR_42_24_14_14_ARUG,78,29,79_29,2018,Kiel,Upper advanced,6,female,24,masc,PRE,MC,DEF,GI,N,dp,97.7,No,14,14,Yes,7,Outsideclassroom,No,English,sentirse,simple-finite,NA,NA
Primero el hombre intenta poner el bebé en el carrito de una señora,DE_WR_42_24_14_14_ARUG,78,3,79_3,2018,Kiel,Upper advanced,6,female,24,masc,PRE,MC,DEF,GI,Y,dp,97.7,No,14,14,Yes,7,Outsideclassroom,No,English,intentar,infinitive,NA,NA
que no tenga que seguir buscando a los padres,DE_WR_42_24_14_14_ARUG,78,30,79_30,2018,Kiel,Upper advanced,6,female,24,masc,NA,SC,NA,GI,Y,nullsub,97.7,No,14,14,Yes,7,Outsideclassroom,No,English,tener,simple-finite,NA,NA
y cuida al bebé.,DE_WR_42_24_14_14_ARUG,78,31,79_31,2018,Kiel,Upper advanced,6,female,24,masc,NA,MC,NA,GI,Y,nullsub,97.7,No,14,14,Yes,7,Outsideclassroom,No,English,cuidar,simple-finite,NA,NA
pero ella se da cuenta.,DE_WR_42_24_14_14_ARUG,78,4,79_4,2018,Kiel,Upper advanced,6,female,24,fem,PRE,MC,DEF,GI,N,pron,97.7,No,14,14,Yes,7,Outsideclassroom,No,English,darse ,periphrasis-lexical,NA,NA
Entonces el hombre piensa en dejar el bebé otra vez en el lugar,DE_WR_42_24_14_14_ARUG,78,5,79_5,2018,Kiel,Upper advanced,6,female,24,masc,PRE,MC,DEF,GI,N,dp,97.7,No,14,14,Yes,7,Outsideclassroom,No,English,pensar,simple-finite,NA,NA
"en el que lo encontró,",DE_WR_42_24_14_14_ARUG,78,6,79_6,2018,Kiel,Upper advanced,6,female,24,masc,NA,SC,NA,GI,Y,nullsub,97.7,No,14,14,Yes,7,Outsideclassroom,No,English,encontrar,simple-finite,NA,NA
pero aparece un policía,DE_WR_42_24_14_14_ARUG,78,7,79_7,2018,Kiel,Upper advanced,6,female,24,masc,POST,MC,INDEF,NE,N,dp,97.7,No,14,14,Yes,7,Outsideclassroom,No,English,aparecer,simple-finite,NA,NA
y por eso lleva el bebé consigo,DE_WR_42_24_14_14_ARUG,78,8,79_8,2018,Kiel,Upper advanced,6,female,24,masc,NA,MC,NA,GI,N,nullsub,97.7,No,14,14,Yes,7,Outsideclassroom,No,English,llevar,simple-finite,NA,NA
Chaplin es la calle.,DE_WR_25_30_5_14_SD,79,1,8_1,2018,NA,Lower intermediate,3,male,30,masc,PRE,MC,DEF,NE,N,dp,58.1,No,25,5,Yes,45,Outsideclassroom,No,NA,ser,simple-finite,NA,NA
Pero ella no quiere un bebé más.,DE_WR_25_30_5_14_SD,79,10,8_10,2018,NA,Lower intermediate,3,male,30,fem,PRE,MC,DEF,GI,Y,pron,58.1,No,25,5,Yes,45,Outsideclassroom,No,NA,querer,simple-finite,NA,NA
Chaplin quería dejar el bebé en la calle.,DE_WR_25_30_5_14_SD,79,11,8_11,2018,NA,Lower intermediate,3,male,30,masc,PRE,MC,DEF,GI,N,dp,58.1,No,25,5,Yes,45,Outsideclassroom,No,NA,dejar,modal,NA,NA
Pero la policia ha viste a el.,DE_WR_25_30_5_14_SD,79,12,8_12,2018,NA,Lower intermediate,3,male,30,fem,PRE,MC,DEF,NE,N,dp,58.1,No,25,5,Yes,45,Outsideclassroom,No,NA,ver,simple-finite,NA,NA
En el fin Chaplin quiere quedar con el bebé.,DE_WR_25_30_5_14_SD,79,13,8_13,2018,NA,Lower intermediate,3,male,30,masc,PRE,MC,DEF,GI,N,dp,58.1,No,25,5,Yes,45,Outsideclassroom,No,NA,quedar,modal,NA,NA
Porque el encontrar una letra con el bebé.,DE_WR_25_30_5_14_SD,79,14,8_14,2018,NA,Lower intermediate,3,male,30,masc,NA,SC,NA,GI,Y,nullsub,58.1,No,25,5,Yes,45,Outsideclassroom,No,NA,encontrar,simple-finite,NA,NA
Basura se calló a su cabeza.,DE_WR_25_30_5_14_SD,79,2,8_2,2018,NA,Lower intermediate,3,male,30,fem,PRE,MC,INDEF,NE,N,dp,58.1,No,25,5,Yes,45,Outsideclassroom,No,NA,caer,simple-finite,NA,NA
Y el fuma una cigarra.,DE_WR_25_30_5_14_SD,79,3,8_3,2018,NA,Lower intermediate,3,male,30,masc,PRE,MC,DEF,GI,N,pron,58.1,No,25,5,Yes,45,Outsideclassroom,No,NA,fumar,simple-finite,NA,NA
Después el encontrar un bebé.,DE_WR_25_30_5_14_SD,79,4,8_4,2018,NA,Lower intermediate,3,male,30,masc,PRE,MC,DEF,GI,Y,pron,58.1,No,25,5,Yes,45,Outsideclassroom,No,NA,encontrar,simple-finite,NA,NA
El no sabe,DE_WR_25_30_5_14_SD,79,5,8_5,2018,NA,Lower intermediate,3,male,30,masc,PRE,MC,DEF,GI,Y,pron,58.1,No,25,5,Yes,45,Outsideclassroom,No,NA,saber,simple-finite,NA,NA
dónde puede quedarse.,DE_WR_25_30_5_14_SD,79,6,8_6,2018,NA,Lower intermediate,3,male,30,masc,NA,SC,NA,GI,Y,nullsub,58.1,No,25,5,Yes,45,Outsideclassroom,No,NA,quedarse,modal,NA,NA
O de donde está.,DE_WR_25_30_5_14_SD,79,7,8_7,2018,NA,Lower intermediate,3,male,30,masc,NA,SC,NA,GI,Y,nullsub,58.1,No,25,5,Yes,45,Outsideclassroom,No,NA,estar,simple-finite,NA,NA
El pregunto una mujer con un bebé,DE_WR_25_30_5_14_SD,79,8,8_8,2018,NA,Lower intermediate,3,male,30,masc,PRE,MC,DEF,GI,Y,pron,58.1,No,25,5,Yes,45,Outsideclassroom,No,NA,preguntar,simple-finite,NA,NA
que se puede quedar con ella.,DE_WR_25_30_5_14_SD,79,9,8_9,2018,NA,Lower intermediate,3,male,30,masc,NA,SC,NA,GI,N,nullsub,58.1,No,25,5,Yes,45,Outsideclassroom,No,NA,quedarse,modal,NA,NA
Chaplin le pide perdón,DE_WR_42_26_9_14_SK,80,10,80_10,2018,Osnabrück,Upper advanced,6,female,26,masc,PRE,MC,DEF,GI,N,dp,97.7,No,16,9,Yes,20,Outsideclassroom,No,English,pedir,simple-finite,NA,NA
que perdió al niño.,DE_WR_42_26_9_14_SK,80,12,80_12,2018,Osnabrück,Upper advanced,6,female,26,fem,NA,SC,NA,GI,N,nullsub,97.7,No,16,9,Yes,20,Outsideclassroom,No,English,perder,simple-finite,NA,NA
"Sin embargo, la señora le demanda coger al niño e irse con él.",DE_WR_42_26_9_14_SK,80,13,80_13,2018,Osnabrück,Upper advanced,6,female,26,fem,PRE,MC,DEF,GI,N,dp,97.7,No,16,9,Yes,20,Outsideclassroom,No,English,coger,simple-finite,NA,NA
Chaplin regresa al lugar,DE_WR_42_26_9_14_SK,80,14,80_14,2018,Osnabrück,Upper advanced,6,female,26,masc,PRE,MC,DEF,GI,N,dp,97.7,No,16,9,Yes,20,Outsideclassroom,No,English,regresar,simple-finite,NA,NA
donde encontró al niño para dejarlo allá.,DE_WR_42_26_9_14_SK,80,15,80_15,2018,Osnabrück,Upper advanced,6,female,26,masc,NA,SC,NA,GI,Y,nullsub,97.7,No,16,9,Yes,20,Outsideclassroom,No,English,encontrar,simple-finite,NA,NA
"En este momento, un policía le observa.",DE_WR_42_26_9_14_SK,80,16,80_16,2018,Osnabrück,Upper advanced,6,female,26,masc,PRE,MC,INDEF,NE,N,dp,97.7,No,16,9,Yes,20,Outsideclassroom,No,English,observar,simple-finite,NA,NA
"Chaplin lo ve,",DE_WR_42_26_9_14_SK,80,18,80_18,2018,Osnabrück,Upper advanced,6,female,26,masc,PRE,MC,DEF,GI,N,dp,97.7,No,16,9,Yes,20,Outsideclassroom,No,English,ver,simple-finite,NA,NA
recoge al bebe  acuesta al bebe en el wagón,DE_WR_42_26_9_14_SK,80,19,80_19,2018,Osnabrück,Upper advanced,6,female,26,masc,NA,MC,NA,GI,Y,nullsub,97.7,No,16,9,Yes,20,Outsideclassroom,No,English,recoger,simple-finite,NA,NA
Chaplin halla a un bebe abandonado en la calle.,DE_WR_42_26_9_14_SK,80,2,80_2,2018,Osnabrück,Upper advanced,6,female,26,masc,PRE,MC,DEF,NE,N,dp,97.7,No,16,9,Yes,20,Outsideclassroom,No,English,hallar,simple-finite,NA,NA
y huye.,DE_WR_42_26_9_14_SK,80,20,80_20,2018,Osnabrück,Upper advanced,6,female,26,masc,NA,MC,NA,GI,Y,nullsub,97.7,No,16,9,Yes,20,Outsideclassroom,No,English,huír,simple-finite,NA,NA
En su camino cruza con un señor mayor,DE_WR_42_26_9_14_SK,80,21,80_21,2018,Osnabrück,Upper advanced,6,female,26,masc,NA,MC,NA,GI,Y,nullsub,97.7,No,16,9,Yes,20,Outsideclassroom,No,English,cruzar,simple-finite,NA,NA
y le pide tomar al bebe,DE_WR_42_26_9_14_SK,80,22,80_22,2018,Osnabrück,Upper advanced,6,female,26,masc,NA,MC,NA,GI,Y,nullsub,97.7,No,16,9,Yes,20,Outsideclassroom,No,English,pedir,simple-finite,NA,NA
Justo en este momento se echa a correr,DE_WR_42_26_9_14_SK,80,24,80_24,2018,Osnabrück,Upper advanced,6,female,26,masc,NA,MC,NA,GI,Y,nullsub,97.7,No,16,9,Yes,20,Outsideclassroom,No,English,correr,simple-finite,NA,NA
y se esconde,DE_WR_42_26_9_14_SK,80,25,80_25,2018,Osnabrück,Upper advanced,6,female,26,masc,NA,MC,NA,GI,Y,nullsub,97.7,No,16,9,Yes,20,Outsideclassroom,No,English,esconder,simple-finite,NA,NA
para que el señor no le encuentre.,DE_WR_42_26_9_14_SK,80,26,80_26,2018,Osnabrück,Upper advanced,6,female,26,masc,PRE,SC,DEF,GI,N,dp,97.7,No,16,9,Yes,20,Outsideclassroom,No,English,encontrar,simple-finite,NA,NA
"Como quiere alejarse del niño,",DE_WR_42_26_9_14_SK,80,27,80_27,2018,Osnabrück,Upper advanced,6,female,26,masc,NA,SC,NA,GI,Y,nullsub,97.7,No,16,9,Yes,20,Outsideclassroom,No,English,alejar,modal,NA,NA
"el mayor ve el wagón de la mujer anterior delante de una tienda de zapatero,",DE_WR_42_26_9_14_SK,80,28,80_28,2018,Osnabrück,Upper advanced,6,female,26,masc,PRE,MC,DEF,GI,Y,dp,97.7,No,16,9,Yes,20,Outsideclassroom,No,English,ver,simple-finite,NA,NA
", y tal como lo hizo Chaplin,",DE_WR_42_26_9_14_SK,80,29,80_29,2018,Osnabrück,Upper advanced,6,female,26,masc,POST,SC,DEF,GI,N,dp,97.7,No,16,9,Yes,20,Outsideclassroom,No,English,hacer,simple-finite,NA,NA
"En este momento, una mujer con un wagón de bebe pasa por la ruina.",DE_WR_42_26_9_14_SK,80,3,80_3,2018,Osnabrück,Upper advanced,6,female,26,fem,PRE,MC,INDEF,NE,N,dp,97.7,No,16,9,Yes,20,Outsideclassroom,No,English,pasar,simple-finite,NA,NA
"En este momento, Chaplin, […] pasa por la tienda",DE_WR_42_26_9_14_SK,80,30,80_30,2018,Osnabrück,Upper advanced,6,female,26,masc,PRE,MC,DEF,GI,Y,dp,97.7,No,16,9,Yes,20,Outsideclassroom,No,English,pasar,simple-finite,NA,NA
quien está cierto,DE_WR_42_26_9_14_SK,80,31,80_31,2018,Osnabrück,Upper advanced,6,female,26,masc,PRE,SC,DEF,GI,Y,dp,97.7,No,16,9,Yes,20,Outsideclassroom,No,English,estar,simple-finite,NA,NA
"de que el problema se ha solucionado,",DE_WR_42_26_9_14_SK,80,32,80_32,2018,Osnabrück,Upper advanced,6,female,26,masc,PRE,SC,DEF,NE,N,dp,97.7,No,16,9,Yes,20,Outsideclassroom,No,English,solucionar,simple-finite,NA,NA
cuando la mujer aparece.,DE_WR_42_26_9_14_SK,80,33,80_33,2018,Osnabrück,Upper advanced,6,female,26,fem,PRE,SC,DEF,GI,N,dp,97.7,No,16,9,Yes,20,Outsideclassroom,No,English,aparecer,simple-finite,NA,NA
"que Chaplin repitió su crimen de dejar al bebe en su wagón,",DE_WR_42_26_9_14_SK,80,35,80_35,2018,Osnabrück,Upper advanced,6,female,26,masc,PRE,SC,DEF,GI,N,dp,97.7,No,16,9,Yes,20,Outsideclassroom,No,English,repetir,simple-finite,NA,NA
"se pone furiosa,",DE_WR_42_26_9_14_SK,80,36,80_36,2018,Osnabrück,Upper advanced,6,female,26,fem,NA,MC,NA,GI,N,nullsub,97.7,No,16,9,Yes,20,Outsideclassroom,No,English,poner,simple-finite,NA,NA
se le acerca,DE_WR_42_26_9_14_SK,80,37,80_37,2018,Osnabrück,Upper advanced,6,female,26,fem,NA,MC,NA,GI,Y,nullsub,97.7,No,16,9,Yes,20,Outsideclassroom,No,English,acercar,simple-finite,NA,NA
y le da golpes a Chaplin con su paraguas.,DE_WR_42_26_9_14_SK,80,38,80_38,2018,Osnabrück,Upper advanced,6,female,26,fem,NA,MC,NA,GI,Y,nullsub,97.7,No,16,9,Yes,20,Outsideclassroom,No,English,dar,simple-finite,NA,NA
El policía [...] se da cuenta de la discusión entre los dos,DE_WR_42_26_9_14_SK,80,39,80_39,2018,Osnabrück,Upper advanced,6,female,26,masc,PRE,MC,DEF,GI,N,dp,97.7,No,16,9,Yes,20,Outsideclassroom,No,English,darse ,periphrasis-lexical,NA,NA
"Chaplin se acerca al wagón,",DE_WR_42_26_9_14_SK,80,4,80_4,2018,Osnabrück,Upper advanced,6,female,26,masc,PRE,MC,DEF,GI,N,dp,97.7,No,16,9,Yes,20,Outsideclassroom,No,English,acercarse,simple-finite,NA,NA
que observó a Chaplin en la escena anterior,DE_WR_42_26_9_14_SK,80,40,80_40,2018,Osnabrück,Upper advanced,6,female,26,masc,PRE,SC,DEF,GI,Y,pron,97.7,No,16,9,Yes,20,Outsideclassroom,No,English,observar,simple-finite,NA,NA
e intenta llegar a saber,DE_WR_42_26_9_14_SK,80,41,80_41,2018,Osnabrück,Upper advanced,6,female,26,masc,NA,MC,NA,GI,Y,nullsub,97.7,No,16,9,Yes,20,Outsideclassroom,No,English,intentar,simple-finite,NA,NA
lo que pasó.,DE_WR_42_26_9_14_SK,80,42,80_42,2018,Osnabrück,Upper advanced,6,female,26,masc,PRE,SC,DEF,NE,N,pron,97.7,No,16,9,Yes,20,Outsideclassroom,No,English,pasar,simple-finite,NA,NA
"Chaplin toma al bebe,",DE_WR_42_26_9_14_SK,80,43,80_43,2018,Osnabrück,Upper advanced,6,female,26,masc,PRE,MC,DEF,GI,N,dp,97.7,No,16,9,Yes,20,Outsideclassroom,No,English,tomar,simple-finite,NA,NA
y se sienta en el borde de la acera,DE_WR_42_26_9_14_SK,80,44,80_44,2018,Osnabrück,Upper advanced,6,female,26,masc,NA,MC,NA,GI,Y,nullsub,97.7,No,16,9,Yes,20,Outsideclassroom,No,English,sentar,simple-finite,NA,NA
"De repente encuentra un papel en la ropa del bebe,",DE_WR_42_26_9_14_SK,80,46,80_46,2018,Osnabrück,Upper advanced,6,female,26,masc,NA,MC,NA,GI,N,nullsub,97.7,No,16,9,Yes,20,Outsideclassroom,No,English,encontrar,simple-finite,NA,NA
que ame y que cuide bien a este orfanato.,DE_WR_42_26_9_14_SK,80,48,80_48,2018,Osnabrück,Upper advanced,6,female,26,unknown,NA,SC,NA,GI,N,nullsub,97.7,No,16,9,Yes,20,Outsideclassroom,No,English,amar,simple-finite,NA,NA
"Al final, se aleja con el niño.",DE_WR_42_26_9_14_SK,80,49,80_49,2018,Osnabrück,Upper advanced,6,female,26,masc,NA,MC,NA,GI,Y,nullsub,97.7,No,16,9,Yes,20,Outsideclassroom,No,English,alejar,simple-finite,NA,NA
que el bebe abandonado le pertenece a la mujer.,DE_WR_42_26_9_14_SK,80,6,80_6,2018,Osnabrück,Upper advanced,6,female,26,masc,PRE,SC,DEF,GI,N,dp,97.7,No,16,9,Yes,20,Outsideclassroom,No,English,pertenecer,simple-finite,NA,NA
Chaplin le acuesta en el wagón,DE_WR_42_26_9_14_SK,80,7,80_7,2018,Osnabrück,Upper advanced,6,female,26,masc,PRE,MC,DEF,GI,N,dp,97.7,No,16,9,Yes,20,Outsideclassroom,No,English,acostar,simple-finite,NA,NA
"cuando la madre se acerca ,",DE_WR_42_26_9_14_SK,80,8,80_8,2018,Osnabrück,Upper advanced,6,female,26,fem,PRE,SC,DEF,GI,N,dp,97.7,No,16,9,Yes,20,Outsideclassroom,No,English,acercarse,simple-finite,NA,NA
furiosa de que le haya puesto un bebe desconocido en el wagón.,DE_WR_42_26_9_14_SK,80,9,80_9,2018,Osnabrück,Upper advanced,6,female,26,fem,NA,SC,NA,GI,Y,nullsub,97.7,No,16,9,Yes,20,Outsideclassroom,No,English,poner,simple-finite,NA,NA
"El videoclip trata de un hombre llamado Charles Chaplin,",DE_WR_43_23_9_14_AH,81,1,81_1,2019,Frankfurt,Upper advanced,6,male,23,masc,PRE,MC,DEF,NE,N,dp,100,No,14,9,Yes,25,Outsideclassroom,No,English,tratar,periphrasis-lexical,NA,NA
"Entre tanto, también se quita sus guantes",DE_WR_43_23_9_14_AH,81,11,81_11,2019,Frankfurt,Upper advanced,6,male,23,masc,NA,MC,NA,GI,Y,nullsub,100,No,14,9,Yes,25,Outsideclassroom,No,English,quitarse,simple-finite,NA,NA
que desecha en un cubo de basura.,DE_WR_43_23_9_14_AH,81,12,81_12,2019,Frankfurt,Upper advanced,6,male,23,masc,NA,SC,NA,GI,Y,nullsub,100,No,14,9,Yes,25,Outsideclassroom,No,English,desechar,simple-finite,NA,NA
"A continuación, encuentra a un bebé en el suelo,",DE_WR_43_23_9_14_AH,81,13,81_13,2019,Frankfurt,Upper advanced,6,male,23,masc,NA,MC,NA,GI,Y,nullsub,100,No,14,9,Yes,25,Outsideclassroom,No,English,encontrar,simple-finite,NA,NA
lo recoge,DE_WR_43_23_9_14_AH,81,14,81_14,2019,Frankfurt,Upper advanced,6,male,23,masc,NA,MC,NA,GI,Y,nullsub,100,No,14,9,Yes,25,Outsideclassroom,No,English,recoger,simple-finite,NA,NA
y lo pone en un cochecito con otro bebé.,DE_WR_43_23_9_14_AH,81,15,81_15,2019,Frankfurt,Upper advanced,6,male,23,masc,NA,MC,NA,GI,Y,nullsub,100,No,14,9,Yes,25,Outsideclassroom,No,English,poner,simple-finite,NA,NA
"Cuando la madre se da cuenta,",DE_WR_43_23_9_14_AH,81,16,81_16,2019,Frankfurt,Upper advanced,6,male,23,fem,PRE,SC,DEF,NE,N,dp,100,No,14,9,Yes,25,Outsideclassroom,No,English,darse ,periphrasis-lexical,NA,NA
y Chaplin tiene que llevarse al bebé otra vez.,DE_WR_43_23_9_14_AH,81,18,81_18,2019,Frankfurt,Upper advanced,6,male,23,masc,PRE,MC,DEF,GI,N,dp,100,No,14,9,Yes,25,Outsideclassroom,No,English,llevarse,modal,NA,NA
Decide regresar al sitio,DE_WR_43_23_9_14_AH,81,19,81_19,2019,Frankfurt,Upper advanced,6,male,23,masc,NA,MC,NA,GI,Y,nullsub,100,No,14,9,Yes,25,Outsideclassroom,No,English,decidir,infinitive,NA,NA
quien pasea por un callejón,DE_WR_43_23_9_14_AH,81,2,81_2,2019,Frankfurt,Upper advanced,6,male,23,masc,PRE,SC,DEF,GI,N,pron,100,No,14,9,Yes,25,Outsideclassroom,No,English,pasear,simple-finite,NA,NA
donde lo ha encontrado,DE_WR_43_23_9_14_AH,81,20,81_20,2019,Frankfurt,Upper advanced,6,male,23,masc,NA,SC,NA,GI,Y,nullsub,100,No,14,9,Yes,25,Outsideclassroom,No,English,encontrar,simple-finite,NA,NA
y lo pone en el suelo.,DE_WR_43_23_9_14_AH,81,21,81_21,2019,Frankfurt,Upper advanced,6,male,23,masc,NA,MC,NA,GI,Y,nullsub,100,No,14,9,Yes,25,Outsideclassroom,No,English,poner,simple-finite,NA,NA
"Sin embargo, un guardia observa esto.",DE_WR_43_23_9_14_AH,81,22,81_22,2019,Frankfurt,Upper advanced,6,male,23,masc,PRE,MC,INDEF,NE,N,dp,100,No,14,9,Yes,25,Outsideclassroom,No,English,observar,simple-finite,NA,NA
"Por eso, Chaplin vuelve a recogerlo del suelo",DE_WR_43_23_9_14_AH,81,23,81_23,2019,Frankfurt,Upper advanced,6,male,23,masc,PRE,MC,DEF,GI,N,dp,100,No,14,9,Yes,25,Outsideclassroom,No,English,recoger,periphrasis-lexical,NA,NA
y lo lleva consigo,DE_WR_43_23_9_14_AH,81,24,81_24,2019,Frankfurt,Upper advanced,6,male,23,masc,NA,MC,NA,GI,Y,nullsub,100,No,14,9,Yes,25,Outsideclassroom,No,English,llevar,simple-finite,NA,NA
al que se lo da.,DE_WR_43_23_9_14_AH,81,26,81_26,2019,Frankfurt,Upper advanced,6,male,23,masc,NA,SC,NA,GI,Y,nullsub,100,No,14,9,Yes,25,Outsideclassroom,No,English,dar,simple-finite,NA,NA
"En seguida, se va corriendo",DE_WR_43_23_9_14_AH,81,27,81_27,2019,Frankfurt,Upper advanced,6,male,23,masc,NA,MC,NA,GI,Y,nullsub,100,No,14,9,Yes,25,Outsideclassroom,No,English,ir,periphrasis-gerund,NA,NA
y se esconde en una sala al lado del lugar,DE_WR_43_23_9_14_AH,81,28,81_28,2019,Frankfurt,Upper advanced,6,male,23,masc,NA,MC,NA,GI,Y,nullsub,100,No,14,9,Yes,25,Outsideclassroom,No,English,esconderse,simple-finite,NA,NA
donde ha encontrado al bebé.,DE_WR_43_23_9_14_AH,81,29,81_29,2019,Frankfurt,Upper advanced,6,male,23,masc,NA,SC,NA,GI,Y,nullsub,100,No,14,9,Yes,25,Outsideclassroom,No,English,encontrar,simple-finite,NA,NA
"El hombre viejo, en cambio, no sabe",DE_WR_43_23_9_14_AH,81,30,81_30,2019,Frankfurt,Upper advanced,6,male,23,masc,PRE,MC,DEF,GI,N,dp,100,No,14,9,Yes,25,Outsideclassroom,No,English,saber,simple-finite,NA,NA
de ahí que lo ponga en un cochecito delante de una tienda,DE_WR_43_23_9_14_AH,81,32,81_32,2019,Frankfurt,Upper advanced,6,male,23,masc,NA,MC,NA,GI,Y,nullsub,100,No,14,9,Yes,25,Outsideclassroom,No,English,poner,simple-finite,NA,NA
y se eche a huir.,DE_WR_43_23_9_14_AH,81,34,81_34,2019,Frankfurt,Upper advanced,6,male,23,masc,NA,MC,NA,GI,Y,nullsub,100,No,14,9,Yes,25,Outsideclassroom,No,English,huír,periphrasis-lexical,NA,NA
"Entonces, Chaplin sale de su escondite,",DE_WR_43_23_9_14_AH,81,35,81_35,2019,Frankfurt,Upper advanced,6,male,23,masc,PRE,MC,DEF,GI,N,dp,100,No,14,9,Yes,25,Outsideclassroom,No,English,salir,simple-finite,NA,NA
choca con el guardia,DE_WR_43_23_9_14_AH,81,36,81_36,2019,Frankfurt,Upper advanced,6,male,23,masc,NA,MC,NA,GI,Y,nullsub,100,No,14,9,Yes,25,Outsideclassroom,No,English,chocar,simple-finite,NA,NA
y se da la vuelta hacia la calle.,DE_WR_43_23_9_14_AH,81,37,81_37,2019,Frankfurt,Upper advanced,6,male,23,masc,NA,MC,NA,GI,Y,nullsub,100,No,14,9,Yes,25,Outsideclassroom,No,English,darse,periphrasis-lexical,NA,NA
"Al mismo tiempo, la misma madre sale de una tienda para mirar por su bebé",DE_WR_43_23_9_14_AH,81,38,81_38,2019,Frankfurt,Upper advanced,6,male,23,fem,PRE,MC,DEF,GI,N,dp,100,No,14,9,Yes,25,Outsideclassroom,No,English,salir,simple-finite,NA,NA
y nota al otro bebé.,DE_WR_43_23_9_14_AH,81,39,81_39,2019,Frankfurt,Upper advanced,6,male,23,fem,NA,MC,NA,GI,Y,nullsub,100,No,14,9,Yes,25,Outsideclassroom,No,English,notar,simple-finite,NA,NA
y tiene que evitar la basura tirada por la ventana de la primera planta de un edificio.,DE_WR_43_23_9_14_AH,81,4,81_4,2019,Frankfurt,Upper advanced,6,male,23,masc,NA,MC,NA,GI,Y,nullsub,100,No,14,9,Yes,25,Outsideclassroom,No,English,evitar,modal,NA,NA
Cuando de repente la mujer ve a Chaplin,DE_WR_43_23_9_14_AH,81,40,81_40,2019,Frankfurt,Upper advanced,6,male,23,fem,PRE,SC,DEF,GI,Y,dp,100,No,14,9,Yes,25,Outsideclassroom,No,English,ver,simple-finite,NA,NA
"lo persigue,",DE_WR_43_23_9_14_AH,81,42,81_42,2019,Frankfurt,Upper advanced,6,male,23,fem,NA,MC,NA,GI,N,nullsub,100,No,14,9,Yes,25,Outsideclassroom,No,English,perseguir,simple-finite,NA,NA
lo tumba con su paraguas,DE_WR_43_23_9_14_AH,81,43,81_43,2019,Frankfurt,Upper advanced,6,male,23,fem,NA,MC,NA,GI,Y,nullsub,100,No,14,9,Yes,25,Outsideclassroom,No,English,tumbar,simple-finite,NA,NA
y lo lleva a su cochecito,DE_WR_43_23_9_14_AH,81,44,81_44,2019,Frankfurt,Upper advanced,6,male,23,fem,NA,MC,NA,GI,Y,nullsub,100,No,14,9,Yes,25,Outsideclassroom,No,English,llevar,simple-finite,NA,NA
donde discuten de tal modo,DE_WR_43_23_9_14_AH,81,45,81_45,2019,Frankfurt,Upper advanced,6,male,23,masc,NA,SC,NA,GI,N,nullsub,100,No,14,9,Yes,25,Outsideclassroom,No,English,discutir,simple-finite,NA,NA
que aparece el guardia,DE_WR_43_23_9_14_AH,81,46,81_46,2019,Frankfurt,Upper advanced,6,male,23,masc,POST,SC,DEF,GI,N,dp,100,No,14,9,Yes,25,Outsideclassroom,No,English,aparecer,simple-finite,NA,NA
y Chaplin se va junto con el bebé.,DE_WR_43_23_9_14_AH,81,47,81_47,2019,Frankfurt,Upper advanced,6,male,23,masc,PRE,MC,DEF,GI,N,dp,100,No,14,9,Yes,25,Outsideclassroom,No,English,irse,simple-finite,NA,NA
"Después, se sienta, un poco más lejos, en el margen de la calle",DE_WR_43_23_9_14_AH,81,48,81_48,2019,Frankfurt,Upper advanced,6,male,23,masc,NA,MC,NA,GI,Y,nullsub,100,No,14,9,Yes,25,Outsideclassroom,No,English,sentarse,simple-finite,NA,NA
y piensa deshacerse del bebé,DE_WR_43_23_9_14_AH,81,49,81_49,2019,Frankfurt,Upper advanced,6,male,23,masc,NA,MC,NA,GI,Y,nullsub,100,No,14,9,Yes,25,Outsideclassroom,No,English,pensar,infinitive,NA,NA
"La primera vez, tiene suerte,",DE_WR_43_23_9_14_AH,81,5,81_5,2019,Frankfurt,Upper advanced,6,male,23,masc,NA,MC,NA,GI,Y,nullsub,100,No,14,9,Yes,25,Outsideclassroom,No,English,tener,simple-finite,NA,NA
pero lo deja.,DE_WR_43_23_9_14_AH,81,51,81_51,2019,Frankfurt,Upper advanced,6,male,23,masc,NA,MC,NA,GI,Y,nullsub,100,No,14,9,Yes,25,Outsideclassroom,No,English,dejar,simple-finite,NA,NA
"Al final, encuentra un papelito con el ruego de cuidar del huérfano en el pañuelo",DE_WR_43_23_9_14_AH,81,52,81_52,2019,Frankfurt,Upper advanced,6,male,23,masc,NA,MC,NA,GI,Y,nullsub,100,No,14,9,Yes,25,Outsideclassroom,No,English,encontrar,simple-finite,NA,NA
en el que está envuelto el bebé.,DE_WR_43_23_9_14_AH,81,53,81_53,2019,Frankfurt,Upper advanced,6,male,23,masc,POST,SC,DEF,GI,Y,dp,100,No,14,9,Yes,25,Outsideclassroom,No,English,estar,simple-finite,NA,NA
"Chaplin mira al bebé,",DE_WR_43_23_9_14_AH,81,55,81_55,2019,Frankfurt,Upper advanced,6,male,23,masc,PRE,MC,DEF,GI,N,dp,100,No,14,9,Yes,25,Outsideclassroom,No,English,mirar,simple-finite,NA,NA
le sonríe,DE_WR_43_23_9_14_AH,81,56,81_56,2019,Frankfurt,Upper advanced,6,male,23,masc,NA,MC,NA,GI,Y,nullsub,100,No,14,9,Yes,25,Outsideclassroom,No,English,sonreír,simple-finite,NA,NA
y se lo lleva.,DE_WR_43_23_9_14_AH,81,57,81_57,2019,Frankfurt,Upper advanced,6,male,23,masc,NA,MC,NA,GI,Y,nullsub,100,No,14,9,Yes,25,Outsideclassroom,No,English,llevarse,simple-finite,NA,NA
"mientras que poco después la basura cae sobre él,",DE_WR_43_23_9_14_AH,81,6,81_6,2019,Frankfurt,Upper advanced,6,male,23,masc,PRE,SC,DEF,GI,N,dp,100,No,14,9,Yes,25,Outsideclassroom,No,English,caer,simple-finite,NA,NA
por lo cual comienza a maldecir.,DE_WR_43_23_9_14_AH,81,7,81_7,2019,Frankfurt,Upper advanced,6,male,23,fem,NA,SC,NA,GI,N,nullsub,100,No,14,9,Yes,25,Outsideclassroom,No,English,comenzar,simple-finite,NA,NA
"Luego, saca un cigarro de una cajita",DE_WR_43_23_9_14_AH,81,8,81_8,2019,Frankfurt,Upper advanced,6,male,23,masc,NA,MC,NA,GI,Y,nullsub,100,No,14,9,Yes,25,Outsideclassroom,No,English,sacar,simple-finite,NA,NA
"y lo enciende con un fósforo,",DE_WR_43_23_9_14_AH,81,9,81_9,2019,Frankfurt,Upper advanced,6,male,23,masc,NA,MC,NA,GI,Y,nullsub,100,No,14,9,Yes,25,Outsideclassroom,No,English,encender,simple-finite,NA,NA
Charlie Chaplin está caminando entre unas casas.,DE_WR_43_29_7_14_KP,82,1,82_1,2018,Hamburg,Upper advanced,6,female,29,masc,PRE,MC,DEF,NE,N,dp,100,No,16,7,Yes,20,Outsideclassroom,No,English,caminar,periphrasis-gerund,NA,NA
"y le grita ""awkward ass"" a la persona.",DE_WR_43_29_7_14_KP,82,10,82_10,2018,Hamburg,Upper advanced,6,female,29,masc,NA,MC,NA,GI,Y,nullsub,100,No,16,7,Yes,20,Outsideclassroom,No,English,gritar,simple-finite,NA,NA
Luego Charlie saca una cajilla con cigarillos,DE_WR_43_29_7_14_KP,82,11,82_11,2018,Hamburg,Upper advanced,6,female,29,masc,PRE,MC,DEF,GI,Y,dp,100,No,16,7,Yes,20,Outsideclassroom,No,English,sacar,simple-finite,NA,NA
y para calmarse se enciende un nuevo pitillo.,DE_WR_43_29_7_14_KP,82,12,82_12,2018,Hamburg,Upper advanced,6,female,29,masc,NA,MC,NA,GI,Y,nullsub,100,No,16,7,Yes,20,Outsideclassroom,No,English,encenderse,simple-finite,NA,NA
se quita sus guantes,DE_WR_43_29_7_14_KP,82,14,82_14,2018,Hamburg,Upper advanced,6,female,29,masc,NA,MC,NA,GI,Y,nullsub,100,No,16,7,Yes,20,Outsideclassroom,No,English,quitarse,simple-finite,NA,NA
y luego ya no se las pone,DE_WR_43_29_7_14_KP,82,15,82_15,2018,Hamburg,Upper advanced,6,female,29,masc,NA,MC,NA,GI,Y,nullsub,100,No,16,7,Yes,20,Outsideclassroom,No,English,ponerse,simple-finite,NA,NA
sino las tira en un bote de basura a su lado.,DE_WR_43_29_7_14_KP,82,16,82_16,2018,Hamburg,Upper advanced,6,female,29,masc,NA,SC,NA,GI,Y,nullsub,100,No,16,7,Yes,20,Outsideclassroom,No,English,tirar,simple-finite,NA,NA
Ya más calmado da la vuelta y de forma inesperada encuentra a un bebé en el suelo a un lado de otros botes.,DE_WR_43_29_7_14_KP,82,17,82_17,2018,Hamburg,Upper advanced,6,female,29,masc,NA,MC,NA,GI,Y,nullsub,100,No,16,7,Yes,20,Outsideclassroom,No,English,encontrar,simple-finite,NA,NA
El bebé está llorando,DE_WR_43_29_7_14_KP,82,18,82_18,2018,Hamburg,Upper advanced,6,female,29,masc,PRE,MC,DEF,GI,N,dp,100,No,16,7,Yes,20,Outsideclassroom,No,English,llorar,periphrasis-gerund,NA,NA
y Charlie no sabe,DE_WR_43_29_7_14_KP,82,19,82_19,2018,Hamburg,Upper advanced,6,female,29,masc,PRE,MC,DEF,GI,N,dp,100,No,16,7,Yes,20,Outsideclassroom,No,English,saber,simple-finite,NA,NA
De repente algiuen está tirando basura o piedras desde el primer piso de un edificio.,DE_WR_43_29_7_14_KP,82,2,82_2,2018,Hamburg,Upper advanced,6,female,29,unknown,PRE,MC,INDEF,NE,N,pron,100,No,16,7,Yes,20,Outsideclassroom,No,English,tirar,periphrasis-gerund,NA,NA
Lo agarra,DE_WR_43_29_7_14_KP,82,21,82_21,2018,Hamburg,Upper advanced,6,female,29,masc,NA,MC,NA,GI,Y,nullsub,100,No,16,7,Yes,20,Outsideclassroom,No,English,agarrar,simple-finite,NA,NA
y se pregunta,DE_WR_43_29_7_14_KP,82,22,82_22,2018,Hamburg,Upper advanced,6,female,29,masc,NA,MC,NA,GI,Y,nullsub,100,No,16,7,Yes,20,Outsideclassroom,No,English,preguntarse,simple-finite,NA,NA
de dónde ha salido esa criatura tan pequeña.,DE_WR_43_29_7_14_KP,82,23,82_23,2018,Hamburg,Upper advanced,6,female,29,fem,POST,SC,DEF,GI,N,dp,100,No,16,7,Yes,20,Outsideclassroom,No,English,salir,simple-finite,NA,NA
Charlie piensa,DE_WR_43_29_7_14_KP,82,25,82_25,2018,Hamburg,Upper advanced,6,female,29,masc,PRE,MC,DEF,GI,Y,dp,100,No,16,7,Yes,20,Outsideclassroom,No,English,pensar,simple-finite,NA,NA
que debe de ser la mamá del bebé.,DE_WR_43_29_7_14_KP,82,26,82_26,2018,Hamburg,Upper advanced,6,female,29,fem,POST,SC,DEF,GI,N,dp,100,No,16,7,Yes,20,Outsideclassroom,No,English,ser,modal,NA,NA
Por lo mismo se acerca a ella,DE_WR_43_29_7_14_KP,82,27,82_27,2018,Hamburg,Upper advanced,6,female,29,masc,NA,MC,NA,GI,N,nullsub,100,No,16,7,Yes,20,Outsideclassroom,No,English,acercarse,simple-finite,NA,NA
y le mete el bebé al carrito.,DE_WR_43_29_7_14_KP,82,28,82_28,2018,Hamburg,Upper advanced,6,female,29,masc,NA,MC,NA,GI,Y,nullsub,100,No,16,7,Yes,20,Outsideclassroom,No,English,meter,simple-finite,NA,NA
La señora empieza a quejarse,DE_WR_43_29_7_14_KP,82,29,82_29,2018,Hamburg,Upper advanced,6,female,29,fem,PRE,MC,DEF,GI,N,dp,100,No,16,7,Yes,20,Outsideclassroom,No,English,quejarse,periphrasis-lexical,NA,NA
Charlie está sorprendido,DE_WR_43_29_7_14_KP,82,3,82_3,2018,Hamburg,Upper advanced,6,female,29,masc,PRE,MC,DEF,GI,N,dp,100,No,16,7,Yes,20,Outsideclassroom,No,English,estar,simple-finite,NA,NA
ya que ya tiene otro bebé en la carreola,DE_WR_43_29_7_14_KP,82,30,82_30,2018,Hamburg,Upper advanced,6,female,29,fem,NA,SC,NA,GI,Y,nullsub,100,No,16,7,Yes,20,Outsideclassroom,No,English,tener,simple-finite,NA,NA
y le dice a Charlie,DE_WR_43_29_7_14_KP,82,31,82_31,2018,Hamburg,Upper advanced,6,female,29,fem,NA,MC,NA,GI,Y,nullsub,100,No,16,7,Yes,20,Outsideclassroom,No,English,decir,simple-finite,NA,NA
que no es lo suyo.,DE_WR_43_29_7_14_KP,82,32,82_32,2018,Hamburg,Upper advanced,6,female,29,masc,NA,SC,NA,GI,N,nullsub,100,No,16,7,Yes,20,Outsideclassroom,No,English,ser,simple-finite,NA,NA
Charlie toma el bebé,DE_WR_43_29_7_14_KP,82,33,82_33,2018,Hamburg,Upper advanced,6,female,29,masc,PRE,MC,DEF,GI,N,dp,100,No,16,7,Yes,20,Outsideclassroom,No,English,tomar,simple-finite,NA,NA
y como no sabe,DE_WR_43_29_7_14_KP,82,34,82_34,2018,Hamburg,Upper advanced,6,female,29,masc,NA,SC,NA,GI,Y,nullsub,100,No,16,7,Yes,20,Outsideclassroom,No,English,saber,simple-finite,NA,NA
de quién ni de dónde es,DE_WR_43_29_7_14_KP,82,35,82_35,2018,Hamburg,Upper advanced,6,female,29,masc,NA,SC,NA,GI,N,nullsub,100,No,16,7,Yes,20,Outsideclassroom,No,English,ser,simple-finite,NA,NA
lo regresa al lugar,DE_WR_43_29_7_14_KP,82,36,82_36,2018,Hamburg,Upper advanced,6,female,29,masc,NA,MC,NA,GI,Y,nullsub,100,No,16,7,Yes,20,Outsideclassroom,No,English,regresar,simple-finite,NA,NA
donde lo había encontrado.,DE_WR_43_29_7_14_KP,82,37,82_37,2018,Hamburg,Upper advanced,6,female,29,masc,NA,SC,NA,GI,Y,nullsub,100,No,16,7,Yes,20,Outsideclassroom,No,English,encontrar,simple-finite,NA,NA
Justamente es ese momento le obersva un guardia,DE_WR_43_29_7_14_KP,82,38,82_38,2018,Hamburg,Upper advanced,6,female,29,masc,POST,MC,INDEF,NE,N,dp,100,No,16,7,Yes,20,Outsideclassroom,No,English,observar,simple-finite,NA,NA
y Charlie se da cuenta,DE_WR_43_29_7_14_KP,82,39,82_39,2018,Hamburg,Upper advanced,6,female,29,masc,PRE,MC,DEF,GI,N,dp,100,No,16,7,Yes,20,Outsideclassroom,No,English,darse ,periphrasis-lexical,NA,NA
y por lo mismo sigue caminando adelante rápidamente.,DE_WR_43_29_7_14_KP,82,4,82_4,2018,Hamburg,Upper advanced,6,female,29,masc,NA,MC,NA,GI,Y,nullsub,100,No,16,7,Yes,20,Outsideclassroom,No,English,caminar,periphrasis-gerund,NA,NA
que no puede dejarlo en la calle,DE_WR_43_29_7_14_KP,82,40,82_40,2018,Hamburg,Upper advanced,6,female,29,masc,NA,SC,NA,GI,Y,nullsub,100,No,16,7,Yes,20,Outsideclassroom,No,English,dejar,modal,NA,NA
Lo agarra,DE_WR_43_29_7_14_KP,82,41,82_41,2018,Hamburg,Upper advanced,6,female,29,masc,NA,MC,NA,GI,Y,nullsub,100,No,16,7,Yes,20,Outsideclassroom,No,English,agarrar,simple-finite,NA,NA
y se va camindo.,DE_WR_43_29_7_14_KP,82,42,82_42,2018,Hamburg,Upper advanced,6,female,29,masc,NA,MC,NA,GI,Y,nullsub,100,No,16,7,Yes,20,Outsideclassroom,No,English,ir,periphrasis-gerund,NA,NA
Charlie toma la oportunidad,DE_WR_43_29_7_14_KP,82,44,82_44,2018,Hamburg,Upper advanced,6,female,29,masc,PRE,MC,DEF,GI,Y,dp,100,No,16,7,Yes,20,Outsideclassroom,No,English,tomar,simple-finite,NA,NA
y le pregunta al señor,DE_WR_43_29_7_14_KP,82,45,82_45,2018,Hamburg,Upper advanced,6,female,29,masc,NA,MC,NA,GI,Y,nullsub,100,No,16,7,Yes,20,Outsideclassroom,No,English,preguntar,simple-finite,NA,NA
si podría sostener un segundo al bebé,DE_WR_43_29_7_14_KP,82,46,82_46,2018,Hamburg,Upper advanced,6,female,29,masc,NA,SC,NA,GI,N,nullsub,100,No,16,7,Yes,20,Outsideclassroom,No,English,sostener,modal,NA,NA
Cuando el señor apenas lo agarra,DE_WR_43_29_7_14_KP,82,48,82_48,2018,Hamburg,Upper advanced,6,female,29,masc,PRE,SC,DEF,GI,N,dp,100,No,16,7,Yes,20,Outsideclassroom,No,English,agarrar,simple-finite,NA,NA
Charlie se va corriendo y huyendo.,DE_WR_43_29_7_14_KP,82,49,82_49,2018,Hamburg,Upper advanced,6,female,29,masc,PRE,MC,DEF,GI,N,dp,100,No,16,7,Yes,20,Outsideclassroom,No,English,ir,periphrasis-gerund,NA,NA
"Mientras camina,",DE_WR_43_29_7_14_KP,82,5,82_5,2018,Hamburg,Upper advanced,6,female,29,masc,NA,SC,NA,GI,Y,nullsub,100,No,16,7,Yes,20,Outsideclassroom,No,English,caminar,simple-finite,NA,NA
El señor con el bastón […] encuentra la misma carreola de la señora,DE_WR_43_29_7_14_KP,82,50,82_50,2018,Hamburg,Upper advanced,6,female,29,masc,PRE,MC,DEF,GI,N,dp,100,No,16,7,Yes,20,Outsideclassroom,No,English,encontrar,simple-finite,NA,NA
y se le mete al bebé.,DE_WR_43_29_7_14_KP,82,52,82_52,2018,Hamburg,Upper advanced,6,female,29,masc,NA,MC,NA,GI,Y,nullsub,100,No,16,7,Yes,20,Outsideclassroom,No,English,meter,simple-finite,NA,NA
Después Charlie pasa la señora,DE_WR_43_29_7_14_KP,82,53,82_53,2018,Hamburg,Upper advanced,6,female,29,masc,PRE,MC,DEF,GI,N,dp,100,No,16,7,Yes,20,Outsideclassroom,No,English,pasar,simple-finite,NA,NA
y ella  [...]  le pega al Charlie con sus paraguas,DE_WR_43_29_7_14_KP,82,54,82_54,2018,Hamburg,Upper advanced,6,female,29,fem,PRE,MC,DEF,GI,N,pron,100,No,16,7,Yes,20,Outsideclassroom,No,English,pegar,simple-finite,NA,NA
En ese momento también llega el guardia otra vez,DE_WR_43_29_7_14_KP,82,57,82_57,2018,Hamburg,Upper advanced,6,female,29,masc,POST,MC,DEF,GI,N,dp,100,No,16,7,Yes,20,Outsideclassroom,No,English,llegar,simple-finite,NA,NA
y Charlie no ve otra opción,DE_WR_43_29_7_14_KP,82,58,82_58,2018,Hamburg,Upper advanced,6,female,29,masc,PRE,MC,DEF,GI,N,dp,100,No,16,7,Yes,20,Outsideclassroom,No,English,ver,simple-finite,NA,NA
está fumando su cigarillo.,DE_WR_43_29_7_14_KP,82,6,82_6,2018,Hamburg,Upper advanced,6,female,29,masc,NA,MC,NA,GI,Y,nullsub,100,No,16,7,Yes,20,Outsideclassroom,No,English,fumar,periphrasis-gerund,NA,NA
Otra vez no se pudo deshacerse de esa criatura chiquita.,DE_WR_43_29_7_14_KP,82,60,82_60,2018,Hamburg,Upper advanced,6,female,29,masc,NA,MC,NA,GI,Y,nullsub,100,No,16,7,Yes,20,Outsideclassroom,No,English,deshacerse,modal,NA,NA
Ya medio desesperado se siente con el bebé en sus brazos en un andador,DE_WR_43_29_7_14_KP,82,61,82_61,2018,Hamburg,Upper advanced,6,female,29,masc,NA,MC,NA,GI,Y,nullsub,100,No,16,7,Yes,20,Outsideclassroom,No,English,sentarse,simple-finite,NA,NA
y encuentra un desagüe.,DE_WR_43_29_7_14_KP,82,62,82_62,2018,Hamburg,Upper advanced,6,female,29,masc,NA,MC,NA,GI,Y,nullsub,100,No,16,7,Yes,20,Outsideclassroom,No,English,encontrar,simple-finite,NA,NA
Pero por mala consciencia no puede dejarlo allí.,DE_WR_43_29_7_14_KP,82,63,82_63,2018,Hamburg,Upper advanced,6,female,29,masc,NA,MC,NA,GI,Y,nullsub,100,No,16,7,Yes,20,Outsideclassroom,No,English,dejar,modal,NA,NA
Luego en la ropa del bebé encuntra una nota,DE_WR_43_29_7_14_KP,82,64,82_64,2018,Hamburg,Upper advanced,6,female,29,masc,NA,MC,NA,GI,Y,nullsub,100,No,16,7,Yes,20,Outsideclassroom,No,English,encontrar,simple-finite,NA,NA
que dice,DE_WR_43_29_7_14_KP,82,65,82_65,2018,Hamburg,Upper advanced,6,female,29,fem,PRE,SC,DEF,GI,N,pron,100,No,16,7,Yes,20,Outsideclassroom,No,English,decir,simple-finite,NA,NA
"Charlie, […], se encariña con la idea,",DE_WR_43_29_7_14_KP,82,67,82_67,2018,Hamburg,Upper advanced,6,female,29,masc,PRE,MC,DEF,GI,N,dp,100,No,16,7,Yes,20,Outsideclassroom,No,English,encariñarse,simple-finite,NA,NA
responsable como es,DE_WR_43_29_7_14_KP,82,68,82_68,2018,Hamburg,Upper advanced,6,female,29,masc,NA,SC,NA,GI,Y,nullsub,100,No,16,7,Yes,20,Outsideclassroom,No,English,ser,simple-finite,NA,NA
se lleva al bebé.,DE_WR_43_29_7_14_KP,82,69,82_69,2018,Hamburg,Upper advanced,6,female,29,masc,NA,MC,NA,GI,Y,nullsub,100,No,16,7,Yes,20,Outsideclassroom,No,English,llevar,simple-finite,NA,NA
Ya más adelante una otra persona tira basura desde otro edificio,DE_WR_43_29_7_14_KP,82,7,82_7,2018,Hamburg,Upper advanced,6,female,29,fem,PRE,MC,INDEF,NE,N,dp,100,No,16,7,Yes,20,Outsideclassroom,No,English,tirar,simple-finite,NA,NA
Lo criará,DE_WR_43_29_7_14_KP,82,70,82_70,2018,Hamburg,Upper advanced,6,female,29,masc,NA,MC,NA,GI,Y,nullsub,100,No,16,7,Yes,20,Outsideclassroom,No,English,criar,simple-finite,NA,NA
y lo cuidará para siempre como su propio hijo.,DE_WR_43_29_7_14_KP,82,71,82_71,2018,Hamburg,Upper advanced,6,female,29,masc,NA,MC,NA,GI,Y,nullsub,100,No,16,7,Yes,20,Outsideclassroom,No,English,cuidar,simple-finite,NA,NA
y se le llega directamente a la cabeza de Charlie.,DE_WR_43_29_7_14_KP,82,8,82_8,2018,Hamburg,Upper advanced,6,female,29,fem,NA,MC,NA,GI,N,nullsub,100,No,16,7,Yes,20,Outsideclassroom,No,English,llegar,simple-finite,NA,NA
"Charlie, bien sorprendido y enojado, mira hacia arriba",DE_WR_43_29_7_14_KP,82,9,82_9,2018,Hamburg,Upper advanced,6,female,29,masc,PRE,MC,DEF,GI,N,dp,100,No,16,7,Yes,20,Outsideclassroom,No,English,mirar,simple-finite,NA,NA
Esto  vidéo trata de uno hombre,DE_WR_27_19_1_14_AB,83,1,9_1,2018,Münster,Lower intermediate,3,female,19,masc,PRE,MC,DEF,NE,N,dp,62.8,No,18,1,No,20,Outsideclassroom,No,English,tratar,simple-finite,NA,NA
Hombre tiene el bébé una otra vez,DE_WR_27_19_1_14_AB,83,10,9_10,2018,Münster,Lower intermediate,3,female,19,masc,PRE,MC,DEF,GI,N,dp,62.8,No,18,1,No,20,Outsideclassroom,No,English,tener,simple-finite,NA,NA
y la mujer se va.,DE_WR_27_19_1_14_AB,83,11,9_11,2018,Münster,Lower intermediate,3,female,19,fem,PRE,MC,DEF,GI,N,dp,62.8,No,18,1,No,20,Outsideclassroom,No,English,irse,simple-finite,NA,NA
La policia arriba,DE_WR_27_19_1_14_AB,83,12,9_12,2018,Münster,Lower intermediate,3,female,19,fem,PRE,MC,DEF,NE,N,dp,62.8,No,18,1,No,20,Outsideclassroom,No,English,querer,simple-finite,NA,NA
cuando hombre quiere metter el bébé al lado del cubo por una otra vez.,DE_WR_27_19_1_14_AB,83,13,9_13,2018,Münster,Lower intermediate,3,female,19,masc,PRE,SC,DEF,GI,N,dp,62.8,No,18,1,No,20,Outsideclassroom,No,English,querer,simple-finite,NA,NA
Hombre se va,DE_WR_27_19_1_14_AB,83,14,9_14,2018,Münster,Lower intermediate,3,female,19,masc,PRE,MC,DEF,GI,Y,dp,62.8,No,18,1,No,20,Outsideclassroom,No,English,irse,simple-finite,NA,NA
y da el bébé a uno otro hombre,DE_WR_27_19_1_14_AB,83,15,9_15,2018,Münster,Lower intermediate,3,female,19,masc,NA,MC,NA,GI,Y,nullsub,62.8,No,18,1,No,20,Outsideclassroom,No,English,dar,simple-finite,NA,NA
y sale.,DE_WR_27_19_1_14_AB,83,16,9_16,2018,Münster,Lower intermediate,3,female,19,masc,NA,MC,NA,GI,Y,nullsub,62.8,No,18,1,No,20,Outsideclassroom,No,English,salir,simple-finite,NA,NA
El otro hombre pone El bébé en una coche con el otro bébé della mujer,DE_WR_27_19_1_14_AB,83,17,9_17,2018,Münster,Lower intermediate,3,female,19,masc,PRE,MC,DEF,GI,N,dp,62.8,No,18,1,No,20,Outsideclassroom,No,English,poner,simple-finite,NA,NA
y el primo hombre se camufla.,DE_WR_27_19_1_14_AB,83,18,9_18,2018,Münster,Lower intermediate,3,female,19,masc,PRE,MC,DEF,GI,N,dp,62.8,No,18,1,No,20,Outsideclassroom,No,English,camuflar,simple-finite,NA,NA
"La mujer es furiosa,",DE_WR_27_19_1_14_AB,83,19,9_19,2018,Münster,Lower intermediate,3,female,19,fem,PRE,MC,DEF,GI,N,dp,62.8,No,18,1,No,20,Outsideclassroom,No,English,ser,simple-finite,NA,NA
que está fuera en un patio.,DE_WR_27_19_1_14_AB,83,2,9_2,2018,Münster,Lower intermediate,3,female,19,masc,PRE,SC,DEF,GI,N,pron,62.8,No,18,1,No,20,Outsideclassroom,No,English,estar,simple-finite,NA,NA
ve el primo hombre,DE_WR_27_19_1_14_AB,83,20,9_20,2018,Münster,Lower intermediate,3,female,19,fem,NA,MC,NA,GI,Y,nullsub,62.8,No,18,1,No,20,Outsideclassroom,No,English,ver,simple-finite,NA,NA
y le smetta con su ombrello.,DE_WR_27_19_1_14_AB,83,21,9_21,2018,Münster,Lower intermediate,3,female,19,fem,NA,MC,NA,GI,Y,nullsub,62.8,No,18,1,No,20,Outsideclassroom,No,English,golpear,simple-finite,NA,NA
La policia arriba,DE_WR_27_19_1_14_AB,83,22,9_22,2018,Münster,Lower intermediate,3,female,19,fem,PRE,MC,DEF,GI,N,dp,62.8,No,18,1,No,20,Outsideclassroom,No,English,llegar,simple-finite,NA,NA
y ellos hablan.,DE_WR_27_19_1_14_AB,83,23,9_23,2018,Münster,Lower intermediate,3,female,19,masc,PRE,MC,DEF,GI,N,pron,62.8,No,18,1,No,20,Outsideclassroom,No,English,hablar,simple-finite,NA,NA
Primo hombre tiene El bébé,DE_WR_27_19_1_14_AB,83,24,9_24,2018,Münster,Lower intermediate,3,female,19,masc,PRE,MC,DEF,GI,N,dp,62.8,No,18,1,No,20,Outsideclassroom,No,English,tener,simple-finite,NA,NA
y se va,DE_WR_27_19_1_14_AB,83,25,9_25,2018,Münster,Lower intermediate,3,female,19,masc,NA,MC,NA,GI,Y,nullsub,62.8,No,18,1,No,20,Outsideclassroom,No,English,irse,simple-finite,NA,NA
y piensa dellas idéas por eliminar el bébé.,DE_WR_27_19_1_14_AB,83,26,9_26,2018,Münster,Lower intermediate,3,female,19,masc,NA,MC,NA,GI,Y,nullsub,62.8,No,18,1,No,20,Outsideclassroom,No,English,pensar,simple-finite,NA,NA
Al fino escubre una lettera con El bébé,DE_WR_27_19_1_14_AB,83,27,9_27,2018,Münster,Lower intermediate,3,female,19,masc,NA,MC,NA,GI,Y,nullsub,62.8,No,18,1,No,20,Outsideclassroom,No,English,descubrir,simple-finite,NA,NA
que dice: [Please love and take care of this orphan Child.],DE_WR_27_19_1_14_AB,83,28,9_28,2018,Münster,Lower intermediate,3,female,19,fem,PRE,SC,DEF,GI,N,pron,62.8,No,18,1,No,20,Outsideclassroom,No,English,decir,simple-finite,NA,NA
El decide de tener el bébé.,DE_WR_27_19_1_14_AB,83,29,9_29,2018,Münster,Lower intermediate,3,female,19,masc,PRE,MC,DEF,GI,N,pron,62.8,No,18,1,No,20,Outsideclassroom,No,English,tener,simple-finite,NA,NA
Aqui descubre un box con unos cigarillos,DE_WR_27_19_1_14_AB,83,3,9_3,2018,Münster,Lower intermediate,3,female,19,masc,NA,MC,NA,GI,Y,nullsub,62.8,No,18,1,No,20,Outsideclassroom,No,English,descubrir,simple-finite,NA,NA
y también descubre un bébé al lado de un cubo.,DE_WR_27_19_1_14_AB,83,4,9_4,2018,Münster,Lower intermediate,3,female,19,masc,NA,MC,NA,GI,Y,nullsub,62.8,No,18,1,No,20,Outsideclassroom,No,English,descubrir,simple-finite,NA,NA
Tiene el bébé,DE_WR_27_19_1_14_AB,83,5,9_5,2018,Münster,Lower intermediate,3,female,19,masc,NA,MC,NA,GI,Y,nullsub,62.8,No,18,1,No,20,Outsideclassroom,No,English,tener,simple-finite,NA,NA
y va a la mujer con uno otro bébé,DE_WR_27_19_1_14_AB,83,6,9_6,2018,Münster,Lower intermediate,3,female,19,masc,NA,MC,NA,GI,Y,nullsub,62.8,No,18,1,No,20,Outsideclassroom,No,English,ir,simple-finite,NA,NA
"y dice: [pardon me, you dropped something“.]",DE_WR_27_19_1_14_AB,83,7,9_7,2018,Münster,Lower intermediate,3,female,19,masc,NA,MC,NA,GI,Y,nullsub,62.8,No,18,1,No,20,Outsideclassroom,No,English,decir,simple-finite,NA,NA
La mujer está furiosa,DE_WR_27_19_1_14_AB,83,8,9_8,2018,Münster,Lower intermediate,3,female,19,fem,PRE,MC,DEF,GI,N,dp,62.8,No,18,1,No,20,Outsideclassroom,No,English,estar,simple-finite,NA,NA
porque no es su bébé.,DE_WR_27_19_1_14_AB,83,9,9_9,2018,Münster,Lower intermediate,3,female,19,fem,POST,SC,DEF,GI,N,dp,62.8,No,18,1,No,20,Outsideclassroom,No,English,ser,simple-finite,NA,NA
Chaplin camino en la calle,DE_WR_19_26_5_14_MRL,84,1,83_1,2021,Goethe University,Upper beginner,2,female,26,masc,PRE,MC,DEF,NE,N,dp,44.2,Yes,1,5,Yes,4,Outside classroom,Yes,English,ser,simple-finite,"Spanish, English","Chaplin camino en la calle y busco un bebé cerca de una esquina. El no quiere el bebé y busco una otra persona para el bebé. Hay una mujer con un otro bebé, pero ella no quiere un otro. Un hombre que es viejo y no saludable, tampoco quiere el bebé. Chaplin vuelve a la esquina para dejar el bebé. Allí fue un hombre de la policía y Chaplin fue a la calle. Una otra vez lo mismo. Pero nadie quiere el bebé por eso el tiene problemas con una mujer y después con la policía. Cuando el lleva el bebé, Chaplin les una noticia en la ropa del niño, que estás bien para el bebé."
y busco un bebé cerca de una esquina,DE_WR_19_26_5_14_MRL,84,2,83_2,2021,Goethe University,Upper beginner,2,female,26,masc,NA,MC,NA,GI,Y,nullsub,44.2,Yes,1,5,Yes,4,Outside classroom,Yes,English,buscar,simple-finite,"Spanish, English","Chaplin camino en la calle y busco un bebé cerca de una esquina. El no quiere el bebé y busco una otra persona para el bebé. Hay una mujer con un otro bebé, pero ella no quiere un otro. Un hombre que es viejo y no saludable, tampoco quiere el bebé. Chaplin vuelve a la esquina para dejar el bebé. Allí fue un hombre de la policía y Chaplin fue a la calle. Una otra vez lo mismo. Pero nadie quiere el bebé por eso el tiene problemas con una mujer y después con la policía. Cuando el lleva el bebé, Chaplin les una noticia en la ropa del niño, que estás bien para el bebé."
El no quiere el bebé,DE_WR_19_26_5_14_MRL,84,3,83_3,2021,Goethe University,Upper beginner,2,female,26,masc,PRE,MC,DEF,GI,Y,pron,44.2,Yes,1,5,Yes,4,Outside classroom,Yes,English,querer,simple-finite,"Spanish, English","Chaplin camino en la calle y busco un bebé cerca de una esquina. El no quiere el bebé y busco una otra persona para el bebé. Hay una mujer con un otro bebé, pero ella no quiere un otro. Un hombre que es viejo y no saludable, tampoco quiere el bebé. Chaplin vuelve a la esquina para dejar el bebé. Allí fue un hombre de la policía y Chaplin fue a la calle. Una otra vez lo mismo. Pero nadie quiere el bebé por eso el tiene problemas con una mujer y después con la policía. Cuando el lleva el bebé, Chaplin les una noticia en la ropa del niño, que estás bien para el bebé."
y busco una otra persona para el bebé,DE_WR_19_26_5_14_MRL,84,4,83_4,2021,Goethe University,Upper beginner,2,female,26,masc,NA,MC,NA,GI,Y,nullsub,44.2,Yes,1,5,Yes,4,Outside classroom,Yes,English,buscar,simple-finite,"Spanish, English","Chaplin camino en la calle y busco un bebé cerca de una esquina. El no quiere el bebé y busco una otra persona para el bebé. Hay una mujer con un otro bebé, pero ella no quiere un otro. Un hombre que es viejo y no saludable, tampoco quiere el bebé. Chaplin vuelve a la esquina para dejar el bebé. Allí fue un hombre de la policía y Chaplin fue a la calle. Una otra vez lo mismo. Pero nadie quiere el bebé por eso el tiene problemas con una mujer y después con la policía. Cuando el lleva el bebé, Chaplin les una noticia en la ropa del niño, que estás bien para el bebé."
Hay una mujer con un otro bebé,DE_WR_19_26_5_14_MRL,84,5,83_5,2021,Goethe University,Upper beginner,2,female,26,fem,POST,MC,INDEF,NE,N,dp,44.2,Yes,1,5,Yes,4,Outside classroom,Yes,English,haber,simple-finite,"Spanish, English","Chaplin camino en la calle y busco un bebé cerca de una esquina. El no quiere el bebé y busco una otra persona para el bebé. Hay una mujer con un otro bebé, pero ella no quiere un otro. Un hombre que es viejo y no saludable, tampoco quiere el bebé. Chaplin vuelve a la esquina para dejar el bebé. Allí fue un hombre de la policía y Chaplin fue a la calle. Una otra vez lo mismo. Pero nadie quiere el bebé por eso el tiene problemas con una mujer y después con la policía. Cuando el lleva el bebé, Chaplin les una noticia en la ropa del niño, que estás bien para el bebé."
pero ella no quiere un otro,DE_WR_19_26_5_14_MRL,84,6,83_6,2021,Goethe University,Upper beginner,2,female,26,fem,PRE,MC,DEF,GI,Y,pron,44.2,Yes,1,5,Yes,4,Outside classroom,Yes,English,querer,simple-finite,"Spanish, English","Chaplin camino en la calle y busco un bebé cerca de una esquina. El no quiere el bebé y busco una otra persona para el bebé. Hay una mujer con un otro bebé, pero ella no quiere un otro. Un hombre que es viejo y no saludable, tampoco quiere el bebé. Chaplin vuelve a la esquina para dejar el bebé. Allí fue un hombre de la policía y Chaplin fue a la calle. Una otra vez lo mismo. Pero nadie quiere el bebé por eso el tiene problemas con una mujer y después con la policía. Cuando el lleva el bebé, Chaplin les una noticia en la ropa del niño, que estás bien para el bebé."
Un hombre que es viejo y no saludable,DE_WR_19_26_5_14_MRL,84,7,83_7,2021,Goethe University,Upper beginner,2,female,26,masc,PRE,MC,INDEF,NE,N,dp,44.2,Yes,1,5,Yes,4,Outside classroom,Yes,English,ser,simple-finite,"Spanish, English","Chaplin camino en la calle y busco un bebé cerca de una esquina. El no quiere el bebé y busco una otra persona para el bebé. Hay una mujer con un otro bebé, pero ella no quiere un otro. Un hombre que es viejo y no saludable, tampoco quiere el bebé. Chaplin vuelve a la esquina para dejar el bebé. Allí fue un hombre de la policía y Chaplin fue a la calle. Una otra vez lo mismo. Pero nadie quiere el bebé por eso el tiene problemas con una mujer y después con la policía. Cuando el lleva el bebé, Chaplin les una noticia en la ropa del niño, que estás bien para el bebé."
tampoco quiere el bebé,DE_WR_19_26_5_14_MRL,84,8,83_8,2021,Goethe University,Upper beginner,2,female,26,masc,NA,MC,NA,GI,Y,nullsub,44.2,Yes,1,5,Yes,4,Outside classroom,Yes,English,querer,simple-finite,"Spanish, English","Chaplin camino en la calle y busco un bebé cerca de una esquina. El no quiere el bebé y busco una otra persona para el bebé. Hay una mujer con un otro bebé, pero ella no quiere un otro. Un hombre que es viejo y no saludable, tampoco quiere el bebé. Chaplin vuelve a la esquina para dejar el bebé. Allí fue un hombre de la policía y Chaplin fue a la calle. Una otra vez lo mismo. Pero nadie quiere el bebé por eso el tiene problemas con una mujer y después con la policía. Cuando el lleva el bebé, Chaplin les una noticia en la ropa del niño, que estás bien para el bebé."
Chaplin vuelve a la esquina para dejar el bebé,DE_WR_19_26_5_14_MRL,84,9,83_9,2021,Goethe University,Upper beginner,2,female,26,masc,PRE,MC,DEF,GI,N,dp,44.2,Yes,1,5,Yes,4,Outside classroom,Yes,English,volver,simple-finite,"Spanish, English","Chaplin camino en la calle y busco un bebé cerca de una esquina. El no quiere el bebé y busco una otra persona para el bebé. Hay una mujer con un otro bebé, pero ella no quiere un otro. Un hombre que es viejo y no saludable, tampoco quiere el bebé. Chaplin vuelve a la esquina para dejar el bebé. Allí fue un hombre de la policía y Chaplin fue a la calle. Una otra vez lo mismo. Pero nadie quiere el bebé por eso el tiene problemas con una mujer y después con la policía. Cuando el lleva el bebé, Chaplin les una noticia en la ropa del niño, que estás bien para el bebé."
Allí fue un hombre de la policía,DE_WR_19_26_5_14_MRL,84,10,83_10,2021,Goethe University,Upper beginner,2,female,26,masc,POST,MC,INDEF,NE,N,dp,44.2,Yes,1,5,Yes,4,Outside classroom,Yes,English,ser,simple-finite,"Spanish, English","Chaplin camino en la calle y busco un bebé cerca de una esquina. El no quiere el bebé y busco una otra persona para el bebé. Hay una mujer con un otro bebé, pero ella no quiere un otro. Un hombre que es viejo y no saludable, tampoco quiere el bebé. Chaplin vuelve a la esquina para dejar el bebé. Allí fue un hombre de la policía y Chaplin fue a la calle. Una otra vez lo mismo. Pero nadie quiere el bebé por eso el tiene problemas con una mujer y después con la policía. Cuando el lleva el bebé, Chaplin les una noticia en la ropa del niño, que estás bien para el bebé."
y Chaplin fue a la calle,DE_WR_19_26_5_14_MRL,84,11,83_11,2021,Goethe University,Upper beginner,2,female,26,masc,PRE,MC,DEF,GI,N,dp,44.2,Yes,1,5,Yes,4,Outside classroom,Yes,English,ser,simple-finite,"Spanish, English","Chaplin camino en la calle y busco un bebé cerca de una esquina. El no quiere el bebé y busco una otra persona para el bebé. Hay una mujer con un otro bebé, pero ella no quiere un otro. Un hombre que es viejo y no saludable, tampoco quiere el bebé. Chaplin vuelve a la esquina para dejar el bebé. Allí fue un hombre de la policía y Chaplin fue a la calle. Una otra vez lo mismo. Pero nadie quiere el bebé por eso el tiene problemas con una mujer y después con la policía. Cuando el lleva el bebé, Chaplin les una noticia en la ropa del niño, que estás bien para el bebé."
Pero nadie quiere el bebé,DE_WR_19_26_5_14_MRL,84,13,83_13,2021,Goethe University,Upper beginner,2,female,26,masc,PRE,MC,INDEF,NE,N,pron,44.2,Yes,1,5,Yes,4,Outside classroom,Yes,English,querer,simple-finite,"Spanish, English","Chaplin camino en la calle y busco un bebé cerca de una esquina. El no quiere el bebé y busco una otra persona para el bebé. Hay una mujer con un otro bebé, pero ella no quiere un otro. Un hombre que es viejo y no saludable, tampoco quiere el bebé. Chaplin vuelve a la esquina para dejar el bebé. Allí fue un hombre de la policía y Chaplin fue a la calle. Una otra vez lo mismo. Pero nadie quiere el bebé por eso el tiene problemas con una mujer y después con la policía. Cuando el lleva el bebé, Chaplin les una noticia en la ropa del niño, que estás bien para el bebé."
por eso el tiene problemas con una mujer,DE_WR_19_26_5_14_MRL,84,14,83_14,2021,Goethe University,Upper beginner,2,female,26,masc,PRE,MC,DEF,GI,N,pron,44.2,Yes,1,5,Yes,4,Outside classroom,Yes,English,tener,simple-finite,"Spanish, English","Chaplin camino en la calle y busco un bebé cerca de una esquina. El no quiere el bebé y busco una otra persona para el bebé. Hay una mujer con un otro bebé, pero ella no quiere un otro. Un hombre que es viejo y no saludable, tampoco quiere el bebé. Chaplin vuelve a la esquina para dejar el bebé. Allí fue un hombre de la policía y Chaplin fue a la calle. Una otra vez lo mismo. Pero nadie quiere el bebé por eso el tiene problemas con una mujer y después con la policía. Cuando el lleva el bebé, Chaplin les una noticia en la ropa del niño, que estás bien para el bebé."
y después con la policía,DE_WR_19_26_5_14_MRL,84,15,83_15,2021,Goethe University,Upper beginner,2,female,26,masc,NA,MC,NA,GI,Y,nullsub,44.2,Yes,1,5,Yes,4,Outside classroom,Yes,English,NA,NA,"Spanish, English","Chaplin camino en la calle y busco un bebé cerca de una esquina. El no quiere el bebé y busco una otra persona para el bebé. Hay una mujer con un otro bebé, pero ella no quiere un otro. Un hombre que es viejo y no saludable, tampoco quiere el bebé. Chaplin vuelve a la esquina para dejar el bebé. Allí fue un hombre de la policía y Chaplin fue a la calle. Una otra vez lo mismo. Pero nadie quiere el bebé por eso el tiene problemas con una mujer y después con la policía. Cuando el lleva el bebé, Chaplin les una noticia en la ropa del niño, que estás bien para el bebé."
Cuando el lleva el bebé,DE_WR_19_26_5_14_MRL,84,16,83_16,2021,Goethe University,Upper beginner,2,female,26,masc,PRE,MC,DEF,GI,Y,pron,44.2,Yes,1,5,Yes,4,Outside classroom,Yes,English,llevar,simple-finite,"Spanish, English","Chaplin camino en la calle y busco un bebé cerca de una esquina. El no quiere el bebé y busco una otra persona para el bebé. Hay una mujer con un otro bebé, pero ella no quiere un otro. Un hombre que es viejo y no saludable, tampoco quiere el bebé. Chaplin vuelve a la esquina para dejar el bebé. Allí fue un hombre de la policía y Chaplin fue a la calle. Una otra vez lo mismo. Pero nadie quiere el bebé por eso el tiene problemas con una mujer y después con la policía. Cuando el lleva el bebé, Chaplin les una noticia en la ropa del niño, que estás bien para el bebé."
Chaplin les una noticia en la ropa del niño,DE_WR_19_26_5_14_MRL,84,17,83_17,2021,Goethe University,Upper beginner,2,female,26,masc,PRE,MC,DEF,GI,Y,dp,44.2,Yes,1,5,Yes,4,Outside classroom,Yes,English,leer,simple-finite,"Spanish, English","Chaplin camino en la calle y busco un bebé cerca de una esquina. El no quiere el bebé y busco una otra persona para el bebé. Hay una mujer con un otro bebé, pero ella no quiere un otro. Un hombre que es viejo y no saludable, tampoco quiere el bebé. Chaplin vuelve a la esquina para dejar el bebé. Allí fue un hombre de la policía y Chaplin fue a la calle. Una otra vez lo mismo. Pero nadie quiere el bebé por eso el tiene problemas con una mujer y después con la policía. Cuando el lleva el bebé, Chaplin les una noticia en la ropa del niño, que estás bien para el bebé."
que estás bien para el bebé,DE_WR_19_26_5_14_MRL,84,18,83_18,2021,Goethe University,Upper beginner,2,female,26,masc,NA,SC,INDEF,NE,N,nullsub,44.2,Yes,1,5,Yes,4,Outside classroom,Yes,English,estar,simple-finite,"Spanish, English","Chaplin camino en la calle y busco un bebé cerca de una esquina. El no quiere el bebé y busco una otra persona para el bebé. Hay una mujer con un otro bebé, pero ella no quiere un otro. Un hombre que es viejo y no saludable, tampoco quiere el bebé. Chaplin vuelve a la esquina para dejar el bebé. Allí fue un hombre de la policía y Chaplin fue a la calle. Una otra vez lo mismo. Pero nadie quiere el bebé por eso el tiene problemas con una mujer y después con la policía. Cuando el lleva el bebé, Chaplin les una noticia en la ropa del niño, que estás bien para el bebé."
que pasea por las callejuelas,DE_WR_30_28_2_14_GV,85,2,84_2,2020,Goethe University Frankfurt am Main,Upper intermediate,4,female,28,masc,NA,SC,NA,GI,N,nullsub,69.8,No,26,2,No,900,Outside classroom,No,English,pasear,periphrasis-lexical,German,"En el video se ve un hombre que pasea por las callejuelas. Después encendió un cigarrillo señala un bébé en una manta en tierra. Así busca de una persona que posiblemente ha perdido su niño. Encuentra una madre con un niño en un cochecito pero después ha acostado el bébé en este cochecito la madre es furiosa. Por eso el hombre tome el bébé y continua pasear por las callejuelas. Encuentra un otro hombre y le pone el bébé en su brazo. Por lo tanto se escapa y esconde de este hombre. Mientras el otro hombre encuentra el cochecito de la madre y acuesta el bébé. En el momento cuando la madre ve en su cochecito el bébé de nuevo el hombre pasea por la mismo calle. Así la madre cree que es el mismo hombre que ha acostado el bébé en su cochecito le golpea con su paraguas. El hombre tome el bébé y se sienta en la acera. En la manta del bébé encuentra una nota con un mensaje que dice ""Please love and care for this orphan child""."
Después encendió un cigarrillo,DE_WR_30_28_2_14_GV,85,3,84_3,2020,Goethe University Frankfurt am Main,Upper intermediate,4,female,28,masc,NA,MC,NA,GI,Y,nullsub,69.8,No,26,2,No,900,Outside classroom,No,English,encender,simple-finite,German,"En el video se ve un hombre que pasea por las callejuelas. Después encendió un cigarrillo señala un bébé en una manta en tierra. Así busca de una persona que posiblemente ha perdido su niño. Encuentra una madre con un niño en un cochecito pero después ha acostado el bébé en este cochecito la madre es furiosa. Por eso el hombre tome el bébé y continua pasear por las callejuelas. Encuentra un otro hombre y le pone el bébé en su brazo. Por lo tanto se escapa y esconde de este hombre. Mientras el otro hombre encuentra el cochecito de la madre y acuesta el bébé. En el momento cuando la madre ve en su cochecito el bébé de nuevo el hombre pasea por la mismo calle. Así la madre cree que es el mismo hombre que ha acostado el bébé en su cochecito le golpea con su paraguas. El hombre tome el bébé y se sienta en la acera. En la manta del bébé encuentra una nota con un mensaje que dice ""Please love and care for this orphan child""."
Señala un bebé en una manta en tierra,DE_WR_30_28_2_14_GV,85,4,84_4,2020,Goethe University Frankfurt am Main,Upper intermediate,4,female,28,masc,POST,MC,INDEF,NE,N,dp,69.8,No,26,2,No,900,Outside classroom,No,English,señalar,simple-finite,German,"En el video se ve un hombre que pasea por las callejuelas. Después encendió un cigarrillo señala un bébé en una manta en tierra. Así busca de una persona que posiblemente ha perdido su niño. Encuentra una madre con un niño en un cochecito pero después ha acostado el bébé en este cochecito la madre es furiosa. Por eso el hombre tome el bébé y continua pasear por las callejuelas. Encuentra un otro hombre y le pone el bébé en su brazo. Por lo tanto se escapa y esconde de este hombre. Mientras el otro hombre encuentra el cochecito de la madre y acuesta el bébé. En el momento cuando la madre ve en su cochecito el bébé de nuevo el hombre pasea por la mismo calle. Así la madre cree que es el mismo hombre que ha acostado el bébé en su cochecito le golpea con su paraguas. El hombre tome el bébé y se sienta en la acera. En la manta del bébé encuentra una nota con un mensaje que dice ""Please love and care for this orphan child""."
Así busca una persona,DE_WR_30_28_2_14_GV,85,5,84_5,2020,Goethe University Frankfurt am Main,Upper intermediate,4,female,28,fem,NA,MC,INDEF,NE,N,nullsub,69.8,No,26,2,No,900,Outside classroom,No,English,buscar,simple-finite,German,"En el video se ve un hombre que pasea por las callejuelas. Después encendió un cigarrillo señala un bébé en una manta en tierra. Así busca de una persona que posiblemente ha perdido su niño. Encuentra una madre con un niño en un cochecito pero después ha acostado el bébé en este cochecito la madre es furiosa. Por eso el hombre tome el bébé y continua pasear por las callejuelas. Encuentra un otro hombre y le pone el bébé en su brazo. Por lo tanto se escapa y esconde de este hombre. Mientras el otro hombre encuentra el cochecito de la madre y acuesta el bébé. En el momento cuando la madre ve en su cochecito el bébé de nuevo el hombre pasea por la mismo calle. Así la madre cree que es el mismo hombre que ha acostado el bébé en su cochecito le golpea con su paraguas. El hombre tome el bébé y se sienta en la acera. En la manta del bébé encuentra una nota con un mensaje que dice ""Please love and care for this orphan child""."
que posiblemente ha perdido su niño,DE_WR_30_28_2_14_GV,85,6,84_6,2020,Goethe University Frankfurt am Main,Upper intermediate,4,female,28,fem,NA,SC,DEF,GI,Y,nullsub,69.8,No,26,2,No,900,Outside classroom,No,English,perder,simple-finite,German,"En el video se ve un hombre que pasea por las callejuelas. Después encendió un cigarrillo señala un bébé en una manta en tierra. Así busca de una persona que posiblemente ha perdido su niño. Encuentra una madre con un niño en un cochecito pero después ha acostado el bébé en este cochecito la madre es furiosa. Por eso el hombre tome el bébé y continua pasear por las callejuelas. Encuentra un otro hombre y le pone el bébé en su brazo. Por lo tanto se escapa y esconde de este hombre. Mientras el otro hombre encuentra el cochecito de la madre y acuesta el bébé. En el momento cuando la madre ve en su cochecito el bébé de nuevo el hombre pasea por la mismo calle. Así la madre cree que es el mismo hombre que ha acostado el bébé en su cochecito le golpea con su paraguas. El hombre tome el bébé y se sienta en la acera. En la manta del bébé encuentra una nota con un mensaje que dice ""Please love and care for this orphan child""."
Encuentra una madre con un niño en un cochecito,DE_WR_30_28_2_14_GV,85,7,84_7,2020,Goethe University Frankfurt am Main,Upper intermediate,4,female,28,masc,NA,MC,INDEF,NE,N,nullsub,69.8,No,26,2,No,900,Outside classroom,No,English,encontrar,simple-finite,German,"En el video se ve un hombre que pasea por las callejuelas. Después encendió un cigarrillo señala un bébé en una manta en tierra. Así busca de una persona que posiblemente ha perdido su niño. Encuentra una madre con un niño en un cochecito pero después ha acostado el bébé en este cochecito la madre es furiosa. Por eso el hombre tome el bébé y continua pasear por las callejuelas. Encuentra un otro hombre y le pone el bébé en su brazo. Por lo tanto se escapa y esconde de este hombre. Mientras el otro hombre encuentra el cochecito de la madre y acuesta el bébé. En el momento cuando la madre ve en su cochecito el bébé de nuevo el hombre pasea por la mismo calle. Así la madre cree que es el mismo hombre que ha acostado el bébé en su cochecito le golpea con su paraguas. El hombre tome el bébé y se sienta en la acera. En la manta del bébé encuentra una nota con un mensaje que dice ""Please love and care for this orphan child""."
Pero después ha acostado el bebé en este cochecito,DE_WR_30_28_2_14_GV,85,8,84_8,2020,Goethe University Frankfurt am Main,Upper intermediate,4,female,28,masc,NA,MC,NA,GI,Y,nullsub,69.8,No,26,2,No,900,Outside classroom,No,English,acostar,simple-finite,German,"En el video se ve un hombre que pasea por las callejuelas. Después encendió un cigarrillo señala un bébé en una manta en tierra. Así busca de una persona que posiblemente ha perdido su niño. Encuentra una madre con un niño en un cochecito pero después ha acostado el bébé en este cochecito la madre es furiosa. Por eso el hombre tome el bébé y continua pasear por las callejuelas. Encuentra un otro hombre y le pone el bébé en su brazo. Por lo tanto se escapa y esconde de este hombre. Mientras el otro hombre encuentra el cochecito de la madre y acuesta el bébé. En el momento cuando la madre ve en su cochecito el bébé de nuevo el hombre pasea por la mismo calle. Así la madre cree que es el mismo hombre que ha acostado el bébé en su cochecito le golpea con su paraguas. El hombre tome el bébé y se sienta en la acera. En la manta del bébé encuentra una nota con un mensaje que dice ""Please love and care for this orphan child""."
La madre se pone furiosa,DE_WR_30_28_2_14_GV,85,9,84_9,2020,Goethe University Frankfurt am Main,Upper intermediate,4,female,28,fem,PRE,MC,DEF,GI,N,dp,69.8,No,26,2,No,900,Outside classroom,No,English,ponerse,periphrasis-lexical,German,"En el video se ve un hombre que pasea por las callejuelas. Después encendió un cigarrillo señala un bébé en una manta en tierra. Así busca de una persona que posiblemente ha perdido su niño. Encuentra una madre con un niño en un cochecito pero después ha acostado el bébé en este cochecito la madre es furiosa. Por eso el hombre tome el bébé y continua pasear por las callejuelas. Encuentra un otro hombre y le pone el bébé en su brazo. Por lo tanto se escapa y esconde de este hombre. Mientras el otro hombre encuentra el cochecito de la madre y acuesta el bébé. En el momento cuando la madre ve en su cochecito el bébé de nuevo el hombre pasea por la mismo calle. Así la madre cree que es el mismo hombre que ha acostado el bébé en su cochecito le golpea con su paraguas. El hombre tome el bébé y se sienta en la acera. En la manta del bébé encuentra una nota con un mensaje que dice ""Please love and care for this orphan child""."
Por eso el hombre toma el bebé,DE_WR_30_28_2_14_GV,85,10,84_10,2020,Goethe University Frankfurt am Main,Upper intermediate,4,female,28,masc,PRE,MC,DEF,GI,N,dp,69.8,No,26,2,No,900,Outside classroom,No,English,tomar,simple-finite,German,"En el video se ve un hombre que pasea por las callejuelas. Después encendió un cigarrillo señala un bébé en una manta en tierra. Así busca de una persona que posiblemente ha perdido su niño. Encuentra una madre con un niño en un cochecito pero después ha acostado el bébé en este cochecito la madre es furiosa. Por eso el hombre tome el bébé y continua pasear por las callejuelas. Encuentra un otro hombre y le pone el bébé en su brazo. Por lo tanto se escapa y esconde de este hombre. Mientras el otro hombre encuentra el cochecito de la madre y acuesta el bébé. En el momento cuando la madre ve en su cochecito el bébé de nuevo el hombre pasea por la mismo calle. Así la madre cree que es el mismo hombre que ha acostado el bébé en su cochecito le golpea con su paraguas. El hombre tome el bébé y se sienta en la acera. En la manta del bébé encuentra una nota con un mensaje que dice ""Please love and care for this orphan child""."
Y continúa paseando por las callejuelas,DE_WR_30_28_2_14_GV,85,11,84_11,2020,Goethe University Frankfurt am Main,Upper intermediate,4,female,28,masc,NA,MC,NA,GI,Y,nullsub,69.8,No,26,2,No,900,Outside classroom,No,English,continuar,periphrasis-gerund,German,"En el video se ve un hombre que pasea por las callejuelas. Después encendió un cigarrillo señala un bébé en una manta en tierra. Así busca de una persona que posiblemente ha perdido su niño. Encuentra una madre con un niño en un cochecito pero después ha acostado el bébé en este cochecito la madre es furiosa. Por eso el hombre tome el bébé y continua pasear por las callejuelas. Encuentra un otro hombre y le pone el bébé en su brazo. Por lo tanto se escapa y esconde de este hombre. Mientras el otro hombre encuentra el cochecito de la madre y acuesta el bébé. En el momento cuando la madre ve en su cochecito el bébé de nuevo el hombre pasea por la mismo calle. Así la madre cree que es el mismo hombre que ha acostado el bébé en su cochecito le golpea con su paraguas. El hombre tome el bébé y se sienta en la acera. En la manta del bébé encuentra una nota con un mensaje que dice ""Please love and care for this orphan child""."
Encuentra otro hombre,DE_WR_30_28_2_14_GV,85,12,84_12,2020,Goethe University Frankfurt am Main,Upper intermediate,4,female,28,masc,NA,MC,NA,GI,Y,nullsub,69.8,No,26,2,No,900,Outside classroom,No,English,encontrar,simple-finite,German,"En el video se ve un hombre que pasea por las callejuelas. Después encendió un cigarrillo señala un bébé en una manta en tierra. Así busca de una persona que posiblemente ha perdido su niño. Encuentra una madre con un niño en un cochecito pero después ha acostado el bébé en este cochecito la madre es furiosa. Por eso el hombre tome el bébé y continua pasear por las callejuelas. Encuentra un otro hombre y le pone el bébé en su brazo. Por lo tanto se escapa y esconde de este hombre. Mientras el otro hombre encuentra el cochecito de la madre y acuesta el bébé. En el momento cuando la madre ve en su cochecito el bébé de nuevo el hombre pasea por la mismo calle. Así la madre cree que es el mismo hombre que ha acostado el bébé en su cochecito le golpea con su paraguas. El hombre tome el bébé y se sienta en la acera. En la manta del bébé encuentra una nota con un mensaje que dice ""Please love and care for this orphan child""."
Y le pone el bebé en su brazo,DE_WR_30_28_2_14_GV,85,13,84_13,2020,Goethe University Frankfurt am Main,Upper intermediate,4,female,28,masc,NA,MC,NA,GI,Y,nullsub,69.8,No,26,2,No,900,Outside classroom,No,English,poner,simple-finite,German,"En el video se ve un hombre que pasea por las callejuelas. Después encendió un cigarrillo señala un bébé en una manta en tierra. Así busca de una persona que posiblemente ha perdido su niño. Encuentra una madre con un niño en un cochecito pero después ha acostado el bébé en este cochecito la madre es furiosa. Por eso el hombre tome el bébé y continua pasear por las callejuelas. Encuentra un otro hombre y le pone el bébé en su brazo. Por lo tanto se escapa y esconde de este hombre. Mientras el otro hombre encuentra el cochecito de la madre y acuesta el bébé. En el momento cuando la madre ve en su cochecito el bébé de nuevo el hombre pasea por la mismo calle. Así la madre cree que es el mismo hombre que ha acostado el bébé en su cochecito le golpea con su paraguas. El hombre tome el bébé y se sienta en la acera. En la manta del bébé encuentra una nota con un mensaje que dice ""Please love and care for this orphan child""."
Por lo tanto se escapa,DE_WR_30_28_2_14_GV,85,14,84_14,2020,Goethe University Frankfurt am Main,Upper intermediate,4,female,28,masc,NA,MC,NA,GI,Y,nullsub,69.8,No,26,2,No,900,Outside classroom,No,English,escapar,simple-finite,German,"En el video se ve un hombre que pasea por las callejuelas. Después encendió un cigarrillo señala un bébé en una manta en tierra. Así busca de una persona que posiblemente ha perdido su niño. Encuentra una madre con un niño en un cochecito pero después ha acostado el bébé en este cochecito la madre es furiosa. Por eso el hombre tome el bébé y continua pasear por las callejuelas. Encuentra un otro hombre y le pone el bébé en su brazo. Por lo tanto se escapa y esconde de este hombre. Mientras el otro hombre encuentra el cochecito de la madre y acuesta el bébé. En el momento cuando la madre ve en su cochecito el bébé de nuevo el hombre pasea por la mismo calle. Así la madre cree que es el mismo hombre que ha acostado el bébé en su cochecito le golpea con su paraguas. El hombre tome el bébé y se sienta en la acera. En la manta del bébé encuentra una nota con un mensaje que dice ""Please love and care for this orphan child""."
Y se esconde de este hombre,DE_WR_30_28_2_14_GV,85,15,84_15,2020,Goethe University Frankfurt am Main,Upper intermediate,4,female,28,masc,NA,MC,NA,GI,Y,nullsub,69.8,No,26,2,No,900,Outside classroom,No,English,esconder,simple-finite,German,"En el video se ve un hombre que pasea por las callejuelas. Después encendió un cigarrillo señala un bébé en una manta en tierra. Así busca de una persona que posiblemente ha perdido su niño. Encuentra una madre con un niño en un cochecito pero después ha acostado el bébé en este cochecito la madre es furiosa. Por eso el hombre tome el bébé y continua pasear por las callejuelas. Encuentra un otro hombre y le pone el bébé en su brazo. Por lo tanto se escapa y esconde de este hombre. Mientras el otro hombre encuentra el cochecito de la madre y acuesta el bébé. En el momento cuando la madre ve en su cochecito el bébé de nuevo el hombre pasea por la mismo calle. Así la madre cree que es el mismo hombre que ha acostado el bébé en su cochecito le golpea con su paraguas. El hombre tome el bébé y se sienta en la acera. En la manta del bébé encuentra una nota con un mensaje que dice ""Please love and care for this orphan child""."
Mientras el otro hombre encuentra el cochecito de la madre,DE_WR_30_28_2_14_GV,85,16,84_16,2020,Goethe University Frankfurt am Main,Upper intermediate,4,female,28,masc,PRE,SC,DEF,NE,N,dp,69.8,No,26,2,No,900,Outside classroom,No,English,encontrar,simple-finite,German,"En el video se ve un hombre que pasea por las callejuelas. Después encendió un cigarrillo señala un bébé en una manta en tierra. Así busca de una persona que posiblemente ha perdido su niño. Encuentra una madre con un niño en un cochecito pero después ha acostado el bébé en este cochecito la madre es furiosa. Por eso el hombre tome el bébé y continua pasear por las callejuelas. Encuentra un otro hombre y le pone el bébé en su brazo. Por lo tanto se escapa y esconde de este hombre. Mientras el otro hombre encuentra el cochecito de la madre y acuesta el bébé. En el momento cuando la madre ve en su cochecito el bébé de nuevo el hombre pasea por la mismo calle. Así la madre cree que es el mismo hombre que ha acostado el bébé en su cochecito le golpea con su paraguas. El hombre tome el bébé y se sienta en la acera. En la manta del bébé encuentra una nota con un mensaje que dice ""Please love and care for this orphan child""."
Y acuesta el bebé,DE_WR_30_28_2_14_GV,85,17,84_17,2020,Goethe University Frankfurt am Main,Upper intermediate,4,female,28,masc,NA,MC,NA,GI,Y,nullsub,69.8,No,26,2,No,900,Outside classroom,No,English,acostar,simple-finite,German,"En el video se ve un hombre que pasea por las callejuelas. Después encendió un cigarrillo señala un bébé en una manta en tierra. Así busca de una persona que posiblemente ha perdido su niño. Encuentra una madre con un niño en un cochecito pero después ha acostado el bébé en este cochecito la madre es furiosa. Por eso el hombre tome el bébé y continua pasear por las callejuelas. Encuentra un otro hombre y le pone el bébé en su brazo. Por lo tanto se escapa y esconde de este hombre. Mientras el otro hombre encuentra el cochecito de la madre y acuesta el bébé. En el momento cuando la madre ve en su cochecito el bébé de nuevo el hombre pasea por la mismo calle. Así la madre cree que es el mismo hombre que ha acostado el bébé en su cochecito le golpea con su paraguas. El hombre tome el bébé y se sienta en la acera. En la manta del bébé encuentra una nota con un mensaje que dice ""Please love and care for this orphan child""."
En el momento en que la madre ve en su cochecito al bebé de nuevo,DE_WR_30_28_2_14_GV,85,18,84_18,2020,Goethe University Frankfurt am Main,Upper intermediate,4,female,28,fem,PRE,SC,DEF,GI,N,dp,69.8,No,26,2,No,900,Outside classroom,No,English,ver,simple-finite,German,"En el video se ve un hombre que pasea por las callejuelas. Después encendió un cigarrillo señala un bébé en una manta en tierra. Así busca de una persona que posiblemente ha perdido su niño. Encuentra una madre con un niño en un cochecito pero después ha acostado el bébé en este cochecito la madre es furiosa. Por eso el hombre tome el bébé y continua pasear por las callejuelas. Encuentra un otro hombre y le pone el bébé en su brazo. Por lo tanto se escapa y esconde de este hombre. Mientras el otro hombre encuentra el cochecito de la madre y acuesta el bébé. En el momento cuando la madre ve en su cochecito el bébé de nuevo el hombre pasea por la mismo calle. Así la madre cree que es el mismo hombre que ha acostado el bébé en su cochecito le golpea con su paraguas. El hombre tome el bébé y se sienta en la acera. En la manta del bébé encuentra una nota con un mensaje que dice ""Please love and care for this orphan child""."
El hombre pasea por la misma calle,DE_WR_30_28_2_14_GV,85,19,84_19,2020,Goethe University Frankfurt am Main,Upper intermediate,4,female,28,masc,PRE,MC,DEF,GI,N,dp,69.8,No,26,2,No,900,Outside classroom,No,English,pasear,periphrasis-lexical,German,"En el video se ve un hombre que pasea por las callejuelas. Después encendió un cigarrillo señala un bébé en una manta en tierra. Así busca de una persona que posiblemente ha perdido su niño. Encuentra una madre con un niño en un cochecito pero después ha acostado el bébé en este cochecito la madre es furiosa. Por eso el hombre tome el bébé y continua pasear por las callejuelas. Encuentra un otro hombre y le pone el bébé en su brazo. Por lo tanto se escapa y esconde de este hombre. Mientras el otro hombre encuentra el cochecito de la madre y acuesta el bébé. En el momento cuando la madre ve en su cochecito el bébé de nuevo el hombre pasea por la mismo calle. Así la madre cree que es el mismo hombre que ha acostado el bébé en su cochecito le golpea con su paraguas. El hombre tome el bébé y se sienta en la acera. En la manta del bébé encuentra una nota con un mensaje que dice ""Please love and care for this orphan child""."
Así la madre cree que es el mismo hombre que ha acostado el bebé en su cochecito,DE_WR_30_28_2_14_GV,85,20,84_20,2020,Goethe University Frankfurt am Main,Upper intermediate,4,female,28,fem,PRE,MC,DEF,GI,N,dp,69.8,No,26,2,No,900,Outside classroom,No,English,ceer,simple-finite,German,"En el video se ve un hombre que pasea por las callejuelas. Después encendió un cigarrillo señala un bébé en una manta en tierra. Así busca de una persona que posiblemente ha perdido su niño. Encuentra una madre con un niño en un cochecito pero después ha acostado el bébé en este cochecito la madre es furiosa. Por eso el hombre tome el bébé y continua pasear por las callejuelas. Encuentra un otro hombre y le pone el bébé en su brazo. Por lo tanto se escapa y esconde de este hombre. Mientras el otro hombre encuentra el cochecito de la madre y acuesta el bébé. En el momento cuando la madre ve en su cochecito el bébé de nuevo el hombre pasea por la mismo calle. Así la madre cree que es el mismo hombre que ha acostado el bébé en su cochecito le golpea con su paraguas. El hombre tome el bébé y se sienta en la acera. En la manta del bébé encuentra una nota con un mensaje que dice ""Please love and care for this orphan child""."
Y le golpea con su paraguas,DE_WR_30_28_2_14_GV,85,21,84_21,2020,Goethe University Frankfurt am Main,Upper intermediate,4,female,28,fem,NA,MC,NA,GI,Y,nullsub,69.8,No,26,2,No,900,Outside classroom,No,English,golpear,simple-finite,German,"En el video se ve un hombre que pasea por las callejuelas. Después encendió un cigarrillo señala un bébé en una manta en tierra. Así busca de una persona que posiblemente ha perdido su niño. Encuentra una madre con un niño en un cochecito pero después ha acostado el bébé en este cochecito la madre es furiosa. Por eso el hombre tome el bébé y continua pasear por las callejuelas. Encuentra un otro hombre y le pone el bébé en su brazo. Por lo tanto se escapa y esconde de este hombre. Mientras el otro hombre encuentra el cochecito de la madre y acuesta el bébé. En el momento cuando la madre ve en su cochecito el bébé de nuevo el hombre pasea por la mismo calle. Así la madre cree que es el mismo hombre que ha acostado el bébé en su cochecito le golpea con su paraguas. El hombre tome el bébé y se sienta en la acera. En la manta del bébé encuentra una nota con un mensaje que dice ""Please love and care for this orphan child""."
El hombre toma el bebé,DE_WR_30_28_2_14_GV,85,22,84_22,2020,Goethe University Frankfurt am Main,Upper intermediate,4,female,28,masc,PRE,MC,DEF,GI,N,dp,69.8,No,26,2,No,900,Outside classroom,No,English,tomar,simple-finite,German,"En el video se ve un hombre que pasea por las callejuelas. Después encendió un cigarrillo señala un bébé en una manta en tierra. Así busca de una persona que posiblemente ha perdido su niño. Encuentra una madre con un niño en un cochecito pero después ha acostado el bébé en este cochecito la madre es furiosa. Por eso el hombre tome el bébé y continua pasear por las callejuelas. Encuentra un otro hombre y le pone el bébé en su brazo. Por lo tanto se escapa y esconde de este hombre. Mientras el otro hombre encuentra el cochecito de la madre y acuesta el bébé. En el momento cuando la madre ve en su cochecito el bébé de nuevo el hombre pasea por la mismo calle. Así la madre cree que es el mismo hombre que ha acostado el bébé en su cochecito le golpea con su paraguas. El hombre tome el bébé y se sienta en la acera. En la manta del bébé encuentra una nota con un mensaje que dice ""Please love and care for this orphan child""."
Y se sienta en la acera,DE_WR_30_28_2_14_GV,85,23,84_23,2020,Goethe University Frankfurt am Main,Upper intermediate,4,female,28,masc,NA,MC,NA,GI,Y,nullsub,69.8,No,26,2,No,900,Outside classroom,No,English,sentarse,simple-finite,German,"En el video se ve un hombre que pasea por las callejuelas. Después encendió un cigarrillo señala un bébé en una manta en tierra. Así busca de una persona que posiblemente ha perdido su niño. Encuentra una madre con un niño en un cochecito pero después ha acostado el bébé en este cochecito la madre es furiosa. Por eso el hombre tome el bébé y continua pasear por las callejuelas. Encuentra un otro hombre y le pone el bébé en su brazo. Por lo tanto se escapa y esconde de este hombre. Mientras el otro hombre encuentra el cochecito de la madre y acuesta el bébé. En el momento cuando la madre ve en su cochecito el bébé de nuevo el hombre pasea por la mismo calle. Así la madre cree que es el mismo hombre que ha acostado el bébé en su cochecito le golpea con su paraguas. El hombre tome el bébé y se sienta en la acera. En la manta del bébé encuentra una nota con un mensaje que dice ""Please love and care for this orphan child""."
En la manta del bebé encuentra una nota con un mensaje,DE_WR_30_28_2_14_GV,85,24,84_24,2020,Goethe University Frankfurt am Main,Upper intermediate,4,female,28,masc,NA,MC,NA,GI,Y,nullsub,69.8,No,26,2,No,900,Outside classroom,No,English,encontrar,simple-finite,German,"En el video se ve un hombre que pasea por las callejuelas. Después encendió un cigarrillo señala un bébé en una manta en tierra. Así busca de una persona que posiblemente ha perdido su niño. Encuentra una madre con un niño en un cochecito pero después ha acostado el bébé en este cochecito la madre es furiosa. Por eso el hombre tome el bébé y continua pasear por las callejuelas. Encuentra un otro hombre y le pone el bébé en su brazo. Por lo tanto se escapa y esconde de este hombre. Mientras el otro hombre encuentra el cochecito de la madre y acuesta el bébé. En el momento cuando la madre ve en su cochecito el bébé de nuevo el hombre pasea por la mismo calle. Así la madre cree que es el mismo hombre que ha acostado el bébé en su cochecito le golpea con su paraguas. El hombre tome el bébé y se sienta en la acera. En la manta del bébé encuentra una nota con un mensaje que dice ""Please love and care for this orphan child""."
Que dice [Please love and care for this orphan child],DE_WR_30_28_2_14_GV,85,25,84_25,2020,Goethe University Frankfurt am Main,Upper intermediate,4,female,28,fem,NA,SC,DEF,GI,N,nullsub,69.8,No,26,2,No,900,Outside classroom,No,English,decir,simple-finite,German,"En el video se ve un hombre que pasea por las callejuelas. Después encendió un cigarrillo señala un bébé en una manta en tierra. Así busca de una persona que posiblemente ha perdido su niño. Encuentra una madre con un niño en un cochecito pero después ha acostado el bébé en este cochecito la madre es furiosa. Por eso el hombre tome el bébé y continua pasear por las callejuelas. Encuentra un otro hombre y le pone el bébé en su brazo. Por lo tanto se escapa y esconde de este hombre. Mientras el otro hombre encuentra el cochecito de la madre y acuesta el bébé. En el momento cuando la madre ve en su cochecito el bébé de nuevo el hombre pasea por la mismo calle. Así la madre cree que es el mismo hombre que ha acostado el bébé en su cochecito le golpea con su paraguas. El hombre tome el bébé y se sienta en la acera. En la manta del bébé encuentra una nota con un mensaje que dice ""Please love and care for this orphan child""."
Cuando Chaplin está andando afuera,DE_WR_34_23_15_14_BA,86,1,85_1,2020,Goethe University,Upper intermediate,4,female,23,masc,PRE,SC,DEF,NE,N,dp,79.1,No,1,15,Yes,14,Outside classroom,No,English,andar,periphrasis-gerund,German,"Cuando Chaplin está andando afuera él encuentra un bebé. No ve nadie cerca de ese bebé. Mientras el busca la mamá del bebé, una mujer anda cerca de él. Ella tiene un Buggy con su propia bebé. Chaplin decide sentar el bebé que encontró en ese Buggy, pero a la mujer no le gusta su decición y Chapline tiene que tomar el bebé con su mismo. Se decide a dejar ese bebé donde lo encontró pero no puede porque un hombre de la policía lo ve. Por eso Chaplin ya toma el bebé por otra vez y va detrás de la casa donde ve un viejo hombre. Chaplin le da el bebé para cerrar sus zapatos. En el momento en que el hombre viejo tiene el bebé en sus brazos, Chaplin se escapa. El hombre viejo que no sabe que hacer con el bebé, ve el Buggy con un bebé de la misma mujer como Chaplin y sienta el bebé de Chaplin en el Buggy y tambien escapa. Chaplin hace el error de estár pasando la tienda al mismo momento cuando la mujer sale. Al momento cuando ella ve a Chaplin y al bebé desconocido en su Buggy, ella toma su umbrella, corre detrás de Chaplin y lo golpea con su paragua. Ella grita por la policia. Chaplin está intentando explicar que ese bebé no es suyo, pero al final el tiene que tomarlo. Chaplin se sienta por la calle, ve un desagüe y piensa sobre hacer el bebé en eso, pero no lo hace. Encuentra un papel en la manta del bebé. Allí está escrito que la persona que encuntra el bebé tiene cuidado al bebé. Chaplin al final decide a mantener al bebé."
Él encuentra un bebé,DE_WR_34_23_15_14_BA,86,2,85_2,2020,Goethe University,Upper intermediate,4,female,23,masc,PRE,MC,DEF,GI,Y,pron,79.1,No,1,15,Yes,14,Outside classroom,No,English,encontrar,simple-finite,German,"Cuando Chaplin está andando afuera él encuentra un bebé. No ve nadie cerca de ese bebé. Mientras el busca la mamá del bebé, una mujer anda cerca de él. Ella tiene un Buggy con su propia bebé. Chaplin decide sentar el bebé que encontró en ese Buggy, pero a la mujer no le gusta su decición y Chapline tiene que tomar el bebé con su mismo. Se decide a dejar ese bebé donde lo encontró pero no puede porque un hombre de la policía lo ve. Por eso Chaplin ya toma el bebé por otra vez y va detrás de la casa donde ve un viejo hombre. Chaplin le da el bebé para cerrar sus zapatos. En el momento en que el hombre viejo tiene el bebé en sus brazos, Chaplin se escapa. El hombre viejo que no sabe que hacer con el bebé, ve el Buggy con un bebé de la misma mujer como Chaplin y sienta el bebé de Chaplin en el Buggy y tambien escapa. Chaplin hace el error de estár pasando la tienda al mismo momento cuando la mujer sale. Al momento cuando ella ve a Chaplin y al bebé desconocido en su Buggy, ella toma su umbrella, corre detrás de Chaplin y lo golpea con su paragua. Ella grita por la policia. Chaplin está intentando explicar que ese bebé no es suyo, pero al final el tiene que tomarlo. Chaplin se sienta por la calle, ve un desagüe y piensa sobre hacer el bebé en eso, pero no lo hace. Encuentra un papel en la manta del bebé. Allí está escrito que la persona que encuntra el bebé tiene cuidado al bebé. Chaplin al final decide a mantener al bebé."
No ve nadie cerca de ese bebé,DE_WR_34_23_15_14_BA,86,3,85_3,2020,Goethe University,Upper intermediate,4,female,23,masc,NA,MC,NA,GI,Y,pron,79.1,No,1,15,Yes,14,Outside classroom,No,English,ver,simple-finite,German,"Cuando Chaplin está andando afuera él encuentra un bebé. No ve nadie cerca de ese bebé. Mientras el busca la mamá del bebé, una mujer anda cerca de él. Ella tiene un Buggy con su propia bebé. Chaplin decide sentar el bebé que encontró en ese Buggy, pero a la mujer no le gusta su decición y Chapline tiene que tomar el bebé con su mismo. Se decide a dejar ese bebé donde lo encontró pero no puede porque un hombre de la policía lo ve. Por eso Chaplin ya toma el bebé por otra vez y va detrás de la casa donde ve un viejo hombre. Chaplin le da el bebé para cerrar sus zapatos. En el momento en que el hombre viejo tiene el bebé en sus brazos, Chaplin se escapa. El hombre viejo que no sabe que hacer con el bebé, ve el Buggy con un bebé de la misma mujer como Chaplin y sienta el bebé de Chaplin en el Buggy y tambien escapa. Chaplin hace el error de estár pasando la tienda al mismo momento cuando la mujer sale. Al momento cuando ella ve a Chaplin y al bebé desconocido en su Buggy, ella toma su umbrella, corre detrás de Chaplin y lo golpea con su paragua. Ella grita por la policia. Chaplin está intentando explicar que ese bebé no es suyo, pero al final el tiene que tomarlo. Chaplin se sienta por la calle, ve un desagüe y piensa sobre hacer el bebé en eso, pero no lo hace. Encuentra un papel en la manta del bebé. Allí está escrito que la persona que encuntra el bebé tiene cuidado al bebé. Chaplin al final decide a mantener al bebé."
Mientras el busca la mamá del bebé,DE_WR_34_23_15_14_BA,86,4,85_4,2020,Goethe University,Upper intermediate,4,female,23,masc,PRE,SC,DEF,GI,Y,pron,79.1,No,1,15,Yes,14,Outside classroom,No,English,buscar,simple-finite,German,"Cuando Chaplin está andando afuera él encuentra un bebé. No ve nadie cerca de ese bebé. Mientras el busca la mamá del bebé, una mujer anda cerca de él. Ella tiene un Buggy con su propia bebé. Chaplin decide sentar el bebé que encontró en ese Buggy, pero a la mujer no le gusta su decición y Chapline tiene que tomar el bebé con su mismo. Se decide a dejar ese bebé donde lo encontró pero no puede porque un hombre de la policía lo ve. Por eso Chaplin ya toma el bebé por otra vez y va detrás de la casa donde ve un viejo hombre. Chaplin le da el bebé para cerrar sus zapatos. En el momento en que el hombre viejo tiene el bebé en sus brazos, Chaplin se escapa. El hombre viejo que no sabe que hacer con el bebé, ve el Buggy con un bebé de la misma mujer como Chaplin y sienta el bebé de Chaplin en el Buggy y tambien escapa. Chaplin hace el error de estár pasando la tienda al mismo momento cuando la mujer sale. Al momento cuando ella ve a Chaplin y al bebé desconocido en su Buggy, ella toma su umbrella, corre detrás de Chaplin y lo golpea con su paragua. Ella grita por la policia. Chaplin está intentando explicar que ese bebé no es suyo, pero al final el tiene que tomarlo. Chaplin se sienta por la calle, ve un desagüe y piensa sobre hacer el bebé en eso, pero no lo hace. Encuentra un papel en la manta del bebé. Allí está escrito que la persona que encuntra el bebé tiene cuidado al bebé. Chaplin al final decide a mantener al bebé."
Una mujer anda cerca de él,DE_WR_34_23_15_14_BA,86,5,85_5,2020,Goethe University,Upper intermediate,4,female,23,fem,PRE,MC,INDEF,NE,N,dp,79.1,No,1,15,Yes,14,Outside classroom,No,English,andar,simple-finite,German,"Cuando Chaplin está andando afuera él encuentra un bebé. No ve nadie cerca de ese bebé. Mientras el busca la mamá del bebé, una mujer anda cerca de él. Ella tiene un Buggy con su propia bebé. Chaplin decide sentar el bebé que encontró en ese Buggy, pero a la mujer no le gusta su decición y Chapline tiene que tomar el bebé con su mismo. Se decide a dejar ese bebé donde lo encontró pero no puede porque un hombre de la policía lo ve. Por eso Chaplin ya toma el bebé por otra vez y va detrás de la casa donde ve un viejo hombre. Chaplin le da el bebé para cerrar sus zapatos. En el momento en que el hombre viejo tiene el bebé en sus brazos, Chaplin se escapa. El hombre viejo que no sabe que hacer con el bebé, ve el Buggy con un bebé de la misma mujer como Chaplin y sienta el bebé de Chaplin en el Buggy y tambien escapa. Chaplin hace el error de estár pasando la tienda al mismo momento cuando la mujer sale. Al momento cuando ella ve a Chaplin y al bebé desconocido en su Buggy, ella toma su umbrella, corre detrás de Chaplin y lo golpea con su paragua. Ella grita por la policia. Chaplin está intentando explicar que ese bebé no es suyo, pero al final el tiene que tomarlo. Chaplin se sienta por la calle, ve un desagüe y piensa sobre hacer el bebé en eso, pero no lo hace. Encuentra un papel en la manta del bebé. Allí está escrito que la persona que encuntra el bebé tiene cuidado al bebé. Chaplin al final decide a mantener al bebé."
Ella tiene un cochecito con su propio bebé,DE_WR_34_23_15_14_BA,86,6,85_6,2020,Goethe University,Upper intermediate,4,female,23,fem,PRE,MC,DEF,GI,Y,pron,79.1,No,1,15,Yes,14,Outside classroom,No,English,tener,simple-finite,German,"Cuando Chaplin está andando afuera él encuentra un bebé. No ve nadie cerca de ese bebé. Mientras el busca la mamá del bebé, una mujer anda cerca de él. Ella tiene un Buggy con su propia bebé. Chaplin decide sentar el bebé que encontró en ese Buggy, pero a la mujer no le gusta su decición y Chapline tiene que tomar el bebé con su mismo. Se decide a dejar ese bebé donde lo encontró pero no puede porque un hombre de la policía lo ve. Por eso Chaplin ya toma el bebé por otra vez y va detrás de la casa donde ve un viejo hombre. Chaplin le da el bebé para cerrar sus zapatos. En el momento en que el hombre viejo tiene el bebé en sus brazos, Chaplin se escapa. El hombre viejo que no sabe que hacer con el bebé, ve el Buggy con un bebé de la misma mujer como Chaplin y sienta el bebé de Chaplin en el Buggy y tambien escapa. Chaplin hace el error de estár pasando la tienda al mismo momento cuando la mujer sale. Al momento cuando ella ve a Chaplin y al bebé desconocido en su Buggy, ella toma su umbrella, corre detrás de Chaplin y lo golpea con su paragua. Ella grita por la policia. Chaplin está intentando explicar que ese bebé no es suyo, pero al final el tiene que tomarlo. Chaplin se sienta por la calle, ve un desagüe y piensa sobre hacer el bebé en eso, pero no lo hace. Encuentra un papel en la manta del bebé. Allí está escrito que la persona que encuntra el bebé tiene cuidado al bebé. Chaplin al final decide a mantener al bebé."
Chaplin decide sentar el bebé,DE_WR_34_23_15_14_BA,86,7,85_7,2020,Goethe University,Upper intermediate,4,female,23,masc,PRE,MC,DEF,GI,N,dp,79.1,No,1,15,Yes,14,Outside classroom,No,English,decidir,infinitive,German,"Cuando Chaplin está andando afuera él encuentra un bebé. No ve nadie cerca de ese bebé. Mientras el busca la mamá del bebé, una mujer anda cerca de él. Ella tiene un Buggy con su propia bebé. Chaplin decide sentar el bebé que encontró en ese Buggy, pero a la mujer no le gusta su decición y Chapline tiene que tomar el bebé con su mismo. Se decide a dejar ese bebé donde lo encontró pero no puede porque un hombre de la policía lo ve. Por eso Chaplin ya toma el bebé por otra vez y va detrás de la casa donde ve un viejo hombre. Chaplin le da el bebé para cerrar sus zapatos. En el momento en que el hombre viejo tiene el bebé en sus brazos, Chaplin se escapa. El hombre viejo que no sabe que hacer con el bebé, ve el Buggy con un bebé de la misma mujer como Chaplin y sienta el bebé de Chaplin en el Buggy y tambien escapa. Chaplin hace el error de estár pasando la tienda al mismo momento cuando la mujer sale. Al momento cuando ella ve a Chaplin y al bebé desconocido en su Buggy, ella toma su umbrella, corre detrás de Chaplin y lo golpea con su paragua. Ella grita por la policia. Chaplin está intentando explicar que ese bebé no es suyo, pero al final el tiene que tomarlo. Chaplin se sienta por la calle, ve un desagüe y piensa sobre hacer el bebé en eso, pero no lo hace. Encuentra un papel en la manta del bebé. Allí está escrito que la persona que encuntra el bebé tiene cuidado al bebé. Chaplin al final decide a mantener al bebé."
que encontró en ese cochecito,DE_WR_34_23_15_14_BA,86,8,85_8,2020,Goethe University,Upper intermediate,4,female,23,masc,NA,SC,DEF,GI,N,dp,79.1,No,1,15,Yes,14,Outside classroom,No,English,encontrar,simple-finite,German,"Cuando Chaplin está andando afuera él encuentra un bebé. No ve nadie cerca de ese bebé. Mientras el busca la mamá del bebé, una mujer anda cerca de él. Ella tiene un Buggy con su propia bebé. Chaplin decide sentar el bebé que encontró en ese Buggy, pero a la mujer no le gusta su decición y Chapline tiene que tomar el bebé con su mismo. Se decide a dejar ese bebé donde lo encontró pero no puede porque un hombre de la policía lo ve. Por eso Chaplin ya toma el bebé por otra vez y va detrás de la casa donde ve un viejo hombre. Chaplin le da el bebé para cerrar sus zapatos. En el momento en que el hombre viejo tiene el bebé en sus brazos, Chaplin se escapa. El hombre viejo que no sabe que hacer con el bebé, ve el Buggy con un bebé de la misma mujer como Chaplin y sienta el bebé de Chaplin en el Buggy y tambien escapa. Chaplin hace el error de estár pasando la tienda al mismo momento cuando la mujer sale. Al momento cuando ella ve a Chaplin y al bebé desconocido en su Buggy, ella toma su umbrella, corre detrás de Chaplin y lo golpea con su paragua. Ella grita por la policia. Chaplin está intentando explicar que ese bebé no es suyo, pero al final el tiene que tomarlo. Chaplin se sienta por la calle, ve un desagüe y piensa sobre hacer el bebé en eso, pero no lo hace. Encuentra un papel en la manta del bebé. Allí está escrito que la persona que encuntra el bebé tiene cuidado al bebé. Chaplin al final decide a mantener al bebé."
