Text,Filename
Charlie Chaplin está caminando por algunos edificios,EN_WR_10_20_1_14_RC
cuando él consigue la basura lanzada en él,EN_WR_10_20_1_14_RC
y lo llaman un asno incómodo,EN_WR_10_20_1_14_RC
"A continuación, saca una lata ",EN_WR_10_20_1_14_RC
que tiene cigarrillos en ellos,EN_WR_10_20_1_14_RC
saca una,EN_WR_10_20_1_14_RC
y comienza a fumar,EN_WR_10_20_1_14_RC
Mientras que fuma,EN_WR_10_20_1_14_RC
ve a un bebé,EN_WR_10_20_1_14_RC
que grita en la tierra,EN_WR_10_20_1_14_RC
y mira alrededor para la madre,EN_WR_10_20_1_14_RC
Él ve a una mujer con un cochecito pasando,EN_WR_10_20_1_14_RC
se detiene,EN_WR_10_20_1_14_RC
le dice [perdóname cayó algo],EN_WR_10_20_1_14_RC
y pone al bebé en el cochecito,EN_WR_10_20_1_14_RC
Ellos discuten,EN_WR_10_20_1_14_RC
y él toma al bebé,EN_WR_10_20_1_14_RC
Charlie va a poner al bebé en el mismo lugar,EN_WR_10_20_1_14_RC
que él lo encontró,EN_WR_10_20_1_14_RC
pero un policía lo ve,EN_WR_10_20_1_14_RC
y lo detiene,EN_WR_10_20_1_14_RC
y se va con el bebé,EN_WR_10_20_1_14_RC
"Mientras camina con el bebé,",EN_WR_10_20_1_14_RC
ve a un hombre viejo,EN_WR_10_20_1_14_RC
y le pide,EN_WR_10_20_1_14_RC
que sostenga al bebé,EN_WR_10_20_1_14_RC
para que pueda atarse el zapato,EN_WR_10_20_1_14_RC
pero acaba huyendo y se esconde,EN_WR_10_20_1_14_RC
El viejo trata de seguirlo,EN_WR_10_20_1_14_RC
pero no puedo encontrarlo,EN_WR_10_20_1_14_RC
así que comienza a caminar,EN_WR_10_20_1_14_RC
y ve el mismo cochecito,EN_WR_10_20_1_14_RC
que la mujer de antes tiene,EN_WR_10_20_1_14_RC
y pone al bebé en el cochecito,EN_WR_10_20_1_14_RC
y se escapa,EN_WR_10_20_1_14_RC
La mujer sale de la tienda,EN_WR_10_20_1_14_RC
shes en ve el segundo bebé,EN_WR_10_20_1_14_RC
y luego ve a Charlie caminando,EN_WR_10_20_1_14_RC
por lo que corre,EN_WR_10_20_1_14_RC
y lo golpea en la cabeza con un paraguas,EN_WR_10_20_1_14_RC
diciéndole,EN_WR_10_20_1_14_RC
que tomar el bebé de nuevo,EN_WR_10_20_1_14_RC
y él comienza a discutir,EN_WR_10_20_1_14_RC
pero el policía se agacha tan,EN_WR_10_20_1_14_RC
Él toma al bebé sin más alboroto,EN_WR_10_20_1_14_RC
Finalmente se sienta,EN_WR_10_20_1_14_RC
considera poner al bebé en la alcantarilla,EN_WR_10_20_1_14_RC
pero no lo hace,EN_WR_10_20_1_14_RC
entonces lee la nota adjunta al bebé,EN_WR_10_20_1_14_RC
sonríe,EN_WR_10_20_1_14_RC
y se va,EN_WR_10_20_1_14_RC
El hombre estaba caminando solo,EN_WR_10_24_0.5_14_AW
paro toma un cigarrilo,EN_WR_10_24_0.5_14_AW
y encontró un bebe en un rincón vacío,EN_WR_10_24_0.5_14_AW
Hombre sala so bebe,EN_WR_10_24_0.5_14_AW
y no no sabe,EN_WR_10_24_0.5_14_AW
a donde ir,EN_WR_10_24_0.5_14_AW
Bebe fue abandonar,EN_WR_10_24_0.5_14_AW
Trata de darle al bebe a extranos,EN_WR_10_24_0.5_14_AW
El hombre no le gusta el bebe en primero,EN_WR_10_24_0.5_14_AW
la polica vio al tipo,EN_WR_10_24_0.5_14_AW
tretar de dejar al bebe,EN_WR_10_24_0.5_14_AW
el hombre trata de darle al bebé a otra madre,EN_WR_10_24_0.5_14_AW
madre se enoja,EN_WR_10_24_0.5_14_AW
la madre del bebé dejó a su niño,EN_WR_10_24_0.5_14_AW
para ser amado y cuidado,EN_WR_10_24_0.5_14_AW
"En el video, afuera, Charlie Chaplin encontró un bebé al costado de la calle",EN_WR_11_22_2.5_14_MH
Pensó que,EN_WR_11_22_2.5_14_MH
el bebé pertenecía a otra madre,EN_WR_11_22_2.5_14_MH
"Enfadada, la madre le devolvió el bebé",EN_WR_11_22_2.5_14_MH
porque el bebé no era suyo,EN_WR_11_22_2.5_14_MH
Al bebé le pusieron una nota en la manta,EN_WR_11_22_2.5_14_MH
La nota dice [por favor ama y cuida a este niño huérfano],EN_WR_11_22_2.5_14_MH
La señora estaba enojada con él,EN_WR_11_22_2.5_14_MH
porque él asumió,EN_WR_11_22_2.5_14_MH
que ella dejó a su bebé al borde de la calle,EN_WR_11_22_2.5_14_MH
Ella lo golpeó,EN_WR_11_22_2.5_14_MH
porque él puso al bebé en su carrito,EN_WR_11_22_2.5_14_MH
Él estaba equivocado,EN_WR_11_22_2.5_14_MH
y él se llevó al bebé,EN_WR_11_22_2.5_14_MH
El vidoe esta en blanco y negro,EN_WR_11_22_3_14_AA
El hombre es fumar,EN_WR_11_22_3_14_AA
y camino,EN_WR_11_22_3_14_AA
Entonces el encuentro in bebe,EN_WR_11_22_3_14_AA
El hombre de encontrar a su mama,EN_WR_11_22_3_14_AA
porque no papi,EN_WR_11_22_3_14_AA
Entonces el policia hablo el hombre,EN_WR_11_22_3_14_AA
El hombre encuento nota sobre el baby,EN_WR_11_22_3_14_AA
El hombre de la película está teniendo un día difícil,EN_WR_12_21_2_14_AS
por lo que decide ir a dar un paseo,EN_WR_12_21_2_14_AS
"Mientras camina por la calle,",EN_WR_12_21_2_14_AS
alguien le echa basura en la ventana,EN_WR_12_21_2_14_AS
En lugar de estar demasiado molesto trata de fumar un cigarro ,EN_WR_12_21_2_14_AS
cuando de repente oye un bebé cryng,EN_WR_12_21_2_14_AS
Mira hacia abajo,EN_WR_12_21_2_14_AS
y ve que,EN_WR_12_21_2_14_AS
"hay un bebé cerca de un cubo de basura,",EN_WR_12_21_2_14_AS
así que lo recoge,EN_WR_12_21_2_14_AS
Él mira alrededor para los padres de los babys,EN_WR_12_21_2_14_AS
y ve a una señora,EN_WR_12_21_2_14_AS
que empuja a un bebé en un cochecito,EN_WR_12_21_2_14_AS
Él se acerca a ella,EN_WR_12_21_2_14_AS
"y trata de darle el bebé,",EN_WR_12_21_2_14_AS
pero el bebé no pertenece a ella,EN_WR_12_21_2_14_AS
por lo que lo empuja lejos,EN_WR_12_21_2_14_AS
Él camina de regreso a la papelera,EN_WR_12_21_2_14_AS
para poner al bebé de regreso ,EN_WR_12_21_2_14_AS
"donde lo consiguió,",EN_WR_12_21_2_14_AS
pero el oficial de policía lo ve,EN_WR_12_21_2_14_AS
Recoge al bebé,EN_WR_12_21_2_14_AS
y camina hasta encontrar a alguien más,EN_WR_12_21_2_14_AS
Él le da el bebé a un hombre en la calle,EN_WR_12_21_2_14_AS
y luego huye,EN_WR_12_21_2_14_AS
"El hombre persigue tras él,",EN_WR_12_21_2_14_AS
pero no pudo ponerse al día,EN_WR_12_21_2_14_AS
así que pone al bebé en un cochecito,EN_WR_12_21_2_14_AS
que ve en la calle,EN_WR_12_21_2_14_AS
La señora ve un nuevo bebé en su cochecito,EN_WR_12_21_2_14_AS
y ve al primer chico de antes,EN_WR_12_21_2_14_AS
y le grita,EN_WR_12_21_2_14_AS
hasta que la policía aparece,EN_WR_12_21_2_14_AS
El chico toma el bebé de nuevo,EN_WR_12_21_2_14_AS
se sienta,EN_WR_12_21_2_14_AS
y encuentra una nota ,EN_WR_12_21_2_14_AS
"que dice [""por favor, el amor y el cuidado de este niño huérfano""]",EN_WR_12_21_2_14_AS
El fin,EN_WR_12_21_2_14_AS
UNA PELÍCULA SOBRE UN BEBÉ ENCONTRADO Y BUSCANDO AMOR,EN_WR_12_30_0.7_14_NC
EL BEBÉ APARECE DEL CIELO,EN_WR_12_30_0.7_14_NC
Y EL HOMBRE NO LO QUIERE,EN_WR_12_30_0.7_14_NC
LA MUJER NO QUIERE EL BEBÉ,EN_WR_12_30_0.7_14_NC
LA COP CHASE EL HOMBRE,EN_WR_12_30_0.7_14_NC
EL HOMBRE ENCUENTRA UNA NOTA EN EL BOLSILLO,EN_WR_12_30_0.7_14_NC
PARA QUE EL BEBÉ SE AMA,EN_WR_12_30_0.7_14_NC
Y CUIDADO,EN_WR_12_30_0.7_14_NC
Y EL TOMA EN EL BEBÉ,EN_WR_12_30_0.7_14_NC
EL HOMBRE ES SIMPÁTICO PARA EL BEBÉ QUE NADIE QUIERE CUIDAR,EN_WR_12_30_0.7_14_NC
La carta le hace sentirse triste,EN_WR_12_30_0.7_14_NC
y él mantendrá al bebé,EN_WR_12_30_0.7_14_NC
Había un caballero,EN_WR_13_21_10_14_AP
que encontró a un bebé,EN_WR_13_21_10_14_AP
y n hizo saber,EN_WR_13_21_10_14_AP
que hacer con el bebe,EN_WR_13_21_10_14_AP
lo aplazo donde lo encontró,EN_WR_13_21_10_14_AP
pero el policía le vio,EN_WR_13_21_10_14_AP
Puso al bebé un carruaje de mujer su otro hijo,EN_WR_13_21_10_14_AP
el engañar a un hombre,EN_WR_13_21_10_14_AP
para llevar al bebé,EN_WR_13_21_10_14_AP
y el hombre puso al bebe en el carro con niño,EN_WR_13_21_10_14_AP
La mujer estaba enojada con vencer al hombre,EN_WR_13_21_10_14_AP
Al final el bebe estuvo de vuelta en manos de hombre,EN_WR_13_21_10_14_AP
y encontró una nota,EN_WR_13_21_10_14_AP
la nota decía,EN_WR_13_21_10_14_AP
que amar a este bebé,EN_WR_13_21_10_14_AP
El hombre se llevo el el bebe a casa con el,EN_WR_13_21_10_14_AP
"En el video, el hombre caminando en un callejón",EN_WR_13_21_2_14_JF
cuando Stone cae,EN_WR_13_21_2_14_JF
Después de limpiarse,EN_WR_13_21_2_14_JF
él encuentra un bebé,EN_WR_13_21_2_14_JF
y lo pone en un cochecito de las mujeres,EN_WR_13_21_2_14_JF
Las mujeres se enojan con él,EN_WR_13_21_2_14_JF
y él trys a poner al bebé en el suelo,EN_WR_13_21_2_14_JF
Él es detenido por un policía,EN_WR_13_21_2_14_JF
y luego trys a dar el bebé a un anciano,EN_WR_13_21_2_14_JF
El anciano coloca al bebé en el mismo cochecito de la mujer anterior,EN_WR_13_21_2_14_JF
y el hombre apenas pasa para estar caminando cerca,EN_WR_13_21_2_14_JF
y la mujer piensa ,EN_WR_13_21_2_14_JF
que camina,EN_WR_13_21_2_14_JF
que él ha colocado una vez más al bebé en el cochecito,EN_WR_13_21_2_14_JF
y le golpea en la cabeza,EN_WR_13_21_2_14_JF
Un hombre está de pie en el camino,EN_WR_14_19_0.5_14_GFH
Las cosas están cayendo a su alrededor,EN_WR_14_19_0.5_14_GFH
El hombre encuentra un bebé,EN_WR_14_19_0.5_14_GFH
No sabe de dónde vino,EN_WR_14_19_0.5_14_GFH
Trata de encontrar a su madre,EN_WR_14_19_0.5_14_GFH
"Cuando no puede encontrar a su madre,",EN_WR_14_19_0.5_14_GFH
se la da a extraños,EN_WR_14_19_0.5_14_GFH
Es perseguido por la policía por tratar de abandonar al bebé,EN_WR_14_19_0.5_14_GFH
Piensa en dejar al bebé al costado de la carretera,EN_WR_14_19_0.5_14_GFH
Luego encuentra una nota,EN_WR_14_19_0.5_14_GFH
que dice que el bebé es huérfano,EN_WR_14_19_0.5_14_GFH
"Al final, él decide quedarse con el bebé.",EN_WR_14_19_0.5_14_GFH
"En el cortometraje de 1921, The Kid por Charlie Chaplin, un hombre se ve obligado a cuidar de un bebé",EN_WR_14_20_1_14_DYD
que no tiene padres,EN_WR_14_20_1_14_DYD
"Charlie Chaplin juega Vagabundo en esta película,",EN_WR_14_20_1_14_DYD
donde él es un hombre,EN_WR_14_20_1_14_DYD
que va caminando por un barrio,EN_WR_14_20_1_14_DYD
Es fumar,EN_WR_14_20_1_14_DYD
y jugueteaban,EN_WR_14_20_1_14_DYD
hasta que él consigue golpe con un montón de asfalto,EN_WR_14_20_1_14_DYD
"Entonces, él está buscando a su derecha",EN_WR_14_20_1_14_DYD
"y en el piso, se da cuenta",EN_WR_14_20_1_14_DYD
de un bebé llorando,EN_WR_14_20_1_14_DYD
"Como la película va,",EN_WR_14_20_1_14_DYD
él va alrededor tratando de encontrar a la madre o el padre del niño,EN_WR_14_20_1_14_DYD
"Después de que él no tiene éxito,",EN_WR_14_20_1_14_DYD
va en la manta de los bebés,EN_WR_14_20_1_14_DYD
y da cuenta de una nota,EN_WR_14_20_1_14_DYD
"que dice: [Por favor, amar y cuidar a este niño huérfano]",EN_WR_14_20_1_14_DYD
"Después de que él lea esto,",EN_WR_14_20_1_14_DYD
sonríe al bebé,EN_WR_14_20_1_14_DYD
y lo lleva a casa,EN_WR_14_20_1_14_DYD
"Hay un hombre,",EN_WR_14_23_1_14_BB
quien fumar,EN_WR_14_23_1_14_BB
"Hay un inffantil,",EN_WR_14_23_1_14_BB
eso no tiene madre y papa,EN_WR_14_23_1_14_BB
Eso a orphan,EN_WR_14_23_1_14_BB
"El hombre, econtro la inffantil",EN_WR_14_23_1_14_BB
y triagan a dar to una mujer,EN_WR_14_23_1_14_BB
"Una mujer tiene una inffantil,",EN_WR_14_23_1_14_BB
ella no tiene sequndo infantil,EN_WR_14_23_1_14_BB
EL hombre is no rico,EN_WR_14_23_1_14_BB
Un inffantil estaba in a no beuno lugar,EN_WR_14_23_1_14_BB
"Suerte el hombre econtro la inffantil,",EN_WR_14_23_1_14_BB
porque la inffantil posible morrir,EN_WR_14_23_1_14_BB
El hombre le gustan fumar,EN_WR_15_19_1_14_YD
El es tonto,EN_WR_15_19_1_14_YD
El hombre vea un bebé,EN_WR_15_19_1_14_YD
y tomas el bebé a la mujier,EN_WR_15_19_1_14_YD
Pero el bebé fue no ella,EN_WR_15_19_1_14_YD
El hombre toma el bebé,EN_WR_15_19_1_14_YD
y vea una nota,EN_WR_15_19_1_14_YD
que el hombre toma,EN_WR_15_19_1_14_YD
El hombre no fuma,EN_WR_15_19_1_14_YD
cuando el tienes el bebé,EN_WR_15_19_1_14_YD
porque es malo,EN_WR_15_19_1_14_YD
El bebé quiere tranquilidad y comida,EN_WR_15_19_1_14_YD
El bebé quiere leche y nueva vestida,EN_WR_15_19_1_14_YD
Cuando el hombre vea la policia,EN_WR_15_19_1_14_YD
el corre,EN_WR_15_19_1_14_YD
porque el no quiere problema con udstedes,EN_WR_15_19_1_14_YD
Cuando el vea la mujier el quiere ella tomar le bebé,EN_WR_15_19_1_14_YD
Charles no sabía,EN_WR_15_19_3_14_TR
que el bebé era huérfano,EN_WR_15_19_3_14_TR
El bebé fue dejado en la esquina detrás de un edificio,EN_WR_15_19_3_14_TR
Intentó,EN_WR_15_19_3_14_TR
que la gente tomara al niño,EN_WR_15_19_3_14_TR
"Al final, él vio la nota",EN_WR_15_19_3_14_TR
Luego decidió cuidarlo,EN_WR_15_19_3_14_TR
Un hombre con un tophat encuentra a un bebé cerca de un montón de basura,EN_WR_15_20_2_14_BL
Intenta colocar al bebé en la carriola de otra mujer,EN_WR_15_20_2_14_BL
"que ya tiene un bebé,",EN_WR_15_20_2_14_BL
"pero cuando el hombre trata de alejarse,",EN_WR_15_20_2_14_BL
ella lo llama,EN_WR_15_20_2_14_BL
y le advierte,EN_WR_15_20_2_14_BL
que no vuelva a intentarlo,EN_WR_15_20_2_14_BL
"El hombre con el sombrero de copa [...], trata de dárselo a un anciano",EN_WR_15_20_2_14_BL
sin saber qué hacer con el bebé,EN_WR_15_20_2_14_BL
"que persigue al hombre con el sombrero de copa,",EN_WR_15_20_2_14_BL
pero termina topando con la mujer de antes,EN_WR_15_20_2_14_BL
el tipo con el sombrero de copa intentó darle la bebé a,EN_WR_15_20_2_14_BL
Puso al bebé en la carriola de la mujer,EN_WR_15_20_2_14_BL
sin que ella lo mirara,EN_WR_15_20_2_14_BL
y el hombre con el sombrero de copa pasó,EN_WR_15_20_2_14_BL
"Ella ve al bebé y al hombre otra vez,",EN_WR_15_20_2_14_BL
lo golpea con un paraguas,EN_WR_15_20_2_14_BL
y le devuelve al niño,EN_WR_15_20_2_14_BL
El hombre encuentra una nota en la ropa del niño,EN_WR_15_20_2_14_BL
que básicamente dice: [cuide al niño],EN_WR_15_20_2_14_BL
y ahora el hombre cuidará al niño,EN_WR_15_20_2_14_BL
Este cortometraje era sobre Chaplin,EN_WR_15_29_1_14_IM
se encontró con un bebé vivo,EN_WR_15_29_1_14_IM
mientras caminaba por un estrecho disipar,EN_WR_15_29_1_14_IM
Él pensó,EN_WR_15_29_1_14_IM
que el bebé era una señora,EN_WR_15_29_1_14_IM
que tenía un cochecito con un bebé ya dentro,EN_WR_15_29_1_14_IM
y se enteró,EN_WR_15_29_1_14_IM
de que no lo era,EN_WR_15_29_1_14_IM
Se podría decir,EN_WR_15_29_1_14_IM
que no quería la responsabilidad,EN_WR_15_29_1_14_IM
así que siguió tratando de entregar el bebé a alguien con fuera de poner el bebé de vuelta en el callejón,EN_WR_15_29_1_14_IM
"Al final, él ve una nota diciendo",EN_WR_15_29_1_14_IM
que el bebé es huérfano,EN_WR_15_29_1_14_IM
y por favor ama al bebé,EN_WR_15_29_1_14_IM
Entonces sintió que debía,EN_WR_15_29_1_14_IM
Charlie Chaplin encuentra una bébé en el piso sin una madre o padre,EN_WR_16_16_0.3_14_CJA
"Por tanto, el intenta pasar el bébé a una mujer",EN_WR_16_16_0.3_14_CJA
pero ella no quere el bébé,EN_WR_16_16_0.3_14_CJA
"Por los tanto, Charlie Chaplin da el bébé a un hombre",EN_WR_16_16_0.3_14_CJA
y él huye,EN_WR_16_16_0.3_14_CJA
Hay una policia,EN_WR_16_16_0.3_14_CJA
y Chaplin no le gusta,EN_WR_16_16_0.3_14_CJA
"Luego, Chaplin tiene que llavar el bébé",EN_WR_16_16_0.3_14_CJA
y él lee una nota,EN_WR_16_16_0.3_14_CJA
"que dice [""por favor, ama y cuida a este niño huérfano""]",EN_WR_16_16_0.3_14_CJA
"Finalmente, Chaplin se va con él bébé",EN_WR_16_16_0.3_14_CJA
El hombre es fumando,EN_WR_16_19_1_14_YD
El es muy tonto,EN_WR_16_19_1_14_YD
El hombre tomé el bebé,EN_WR_16_19_1_14_YD
y dava el bebé a una mujer,EN_WR_16_19_1_14_YD
Pero el bebé no fue,EN_WR_16_19_1_14_YD
El hombre toma el bebé a la policia,EN_WR_16_19_1_14_YD
pero la policia pensaba,EN_WR_16_19_1_14_YD
el era tonto,EN_WR_16_19_1_14_YD
El hombre vea una nota,EN_WR_16_19_1_14_YD
y leerla,EN_WR_16_19_1_14_YD
El bebé quiere tranquilo,EN_WR_16_19_1_14_YD
y beber leche,EN_WR_16_19_1_14_YD
y dormir,EN_WR_16_19_1_14_YD
porque tiene sed y hambre,EN_WR_16_19_1_14_YD
"En el finale el hombre, le bebé y la mujier fueron sepárate de la policia",EN_WR_16_19_1_14_YD
El bebé quiere una mujer y una persona con responsabilidad,EN_WR_16_19_1_14_YD
Charlie Chaplin encuentra un bebé,EN_WR_16_21_1_14_SS
"y trata de abandonarlo varias veces,",EN_WR_16_21_1_14_SS
pero no puede hacerlo,EN_WR_16_21_1_14_SS
porque un oficial de policía lo ve haciéndolo,EN_WR_16_21_1_14_SS
Una de las personas a las que trató de darle al bebé era una mujer,EN_WR_16_21_1_14_SS
y lo puso en un cochecito varias veces,EN_WR_16_21_1_14_SS
y falló cada vez,EN_WR_16_21_1_14_SS
Y la siguiente persona a la que trató de darle al bebé fue un hombre mayor,EN_WR_16_21_1_14_SS
que realmente trató de dar el bebé a las mujeres,EN_WR_16_21_1_14_SS
Pero Charlie Chaplin siempre terminaba con el bebé,EN_WR_16_21_1_14_SS
Él termina quedándose con el bebé,EN_WR_16_21_1_14_SS
una vez que lee la nota,EN_WR_16_21_1_14_SS
que dice,EN_WR_16_21_1_14_SS
que el bebé es huérfano,EN_WR_16_21_1_14_SS
y necesita ser amado,EN_WR_16_21_1_14_SS
Charles Chaplin no queres una infintil,EN_WR_16_22_0.5_14_MB
La mejur no es queres bebe tambien y la madre biological,EN_WR_16_22_0.5_14_MB
La infintil tiene una nota de la madre biological escribe la nota por bebe,EN_WR_16_22_0.5_14_MB
por algunes leer,EN_WR_16_22_0.5_14_MB
Charles Chaplin no tiene nunca una bebe,EN_WR_16_22_0.5_14_MB
Todas la personas no hay conzemos,EN_WR_16_22_0.5_14_MB
que hago de la situacion,EN_WR_16_22_0.5_14_MB
La infintil no hable ingles,EN_WR_16_22_0.5_14_MB
La infintil es problema por Charles Chaplin y todas la personals,EN_WR_16_22_0.5_14_MB
Polica es problemo tambien,EN_WR_16_22_0.5_14_MB
Hay un hombre,EN_WR_16_24_3_14_SM
que encontra un babe,EN_WR_16_24_3_14_SM
El hombre busca el dueno,EN_WR_16_24_3_14_SM
y trata de pasarselo a una mujer,EN_WR_16_24_3_14_SM
La mujer niega al bebe,EN_WR_16_24_3_14_SM
"El hombre pone al bebe en el suelo,",EN_WR_16_24_3_14_SM
pero una polica mira,EN_WR_16_24_3_14_SM
Luego el hombre lo encuentra otro hombre,EN_WR_16_24_3_14_SM
y pase el babe a el,EN_WR_16_24_3_14_SM
"Ese hombre tompoco no quiere el bebe,",EN_WR_16_24_3_14_SM
encuentra otra persona a darselo,EN_WR_16_24_3_14_SM
"El bebe termina en las manos del hombre otra vez,",EN_WR_16_24_3_14_SM
y ve que el bebe tenia una nota,EN_WR_16_24_3_14_SM
Al final el hombre decide mantener el bebe,EN_WR_16_24_3_14_SM
Un hombre encuentra un bebe,EN_WR_16_32_1.5_14_ESB
Un hombre da un bebe a una muejer,EN_WR_16_32_1.5_14_ESB
Una muejer da un bebe a un hombre,EN_WR_16_32_1.5_14_ESB
Un hombre da un bebe a otro un hombre,EN_WR_16_32_1.5_14_ESB
Otra un hombre da bebe a una muejer,EN_WR_16_32_1.5_14_ESB
Una muejer encuentra un primer hombre,EN_WR_16_32_1.5_14_ESB
y da un bebe a un hombre tambien,EN_WR_16_32_1.5_14_ESB
Un hombre lee el papel en un bebe,EN_WR_16_32_1.5_14_ESB
Alguien escribe un mensaje,EN_WR_16_32_1.5_14_ESB
para cuidar al bebe,EN_WR_16_32_1.5_14_ESB
Un hombre camine al un bebe,EN_WR_16_32_1.5_14_ESB
"Durante el centro, el hombre fume",EN_WR_16_32_1.5_14_ESB
y corre de policia,EN_WR_16_32_1.5_14_ESB
El hombre está caminando alredor de la ciudad,EN_WR_17_20_2.5_14_EO
El hombre encuentra un bebe,EN_WR_17_20_2.5_14_EO
El  hombre trata encontrar la madre,EN_WR_17_20_2.5_14_EO
El ponè bebe en la madre en el carro,EN_WR_17_20_2.5_14_EO
"La madre no esta contenta,",EN_WR_17_20_2.5_14_EO
es no su bebe,EN_WR_17_20_2.5_14_EO
El hombre poniendo bebe en el suelo,EN_WR_17_20_2.5_14_EO
La policía be,EN_WR_17_20_2.5_14_EO
que sigue poniendo bebe en el suelo,EN_WR_17_20_2.5_14_EO
La policía mira enojado,EN_WR_17_20_2.5_14_EO
El hombre levanta un bebe,EN_WR_17_20_2.5_14_EO
El hombre ve una nota,EN_WR_17_20_2.5_14_EO
para amar un bebe,EN_WR_17_20_2.5_14_EO
El hombre ama una bebe,EN_WR_17_20_2.5_14_EO
El hombre es muy contento,EN_WR_17_20_2.5_14_EO
Chaplin encontro un bebe,EN_WR_17_21_3_14_FV
Pero Chaplin tratado de deshacerse de el bebe,EN_WR_17_21_3_14_FV
Chaplin intentado poner al bebe en otro carruaje para mujeres,EN_WR_17_21_3_14_FV
El senora lo ataco,EN_WR_17_21_3_14_FV
Chaplin intentado poner al bebe en el mayor senor,EN_WR_17_21_3_14_FV
El mayor senor poner al bebe en otro carruaje,EN_WR_17_21_3_14_FV
para mujeres,EN_WR_17_21_3_14_FV
quien era el mismo que antes,EN_WR_17_21_3_14_FV
El senora encontro el bebe,EN_WR_17_21_3_14_FV
y ataco chaplin otra vez,EN_WR_17_21_3_14_FV
Chaplin encontro una nota sobre el bebe,EN_WR_17_21_3_14_FV
Charles Chaplin estaba ocupado fumando,EN_WR_17_21_3_14_FV
cuando vio a un bebé tendido en el suelo,EN_WR_17_21_3_14_FV
Él decidió recoger al bebé,EN_WR_17_21_3_14_FV
Trató de regalarle el bebé a una mujer,EN_WR_17_21_3_14_FV
que ya tenia otro bebé,EN_WR_17_21_3_14_FV
y luego a un anciano,EN_WR_17_21_3_14_FV
que fue a darle el bebé a la misma mujer,EN_WR_17_21_3_14_FV
"que Charles trató de dar,",EN_WR_17_21_3_14_FV
pero el terminó en sus brazos,EN_WR_17_21_3_14_FV
"y encontró una nota en la ropa del bebé diciendo [""por favor ama y cuida a este niño Huérfano""]",EN_WR_17_21_3_14_FV
y decidió quedar con el bebé,EN_WR_17_21_3_14_FV
Charles Chaplin estaba ocupado fumando,EN_WR_17_22_1_14_KP
cuando vio a un bebé tendido en el suelo,EN_WR_17_22_1_14_KP
Él decidió recoger al bebé,EN_WR_17_22_1_14_KP
Trató de regalarle el bebé a una mujer,EN_WR_17_22_1_14_KP
que ya tenia otro bebé,EN_WR_17_22_1_14_KP
y luego a un anciano,EN_WR_17_22_1_14_KP
que fue a darle el bebé a la misma mujer,EN_WR_17_22_1_14_KP
"que Charles trató de dar ,",EN_WR_17_22_1_14_KP
pero el terminó en sus brazos,EN_WR_17_22_1_14_KP
"y encontró una nota en la ropa del bebé diciendo [""por favor ama y cuida a este niño Huérfano""]",EN_WR_17_22_1_14_KP
y decidió quedar con el bebé,EN_WR_17_22_1_14_KP
Charlie Chaplin es el actor de silento y muchas famosa,EN_WR_17_25_4_14_MJS
Charlie Chaplin esta camiendo en el 'alley',EN_WR_17_25_4_14_MJS
cuando el es 'hit' en la cabeza por in 'brick',EN_WR_17_25_4_14_MJS
Charlie Chaplin esta fumiendo el cigarette,EN_WR_17_25_4_14_MJS
Charlie tomar el bebe de el piso,EN_WR_17_25_4_14_MJS
Charlie miro por un familia de bebe,EN_WR_17_25_4_14_MJS
"El dar un bebe de mujer,",EN_WR_17_25_4_14_MJS
pero un mujer tiene un bebe,EN_WR_17_25_4_14_MJS
El policia mirar por el bebe y Charlie Chaplin,EN_WR_17_25_4_14_MJS
Charlie Chaplin dar un bebe de el hombre,EN_WR_17_25_4_14_MJS
Eventualmente Charlie Chaplin tiene el bebe,EN_WR_17_25_4_14_MJS
Uno hombre camino,EN_WR_18_20_1.5_14_AM
Ello necessita un luz,EN_WR_18_20_1.5_14_AM
Ello veía un bebe con no padres,EN_WR_18_20_1.5_14_AM
Ello no quiere la bebe,EN_WR_18_20_1.5_14_AM
La policia dije,EN_WR_18_20_1.5_14_AM
ello no lleva el bebe aqui,EN_WR_18_20_1.5_14_AM
y ello llava con el bebe,EN_WR_18_20_1.5_14_AM
Ello puede el niño en una la carro de una mujer,EN_WR_18_20_1.5_14_AM
Ella no quiere el bebe,EN_WR_18_20_1.5_14_AM
porque ella tiene un otra bebe,EN_WR_18_20_1.5_14_AM
La mujer usa un sombrilla a el hombre,EN_WR_18_20_1.5_14_AM
Pero en el fin ello tiene la bebe,EN_WR_18_20_1.5_14_AM
porque el bebe tiene no padres,EN_WR_18_20_1.5_14_AM
Ello este una padre ahora,EN_WR_18_20_1.5_14_AM
Senor Chaplin es caminando,EN_WR_18_23_1_14_AAG
y fumar,EN_WR_18_23_1_14_AAG
La gente tira basura a el desde las ventanas,EN_WR_18_23_1_14_AAG
el encuentra un bebe durante su caminar,EN_WR_18_23_1_14_AAG
El trata de darle el bebe a otras personas,EN_WR_18_23_1_14_AAG
"Una madre no quiere el bebe,",EN_WR_18_23_1_14_AAG
el bebe es no ella,EN_WR_18_23_1_14_AAG
El regrasa el bebe a la calle,EN_WR_18_23_1_14_AAG
pero la policia lo ve,EN_WR_18_23_1_14_AAG
El da el bebe a un hombre,EN_WR_18_23_1_14_AAG
El hombre da el bebe a la madre,EN_WR_18_23_1_14_AAG
La madre golpea a Charlie con un paraguas,EN_WR_18_23_1_14_AAG
Al final Charlie se sienta,EN_WR_18_23_1_14_AAG
y lee la carta del bebe,EN_WR_18_23_1_14_AAG
El toma al bebe,EN_WR_18_23_1_14_AAG
Charlie chaplin está caminando por la calle fumando un cigarro,EN_WR_19_19_4.5_14_SV
Él tiene un bastón,EN_WR_19_19_4.5_14_SV
Parte del edificio cae sobre él,EN_WR_19_19_4.5_14_SV
y enciende un cigarro nuevo,EN_WR_19_19_4.5_14_SV
Entonces él encuentra un bebé,EN_WR_19_19_4.5_14_SV
Él trata de regalarle el bebé a una mujer,EN_WR_19_19_4.5_14_SV
que no lo quiere,EN_WR_19_19_4.5_14_SV
"Le devuelve al bebé de nuevo,",EN_WR_19_19_4.5_14_SV
pero termina en la carriola,EN_WR_19_19_4.5_14_SV
y la mujer golpea a Charlie,EN_WR_19_19_4.5_14_SV
Charlie se aleja,EN_WR_19_19_4.5_14_SV
y el oficial de policía todavía lo está mirando,EN_WR_19_19_4.5_14_SV
Charlie termina quedándose con el bebé,EN_WR_19_19_4.5_14_SV
Hay un hombre,EN_WR_19_22_4_14_EJ
y ha fumada,EN_WR_19_22_4_14_EJ
Este homre es caminando,EN_WR_19_22_4_14_EJ
y duespues ayuda un nino,EN_WR_19_22_4_14_EJ
"Hay una policia, y una mujer, y un extrano hombre",EN_WR_19_22_4_14_EJ
"En el primero, Charlie no quiere el nino",EN_WR_19_22_4_14_EJ
"Duespues, Charile reciba una escrita",EN_WR_19_22_4_14_EJ
y el nino es ahora en el familia,EN_WR_19_22_4_14_EJ
"La escena empieza con Charlie caminando por un callejón,",EN_WR_19_23_3_14_EN
y las cosas son arrojadas por la ventana,EN_WR_19_23_3_14_EN
Sigue caminando por el callejón,EN_WR_19_23_3_14_EN
"y luege procede a sacar un cigarrillo de un cartón,",EN_WR_19_23_3_14_EN
se quita los guantes,EN_WR_19_23_3_14_EN
y luego golpea un fósforo fuera de su zapato,EN_WR_19_23_3_14_EN
"Después de encender el fósforo,",EN_WR_19_23_3_14_EN
él tira aways sus guantes,EN_WR_19_23_3_14_EN
"Mientras que Charlie fumar, ",EN_WR_19_23_3_14_EN
"apagado a la izquierda,",EN_WR_19_23_3_14_EN
es un bebé,EN_WR_19_23_3_14_EN
que llorando en el piso,EN_WR_19_23_3_14_EN
Mira,EN_WR_19_23_3_14_EN
y luego recoge al bebé,EN_WR_19_23_3_14_EN
"Mientras recoge al bebé,",EN_WR_19_23_3_14_EN
pasa una mujer con un bebé en el cochecito,EN_WR_19_23_3_14_EN
Charlie procede a decirle a la mujer,EN_WR_19_23_3_14_EN
que piensa,EN_WR_19_23_3_14_EN
que dejó caer a su bebé,EN_WR_19_23_3_14_EN
Charlie agarra al bebé,EN_WR_19_23_3_14_EN
y lo coloca en su cochecito,EN_WR_19_23_3_14_EN
La mujer se enoja por sus acciones,EN_WR_19_23_3_14_EN
y se ve obligado a recoger al bebé,EN_WR_19_23_3_14_EN
Él regresa a donde estaba el bebé,EN_WR_19_23_3_14_EN
"y mientras está acostado al bebé,",EN_WR_19_23_3_14_EN
un oficial de policía se acerca a él,EN_WR_19_23_3_14_EN
y Charlie recoge al bebé,EN_WR_19_23_3_14_EN
y se va,EN_WR_19_23_3_14_EN
Trate de dar al bebé a un extraño,EN_WR_19_23_3_14_EN
y el hombre corre tratando de encontrar a Charlie,EN_WR_19_23_3_14_EN
Se tropieza con la mujer con el coche de bebé desde antes,EN_WR_19_23_3_14_EN
y deja caer al bebé en el carruaje,EN_WR_19_23_3_14_EN
Charlie camina más allá de la mujer,EN_WR_19_23_3_14_EN
y ella lo golpea sobre la cabeza con un paraguas,EN_WR_19_23_3_14_EN
Ella entonces banderas abajo el policía ,EN_WR_19_23_3_14_EN
y Charlie termina para arriba con el bebé otra vez,EN_WR_19_23_3_14_EN
Él termina de sentarse en la acera,EN_WR_19_23_3_14_EN
y descubre una nota,EN_WR_19_23_3_14_EN
"que dice [""por favor, el amor y el cuidado de este niño huérfano""]",EN_WR_19_23_3_14_EN
La escena termina con Charlie caminando con el bebé en sus brazos,EN_WR_19_23_3_14_EN
Charles encontro a un bebe llorando en el piso,EN_WR_20_18_2_14_SA
El estaba tratando de averiguar de donde venia,EN_WR_20_18_2_14_SA
"Encontro a una enora con un cochecito de bebe,",EN_WR_20_18_2_14_SA
pero el bebe no pertenecia a ella,EN_WR_20_18_2_14_SA
Charles puso al bebe de vuelta donde lo encontro,EN_WR_20_18_2_14_SA
Alguin lo vio poniendo al bebe de nuevo en el suelo,EN_WR_20_18_2_14_SA
Le dio el bebe a un anciano y huyo,EN_WR_20_18_2_14_SA
Ese tipo dejo al bebe junto con otrto bebe en un carruaje,EN_WR_20_18_2_14_SA
que quedo desatendido,EN_WR_20_18_2_14_SA
La senora regreso,EN_WR_20_18_2_14_SA
y vio a otro bebe,EN_WR_20_18_2_14_SA
En el video Charlie encuentra un bebé perdido en la calle,EN_WR_20_20_0_14_MK
"Charlie primero trata de poner al bebé en una canasta de mujeres,",EN_WR_20_20_0_14_MK
pero ella le grita,EN_WR_20_20_0_14_MK
"Charlie intenta dejar al bebé en la calle,",EN_WR_20_20_0_14_MK
pero un oficial de policía lo atrapa,EN_WR_20_20_0_14_MK
Entonces da al bebé a un hombre,EN_WR_20_20_0_14_MK
y se escapa,EN_WR_20_20_0_14_MK
El viejo hombre pone al bebé en el womans cesta,EN_WR_20_20_0_14_MK
y cuando se ve en el cesto,EN_WR_20_20_0_14_MK
Charlie camina por,EN_WR_20_20_0_14_MK
La mujer entonces regaña a Charlie,EN_WR_20_20_0_14_MK
mientras la policía mira y se rinde,EN_WR_20_20_0_14_MK
Charlie encuentra una nota sobre el bebé,EN_WR_20_20_0_14_MK
"que dice [""por favor, ama y cuida a este niño huérfano""]",EN_WR_20_20_0_14_MK
El video era sobre los viejos tiempos,EN_WR_20_21_4_14_PKO
El hombre bien vestido encontro un bebe junto a la basura,EN_WR_20_21_4_14_PKO
El selecto arriba el bebe,EN_WR_20_21_4_14_PKO
y probado a encontrar un seguro el lugar a dejarlo,EN_WR_20_21_4_14_PKO
Despues de que el encontro una carta,EN_WR_20_21_4_14_PKO
que la madre se fue,EN_WR_20_21_4_14_PKO
porque ella ya no puede cuidar del bebe,EN_WR_20_21_4_14_PKO
El hombre decidio quedarse con el bebe,EN_WR_20_21_4_14_PKO
y cuidar de lo,EN_WR_20_21_4_14_PKO
La gente estaba tirando objetos de sus ventanas,EN_WR_20_22_0.5_14_KR
Un hombre caminando vio un bebé en el suelo,EN_WR_20_22_0.5_14_KR
Buscó a los padres,EN_WR_20_22_0.5_14_KR
pero no vio a nadie,EN_WR_20_22_0.5_14_KR
Le dio el bebé a una mujer,EN_WR_20_22_0.5_14_KR
La mujer no quería al niño,EN_WR_20_22_0.5_14_KR
"El hombre dio al bebé a otra persona,",EN_WR_20_22_0.5_14_KR
pero el hombre devolvió al niño a la mujer,EN_WR_20_22_0.5_14_KR
Al final tomó al bebé,EN_WR_20_22_0.5_14_KR
Charlie Chaplin caminaba el de día  en la construcción,EN_WR_21_19_2_14_JB
y le arrojaron basura,EN_WR_21_19_2_14_JB
Luego fuma un cigarrillo,EN_WR_21_19_2_14_JB
y ve al bebé al lado de basura,EN_WR_21_19_2_14_JB
"De una manera divertida, llevo al bebe por la ciudad",EN_WR_21_19_2_14_JB
"y le reprocho a una mujer,",EN_WR_21_19_2_14_JB
huyo de un policía,EN_WR_21_19_2_14_JB
pero aun no sabia,EN_WR_21_19_2_14_JB
que hacia con el niño,EN_WR_21_19_2_14_JB
"El final, leyó un documento",EN_WR_21_19_2_14_JB
"que le  quedaba al bebé diciendo ["" cuídate de este niño huérfano""]",EN_WR_21_19_2_14_JB
y finalmente se preocupo por el niño.,EN_WR_21_19_2_14_JB
El hombre ve un bebé,EN_WR_21_20_5_14_JH
y no sabe qué hacer,EN_WR_21_20_5_14_JH
Él buscando por la mamá de el bebé,EN_WR_21_20_5_14_JH
pero no encuentra la mamá,EN_WR_21_20_5_14_JH
El hombre pone el bebé abajo,EN_WR_21_20_5_14_JH
pero la policía está enojado,EN_WR_21_20_5_14_JH
Él recoges el bebé otra vez,EN_WR_21_20_5_14_JH
y da la bebé a un extraño,EN_WR_21_20_5_14_JH
El extraño no quiere el bebé,EN_WR_21_20_5_14_JH
y pone el bebé en un paseante,EN_WR_21_20_5_14_JH
La mujer se enoja,EN_WR_21_20_5_14_JH
y llama la policía,EN_WR_21_20_5_14_JH
La policía está enojado otra vez,EN_WR_21_20_5_14_JH
"y el hombre, Charlie Chaplin, guarda la bebé",EN_WR_21_20_5_14_JH
El hombre y el bebé dejaron con juntos,EN_WR_21_20_5_14_JH
El video esta en negro y blanco,EN_WR_21_21_4_14_AS
el video esta mas viejo,EN_WR_21_21_4_14_AS
el tiene una gorra,EN_WR_21_21_4_14_AS
El fume un cigarette,EN_WR_21_21_4_14_AS
El mira un bebe,EN_WR_21_21_4_14_AS
el no se,EN_WR_21_21_4_14_AS
donde esta el madre o el padre,EN_WR_21_21_4_14_AS
el regresa el bebe a una señora,EN_WR_21_21_4_14_AS
la señora tiene un bebe,EN_WR_21_21_4_14_AS
el regresa el bebe al basura,EN_WR_21_21_4_14_AS
y una policia no le gustan el,EN_WR_21_21_4_14_AS
el zapato necesito nuevo,EN_WR_21_21_4_14_AS
y el corre rapido,EN_WR_21_21_4_14_AS
El policia no esta intelegente,EN_WR_21_21_4_14_AS
"por fin, el le gustan el bebe",EN_WR_21_21_4_14_AS
y quiere el corazon,EN_WR_21_21_4_14_AS
Charlie Chaplin andaba en el ciudad,EN_WR_21_26_2_14_LL
cuando las cosas cayeron,EN_WR_21_26_2_14_LL
y lo golpearon desde el edificio de arriba,EN_WR_21_26_2_14_LL
"Él mirió un bebe,",EN_WR_21_26_2_14_LL
pero no sabí donde eres,EN_WR_21_26_2_14_LL
Charlie Chaplin tomaba el bebe,EN_WR_21_26_2_14_LL
 a encontrar de donde vino,EN_WR_21_26_2_14_LL
Él mira por el bebe's papas,EN_WR_21_26_2_14_LL
pero no tiení,EN_WR_21_26_2_14_LL
"Él intentaba para regalar el bebe,",EN_WR_21_26_2_14_LL
pero no funcionó,EN_WR_21_26_2_14_LL
mantuvo al bebé,EN_WR_21_26_2_14_LL
y decidió ser su padre en el final,EN_WR_21_26_2_14_LL
"Un hombre, un poco raro, esta caminando",EN_WR_22_19_3.5_14_SC
y fumando en la calle,EN_WR_22_19_3.5_14_SC
Ladrillos cae de un edificio cerca la calle,EN_WR_22_19_3.5_14_SC
Los ladrillos choca el hombre,EN_WR_22_19_3.5_14_SC
El hombre encuentra un bebé en la calle,EN_WR_22_19_3.5_14_SC
Él trata encontrar la madre de bebe,EN_WR_22_19_3.5_14_SC
"Por error, él pone el bebé con una madre incorrecto",EN_WR_22_19_3.5_14_SC
La mujer vuelve el bebé a él,EN_WR_22_19_3.5_14_SC
Él trata salir el bebe en la calle,EN_WR_22_19_3.5_14_SC
pero la policía ve esto,EN_WR_22_19_3.5_14_SC
Así que él no puede salir el bebé,EN_WR_22_19_3.5_14_SC
"Entonces él da el bebé a un otro hombre,",EN_WR_22_19_3.5_14_SC
pero el otro hombre da el bebé a la misma mujer,EN_WR_22_19_3.5_14_SC
La mujer piensa,EN_WR_22_19_3.5_14_SC
que el primero hombre da el bebé otra vez,EN_WR_22_19_3.5_14_SC
La mujer golpea el primero hombre,EN_WR_22_19_3.5_14_SC
También la policía vuelve a la situación,EN_WR_22_19_3.5_14_SC
Él hombre tiene el bebé otra vez,EN_WR_22_19_3.5_14_SC
Él se sienta en la calle con el bebé,EN_WR_22_19_3.5_14_SC
y encuentra una carta de la madre del bebé,EN_WR_22_19_3.5_14_SC
Charles Chaplin es un hombre bien vestido,EN_WR_22_19_5_14_ZS
"Un día, Chaplin esta caminando para la calle",EN_WR_22_19_5_14_ZS
y se quita los guantes,EN_WR_22_19_5_14_ZS
para fumarse una cigarro,EN_WR_22_19_5_14_ZS
cuando el vio el bebe,EN_WR_22_19_5_14_ZS
Chaplin recogió el bebe y el vio la mujer entrar a un edificio,EN_WR_22_19_5_14_ZS
Chaplin hablo a la mujer y dio el bebe a la mujer,EN_WR_22_19_5_14_ZS
"Pero, la mujer grita",EN_WR_22_19_5_14_ZS
y Chaplin recogió el bebe,EN_WR_22_19_5_14_ZS
"Luego, Chaplin se vio a una policía",EN_WR_22_19_5_14_ZS
y caminando lejos de la policia,EN_WR_22_19_5_14_ZS
Chaplin se vio a un hombre viejo,EN_WR_22_19_5_14_ZS
 y da un bebe al hombre viejo,EN_WR_22_19_5_14_ZS
La hombre viejo ve la misma mujer,EN_WR_22_19_5_14_ZS
y poner el bebe en su carrito de bebe,EN_WR_22_19_5_14_ZS
La mujer piensa que Chaplin ponerse el bebe en su carrito,EN_WR_22_19_5_14_ZS
y golpea Chaplin con su bastón,EN_WR_22_19_5_14_ZS
Chaplin recogió el bebe,EN_WR_22_19_5_14_ZS
 y se sentó cuando encontró una carte,EN_WR_22_19_5_14_ZS
Una carte se dice,EN_WR_22_19_5_14_ZS
que el bebe no tiene padres,EN_WR_22_19_5_14_ZS
El cuenta pequeña sobre un hombre estuvo caminando la calle,EN_WR_22_24_4_14_SS
y encontrana un bebe,EN_WR_22_24_4_14_SS
"Veces tiempos trataba salir el bebe con un mujer, el la calle, o con otro hombre",EN_WR_22_24_4_14_SS
"pero siempre, por una razon o otra, tenia el bebe otra vez",EN_WR_22_24_4_14_SS
Finalmente al fin de la cuenta […] chaplin encontro una nota,EN_WR_22_24_4_14_SS
"cuando lo estaba sentiendo,",EN_WR_22_24_4_14_SS
"se dijo: [""Por favor,ama y cuida por este nino""]",EN_WR_22_24_4_14_SS
Entonces Chaplin da una sonrisa al bebe ,EN_WR_22_24_4_14_SS
y camino lejos con el bebe,EN_WR_22_24_4_14_SS
Charles Chaplin es caminado por el pueblo y fumado,EN_WR_23_18_3_14_JD
La gente son limpiar lío y algún pegarlo,EN_WR_23_18_3_14_JD
y algún pegarlo ,EN_WR_23_18_3_14_JD
y pone a fumar,EN_WR_23_18_3_14_JD
Limpia y consigue fumar,EN_WR_23_18_3_14_JD
Entonces él encuentra el bebé en el suelo,EN_WR_23_18_3_14_JD
La mujer con cochecito,EN_WR_23_18_3_14_JD
y otro bebé pasean,EN_WR_23_18_3_14_JD
y Chaplin pone el bebé en cochecito,EN_WR_23_18_3_14_JD
Él piensa el bebé,EN_WR_23_18_3_14_JD
pertenecer a ella,EN_WR_23_18_3_14_JD
Ella dice tomar el bebé,EN_WR_23_18_3_14_JD
y él hacer,EN_WR_23_18_3_14_JD
"Chaplin pone el bebé donde encontrar,",EN_WR_23_18_3_14_JD
pero el policía mira,EN_WR_23_18_3_14_JD
y Chaplin toma el bebé otra vez,EN_WR_23_18_3_14_JD
Él da el bebé a otro hombre,EN_WR_23_18_3_14_JD
y esconde,EN_WR_23_18_3_14_JD
Él no encuentra Chaplin,EN_WR_23_18_3_14_JD
y pone el bebé en cochecito,EN_WR_23_18_3_14_JD
y sale,EN_WR_23_18_3_14_JD
La mujer mira Chaplin,EN_WR_23_18_3_14_JD
y piensa él poner el bebé en cochecito ,EN_WR_23_18_3_14_JD
y ella pega con el paraguas ,EN_WR_23_18_3_14_JD
y llama el policía ,EN_WR_23_18_3_14_JD
y Chaplin toma el bebé,EN_WR_23_18_3_14_JD
Chaplin piensa ,EN_WR_23_18_3_14_JD
a pone el bebé en la alcantarilla,EN_WR_23_18_3_14_JD
Entonces encuentra la nota pidiendo a amor y atencíon para el huérfano,EN_WR_23_18_3_14_JD
"En la película con Charlie Chaplin, el encontró un bebe",EN_WR_23_19_1_14_STS
que no tiene casa or padres,EN_WR_23_19_1_14_STS
Charlie no sabe que hace,EN_WR_23_19_1_14_STS
El le dar el bebe a una mujer,EN_WR_23_19_1_14_STS
que tiene un bebe,EN_WR_23_19_1_14_STS
Pero ella no quiere el bebe,EN_WR_23_19_1_14_STS
La mujer pegar Charlie con una sombrilla,EN_WR_23_19_1_14_STS
Todo día el policía veo a Charlie,EN_WR_23_19_1_14_STS
"Entonces, Charlie dar bebe para un hombre viejo",EN_WR_23_19_1_14_STS
Pero el hombre dar el bebe a la mujer también,EN_WR_23_19_1_14_STS
"Finalmente, Charlie tome el bebe un vez mas",EN_WR_23_19_1_14_STS
y amor el bebe,EN_WR_23_19_1_14_STS
El hombre camina in la calle,EN_WR_23_21_3_14_NWH
"Entonces, fuma",EN_WR_23_21_3_14_NWH
Ve un niño en el piso de calle,EN_WR_23_21_3_14_NWH
"Entonces, da el niño al mujer ",EN_WR_23_21_3_14_NWH
cuando ella es en la tienda,EN_WR_23_21_3_14_NWH
"Pero, ella no quiera un niño",EN_WR_23_21_3_14_NWH
"Él pone el niño en el piso de calle, pero la policía lo ve",EN_WR_23_21_3_14_NWH
"Porque la policía lo ve, el hombre recibe el niño y camina",EN_WR_23_21_3_14_NWH
"Durante, el hombre camina in la calle con el niño,",EN_WR_23_21_3_14_NWH
ve otra el hombre,EN_WR_23_21_3_14_NWH
Él da el niño a otra el hombre entonces corre,EN_WR_23_21_3_14_NWH
Otra el hombre da el niño a mismo la mujer,EN_WR_23_21_3_14_NWH
Él hombre (el protagonista) corre hasta la policía otro vez,EN_WR_23_21_3_14_NWH
"Cuando corre huye de la policía,",EN_WR_23_21_3_14_NWH
corre hasta la mujer,EN_WR_23_21_3_14_NWH
Da el niño a el hombre otra vez,EN_WR_23_21_3_14_NWH
"Con un niño, sentarse",EN_WR_23_21_3_14_NWH
Ve una nota ,EN_WR_23_21_3_14_NWH
"que dice, [""perdón, amor y cuidado está el niño""]",EN_WR_23_21_3_14_NWH
"Feliz, camina con el niño",EN_WR_23_21_3_14_NWH
Chaplin encuentra un bebé,EN_WR_23_21_4_14_JRD
"Ve a una mujer caminando con un cochecito,",EN_WR_23_21_4_14_JRD
así que le da el bebé,EN_WR_23_21_4_14_JRD
No es su bebé,EN_WR_23_21_4_14_JRD
"Él vuelve a poner al bebé doe lo encontró,",EN_WR_23_21_4_14_JRD
"pero el oficial de policía pasa, ",EN_WR_23_21_4_14_JRD
así que recoge al bebé de nuevo,EN_WR_23_21_4_14_JRD
Ve a un hombre caminando,EN_WR_23_21_4_14_JRD
y le da el bebé,EN_WR_23_21_4_14_JRD
El hombre da el bebé a la mujer con el cochecito,EN_WR_23_21_4_14_JRD
La mujer le devuelve el bebé a Chaplin,EN_WR_23_21_4_14_JRD
Chaplin encuentra una nota ,EN_WR_23_21_4_14_JRD
"que dice: [""Por favor, el amor y el cuidado de este niño""]",EN_WR_23_21_4_14_JRD
Él decide mantener al bebé,EN_WR_23_21_4_14_JRD
se trataba de un hombre,EN_WR_23_22_4_14_DW
que encontró un bebé abandonado,EN_WR_23_22_4_14_DW
e intentó deshacerse del bebé,EN_WR_23_22_4_14_DW
Trató de dárselo a una mujer,EN_WR_23_22_4_14_DW
que pensó ,EN_WR_23_22_4_14_DW
que era la madre al poner al bebé en su carrito ,EN_WR_23_22_4_14_DW
que ya tenía un bebé,EN_WR_23_22_4_14_DW
la mujer le dijo ,EN_WR_23_22_4_14_DW
que sacara al bebé de la carriola ,EN_WR_23_22_4_14_DW
y se fue,EN_WR_23_22_4_14_DW
Luego trató de darle el bebé a un anciano,EN_WR_23_22_4_14_DW
"el hombre trató de deshacerse del bebé colocando al bebé en una carriola aleatoria, ",EN_WR_23_22_4_14_DW
que resultó ser la columpio de la señora ,EN_WR_23_22_4_14_DW
en la que el primer hombre intentó meter al bebé,EN_WR_23_22_4_14_DW
Finalmente decidió cuidar al bebé,EN_WR_23_22_4_14_DW
"cuando desglosó al bebé de su manta, notó una nota atada",EN_WR_23_22_4_14_DW
"en la pelicula, senor chaplin encienda un cigarette",EN_WR_23_27_4_14_GACJ
"despues, el quita su guantes ",EN_WR_23_27_4_14_GACJ
y sacar en la basura,EN_WR_23_27_4_14_GACJ
se encuentra un bebe,EN_WR_23_27_4_14_GACJ
 y intenta se dar a un madre,EN_WR_23_27_4_14_GACJ
ella delvolva y el debe toma,EN_WR_23_27_4_14_GACJ
porrque esta un policia,EN_WR_23_27_4_14_GACJ
senor chaplin da a un hombrer ,EN_WR_23_27_4_14_GACJ
y el hombre da a la madre misma,EN_WR_23_27_4_14_GACJ
la madre ve a senor chaplin ,EN_WR_23_27_4_14_GACJ
y se molesta,EN_WR_23_27_4_14_GACJ
sentarle con el bebe ,EN_WR_23_27_4_14_GACJ
y no sabe que hacer,EN_WR_23_27_4_14_GACJ
"antes de fin, senor chaplin comprende deber guardarle",EN_WR_23_27_4_14_GACJ
El hombre caminando en el camino ,EN_WR_23_62_5_14_CBM
cuando dos personas ponen cosas en la cabeza,EN_WR_23_62_5_14_CBM
"Entonces, bast por busca un cigar",EN_WR_23_62_5_14_CBM
"Despues fuma el cigar, ",EN_WR_23_62_5_14_CBM
el busca un bebe,EN_WR_23_62_5_14_CBM
Que hizo?,EN_WR_23_62_5_14_CBM
El hombre mira una mujer con otra bebe ,EN_WR_23_62_5_14_CBM
pero la mujer no toma el bebe,EN_WR_23_62_5_14_CBM
"Cuando  el hombre revuelve el bebe al caminito, ",EN_WR_23_62_5_14_CBM
una policia llega,EN_WR_23_62_5_14_CBM
El hombre toma el bebe ,EN_WR_23_62_5_14_CBM
y da el bebe al otro hombre con no casa ,EN_WR_23_62_5_14_CBM
y correo a la otra location,EN_WR_23_62_5_14_CBM
El otro hombre con el bebe busca la carriage de la mujer ,EN_WR_23_62_5_14_CBM
y pone el bebe in la carriage,EN_WR_23_62_5_14_CBM
La mujer revuelve ,EN_WR_23_62_5_14_CBM
y busca el bebe ,EN_WR_23_62_5_14_CBM
y va despues el primero hombre,EN_WR_23_62_5_14_CBM
La policia llega un otra vez ,EN_WR_23_62_5_14_CBM
y el primer hombre toma el bebe,EN_WR_23_62_5_14_CBM
El hombre no sabe ,EN_WR_23_62_5_14_CBM
que hacer,EN_WR_23_62_5_14_CBM
Entonces el busca una nota acerca del bebe,EN_WR_23_62_5_14_CBM
"Dice [""Por favor carine y cuidade esto bebe que no tiene papa o mama""]",EN_WR_23_62_5_14_CBM
"Finalmente, el hombre sonrie al bebe ",EN_WR_23_62_5_14_CBM
y toma a la casa del,EN_WR_23_62_5_14_CBM
El actor Charlie Chaplin lleva en una caje,EN_WR_24_16_0.5_14_SZG
y fuma,EN_WR_24_16_0.5_14_SZG
Él ve un bebe en la caje ,EN_WR_24_16_0.5_14_SZG
y él be una mujer ,EN_WR_24_16_0.5_14_SZG
que lleva con sú Bebe,EN_WR_24_16_0.5_14_SZG
Ella dira ,EN_WR_24_16_0.5_14_SZG
que él Bebe […] no es suya,EN_WR_24_16_0.5_14_SZG
que Charlie Chaplin tiene,EN_WR_24_16_0.5_14_SZG
Un hombre de policia ve ,EN_WR_24_16_0.5_14_SZG
que Charlie Chaplin pone él Bebe en la caje ,EN_WR_24_16_0.5_14_SZG
y Charlie gives un hombre él bebe,EN_WR_24_16_0.5_14_SZG
Porfin Charlie Chaplin trove una notica en él bebe ,EN_WR_24_16_0.5_14_SZG
y él decide de garder él bebe ,EN_WR_24_16_0.5_14_SZG
que no tiene sus padres,EN_WR_24_16_0.5_14_SZG
Charlie Chaplin camina en el calle ,EN_WR_24_18_5_14_ML
y tiene cosas caídas sobre el,EN_WR_24_18_5_14_ML
El esta fumar mientras de esta caminado,EN_WR_24_18_5_14_ML
El ve un un bebe en el calle sin padres,EN_WR_24_18_5_14_ML
el levanto el bebe,EN_WR_24_18_5_14_ML
y camina ,EN_WR_24_18_5_14_ML
y lo pone en el cochecito para mujeres,EN_WR_24_18_5_14_ML
pero ella dice,EN_WR_24_18_5_14_ML
que no es suyo,EN_WR_24_18_5_14_ML
Entonces lo vuelve a poner ,EN_WR_25_20_1_14_DT
pero hay un policía allí ,EN_WR_25_20_1_14_DT
así que tiene que llevarlo de vuelta,EN_WR_25_20_1_14_DT
se lo da a la persona al azar ,EN_WR_25_20_1_14_DT
y luego huye ,EN_WR_25_20_1_14_DT
y oculta,EN_WR_25_20_1_14_DT
el chico lo pone de vuelta en el cochecito de la otra mujer,EN_WR_25_20_1_14_DT
la mujer y la policía hacen ,EN_WR_25_20_1_14_DT
que Charlie se lleve al bebe,EN_WR_25_20_1_14_DT
hay una nota ,EN_WR_25_20_1_14_DT
que dice amar y cuidar al niño ,EN_WR_25_20_1_14_DT
así que decide quedarse con el,EN_WR_25_20_1_14_DT
Un hombre encuentra a un niño pequeño en el suelo,EN_WR_25_20_1_14_DT
Él trata de regalarlo ,EN_WR_25_20_1_14_DT
porque nadie lo quiere,EN_WR_25_20_1_14_DT
Él no lo quiere a él también,EN_WR_25_20_1_14_DT
Luego lo retiene ,EN_WR_25_20_1_14_DT
después de encontrar una nota ,EN_WR_25_20_1_14_DT
que dice sobre él,EN_WR_25_20_1_14_DT
"Al principio, hay un hombre ",EN_WR_25_20_1_14_SM
quién estaba fumando ,EN_WR_25_20_1_14_SM
y encontró un bebe,EN_WR_25_20_1_14_SM
Una mujer caminó al lado del hombre con un bebe también,EN_WR_25_20_1_14_SM
"El hombre puso el bebe en un coche de bebe, ",EN_WR_25_20_1_14_SM
entonces la mujer encontró él ,EN_WR_25_20_1_14_SM
y tomó el bebe afuera,EN_WR_25_20_1_14_SM
Habrá ido a poner el bebe en el suelo ,EN_WR_25_20_1_14_SM
pero la policía lo vio,EN_WR_25_20_1_14_SM
"Luego, el hombre dio el bebe a una persona",EN_WR_25_20_1_14_SM
 y corrió,EN_WR_25_20_1_14_SM
Esa persona puso el bebe en el coche de la mujer otra vez ,EN_WR_25_20_1_14_SM
y estaba enfadada con el hombre ,EN_WR_25_20_1_14_SM
cuando su caminó al lado de ella,EN_WR_25_20_1_14_SM
Aunque lo tomó,EN_WR_25_20_1_14_SM
"Al final, el hombre leyó una carta",EN_WR_25_20_1_14_SM
 y lo quiso guardar el bebe,EN_WR_25_20_1_14_SM
Lo cuidó,EN_WR_25_20_1_14_SM
En la empieza el hombre fue caminar ,EN_WR_26_19_6_14_CC
y una persona puso su basura afuerta de la ventana ,EN_WR_26_19_6_14_CC
y se cayo en el hombre en la calle,EN_WR_26_19_6_14_CC
Entonces el hombre quedo una cosa para fumar ,EN_WR_26_19_6_14_CC
cuando el encontre un bebe se grito,EN_WR_26_19_6_14_CC
El hombre se leventa el bebe ,EN_WR_26_19_6_14_CC
y miro una mujer ,EN_WR_26_19_6_14_CC
y puso el bebe en su cart ,EN_WR_26_19_6_14_CC
pero no es la bebe de ella ,EN_WR_26_19_6_14_CC
y ella se grito al hombre,EN_WR_26_19_6_14_CC
El hombre fue a poner el bebe en el mismo lugar ,EN_WR_26_19_6_14_CC
donde se encontre ,EN_WR_26_19_6_14_CC
pero una policia verlo ,EN_WR_26_19_6_14_CC
y el hombre tome el bebe ,EN_WR_26_19_6_14_CC
y darle a un extranjero,EN_WR_26_19_6_14_CC
El extranjero puso el bebe en el mismo cart del le mujer del temprano ,EN_WR_26_19_6_14_CC
y el hombre original camino como el mujer ,EN_WR_26_19_6_14_CC
y un otra vez ella darlo el bebe a el,EN_WR_26_19_6_14_CC
En el fin el hombre lee una nota ,EN_WR_26_19_6_14_CC
que dice [por favor tener cuidado con mi nino],EN_WR_26_19_6_14_CC
Hay una persona en el edificio ,EN_WR_26_21_10_14_CH
que es poniendo cosas entre la ventana,EN_WR_26_21_10_14_CH
El hombre es pasando en el calle ,EN_WR_26_21_10_14_CH
y es fumando,EN_WR_26_21_10_14_CH
El hombre esconde un bebe ,EN_WR_26_21_10_14_CH
y no sabe de donde,EN_WR_26_21_10_14_CH
Una mujer camina cerca del hombre,EN_WR_26_21_10_14_CH
 y el hombre da el bebe a ella ,EN_WR_26_21_10_14_CH
pero el bebe no es a ella,EN_WR_26_21_10_14_CH
La mujer es enfojada a el,EN_WR_26_21_10_14_CH
El hombre da el bebe a un otro hombre ,EN_WR_26_21_10_14_CH
y el otro hombre da el bebe a la mujer,EN_WR_26_21_10_14_CH
La mujer es enfojada,EN_WR_26_21_10_14_CH
y la policia viene,EN_WR_26_21_10_14_CH
Hay una nota con el bebe ,EN_WR_26_21_10_14_CH
y el bebe es una orfana ,EN_WR_26_21_10_14_CH
y tiene no familia,EN_WR_26_21_10_14_CH
El hombre original saca el bebe.,EN_WR_26_21_10_14_CH
Un hombre e caminando en una rua con muchas cosas ,EN_WR_26_29_5_14_KC
"el attaquen, ",EN_WR_26_29_5_14_KC
quando elle busacan una bebe,EN_WR_26_29_5_14_KC
Elle encontran una mujer con una otro bebe,EN_WR_26_29_5_14_KC
 y elle da la bebe a ella,EN_WR_26_29_5_14_KC
"Pero le bebe no e de la mujera, ",EN_WR_26_29_5_14_KC
"pues elle gritan y tirar de stroller, ",EN_WR_26_29_5_14_KC
y reportar a policia,EN_WR_26_29_5_14_KC
"Finalmente, el hombre buscam una nota con la bebe, ",EN_WR_26_29_5_14_KC
"que dice [""Amo y queri por este bebe""]",EN_WR_26_29_5_14_KC
Es un film mucho descansado,EN_WR_26_29_5_14_KC
Charlie Chaplin caminaba en la calle ,EN_WR_27_20_6.5_14_HM
y encontro un bebe,EN_WR_27_20_6.5_14_HM
Chaplin atempto dar el bebe a una mujer con su bebe,EN_WR_27_20_6.5_14_HM
La mujer no queria el bebe ,EN_WR_27_20_6.5_14_HM
y Chaplin tuvo que ayudar el bebe,EN_WR_27_20_6.5_14_HM
"Cuando atempto salir el bebe en la calle, ",EN_WR_27_20_6.5_14_HM
un hombre de la policia dejo la accion,EN_WR_27_20_6.5_14_HM
"Con el bebe, Chaplin caminaba ",EN_WR_27_20_6.5_14_HM
y dio el bebe a un hombre viejo ,EN_WR_27_20_6.5_14_HM
para cogio sus zapatos,EN_WR_27_20_6.5_14_HM
Chaplin entonces corrio sin el bebe,EN_WR_27_20_6.5_14_HM
El hombre caminaba con el bebe ,EN_WR_27_20_6.5_14_HM
y atempto lo mismo accion de Chaplin; ,EN_WR_27_20_6.5_14_HM
salio el bebe con la mujer,EN_WR_27_20_6.5_14_HM
"La mujer descrubio el bebe, ",EN_WR_27_20_6.5_14_HM
"y unfortunandamente, Chaplin estaba cera",EN_WR_27_20_6.5_14_HM
La mujer el golpeo ,EN_WR_27_20_6.5_14_HM
y el hombre de la policia dejo la lucha,EN_WR_27_20_6.5_14_HM
Chaplin tenia el bebe otra vez ,EN_WR_27_20_6.5_14_HM
y sento en la calle,EN_WR_27_20_6.5_14_HM
"Entonces, descubrio un piece de paple ",EN_WR_27_20_6.5_14_HM
que decia estaba solo,EN_WR_27_20_6.5_14_HM
Chaplin salio con el bebe ,EN_WR_27_20_6.5_14_HM
y estaba alegria,EN_WR_27_20_6.5_14_HM
Cuando el hombre está caminando por la calle ,EN_WR_27_20_8_14_RP
encontrar un bebe sin sus padres,EN_WR_27_20_8_14_RP
"Después de buscando el bebe, el hombre mira por las calles para los padres",EN_WR_27_20_8_14_RP
"él da el bebe a una mujer, ",EN_WR_27_20_8_14_RP
pero en realidad no es su bebe,EN_WR_27_20_8_14_RP
Porque él no sabía que hacer con este bebe ,EN_WR_27_20_8_14_RP
da a un hombre en el calle ,EN_WR_27_20_8_14_RP
después de diciendo ,EN_WR_27_20_8_14_RP
que el necesita a fijar los zapatos,EN_WR_27_20_8_14_RP
Ahora el bebe está con un hombre diferente ,EN_WR_27_20_8_14_RP
y este hombre da el bebe a la misma mujer en la calle ,EN_WR_27_20_8_14_RP
y ella está muy enojado con este situación,EN_WR_27_20_8_14_RP
El primero hombre camina cerca la mujer ,EN_WR_27_20_8_14_RP
y ella da el bebe a él otra vez,EN_WR_27_20_8_14_RP
"En el fin de este escena, el hombre encontró una nota ",EN_WR_27_20_8_14_RP
"que dice el bebe es un orfano, y necesita alguien a cuidarte",EN_WR_27_20_8_14_RP
y necesita alguien a cuidarte,EN_WR_27_20_8_14_RP
El video empiezo con Charles Chaplin caminando en la calle,EN_WR_27_21_6_14_AB
Él para ,EN_WR_27_21_6_14_AB
y fumó un cigarillo y el descubre un bebé,EN_WR_27_21_6_14_AB
Él recoge el bebé ,EN_WR_27_21_6_14_AB
y ve una mujer con un cochecito,EN_WR_27_21_6_14_AB
"Después viendo la mujer, ",EN_WR_27_21_6_14_AB
él pone el bebé en el cochecito,EN_WR_27_21_6_14_AB
Ella no quiere el bebé ,EN_WR_27_21_6_14_AB
"y dice [""no""]",EN_WR_27_21_6_14_AB
"Él trata de dejar el bebé en la esquina donde encontró él bebé, pero un hombre de la policía ve y dice ""no""",EN_WR_27_21_6_14_AB
y él recoge el bebé del cochecito,EN_WR_27_21_6_14_AB
"Después, Charlie le da el bebé a un hombre en la calle ",EN_WR_27_21_6_14_AB
y trata de escapar,EN_WR_27_21_6_14_AB
Él hombre ,EN_WR_27_21_6_14_AB
que Charlie le da el bebé a la vista la mujer con el cochecito,EN_WR_27_21_6_14_AB
Él también pone el bebé en el cochecito ,EN_WR_27_21_6_14_AB
y él escapa,EN_WR_27_21_6_14_AB
"Después, la policía ve Charlie ",EN_WR_27_21_6_14_AB
y Charlie huye,EN_WR_27_21_6_14_AB
"Cuando Charlie camina a lado de la mujer, ",EN_WR_27_21_6_14_AB
ella lucha con un paraguas,EN_WR_27_21_6_14_AB
Se lleva el bebé ,EN_WR_27_21_6_14_AB
y descubre una nota ,EN_WR_27_21_6_14_AB
y después de que ama él bebé,EN_WR_27_21_6_14_AB
Charlie Chaplain caminaba cerca de un edificio,EN_WR_28_16_5_14_JBN
Llevaba ropa negra,EN_WR_28_16_5_14_JBN
Fumaba también,EN_WR_28_16_5_14_JBN
Vió un bebé en la calle,EN_WR_28_16_5_14_JBN
"Dio el bebé a una mujer,",EN_WR_28_16_5_14_JBN
"pero la mujer era rica, ",EN_WR_28_16_5_14_JBN
y el bebé era pobre,EN_WR_28_16_5_14_JBN
Ella no quería el bebé,EN_WR_28_16_5_14_JBN
Ella estaba efadada,EN_WR_28_16_5_14_JBN
 y salió,EN_WR_28_16_5_14_JBN
"Chaplain intentó dejar el bebé en la calle, ",EN_WR_28_16_5_14_JBN
pero vió un policía,EN_WR_28_16_5_14_JBN
Intentó dejar el bebé con un otro hombre,EN_WR_28_16_5_14_JBN
El hombre dio el bebé a la primera mujer,EN_WR_28_16_5_14_JBN
La primer mujer attacó Charlie ,EN_WR_28_16_5_14_JBN
y el policía llegó,EN_WR_28_16_5_14_JBN
"Después, Charlie descubrió ",EN_WR_28_16_5_14_JBN
que el bebé era un huérfano ,EN_WR_28_16_5_14_JBN
y decidí mantenerlo,EN_WR_28_16_5_14_JBN
Él hombre es caminando ,EN_WR_28_19_8_14_HD
cuando una cosa sube del cielo,EN_WR_28_19_8_14_HD
"Después, busqué por sus objetos en la caja metálica",EN_WR_28_19_8_14_HD
Él hombre pone sus guantes en la basura ,EN_WR_28_19_8_14_HD
y camine por el bebe,EN_WR_28_19_8_14_HD
Él esta confundido pero grabé el bebe,EN_WR_28_19_8_14_HD
y caminé por la mujer,EN_WR_28_19_8_14_HD
"La mujer no ha gustado el bebe, ",EN_WR_28_19_8_14_HD
y él hombre regresa a la basura,EN_WR_28_19_8_14_HD
La policía intimidé él hombre,EN_WR_28_19_8_14_HD
Él hombre pasea el bebe a un otro hombre ,EN_WR_28_19_8_14_HD
"y corre, ",EN_WR_28_19_8_14_HD
pero el otro hombre pon el bebe con el otro bebe con la mujer,EN_WR_28_19_8_14_HD
La mujer es furiosa ,EN_WR_28_19_8_14_HD
y dé el bebe a él una vez más,EN_WR_28_19_8_14_HD
"Cuando él sentía en el calle con el bebe, ",EN_WR_28_19_8_14_HD
lee la nota,EN_WR_28_19_8_14_HD
"En el fin, el hombre amé ",EN_WR_28_19_8_14_HD
y dé cuidado al bebé huérfano,EN_WR_28_19_8_14_HD
"Primero, el personaje principal (Charlie Chaplin) encontro un bebe sin padres en una calle lleno de basura",EN_WR_28_20_7.5_14_EC
El hombre dedidio ,EN_WR_28_20_7.5_14_EC
"que alguien se olvide […] el bebe, ",EN_WR_28_20_7.5_14_EC
o perdio,EN_WR_28_20_7.5_14_EC
entonces el tomo el bebe ,EN_WR_28_20_7.5_14_EC
y trato a dar el bebe a una mujer con un otro bebe ,EN_WR_28_20_7.5_14_EC
que es suya,EN_WR_28_20_7.5_14_EC
La mujer grito mucho ,EN_WR_28_20_7.5_14_EC
y se lo dio a el hombre,EN_WR_28_20_7.5_14_EC
Una policia miro a el hombre regreso el bebe a la calle entre la basura ,EN_WR_28_20_7.5_14_EC
y grito al hombre tambien,EN_WR_28_20_7.5_14_EC
"Despeus de muchos planes de salir el bebe con otra gente, ",EN_WR_28_20_7.5_14_EC
el personaje principal encontro una carta entre la ropa del bebe,EN_WR_28_20_7.5_14_EC
La carta dice ,EN_WR_28_20_7.5_14_EC
que el bebe no tenia padres ,EN_WR_28_20_7.5_14_EC
y el bebe nesecito amor,EN_WR_28_20_7.5_14_EC
Finalamente el hombre accepto el bebe,EN_WR_28_20_7.5_14_EC
"En el video, la protagonist (Charles Chaplin) ha encontrado un bebe en el calle",EN_WR_28_20_9_14_KD
"Despues, el fue tratando a traer el bebe al un sitio ",EN_WR_28_20_9_14_KD
para que nadie puedo encontrarle,EN_WR_28_20_9_14_KD
La policia ha visto Charles con el bebe ,EN_WR_28_20_9_14_KD
"y fue corriendo a el, ",EN_WR_28_20_9_14_KD
pero no pudiera tenerle,EN_WR_28_20_9_14_KD
"Luego, el he pensado el mismo dia que puede poner el bebe bajo del calle ",EN_WR_28_20_9_14_KD
para que nadie puede encontrarle,EN_WR_28_20_9_14_KD
"Un momento despues, el ha encontrado una carta encima de la manta del bebe ",EN_WR_28_20_9_14_KD
"y dice [""Por favor ama y cuida para este bebe"" porque no tiene padres]",EN_WR_28_20_9_14_KD
"Y al final, el he decidido ",EN_WR_28_20_9_14_KD
que va a cuidar para este nino,EN_WR_28_20_9_14_KD
"Un día, señor Chaplin estaba caminando mientras estaba fumando",EN_WR_28_21_2_14_SN
Entonces ve un bebe,EN_WR_28_21_2_14_SN
Señor Chaplin entonces ve una mejor con cart de bebe,EN_WR_28_21_2_14_SN
"Él pregunta la mejor si es su bebe, ",EN_WR_28_21_2_14_SN
pero ella dice no,EN_WR_28_21_2_14_SN
Entonces él decide pone el bebe ,EN_WR_28_21_2_14_SN
donde verlo,EN_WR_28_21_2_14_SN
Pero entonces una policía encuentra él pone el bebe ,EN_WR_28_21_2_14_SN
entonces señor Chaplin tiene que caminar con bebe,EN_WR_28_21_2_14_SN
Él entonces ve una persona similar a él,EN_WR_28_21_2_14_SN
Señor Chaplin da bebe a persona de similar,EN_WR_28_21_2_14_SN
"El persona de similar además ver cart de bebe  sin la mejor, ",EN_WR_28_21_2_14_SN
entonces pone un bebe allí ,EN_WR_28_21_2_14_SN
entonces camina a casa,EN_WR_28_21_2_14_SN
"Cuando la mejor va a fuera, ",EN_WR_28_21_2_14_SN
ella ve dos bebés,EN_WR_28_21_2_14_SN
Ella entonces ve señor Chaplin,EN_WR_28_21_2_14_SN
entonces da el bebe,EN_WR_28_21_2_14_SN
"Señor Chaplin crea sobre sale el bebe, ",EN_WR_28_21_2_14_SN
pero encuentra un carta de la madre del bebe,EN_WR_28_21_2_14_SN
"Lo dice [""Por favor, ama este bebe""]",EN_WR_28_21_2_14_SN
Chaplin está caminando,EN_WR_28_21_4_14_SD
y fumando,EN_WR_28_21_4_14_SD
cuando él encontró un bebe,EN_WR_28_21_4_14_SD
No sabía quien es el bebe ,EN_WR_28_21_4_14_SD
pero no quería cuidarle,EN_WR_28_21_4_14_SD
Vio una mujer,EN_WR_28_21_4_14_SD
 y pensó que el bebe es suya,EN_WR_28_21_4_14_SD
Chaplin dijo a ella,EN_WR_28_21_4_14_SD
que olvidó su bebe,EN_WR_28_21_4_14_SD
"Ella dijo que no,",EN_WR_28_21_4_14_SD
 no es suya,EN_WR_28_21_4_14_SD
"Entonces, Chaplin trataba a encontrar alguien ",EN_WR_28_21_4_14_SD
que querría el bebe pero nadie quería,EN_WR_28_21_4_14_SD
"Sin embargo, él encontró una nota ",EN_WR_28_21_4_14_SD
que estaba en el bebe,EN_WR_28_21_4_14_SD
"La nota leía, [por favor querer y cuidar para este bebe]",EN_WR_28_21_4_14_SD
"En esto momento, Chaplin decidió",EN_WR_28_21_4_14_SD
a cuidar por el bebe,EN_WR_28_21_4_14_SD
En el video Charlie Chaplin fumó un cigarro,EN_WR_28_22_6_14_NM
después él se golpeado por basura,EN_WR_28_22_6_14_NM
Luego él encontró un bebé en la calle,EN_WR_28_22_6_14_NM
Trató darle a muchas personas pero el bebé regresaba a Charlie cada vez,EN_WR_28_22_6_14_NM
Al final del video Charlie Chaplin leyó una nota ,EN_WR_28_22_6_14_NM
"que hago, [""Por favor te cuidado de este huérfano""]",EN_WR_28_22_6_14_NM
el tiera se fue en su gorro,EN_WR_28_25_1_14_HM
Dispues el se fue a fuma,EN_WR_28_25_1_14_HM
Busco un bebe en la basura,EN_WR_28_25_1_14_HM
Y la dio a una mujer,EN_WR_28_25_1_14_HM
Pero no era de ella,EN_WR_28_25_1_14_HM
Lo regreso a la basura,EN_WR_28_25_1_14_HM
pero una person lo vio,EN_WR_28_25_1_14_HM
Lo dio a un Viejo,EN_WR_28_25_1_14_HM
y dispues si corrio,EN_WR_28_25_1_14_HM
Y scundio dispues el Viejo lo dio a otra persona,EN_WR_28_25_1_14_HM
La seniora le vio el senior ,EN_WR_28_25_1_14_HM
y lo mande a coje el bebe,EN_WR_28_25_1_14_HM
Dispues el senor lo va a cuida el bebe,EN_WR_28_25_1_14_HM
porque no tiene a nadien a cuida el bebe en su vida,EN_WR_28_25_1_14_HM
"El corto video mostró a Charles Chaplin,",EN_WR_28_34_1_14_BB
un hombre extraño caminando por la calle fumando un cigarrillo,EN_WR_28_34_1_14_BB
"Mientras caminaba, encontró un bebé en la calle",EN_WR_28_34_1_14_BB
Chaplin estaba tratando de devolver el bebé a todas las mujeres ,EN_WR_28_34_1_14_BB
que pensaba ,EN_WR_28_34_1_14_BB
que eran las madres del niño,EN_WR_28_34_1_14_BB
"Después de intentarlo varias veces,",EN_WR_28_34_1_14_BB
nadie se llevaba al bebé,EN_WR_28_34_1_14_BB
Se sentó ,EN_WR_28_34_1_14_BB
y encontró una nota en la manta del bebé,EN_WR_28_34_1_14_BB
"Él dijo, [""por favor, ama y cuida de este niño huérfano""]",EN_WR_28_34_1_14_BB
"Sonrió, ",EN_WR_28_34_1_14_BB
sostuvo al bebé ,EN_WR_28_34_1_14_BB
y se alejó,EN_WR_28_34_1_14_BB
Chaplin era un actor y cómico,EN_WR_28_47_0.8_14_MRN
Él encontró un bebé en la calle,EN_WR_28_47_0.8_14_MRN
y trató darle lejos,EN_WR_28_47_0.8_14_MRN
Él dio a una mujer ,EN_WR_28_47_0.8_14_MRN
pero ella no queriá el bebé,EN_WR_28_47_0.8_14_MRN
Él era muy triste,EN_WR_28_47_0.8_14_MRN
Charlie Chaplin estaba andando en la calle,EN_WR_29_20_4_14_PG
cuando veía un bebe en el suelo,EN_WR_29_20_4_14_PG
"Después, Chaplin vio una mujer",EN_WR_29_20_4_14_PG
y le deja el bebe con ella,EN_WR_29_20_4_14_PG
La mujer le grito a Chaplin,EN_WR_29_20_4_14_PG
porque el bebe no era suya ,EN_WR_29_20_4_14_PG
"y La revolvió el bebe a Chaplin, ",EN_WR_29_20_4_14_PG
entonces Chaplin no quería el bebe ,EN_WR_29_20_4_14_PG
y probó dejarlo ,EN_WR_29_20_4_14_PG
pero la policía no lo permitía,EN_WR_29_20_4_14_PG
"Después de andando mas lejos desde la policía, ",EN_WR_29_20_4_14_PG
Chaplin probó dejar el bebe con un hombre,EN_WR_29_20_4_14_PG
aunque ese vez tenía éxito,EN_WR_29_20_4_14_PG
"Ese hombre, vio la mujer desde temprano, ",EN_WR_29_20_4_14_PG
y dejó el bebe con ella ,EN_WR_29_20_4_14_PG
cuando no estaba viendo,EN_WR_29_20_4_14_PG
Chaplin estaba andando en la misma calle con la mujer ,EN_WR_29_20_4_14_PG
y ella creía ,EN_WR_29_20_4_14_PG
que Chaplin se dejó el bebe otra vez,EN_WR_29_20_4_14_PG
Ella se gritaba a Chaplin ,EN_WR_29_20_4_14_PG
mientras la policía aparecía,EN_WR_29_20_4_14_PG
Chaplin sacó el bebe y luego sentó con él,EN_WR_29_20_4_14_PG
Quería dejarlo en la calle ,EN_WR_29_20_4_14_PG
pero decidió ,EN_WR_29_20_4_14_PG
que no es una idea mala,EN_WR_29_20_4_14_PG
Chaplin encontró una nota ,EN_WR_29_20_4_14_PG
"que dijo [""amar y cuidar del bebe""]",EN_WR_29_20_4_14_PG
"Finalmente, Chaplin decidió hacer eso",EN_WR_29_20_4_14_PG
"En este video, Charlie Chaplin camino en una calle entre muchas casas",EN_WR_29_20_7_14_MC
"Cuando el esta caminando,",EN_WR_29_20_7_14_MC
 la gente eliman su basura a fuera de las ventanas,EN_WR_29_20_7_14_MC
"Charlie encuentro un bebe en la calle, ",EN_WR_29_20_7_14_MC
y el lo da a una otra mama con su bebe,EN_WR_29_20_7_14_MC
"Ella no lo quiere, ",EN_WR_29_20_7_14_MC
"por eso, el da el bebe a un otro hombre",EN_WR_29_20_7_14_MC
El regresa el bebe a la mama tambien,EN_WR_29_20_7_14_MC
"La  mama dice a el policia, ",EN_WR_29_20_7_14_MC
"y el hombre de policia da el bebe a Charlie otra vez, ",EN_WR_29_20_7_14_MC
pero el bebe no es el hijo de el,EN_WR_29_20_7_14_MC
El video es unos de los Charlie Chaplain,EN_WR_29_20_7_14_TVA
Estaba caminado ,EN_WR_29_20_7_14_TVA
cuando encuentra un bebe en la calle llorando,EN_WR_29_20_7_14_TVA
No sabe ,EN_WR_29_20_7_14_TVA
"que hacer, ",EN_WR_29_20_7_14_TVA
por eso lo pone en un carro de un mujer,EN_WR_29_20_7_14_TVA
Ella no le gusta esto ,EN_WR_29_20_7_14_TVA
y se hace venir,EN_WR_29_20_7_14_TVA
"El no quiere el bebe tambien, ",EN_WR_29_20_7_14_TVA
"y empieza pone el bebe en la calle un otra vez, ",EN_WR_29_20_7_14_TVA
pero un policia ve esto occure ,EN_WR_29_20_7_14_TVA
y cambia su mente,EN_WR_29_20_7_14_TVA
Cual busca por un otra manera ,EN_WR_29_20_7_14_TVA
"a se decha el bebe, ",EN_WR_29_20_7_14_TVA
juega un truco en un senor ,EN_WR_29_20_7_14_TVA
que a pasando ,EN_WR_29_20_7_14_TVA
y darle el bebe ,EN_WR_29_20_7_14_TVA
"cual hacer su zapato, ",EN_WR_29_20_7_14_TVA
pero actualmente esta huido,EN_WR_29_20_7_14_TVA
"El senor no queire tambien, ",EN_WR_29_20_7_14_TVA
y pone el bebe en el mismo carro a Champlain de antes,EN_WR_29_20_7_14_TVA
El mujer no es feliz ,EN_WR_29_20_7_14_TVA
y empieza pelear con Chaplain ,EN_WR_29_20_7_14_TVA
a toma el bebe un otra vez,EN_WR_29_20_7_14_TVA
El no sabe ,EN_WR_29_20_7_14_TVA
que debe hacer con el bebe ,EN_WR_29_20_7_14_TVA
y sientase a pensar sobre sus opciones,EN_WR_29_20_7_14_TVA
Mira un desague por agua en la calle ,EN_WR_29_20_7_14_TVA
"y abrirlo, ",EN_WR_29_20_7_14_TVA
pero su conciousa le para,EN_WR_29_20_7_14_TVA
"Encuentra un letra, probablamente de la madre del bebe,",EN_WR_29_20_7_14_TVA
y leerlo,EN_WR_29_20_7_14_TVA
Cambia su mente finalmente ,EN_WR_29_20_7_14_TVA
y hacer el correcto cosa ,EN_WR_29_20_7_14_TVA
y mantene el bebe,EN_WR_29_20_7_14_TVA
"Al comienzo, un hombre esta caminando por el calle",EN_WR_29_21_10_14_SZ
"De repanta, un bebe caé del cielo ",EN_WR_29_21_10_14_SZ
y golpea el hombre,EN_WR_29_21_10_14_SZ
"Despues, el hombre se sorprende ",EN_WR_29_21_10_14_SZ
y mira a su alrededor,EN_WR_29_21_10_14_SZ
"Arregla su ropa, sus zapatos, ",EN_WR_29_21_10_14_SZ
y mira a su alrededor otra vez,EN_WR_29_21_10_14_SZ
El ve el bebe ,EN_WR_29_21_10_14_SZ
y camina hacia el bebe,EN_WR_29_21_10_14_SZ
"El comienza de salir del bebe, ",EN_WR_29_21_10_14_SZ
pero una policia es cerca ,EN_WR_29_21_10_14_SZ
y no puede deja el bebe,EN_WR_29_21_10_14_SZ
Entonces el trae el bebe con su mismo ,EN_WR_29_21_10_14_SZ
y camina por los calles otra vez,EN_WR_29_21_10_14_SZ
El encuentra otro hombre ,EN_WR_29_21_10_14_SZ
y le da el bebe al hombre,EN_WR_29_21_10_14_SZ
"Despues, el hombre le pone el bebe en el carruaje con otro bebe",EN_WR_29_21_10_14_SZ
El primer hombre camina por el calle ,EN_WR_29_21_10_14_SZ
"y pase por el bebe en el carruaje, ",EN_WR_29_21_10_14_SZ
"pero su madre es enojado, ",EN_WR_29_21_10_14_SZ
y el hombre necesita tomar el bebe con su mismo otra vez,EN_WR_29_21_10_14_SZ
"Despues, el mece el bebe en sus brazos ",EN_WR_29_21_10_14_SZ
y encuentra una nota diciendo ,EN_WR_29_21_10_14_SZ
que el bebe necesita el,EN_WR_29_21_10_14_SZ
y que el bebe es un huerfano,EN_WR_29_21_10_14_SZ
El sonrie,EN_WR_29_21_10_14_SZ
Chaplin se encuentra un bebe botado en el piso ,EN_WR_29_21_1_14_KO
mientres el estaba fumando,EN_WR_29_21_1_14_KO
El trata de encontar ,EN_WR_29_21_1_14_KO
de queen es el bebe,EN_WR_29_21_1_14_KO
El ve a una mujer ,EN_WR_29_21_1_14_KO
pero no era el bebe de Ella,EN_WR_29_21_1_14_KO
Luego el trata de regresar el bebe al piso ,EN_WR_29_21_1_14_KO
pero un policia le ve,EN_WR_29_21_1_14_KO
Entonces el se lleva al bebe ,EN_WR_29_21_1_14_KO
y le entrega a un señor,EN_WR_29_21_1_14_KO
El señor le deja al bebe en un coche estraño,EN_WR_29_21_1_14_KO
La dueña del coche le ve a Chaplin ,EN_WR_29_21_1_14_KO
y le pega ,EN_WR_29_21_1_14_KO
y el se lleva al bebe ,EN_WR_29_21_1_14_KO
por que vino la policia otra vez,EN_WR_29_21_1_14_KO
Luego se sienta,EN_WR_29_21_1_14_KO
y encuentra una nota ,EN_WR_29_21_1_14_KO
lo lee ,EN_WR_29_21_1_14_KO
y se dicide quedarse con el bebe,EN_WR_29_21_1_14_KO
Charles estaba fumando un cigarillo ,EN_WR_29_21_4_14_MEC
cuando vio un bebe,EN_WR_29_21_4_14_MEC
El ve una madre,EN_WR_29_21_4_14_MEC
y le da el bebe,EN_WR_29_21_4_14_MEC
Ella dice ,EN_WR_29_21_4_14_MEC
que no es su bebe ,EN_WR_29_21_4_14_MEC
y el pone a el bebe ,EN_WR_29_21_4_14_MEC
donde lo encontro,EN_WR_29_21_4_14_MEC
Pero el policía lo ve,EN_WR_29_21_4_14_MEC
El recoge el bebe ,EN_WR_29_21_4_14_MEC
y lo lleva,EN_WR_29_21_4_14_MEC
El lo da a un hombre en la calle ,EN_WR_29_21_4_14_MEC
y corre y esconde,EN_WR_29_21_4_14_MEC
El hombre lo busca ,EN_WR_29_21_4_14_MEC
pero solo encuentra un carruaje ,EN_WR_29_21_4_14_MEC
y deja el bebe allí,EN_WR_29_21_4_14_MEC
"Cuando salga charles, ",EN_WR_29_21_4_14_MEC
la madre lo ve ,EN_WR_29_21_4_14_MEC
y corre tras el con un paraguas,EN_WR_29_21_4_14_MEC
Ella lo golpea ,EN_WR_29_21_4_14_MEC
hasta que llega el policía ,EN_WR_29_21_4_14_MEC
y charles vuelve tomar el bebe,EN_WR_29_21_4_14_MEC
Luego se siente con bebe ,EN_WR_29_21_4_14_MEC
y encuentra una nota ,EN_WR_29_21_4_14_MEC
para que se quede con bebe,EN_WR_29_21_4_14_MEC
"En este video, un hombre anda por la calle, fumando",EN_WR_29_29_7_14_CC
"Algunas cosas le golpea en la cabeza, ",EN_WR_29_29_7_14_CC
tal vez de una ventana arriba en la calle,EN_WR_29_29_7_14_CC
El busca un cigarillo nuevo en una caja pequeña en su chaqueta,EN_WR_29_29_7_14_CC
"El hombre pon sus (gloves) en la basura, ",EN_WR_29_29_7_14_CC
"continua fumando, ",EN_WR_29_29_7_14_CC
"y en un momento, ve un bebe cerca de la basura en la calle",EN_WR_29_29_7_14_CC
"El parece de preguntar [""de donde ere este bebe""]",EN_WR_29_29_7_14_CC
El trata de poner el bebe en la (carriage) de un mujer ,EN_WR_29_29_7_14_CC
"que también anda por la calle, ",EN_WR_29_29_7_14_CC
"pero ella dice [""no, no es mi bebe""]",EN_WR_29_29_7_14_CC
"El hombre pon el bebe una vez mas en la calle cerca de la basura, ",EN_WR_29_29_7_14_CC
pero la policía le preventa de salir sin el bebe en sus brazos,EN_WR_29_29_7_14_CC
El da el bebe a otro hombre ,EN_WR_29_29_7_14_CC
quien también pon el bebe en la (carriage) de la mujer,EN_WR_29_29_7_14_CC
La mujer esta muy enojada ,EN_WR_29_29_7_14_CC
y le golpea el primer hombre con la paragua,EN_WR_29_29_7_14_CC
"Eventualmente, el hombre y el bebe sienta en la calle, ",EN_WR_29_29_7_14_CC
y el lee una nota ,EN_WR_29_29_7_14_CC
"que dice [""por favor, ama este niño""]",EN_WR_29_29_7_14_CC
Los dos salen juntos,EN_WR_29_29_7_14_CC
"Al primero, está un hombre con un sombrero y un bigote caminando en una calle ",EN_WR_30_19_4_14_MK
mientras personas sobre él en los apartamentos están hacer cosas caer detrás sus ventanas,EN_WR_30_19_4_14_MK
"Cuando caminar, el hombre encuentra un bebé al lado una basura",EN_WR_30_19_4_14_MK
Trata volver el bebé a una mujer con un otro bebé ,EN_WR_30_19_4_14_MK
pero el bebé no está su bebé,EN_WR_30_19_4_14_MK
El hombre vuelve el bebé ,EN_WR_30_19_4_14_MK
dónde lo encontró ,EN_WR_30_19_4_14_MK
pero un policía está lo mirando ,EN_WR_30_19_4_14_MK
y el hombre no abandona el bebé,EN_WR_30_19_4_14_MK
El hombre ve un otro hombre en la calle ,EN_WR_30_19_4_14_MK
y da el bebé a él ,EN_WR_30_19_4_14_MK
y corre,EN_WR_30_19_4_14_MK
El hombre nuevo trata correr detrás del hombre original ,EN_WR_30_19_4_14_MK
pero no puede correr a él,EN_WR_30_19_4_14_MK
El hombre nuevo ve un carro pequeño por bebés ,EN_WR_30_19_4_14_MK
y place él bebé al dentro con el otro bebé,EN_WR_30_19_4_14_MK
La mujer misma del antes encuentra el bebé en su carro un otro vez ,EN_WR_30_19_4_14_MK
y ve el hombre original caminando,EN_WR_30_19_4_14_MK
Ella golpea a él ,EN_WR_30_19_4_14_MK
y hace tomar el bebé,EN_WR_30_19_4_14_MK
El hombre original camina con el bebé ,EN_WR_30_19_4_14_MK
y se siente sobre al lado del calle,EN_WR_30_19_4_14_MK
Él ve un lago para placer el bebé ,EN_WR_30_19_4_14_MK
pero no vuelve el bebé,EN_WR_30_19_4_14_MK
Con el bebé en sus brazos el hombre encuentra una nota en la ropa del bebé,EN_WR_30_19_4_14_MK
La nota lee: [Por favor amor y cuidado por esto orphan bebé],EN_WR_30_19_4_14_MK
El hombre sonreí ,EN_WR_30_19_4_14_MK
y camina con el bebé y con feliz,EN_WR_30_19_4_14_MK
Había un hombre,EN_WR_30_19_7_14_GK
que estaba caminando en la calle,EN_WR_30_19_7_14_GK
Él visto un bebe,EN_WR_30_19_7_14_GK
que no tenía una madre,EN_WR_30_19_7_14_GK
"Así que, él lo tomó",EN_WR_30_19_7_14_GK
y encontró una madre,EN_WR_30_19_7_14_GK
que tenía un bebe,EN_WR_30_19_7_14_GK
y él lo puso en el ambivalente,EN_WR_30_19_7_14_GK
La madre no quiso el bebe ,EN_WR_30_19_7_14_GK
así que el hombre lo tomó otra vez,EN_WR_30_19_7_14_GK
"Este tiempo, él lo puso en la calle",EN_WR_30_19_7_14_GK
pero había una policía ,EN_WR_30_19_7_14_GK
y él necesitaba tomarlo,EN_WR_30_19_7_14_GK
"Después, él visto un hombre ",EN_WR_30_19_7_14_GK
y él lo da a este hombre,EN_WR_30_19_7_14_GK
Este hombre puso el bebe en el ambivalente de la madre,EN_WR_30_19_7_14_GK
 pero ella no quiso el bebe otra vez,EN_WR_30_19_7_14_GK
La madre llamó la policía,EN_WR_30_19_7_14_GK
y el primero hombre tomó el bebe otra vez,EN_WR_30_19_7_14_GK
"Finalmente, él visto una nota",EN_WR_30_19_7_14_GK
que dice: [ama este bebe porque es un orphan],EN_WR_30_19_7_14_GK
Así que el hombre lo tomó ,EN_WR_30_19_7_14_GK
y la película estaba el fin,EN_WR_30_19_7_14_GK
"En el comienzo, un hombre encuentra a un bebé",EN_WR_30_20_1_14_ML
El bebe estába llorando cerca de la basura,EN_WR_30_20_1_14_ML
El hombre trató de darle el bebé a una mujer ,EN_WR_30_20_1_14_ML
que ya tiene un bebé,EN_WR_30_20_1_14_ML
"Pero, la mujer no quería coher el bebé",EN_WR_30_20_1_14_ML
"Entonces, el hombre se llevó el bebé ",EN_WR_30_20_1_14_ML
y lo puso en cerca de la basura otra ves,EN_WR_30_20_1_14_ML
El policía vino ,EN_WR_30_20_1_14_ML
y el hombre cocer el bebé de nuevo,EN_WR_30_20_1_14_ML
En lo que iba a caminando el hombre ,EN_WR_30_20_1_14_ML
se encuentra a un viejito ,EN_WR_30_20_1_14_ML
y le da el bebé,EN_WR_30_20_1_14_ML
y sale corriendo,EN_WR_30_20_1_14_ML
El viejito se encuentra con la mujer ,EN_WR_30_20_1_14_ML
y le deja el bebé sin que se de cuenta,EN_WR_30_20_1_14_ML
"Cuando iba pasando el hombre,",EN_WR_30_20_1_14_ML
la mujer se de cuenta de bebé,EN_WR_30_20_1_14_ML
 y le digo con una sombra,EN_WR_30_20_1_14_ML
El hombre se queda con el bebé,EN_WR_30_20_1_14_ML
y en la cobija encuentra un papel,EN_WR_30_20_1_14_ML
"que decía [""por favor ame y cuide al bebé huérfano""],",EN_WR_30_20_1_14_ML
y asi lo hace,EN_WR_30_20_1_14_ML
El video fue solo en blanco y negro,EN_WR_30_20_3_14_BRB
Un hombre no tuvo un cigarrillo ,EN_WR_30_20_3_14_BRB
y fue un bebe,EN_WR_30_20_3_14_BRB
Él intendió volver el bebe ,EN_WR_30_20_3_14_BRB
pero la mujer dijó,EN_WR_30_20_3_14_BRB
no fue el bebe de ella,EN_WR_30_20_3_14_BRB
"Despues, él intendió dar el bebe a un otro hombre a corrió",EN_WR_30_20_3_14_BRB
"Pero, no funcionó",EN_WR_30_20_3_14_BRB
El otro hombre pusó el bebe con el otro bebe ,EN_WR_30_20_3_14_BRB
que fue con la mujere,EN_WR_30_20_3_14_BRB
La mujer dio el bebe a el primer hombre,EN_WR_30_20_3_14_BRB
La policía seguió el primer hombre tambien,EN_WR_30_20_3_14_BRB
"Entoneces, el hombre guardó el bebe",EN_WR_30_20_3_14_BRB
Él encontró una nota ,EN_WR_30_20_3_14_BRB
que dijó,EN_WR_30_20_3_14_BRB
 que el bebe fue un huérfano,EN_WR_30_20_3_14_BRB
Entonces el hombre montanió el bebe,EN_WR_30_20_3_14_BRB
"En el video, un hombre busque un bebé en la calle",EN_WR_30_21_12_14_MKH
No sabe,EN_WR_30_21_12_14_MKH
"quienes son los padres de el niño,",EN_WR_30_21_12_14_MKH
entonces el habla con una madre de un otro bebé,EN_WR_30_21_12_14_MKH
"y la policía, pero nadie reconozcan el bebé",EN_WR_30_21_12_14_MKH
El hombre no sabe,EN_WR_30_21_12_14_MKH
que debe hacer,EN_WR_30_21_12_14_MKH
¿Debe poner el bebé en la basura o abajo de la calle?,EN_WR_30_21_12_14_MKH
"En el fin, el hombre busque un papel",EN_WR_30_21_12_14_MKH
que dice,EN_WR_30_21_12_14_MKH
el bebé no tiene padres,EN_WR_30_21_12_14_MKH
El hombre decide a dar un hogar al bebé,EN_WR_30_21_12_14_MKH
"En el video, hay una persona muy extraño",EN_WR_30_21_3.5_14_MK
Este hombre empiece firmar,EN_WR_30_21_3.5_14_MK
y ve una bebé en la calle,EN_WR_30_21_3.5_14_MK
El hombre mira a los padres del bebe,EN_WR_30_21_3.5_14_MK
y no puede encontrarlos,EN_WR_30_21_3.5_14_MK
El hombre cuida,EN_WR_30_21_3.5_14_MK
"que el bebé no esté en la calle,",EN_WR_30_21_3.5_14_MK
pero el hombre no quiere cuidar del bebé sobre un pariente,EN_WR_30_21_3.5_14_MK
"Luego de este momento, el hombre recoge un bebé",EN_WR_30_21_3.5_14_MK
y encuentre una mujer con un bebé separado,EN_WR_30_21_3.5_14_MK
El hombre pone el bebé en un coche del otro bebé,EN_WR_30_21_3.5_14_MK
La mujer está muy enojado,EN_WR_30_21_3.5_14_MK
porque el niño nuevo no es suyo,EN_WR_30_21_3.5_14_MK
Ella hace que el hombre recoge el bebé alguna vez,EN_WR_30_21_3.5_14_MK
"Confundido, el hombre comienza volver al bebé en la calle, ",EN_WR_30_21_3.5_14_MK
pero la policía ve este acción,EN_WR_30_21_3.5_14_MK
El hombre recoge el bebé alguna vez,EN_WR_30_21_3.5_14_MK
"Después de este momento, el hombre prueba poner el bebé con un hombre viejo y una misma mujer",EN_WR_30_21_3.5_14_MK
"Cuando los tratos no son exitosos,",EN_WR_30_21_3.5_14_MK
el hombre considera saliendo el bebé debajo de la calle,EN_WR_30_21_3.5_14_MK
"Ahora, el hombre encuentra una nota con el bebé",EN_WR_30_21_3.5_14_MK
Una nota dice,EN_WR_30_21_3.5_14_MK
que el bebé es un huérfano y necesita amor,EN_WR_30_21_3.5_14_MK
"Después de leer esta nota,",EN_WR_30_21_3.5_14_MK
el hombre decide cuidar del bebé,EN_WR_30_21_3.5_14_MK
No estoy seguro ,EN_WR_30_21_3.5_14_MK
"que pase después de este momento,",EN_WR_30_21_3.5_14_MK
[...] que el hombre se vuelve el padre nuevo del bebé,EN_WR_30_21_3.5_14_MK
Chaplin estaba caminando,EN_WR_31_19_5_14_AJ
cuando oyi un bebe llorando en el piso,EN_WR_31_19_5_14_AJ
Chaplin fue a llevarlo a una mujer,EN_WR_31_19_5_14_AJ
que tenia un hijo en un cargador,EN_WR_31_19_5_14_AJ
"Despues de eso, Chaplin dejo el bebe con un hombre",EN_WR_31_19_5_14_AJ
y luego ese hombre fue a dejar el bebe con la senora,EN_WR_31_19_5_14_AJ
que ya tenia un hijo,EN_WR_31_19_5_14_AJ
"Al finamente, Chaplin quieria a tirar el bebe",EN_WR_31_19_5_14_AJ
cuando encontre una nota,EN_WR_31_19_5_14_AJ
"que dijo, [""Por favor ama y cuida a este nino huerfano""]",EN_WR_31_19_5_14_AJ
Y eso es,EN_WR_31_19_5_14_AJ
lo que Chaplin fue a hacer,EN_WR_31_19_5_14_AJ
"En esta película corta, Chaplin busca un bebe en las calles",EN_WR_31_20_7.5_14_NK
El bebe no tiene nadie,EN_WR_31_20_7.5_14_NK
y Chaplin le dé a una mujer con un otro bebe,EN_WR_31_20_7.5_14_NK
Ella empieza a gritar a Chaplin,EN_WR_31_20_7.5_14_NK
y forzar Chaplin a tomar el bebe,EN_WR_31_20_7.5_14_NK
Chaplin no quiere este bebe,EN_WR_31_20_7.5_14_NK
"y como se pone el bebe en la calle una vez más, un policía aparease",EN_WR_31_20_7.5_14_NK
Él tiene auspician,EN_WR_31_20_7.5_14_NK
y Chaplin toma el bebe,EN_WR_31_20_7.5_14_NK
y corre,EN_WR_31_20_7.5_14_NK
Le busca un otro hombre,EN_WR_31_20_7.5_14_NK
y dice,EN_WR_31_20_7.5_14_NK
que necesita a ajustar su zapito,EN_WR_31_20_7.5_14_NK
"although, cuando el hombre toma el bebe,",EN_WR_31_20_7.5_14_NK
Chaplin sale muy rápido,EN_WR_31_20_7.5_14_NK
"Entonces, el hombre necesita a pierde este bebe también",EN_WR_31_20_7.5_14_NK
El busca la misma mujer,EN_WR_31_20_7.5_14_NK
que Chaplin he buscada,EN_WR_31_20_7.5_14_NK
y se pone el bebe en el asiento con el otro bebe,EN_WR_31_20_7.5_14_NK
porque Chaplin ve la misma policía,EN_WR_31_20_7.5_14_NK
que he visto antes,EN_WR_31_20_7.5_14_NK
"Debido a la auspician,",EN_WR_31_20_7.5_14_NK
corre de la policía,EN_WR_31_20_7.5_14_NK
y llague a la mujer,EN_WR_31_20_7.5_14_NK
que tiene los bebes,EN_WR_31_20_7.5_14_NK
y empieza a golpear Chaplin,EN_WR_31_20_7.5_14_NK
"Entonces, Chaplin debe tomar el bebe una vez más",EN_WR_31_20_7.5_14_NK
Chaplin tiene triste para este bebe,EN_WR_31_20_7.5_14_NK
y decide a tomar cariña para él,EN_WR_31_20_7.5_14_NK
Charlie está andando en un camino fumando un cigarillo,EN_WR_31_21_10_14_AJL
cuando algo se cayó en su cabeza,EN_WR_31_21_10_14_AJL
Encendió un otro,EN_WR_31_21_10_14_AJL
y realiza,EN_WR_31_21_10_14_AJL
que hay un bebe con nadie cerca de lo,EN_WR_31_21_10_14_AJL
Charlie trae el bebe a una mujer en el camino,EN_WR_31_21_10_14_AJL
"y se dice ""se cayó""",EN_WR_31_21_10_14_AJL
Ella muestra a él,EN_WR_31_21_10_14_AJL
"que ella tiene su bebe, y que él necesita salir",EN_WR_31_21_10_14_AJL
Sale cuando policía le encontró,EN_WR_31_21_10_14_AJL
Corre a una otro hombre con el bebe,EN_WR_31_21_10_14_AJL
y da él el bebe,EN_WR_31_21_10_14_AJL
"Cuando realiza,",EN_WR_31_21_10_14_AJL
está demasiado tarde,EN_WR_31_21_10_14_AJL
Charlie está ido,EN_WR_31_21_10_14_AJL
El hombre encuentra la misma mujer,EN_WR_31_21_10_14_AJL
y se pone el bebe en su paseante otra vez,EN_WR_31_21_10_14_AJL
"Él sale, y Charlie va en el camino donde la mujer está",EN_WR_31_21_10_14_AJL
"Ella se mira, y le ataque",EN_WR_31_21_10_14_AJL
"La policía vuelva, y Charlie sale con el bebe",EN_WR_31_21_10_14_AJL
El personaje principal (Charlie Chaplin) encuentra un bebe en el primer escena del la pelicula,EN_WR_31_21_6_14_EG
El esta confudido,EN_WR_31_21_6_14_EG
y no sabe que hacer con el bebe,EN_WR_31_21_6_14_EG
"Entonces, Charlie vea un mujer con un bebe de su propio",EN_WR_31_21_6_14_EG
y crea que el bebe es de el mujer,EN_WR_31_21_6_14_EG
Charlie trata dar el bebe a la mujer,EN_WR_31_21_6_14_EG
pero ella no quiere,EN_WR_31_21_6_14_EG
y se enojada,EN_WR_31_21_6_14_EG
"Despues, Charlie esta tratando dar la bebe a todos",EN_WR_31_21_6_14_EG
Hay policia ademas,EN_WR_31_21_6_14_EG
que le preventa de a Charlie abandona el bebe,EN_WR_31_21_6_14_EG
"El el final del pelicula, nos vemos",EN_WR_31_21_6_14_EG
que el bebe es un orphan,EN_WR_31_21_6_14_EG
Charlie encontró un bebe en el calle,EN_WR_31_21_6_14_LM
Él no supo que hacer,EN_WR_31_21_6_14_LM
"Entonces, trajo el bebe",EN_WR_31_21_6_14_LM
y trató salir el bebe con una mujer,EN_WR_31_21_6_14_LM
cuando ella no vió,EN_WR_31_21_6_14_LM
Pero la mujer se pusó enojada,EN_WR_31_21_6_14_LM
y le dío el bebe,EN_WR_31_21_6_14_LM
Luego él lo salió con un hombre,EN_WR_31_21_6_14_LM
y corrio afuera rapidamente,EN_WR_31_21_6_14_LM
El hombre encontró el mismo mujer de antes,EN_WR_31_21_6_14_LM
y lo salió en su coche,EN_WR_31_21_6_14_LM
mientras ella estaba a dentro la tienda,EN_WR_31_21_6_14_LM
"Cuando ella vino afuera,",EN_WR_31_21_6_14_LM
se pusó enojada otra vez,EN_WR_31_21_6_14_LM
y lo dío a Charlie,EN_WR_31_21_6_14_LM
cuando le vío en el calle,EN_WR_31_21_6_14_LM
Charlie se sentó con el bebe,EN_WR_31_21_6_14_LM
y busque una carta en su tela,EN_WR_31_21_6_14_LM
y lo dijo,EN_WR_31_21_6_14_LM
que muesta amor a el bebe,EN_WR_31_21_6_14_LM
porque lo era un huerfano,EN_WR_31_21_6_14_LM
"Desques de él leó la carta,",EN_WR_31_21_6_14_LM
se pusó contento,EN_WR_31_21_6_14_LM
y le amó el bebe,EN_WR_31_21_6_14_LM
Charlie Chaplin estaba caminando por la calle,EN_WR_31_21_6_14_PM
y fumando su puro,EN_WR_31_21_6_14_PM
"cuando de repente, encontró en bebe en la esquina",EN_WR_31_21_6_14_PM
Él no tenía ninguna idea,EN_WR_31_21_6_14_PM
que debía hacer en este momento,EN_WR_31_21_6_14_PM
y el trató a dar el bebe a una mamá,EN_WR_31_21_6_14_PM
Pero ella no quería el bebe tampoco,EN_WR_31_21_6_14_PM
"Todavía con el niño,",EN_WR_31_21_6_14_PM
Chaplin vio un hombre en la calle luego,EN_WR_31_21_6_14_PM
y le dio el bebe ,EN_WR_31_21_6_14_PM
mientras no estaba prestando atención,EN_WR_31_21_6_14_PM
y Charlie huyo,EN_WR_31_21_6_14_PM
"El hombre con quien tiene el bebe,",EN_WR_31_21_6_14_PM
pasó el bebe con el be de la misma padre ,EN_WR_31_21_6_14_PM
de la que Chaplin había tratado a dar el bebe con antes,EN_WR_31_21_6_14_PM
Chaplin tuvo mala suerte,EN_WR_31_21_6_14_PM
cuando el pasó por la madre,EN_WR_31_21_6_14_PM
y ella gritó a Charlie,EN_WR_31_21_6_14_PM
"y finalmente, dio el bebe a Charlie otra vez",EN_WR_31_21_6_14_PM
"Luego, Charlie encontró un nota",EN_WR_31_21_6_14_PM
"que leyó [""Por favor, ama este bebe""]",EN_WR_31_21_6_14_PM
y al fin parece que,EN_WR_31_21_6_14_PM
Charlie quedó con el bebe,EN_WR_31_21_6_14_PM
El hombre encontro un bebe,EN_WR_31_21_7_14_AS
cuando el estaba fumando,EN_WR_31_21_7_14_AS
El penso que,EN_WR_31_21_7_14_AS
el bebe fue de la mujer en la calle,EN_WR_31_21_7_14_AS
 pero lo no fue,EN_WR_31_21_7_14_AS
El probo darle el bebe a un hombre,EN_WR_31_21_7_14_AS
pero el no se apetece,EN_WR_31_21_7_14_AS
El hombre encontro un papel con un mensaje sobre el bebe,EN_WR_31_21_7_14_AS
El mensaje en el papel dijo,EN_WR_31_21_7_14_AS
que el bebe no tiene un hogar,EN_WR_31_21_7_14_AS
y necesita una familia,EN_WR_31_21_7_14_AS
La persona que escribio el mensaje quiere,EN_WR_31_21_7_14_AS
el hombre a tener el bebe,EN_WR_31_21_7_14_AS
"En el fin, el hombre decidio",EN_WR_31_21_7_14_AS
que el pudo cuidar por el nino,EN_WR_31_21_7_14_AS
En el video Chaplin estaba caminando,EN_WR_32_20_13_14_GG
y fumando,EN_WR_32_20_13_14_GG
mientras otras personas ponen cosas afuera de las ventanas,EN_WR_32_20_13_14_GG
Las cosas golpeo a Chaplin,EN_WR_32_20_13_14_GG
entonces el nececito un otro cigarillo,EN_WR_32_20_13_14_GG
despues de un cigarillo,EN_WR_32_20_13_14_GG
mirro un bebe en el calle,EN_WR_32_20_13_14_GG
Primera Chaplin penso,EN_WR_32_20_13_14_GG
que el bebe fue de una mujer cerca de el,EN_WR_32_20_13_14_GG
No fue el bebe de ella,EN_WR_32_20_13_14_GG
Segundo Chaplin ha probado salir sin el bebe,EN_WR_32_20_13_14_GG
pero la policia estaba mirrando a Chaplin,EN_WR_32_20_13_14_GG
El tiempo terecer Chaplin probado salir el bebe con un otro hombre,EN_WR_32_20_13_14_GG
Proximo el otro hombre pienso,EN_WR_32_20_13_14_GG
que el bebe venio de la mujer cerca de Chaplin,EN_WR_32_20_13_14_GG
y tambien Chaplin fue en un situacion malo con la policia y una mujer,EN_WR_32_20_13_14_GG
En el fin Chaplin encontro una nota,EN_WR_32_20_13_14_GG
y realizo,EN_WR_32_20_13_14_GG
que el bebe nececito ir a un casa de hijos,EN_WR_32_20_13_14_GG
que no tienen padres,EN_WR_32_20_13_14_GG
Hay un hombre caminando por la calle,EN_WR_32_21_8_14_GD
y hay gente tirando cosas de arriba a el hombre,EN_WR_32_21_8_14_GD
El hombre continúa caminar por la calle,EN_WR_32_21_8_14_GD
fumando un cigarro,EN_WR_32_21_8_14_GD
cuando llega hasta un bebé,EN_WR_32_21_8_14_GD
que estás solo y llorando,EN_WR_32_21_8_14_GD
El hombre levanta el bebé,EN_WR_32_21_8_14_GD
y trata de darlo a una otra mujer,EN_WR_32_21_8_14_GD
que ya tiene un bebé,EN_WR_32_21_8_14_GD
"El dices [""Perdoname, pienso que has perdido algo""]",EN_WR_32_21_8_14_GD
La mujer estas muy enojada,EN_WR_32_21_8_14_GD
entonces el hombre levanta el bebé,EN_WR_32_21_8_14_GD
y le deja en el mismo lugar,EN_WR_32_21_8_14_GD
donde ha encontrado lo,EN_WR_32_21_8_14_GD
"A misma hora, llega una policía",EN_WR_32_21_8_14_GD
El hombre levanta el bebe,EN_WR_32_21_8_14_GD
y encontra un otro hombre,EN_WR_32_21_8_14_GD
y le da el beba,EN_WR_32_21_8_14_GD
Esta hombre nuevo encuentra la misma mujer,EN_WR_32_21_8_14_GD
que ya tenia un bebe,EN_WR_32_21_8_14_GD
y deja este bebe,EN_WR_32_21_8_14_GD
"La mujer llega, ver el bebe,",EN_WR_32_21_8_14_GD
 y a la misma hora el hombre original caminas por la calle,EN_WR_32_21_8_14_GD
La mujer le da golpes,EN_WR_32_21_8_14_GD
y pelea con el hombre,EN_WR_32_21_8_14_GD
El hombre encuentro una nota con el bebe,EN_WR_32_21_8_14_GD
"que dices [""ama y cuida de esta nino huerfano""]",EN_WR_32_21_8_14_GD
Charlie necesita fumar,EN_WR_32_21_8_14_GD
pero descubre algo más,EN_WR_32_21_8_14_GD
"que un cigarrillo, encuentra un bebé en la calle",EN_WR_32_21_8_14_GD
Abandonado por lo visto,EN_WR_32_59_1_14_TC
No sabiendo,EN_WR_32_59_1_14_TC
"qué hacer con este bebé,",EN_WR_32_59_1_14_TC
"mira a su alrededor,",EN_WR_32_59_1_14_TC
¿Dónde podría haber venido de?,EN_WR_32_59_1_14_TC
"Ahora, su tarea es encontrar alguien",EN_WR_32_59_1_14_TC
que tomar el bebé en su lugar,EN_WR_32_59_1_14_TC
¿Quizás la madre de otra bebé?,EN_WR_32_59_1_14_TC
"Pero no, ella no quiere otra bebé",EN_WR_32_59_1_14_TC
"¿El policía? No, no él tampoco",EN_WR_32_59_1_14_TC
"Finalmente, Charlie se sienta en el pavimento con el bebé",EN_WR_32_59_1_14_TC
Luego encuentra una carta escrito por la mamá del niño preguntando a alguien,EN_WR_32_59_1_14_TC
que cuide su bebé,EN_WR_32_59_1_14_TC
"Resignado a su papel,",EN_WR_32_59_1_14_TC
sonríe con cariño al bebé,EN_WR_32_59_1_14_TC
Chaplin estaba fumando,EN_WR_33_19_3_14_NP
cuando cosas se cayeron por las ventanas,EN_WR_33_19_3_14_NP
"Luego, él vio un bebé en el calle",EN_WR_33_19_3_14_NP
"Chaplin probó darlo a una mujer,",EN_WR_33_19_3_14_NP
pero la mujer no quería el bébe,EN_WR_33_19_3_14_NP
"Luego Chaplin pusó el bébe en el calls,",EN_WR_33_19_3_14_NP
"pero una policía vio el bébe,",EN_WR_33_19_3_14_NP
y Chaplin tuvo que llevar el bébe,EN_WR_33_19_3_14_NP
"Por eso, Chaplin dio el bébe a un hombre",EN_WR_33_19_3_14_NP
y Chaplin corrió,EN_WR_33_19_3_14_NP
porque él no lo quería,EN_WR_33_19_3_14_NP
"Luego, el hombre buscaba a Chaplin,",EN_WR_33_19_3_14_NP
pero no pudo encontró a él,EN_WR_33_19_3_14_NP
Por eso el hombre pusó el bébe en el cochecito de la mujer,EN_WR_33_19_3_14_NP
La muger era enojada,EN_WR_33_19_3_14_NP
porque no quería el bébe,EN_WR_33_19_3_14_NP
"y cuando ella vio Chaplin,",EN_WR_33_19_3_14_NP
Ella peleó a él,EN_WR_33_19_3_14_NP
Charlie Chaplin estuvo fumando ,EN_WR_33_21_2.5_14_RPA
cuando cosas caí de encima,EN_WR_33_21_2.5_14_RPA
Charlie veia un bebé,EN_WR_33_21_2.5_14_RPA
y buscaba para los padres,EN_WR_33_21_2.5_14_RPA
"Primero, Chapman vi la madre con la otro bebé",EN_WR_33_21_2.5_14_RPA
y puse el bebé en el carro,EN_WR_33_21_2.5_14_RPA
El madre era enamorada,EN_WR_33_21_2.5_14_RPA
y decía no a la bebé,EN_WR_33_21_2.5_14_RPA
Chapman no quería ser una padre,EN_WR_33_21_2.5_14_RPA
y irá el bebé en el mismo lugar pero la policia lleguó,EN_WR_33_21_2.5_14_RPA
Charlie cogió el bebé,EN_WR_33_21_2.5_14_RPA
y buscaba para alguien,EN_WR_33_21_2.5_14_RPA
que quiere el niño,EN_WR_33_21_2.5_14_RPA
Él vi un hombre,EN_WR_33_21_2.5_14_RPA
y preguntaba el hombre coger el  bebé,EN_WR_33_21_2.5_14_RPA
mientras Charlie hizo algo con el zapato,EN_WR_33_21_2.5_14_RPA
"Entonces, Charlie corrió lejos de el hombre",EN_WR_33_21_2.5_14_RPA
El nuevo persona para el bebé no quiso tampoco,EN_WR_33_21_2.5_14_RPA
y puso el bebé en el mismo carro desde antés,EN_WR_33_21_2.5_14_RPA
El madre vi Charlie,EN_WR_33_21_2.5_14_RPA
y le dio el bebé tambien,EN_WR_33_21_2.5_14_RPA
"Ahorra, Charlie encontraba una nota sobre el bebé",EN_WR_33_21_2.5_14_RPA
la nota preguntó ,EN_WR_33_21_2.5_14_RPA
"Al primer, un hombre está caminándo por la calle",EN_WR_33_21_6_14_JM
para alguien amar el  bebé con no padres,EN_WR_33_21_6_14_JM
mientras piedra se está cayendo de un edificio,EN_WR_33_21_6_14_JM
Continúa a caminar y fumar,EN_WR_33_21_6_14_JM
Un gran parte de un edificio se golpe el hombre,EN_WR_33_21_6_14_JM
"Lluego, él busca en una caja en su chaqueta con cigarillos",EN_WR_33_21_6_14_JM
Continúa a fumar,EN_WR_33_21_6_14_JM
y de repente ve un bebe en la calle,EN_WR_33_21_6_14_JM
Lo coge,EN_WR_33_21_6_14_JM
y trata de darlo a una mujer,EN_WR_33_21_6_14_JM
Ella no lo quiere y grita,EN_WR_33_21_6_14_JM
"Lluego, trata de dejar en la calle otra vez",EN_WR_33_21_6_14_JM
pero un policía se ve,EN_WR_33_21_6_14_JM
Trata de darlo a otro hombre ,EN_WR_33_21_6_14_JM
y hui,EN_WR_33_21_6_14_JM
Trata de dejarlo con la mujer otra vez,EN_WR_33_21_6_14_JM
pero ella se golpe muchas veces,EN_WR_33_21_6_14_JM
y el policía viene,EN_WR_33_21_6_14_JM
El hombre coge el bebé,EN_WR_33_21_6_14_JM
Se siente en la calle con el bebé ,EN_WR_33_21_6_14_JM
y piensa,EN_WR_33_21_6_14_JM
Encuentre una nota,EN_WR_33_21_6_14_JM
que le dice [“cariña para el bebé”],EN_WR_33_21_6_14_JM
"Finalmente, él camina lejos con el bebé",EN_WR_33_21_6_14_JM
que ahora es suyo,EN_WR_33_21_6_14_JM
Chalie Chaplin es muy tonto,EN_WR_33_37_2_14_OY
el encontro un babe en el piso,EN_WR_33_37_2_14_OY
y no supo que hacer,EN_WR_33_37_2_14_OY
el trato de dar a una mujer el bebe,EN_WR_33_37_2_14_OY
pero ellla no estaba feliz,EN_WR_33_37_2_14_OY
y discutio con el,EN_WR_33_37_2_14_OY
luego  trato de darselo a un hombre discapacitado,EN_WR_33_37_2_14_OY
ese hombre dejo el bebe con la mujer,EN_WR_33_37_2_14_OY
Charlie trato de dejarlo con anterior,EN_WR_33_37_2_14_OY
la mujer vio a Charlie caminando por,EN_WR_33_37_2_14_OY
y devolver el bebea el solo,EN_WR_33_37_2_14_OY
despues de golpearlo en la cabeza con un palo,EN_WR_33_37_2_14_OY
nada parece funcionar,EN_WR_33_37_2_14_OY
al final se llevo al bebe,EN_WR_33_37_2_14_OY
y paso a cuidar de el,EN_WR_33_37_2_14_OY
"Charlie Chaplin esta caminando por un calle pobre,",EN_WR_33_48_4_14_RMCG
"una mujer se tiro basura de la ventana,",EN_WR_33_48_4_14_RMCG
"cuando vio un bebe, el esta solo sin madre, ni padre",EN_WR_33_48_4_14_RMCG
El bebe esta llorando,EN_WR_33_48_4_14_RMCG
En un calle mayor Chaplin vi una mujer con un cochecito ,EN_WR_33_48_4_14_RMCG
"y lo salio en el cochectio,",EN_WR_33_48_4_14_RMCG
"pero, la mujer lo vi,",EN_WR_33_48_4_14_RMCG
y dio el bebe al Chaplin,EN_WR_33_48_4_14_RMCG
"porque no es suya, la esta enfadada",EN_WR_33_48_4_14_RMCG
Chaplin no se ,EN_WR_33_48_4_14_RMCG
que hacer ,EN_WR_33_48_4_14_RMCG
y tratar de salir el bebe en el calle,EN_WR_33_48_4_14_RMCG
pero un policia lo vio ,EN_WR_33_48_4_14_RMCG
y Chaplin fui con el bebe,EN_WR_33_48_4_14_RMCG
Un otro hombre descubre el bebe,EN_WR_33_48_4_14_RMCG
"y lo pone en un cochecito,",EN_WR_33_48_4_14_RMCG
el mismo de lo con la confusion con la mujer anterior,EN_WR_33_48_4_14_RMCG
"Chaplin esta paseando, al mismo tiempo,",EN_WR_33_48_4_14_RMCG
que la mujer vio el bebe otra vez en su cochecito,EN_WR_33_48_4_14_RMCG
"Esta total enfadada, la mujer",EN_WR_33_48_4_14_RMCG
" y Chaplin se pelean en la calle,",EN_WR_33_48_4_14_RMCG
y Chaplin tiene que tomar el bebe,EN_WR_33_48_4_14_RMCG
"Sentado, Chaplin descrubo una nota en la ropa del bebe -",EN_WR_33_48_4_14_RMCG
el es un orfano,EN_WR_33_48_4_14_RMCG
y la nota dice a la persona,EN_WR_33_48_4_14_RMCG
que la a cuidar el nino,EN_WR_33_48_4_14_RMCG
Yo recuerdo haber visto este video en la escuela secundaria,EN_WR_34_18_4_14_CB
Este es un video antiguo,EN_WR_34_18_4_14_CB
porque es en blanco y negro,EN_WR_34_18_4_14_CB
 y tampoco tienes audio,EN_WR_34_18_4_14_CB
Charles Chaplin es muy extrano y torpe,EN_WR_34_18_4_14_CB
El encontro un bebe Huerfano,EN_WR_34_18_4_14_CB
y la mantuvo,EN_WR_34_18_4_14_CB
"Una senora intent alejarla de el,",EN_WR_34_18_4_14_CB
pero el se nego,EN_WR_34_18_4_14_CB
"Un hombre caminaba por la calle, fumando un cigar",EN_WR_34_19_7_14_CM
"El encuentra un bebe en la calle, solo",EN_WR_34_19_7_14_CM
El no sabe de donde vino el bebe,EN_WR_34_19_7_14_CM
y empieza buscar a alguien para ayudarle,EN_WR_34_19_7_14_CM
Ve a una mujer con su propio bebe,EN_WR_34_19_7_14_CM
y llega el bebe a ella,EN_WR_34_19_7_14_CM
El quiere darle el bebe,EN_WR_34_19_7_14_CM
pero ella no lo quiere,EN_WR_34_19_7_14_CM
"Entonces, el trata a poner el bebe",EN_WR_34_19_7_14_CM
"donde lo encontre,",EN_WR_34_19_7_14_CM
pero el ve a la policia,EN_WR_34_19_7_14_CM
y corre con el bebe,EN_WR_34_19_7_14_CM
"Luego, el hombre da el bebe a otro hombre, ",EN_WR_34_19_7_14_CM
"quien lo pone con la mujer del pasado,",EN_WR_34_19_7_14_CM
quien lo da al primero hombre,EN_WR_34_19_7_14_CM
El no sabe ,EN_WR_34_19_7_14_CM
"que hacer, ",EN_WR_34_19_7_14_CM
asi que el se siente en la calle,EN_WR_34_19_7_14_CM
El encuentra un cartera con el bebe ,EN_WR_34_19_7_14_CM
y lee,EN_WR_34_19_7_14_CM
"Despues, decide ",EN_WR_34_19_7_14_CM
que el va a quedar con el bebe ,EN_WR_34_19_7_14_CM
"Chaplin estaba caminando por un calle donde much gente ponía su basura por la ventana, pero él oío un sondino de un niño",EN_WR_34_20_8_14_ER
"En la calle, era un niño sin padres",EN_WR_34_20_8_14_ER
y Chaplin pensaba,EN_WR_34_20_8_14_ER
que una persona puso el niño en la calle por la ventana como la basura,EN_WR_34_20_8_14_ER
Una mujere estaba caminando con su niño,EN_WR_34_20_8_14_ER
y Chaplin pensaba,EN_WR_34_20_8_14_ER
que ella era la madre,EN_WR_34_20_8_14_ER
"Entonces, él puso el niño de la calle con el otro niño, ",EN_WR_34_20_8_14_ER
pero la madre estaba enojada ,EN_WR_34_20_8_14_ER
porque ella pensaba ,EN_WR_34_20_8_14_ER
que Chaplin estaba abandonado su niño,EN_WR_34_20_8_14_ER
"Chaplin quería salir el niño con otro persona, ",EN_WR_34_20_8_14_ER
pero estse hombre puso el niño en el mismo coche de niños que antes,EN_WR_34_20_8_14_ER
"Por eso, la mama empezó a gritar ",EN_WR_34_20_8_14_ER
porque Chaplin estaba caminando en la misma calle,EN_WR_34_20_8_14_ER
El tomó el niño ,EN_WR_34_20_8_14_ER
porque un policia era cerca,EN_WR_34_20_8_14_ER
"Cuando Chaplin se sentó por el lado de calle,  ",EN_WR_34_20_8_14_ER
él descubrió un carta,EN_WR_34_20_8_14_ER
"que djio [""cuidarse por este niño orfanado""]",EN_WR_34_20_8_14_ER
"Ya que, Chaplin tomó el niño a su casa",EN_WR_34_20_8_14_ER
Charlie encontró un bebe por la calle,EN_WR_34_21_6_14_CO
No hay nadie cerca de él ,EN_WR_34_21_6_14_CO
a quien podría ser el padre del bebé,EN_WR_34_21_6_14_CO
Charlie intentaba dejar el bebe ,EN_WR_34_21_6_14_CO
donde lo había encontrado ,EN_WR_34_21_6_14_CO
pero una policía llegó ,EN_WR_34_21_6_14_CO
y vio lo que estaba pasando,EN_WR_34_21_6_14_CO
Charlie tomó el bebé ,EN_WR_34_21_6_14_CO
"y eventualmente encontró un carro de un mujer con otro bebé, ",EN_WR_34_21_6_14_CO
y intentó ponerlo en el carro,EN_WR_34_21_6_14_CO
La mujer vino ,EN_WR_34_21_6_14_CO
y vio ,EN_WR_34_21_6_14_CO
lo que Charlie estaba haciendo ,EN_WR_34_21_6_14_CO
y le golpeó,EN_WR_34_21_6_14_CO
"Al fin, Charlie estaba sentado en la calle, ",EN_WR_34_21_6_14_CO
y vio una carta en el bebé ,EN_WR_34_21_6_14_CO
que pedía la persona ,EN_WR_34_21_6_14_CO
que estaba leyéndola ,EN_WR_34_21_6_14_CO
cuidar por el bebé,EN_WR_34_21_6_14_CO
"En el vídeo, Charlie Chaplin encontra un bebé en la calle",EN_WR_34_21_8_14_SM
Trata salir el bebé ,EN_WR_34_21_8_14_SM
pero un oficial de la policía se para,EN_WR_34_21_8_14_SM
Charlie trata dar el bebé a una mujer ,EN_WR_34_21_8_14_SM
pero sin suerte,EN_WR_34_21_8_14_SM
"Luego, da el bebé a un hombre",EN_WR_34_21_8_14_SM
El hombre se pone el bebé en el coche de la mujer,EN_WR_34_21_8_14_SM
Charlie camina por la mujer ,EN_WR_34_21_8_14_SM
y la mujer se da el bebé,EN_WR_34_21_8_14_SM
"Finalmente, Charlie encontra un papel con el bebé diciendo ",EN_WR_34_21_8_14_SM
que él es un orfano,EN_WR_34_21_8_14_SM
"En el fin, Charlie decide cuidar para el bebé",EN_WR_34_21_8_14_SM
El hombre estaba caminando ,EN_WR_34_47_28_14_ZB
cuando se cayo una parte de edificio en su cuerpo,EN_WR_34_47_28_14_ZB
Empezó de fumar un cigarillo ,EN_WR_34_47_28_14_ZB
y de repente vio un bebe en el suelo,EN_WR_34_47_28_14_ZB
Recojo el bebe del suelo ,EN_WR_34_47_28_14_ZB
y luego vio una mujer empujando uno carrito de bebes,EN_WR_34_47_28_14_ZB
Camino en la direccion de ella pensando ,EN_WR_34_47_28_14_ZB
que la mujer con un bebe perdió un otro,EN_WR_34_47_28_14_ZB
"La mujer indicó [""no,""] ",EN_WR_34_47_28_14_ZB
entonces el hombre tomo el bebe ,EN_WR_34_47_28_14_ZB
y trato bajarle en el suelo otra vez ,EN_WR_34_47_28_14_ZB
pero un policía le pregunto ,EN_WR_34_47_28_14_ZB
que hacia,EN_WR_34_47_28_14_ZB
Se fui por una otra calle ,EN_WR_34_47_28_14_ZB
donde dio el bebe a un otro hombre,EN_WR_34_47_28_14_ZB
Esta andando el personaje de Chaplin ,EN_WR_35_20_6.5_14_EG
cuando se encuentra un bebe en la calle,EN_WR_35_20_6.5_14_EG
Al principio no quiere este bebe ,EN_WR_35_20_6.5_14_EG
y trata de dejarlo con otras personas,EN_WR_35_20_6.5_14_EG
"Primero, piensa ",EN_WR_35_20_6.5_14_EG
que lo ha dejado el bebe una madre con bebe tambien ,EN_WR_35_20_6.5_14_EG
que esta andando acercas,EN_WR_35_20_6.5_14_EG
"El personaje de Chaplin intenta en ""regresarlo,"" ",EN_WR_35_20_6.5_14_EG
pero la mujer le rechasa,EN_WR_35_20_6.5_14_EG
"Luego el hombre trata de dejar el bebe con un anciano extrano, ",EN_WR_35_20_6.5_14_EG
pero el anciano deja el bebe con la madre mencionada,EN_WR_35_20_6.5_14_EG
El hombre hasta trata de abandonarlo de nuevo,EN_WR_35_20_6.5_14_EG
"Sin embargo, las circunstancias le frustran en estos intentos",EN_WR_35_20_6.5_14_EG
"Al final, el personaje de Chaplin venga a cuidar el bebo por un tiempo indefinido",EN_WR_35_20_6.5_14_EG
En el video había un hombre caminando por la calle ,EN_WR_35_20_6.5_14_KLK
cuando de repente vio un bebé que se cayó del techo,EN_WR_35_20_6.5_14_KLK
Él no vio nadie con el bebé,EN_WR_35_20_6.5_14_KLK
entonces decidío a recogerlo,EN_WR_35_20_6.5_14_KLK
Él vio una madre en la calle ,EN_WR_35_20_6.5_14_KLK
y pensó que era la madre del bebé,EN_WR_35_20_6.5_14_KLK
"entonces, lo puso en sus cosas",EN_WR_35_20_6.5_14_KLK
La madre empezó a gritar,EN_WR_35_20_6.5_14_KLK
y dio un golpe de su cabeza,EN_WR_35_20_6.5_14_KLK
"Luego, el encontró una letra",EN_WR_35_20_6.5_14_KLK
"que dijo [""Por favor cuida esa niña sin padres y dale amor y afección""]",EN_WR_35_20_6.5_14_KLK
En ese momento decidió a quedar el bebé,EN_WR_35_20_6.5_14_KLK
Charlie estaba en la calle ,EN_WR_35_20_7_14_TK
y lo fumaba,EN_WR_35_20_7_14_TK
Él encontró un bebe ,EN_WR_35_20_7_14_TK
que estuvo en la calle también,EN_WR_35_20_7_14_TK
Charlie hablaba con la policía sobre el bebe,EN_WR_35_20_7_14_TK
y no lo pudo encontrar los padres del bebe,EN_WR_35_20_7_14_TK
Una mujer pasó,EN_WR_35_20_7_14_TK
 y estaba enfadada ,EN_WR_35_20_7_14_TK
cuando Charlie trató darlo a ella,EN_WR_35_20_7_14_TK
"Entonces, Charlie fue a un otro calle",EN_WR_35_20_7_14_TK
"y por el segundo vez, trató darlo a una mujer",EN_WR_35_20_7_14_TK
La policía vio este ,EN_WR_35_20_7_14_TK
y confirmar ,EN_WR_35_20_7_14_TK
que Charlie no estaba dando el bebe a una familia ,EN_WR_35_20_7_14_TK
que lo no pertenece,EN_WR_35_20_7_14_TK
"Al final, Charlie encontró una nota ",EN_WR_35_20_7_14_TK
que explicaba la situación con el bebe ,EN_WR_35_20_7_14_TK
y Charlie decidió ,EN_WR_35_20_7_14_TK
que él será el padre del bebe,EN_WR_35_20_7_14_TK
Hay un hombre andando por la calle ,EN_WR_35_22_10_14_KG
"cuando de repente, encontra un bebe llorando",EN_WR_35_22_10_14_KG
"El trata de dar el bebe a una mujer con su propia bebe, ",EN_WR_35_22_10_14_KG
pero ella le grite ,EN_WR_35_22_10_14_KG
y el recoje el bebe,EN_WR_35_22_10_14_KG
Cuando trata de dejar el bebe ,EN_WR_35_22_10_14_KG
"donde lo habia encontrado, ",EN_WR_35_22_10_14_KG
un policia llega,EN_WR_35_22_10_14_KG
Recoje el bebe,EN_WR_35_22_10_14_KG
 y trata de dar el bebe a un viejito andando por la calle,EN_WR_35_22_10_14_KG
Lo hizo por pretender de ajustar sus zapatos,EN_WR_35_22_10_14_KG
y corre,EN_WR_35_22_10_14_KG
Al final el hombre entcontra una nota en las sombrillas del bebe ,EN_WR_35_22_10_14_KG
"que dice [""Please love this orphan child""]",EN_WR_35_22_10_14_KG
En este momento el hombre decide ,EN_WR_35_22_10_14_KG
que el debe ser la persona ,EN_WR_35_22_10_14_KG
que cuida el bebe,EN_WR_35_22_10_14_KG
Chaplin estaba fumando,EN_WR_35_22_8.5_14_MK
y caminando por la calle ,EN_WR_35_22_8.5_14_MK
cuando una person en unos de los edificios le tiro debris afuera por la ventana ,EN_WR_35_22_8.5_14_MK
y el debris le pego a la cabeza de Chaplin,EN_WR_35_22_8.5_14_MK
Despues Chaplin encontro un bebe y tomo el bebe,EN_WR_35_22_8.5_14_MK
El miro una mujer ,EN_WR_35_22_8.5_14_MK
que tambien tenia un bebe ,EN_WR_35_22_8.5_14_MK
y le puso el bebe en la cosa ,EN_WR_35_22_8.5_14_MK
que tiene la mujer para andar con su bebe,EN_WR_35_22_8.5_14_MK
La mujer ve todo ,EN_WR_35_22_8.5_14_MK
y se puso enojado ,EN_WR_35_22_8.5_14_MK
porque penso ,EN_WR_35_22_8.5_14_MK
que el bebe era el bebe de Chaplin ,EN_WR_35_22_8.5_14_MK
y ella le pego Chaplin ,EN_WR_35_22_8.5_14_MK
entonces Chaplin lo tomo otra vez,EN_WR_35_22_8.5_14_MK
Chaplin camino con el bebe ,EN_WR_35_22_8.5_14_MK
y trato de poner el bebe en el lugar ,EN_WR_35_22_8.5_14_MK
donde Chaplin lo encontro ,EN_WR_35_22_8.5_14_MK
pero un hombre ,EN_WR_35_22_8.5_14_MK
que trabajo para la policia ve todo ,EN_WR_35_22_8.5_14_MK
y inmediatemente lo tomo ,EN_WR_35_22_8.5_14_MK
y se fue rapidamente con el bebe,EN_WR_35_22_8.5_14_MK
Chaplin encontro un hombre ,EN_WR_35_22_8.5_14_MK
que estaba caminando con algo ,EN_WR_35_22_8.5_14_MK
para ayudarle caminar ,EN_WR_35_22_8.5_14_MK
pero Chaplin le dio el bebe a el hombre ,EN_WR_35_22_8.5_14_MK
y se fue rapidamente ,EN_WR_35_22_8.5_14_MK
y el hombre ando por el ,EN_WR_35_22_8.5_14_MK
porque el penso ,EN_WR_35_22_8.5_14_MK
que el bebe era el bebe de Chaplin ,EN_WR_35_22_8.5_14_MK
y el hombre no queria cuidar por el bebe ,EN_WR_35_22_8.5_14_MK
porque no es su bebe,EN_WR_35_22_8.5_14_MK
El hombre encontro la mujer con un bebe ,EN_WR_35_22_8.5_14_MK
que era la misma mujer ,EN_WR_35_22_8.5_14_MK
que encontro a Chaplin ,EN_WR_35_22_8.5_14_MK
y trato de hacer la misma cosa que Chaplin  ,EN_WR_35_22_8.5_14_MK
y se fue ,EN_WR_35_22_8.5_14_MK
pero Chaplin estaba caminando perfectamente al lado de los bebes ,EN_WR_35_22_8.5_14_MK
cuando la mujer ve ,EN_WR_35_22_8.5_14_MK
que habia dos bebes sino uno ,EN_WR_35_22_8.5_14_MK
y penso ,EN_WR_35_22_8.5_14_MK
que Chaplin habia hecho la misma cosa ,EN_WR_35_22_8.5_14_MK
y le pego ,EN_WR_35_22_8.5_14_MK
y Chaplin tomo el bebe,EN_WR_35_22_8.5_14_MK
Finalmente el se senti en la calle con el bebe ,EN_WR_35_22_8.5_14_MK
y ve que el bebe tenia una carta ,EN_WR_35_22_8.5_14_MK
"que se dijo [""Por favor ama a la nino huerfano""] ",EN_WR_35_22_8.5_14_MK
y Chaplin realmente le ve el bebe ,EN_WR_35_22_8.5_14_MK
y sonrio,EN_WR_35_22_8.5_14_MK
"Un hombre, Charlie Chaplin, encontra un bebé cerca de un edificio viejo",EN_WR_35_23_11_14_ECT
Cercancito hay una mujer con un otro bebé,EN_WR_35_23_11_14_ECT
Chaplin deja el bebé con el otro,EN_WR_35_23_11_14_ECT
Entonces la mujer grita,EN_WR_35_23_11_14_ECT
porque no es su bebé,EN_WR_35_23_11_14_ECT
Chaplin trata de dejar el bebé ,EN_WR_35_23_11_14_ECT
"dónde lo encontró, ",EN_WR_35_23_11_14_ECT
pero  un cabinero dice ,EN_WR_35_23_11_14_ECT
que Chaplin no puede dejar el bebé a lado del edificio,EN_WR_35_23_11_14_ECT
Chaplin da el babé a un hombre en la calle ,EN_WR_35_23_11_14_ECT
y se va,EN_WR_35_23_11_14_ECT
Este hombre pone el bebé con el otro bebé de antés,EN_WR_35_23_11_14_ECT
Chaplin camina por la calle,EN_WR_35_23_11_14_ECT
y la mujer lo ve,EN_WR_35_23_11_14_ECT
La mujer lo pega,EN_WR_35_23_11_14_ECT
y explica al cabinero […],EN_WR_35_23_11_14_ECT
Chaplin toma el bebé otra vez,EN_WR_35_23_11_14_ECT
Lee una carta ,EN_WR_35_23_11_14_ECT
que explica ,EN_WR_35_23_11_14_ECT
que el bebé es huérfano ,EN_WR_35_23_11_14_ECT
alguien debe cuidarlo,EN_WR_35_23_11_14_ECT
"Charlie Chaplin caminó a traves del callejón, intentando evitar la basura cayendo de las ventanas arriba",EN_WR_35_27_12_14_ES
"Despues de un golpe de basura,",EN_WR_35_27_12_14_ES
 él dejó para encender un cigarillo,EN_WR_35_27_12_14_ES
Encendó el fosforo con el taco de su zapato,EN_WR_35_27_12_14_ES
"Siguiendo caminar, Charlie encontró un bebé llorando en el callejón",EN_WR_35_27_12_14_ES
"Mirando al su alrededor, él vio una madre empujando un cochecito",EN_WR_35_27_12_14_ES
"Cuando Charlie puso el bebé a dentro del cochecito, ",EN_WR_35_27_12_14_ES
la madre dijo ,EN_WR_35_27_12_14_ES
"que no, ese bebé no fuera suyo ",EN_WR_35_27_12_14_ES
y Charlie necesitaba tomarlo alfuera del cochecito,EN_WR_35_27_12_14_ES
Charlie quitó el bebé ,EN_WR_35_27_12_14_ES
y intentó ponerlo ,EN_WR_35_27_12_14_ES
"donde estaba encontrado en el callejón, ",EN_WR_35_27_12_14_ES
pero la policia estaba mirando a Charlie ,EN_WR_35_27_12_14_ES
y por eso él lo levantó de nuevo,EN_WR_35_27_12_14_ES
Puso el bebé en los brazos de un hombre viejo,EN_WR_35_27_12_14_ES
 y escapo corriendo,EN_WR_35_27_12_14_ES
El hombre viejo puso el bebé en el mismo cochecito ,EN_WR_35_27_12_14_ES
"que antes, poniendo enojada la madre",EN_WR_35_27_12_14_ES
"Ella vio Charlie y la policia, ",EN_WR_35_27_12_14_ES
y llamó a la policia ayudar,EN_WR_35_27_12_14_ES
Charlie quitó el bebé otra vez ,EN_WR_35_27_12_14_ES
y fue a sentar con el bebé en el borde de la banqueta,EN_WR_35_27_12_14_ES
Abró la rejilla sobre la cuneta…,EN_WR_35_27_12_14_ES
y lo cerró de nuevo,EN_WR_35_27_12_14_ES
Sonrió al bebé ,EN_WR_35_27_12_14_ES
y encontró una carta ,EN_WR_35_27_12_14_ES
"que dice [""Ama y cuida este huérfano""]",EN_WR_35_27_12_14_ES
Charlie sonrió al bebé otra vez ,EN_WR_35_27_12_14_ES
y se levantó mismo del borde de la banqueta,EN_WR_35_27_12_14_ES
Caminó a traves del callejón con el bebé en sus brazos,EN_WR_35_27_12_14_ES
El techo se cae ,EN_WR_36_20_7.5_14_JM
y le golpe a Charlie Chaplin,EN_WR_36_20_7.5_14_JM
Él empieza a fumar ,EN_WR_36_20_7.5_14_JM
y encuentra un bebe,EN_WR_36_20_7.5_14_JM
El bebe no tiene ningunos padres,EN_WR_36_20_7.5_14_JM
Chaplin tiene que encontrar un lugar para el bebe,EN_WR_36_20_7.5_14_JM
"Él pone al bebe en un carte de bebes con otro bebe, ",EN_WR_36_20_7.5_14_JM
pero la madre del otra no quiere esto,EN_WR_36_20_7.5_14_JM
Entonces Chaplin le pone al lado de la basura,EN_WR_36_20_7.5_14_JM
 pero la policía lo ve,EN_WR_36_20_7.5_14_JM
"Ahora, Chaplin tiene que encontrar otro lugar ",EN_WR_36_20_7.5_14_JM
para poner al bebe,EN_WR_36_20_7.5_14_JM
Le da a un hombre ,EN_WR_36_20_7.5_14_JM
y corre,EN_WR_36_20_7.5_14_JM
El hombre le pone al bebe en el mismo carte de antes,EN_WR_36_20_7.5_14_JM
La madre les ve al bebe y a Chaplin,EN_WR_36_20_7.5_14_JM
 y corre despues de él,EN_WR_36_20_7.5_14_JM
Ella le golpe con una paraguas,EN_WR_36_20_7.5_14_JM
Chaplin le toma el bebe ,EN_WR_36_20_7.5_14_JM
y ve que hay una carte con él ,EN_WR_36_20_7.5_14_JM
"que dice [""por favor, le ama y cuida por esto niño sin padres""]",EN_WR_36_20_7.5_14_JM
En el video Charlie Chaplin ha encontrado un bebé en la calle,EN_WR_36_22_10_14_ES
Al principio él empiece a buscar a alguien ,EN_WR_36_22_10_14_ES
a ver si alguien ha perdido su niño ,EN_WR_36_22_10_14_ES
pero él no encontra nadie,EN_WR_36_22_10_14_ES
Después viene una mujer,EN_WR_36_22_10_14_ES
Ella tiene un bebé con ella ,EN_WR_36_22_10_14_ES
y él piensa ,EN_WR_36_22_10_14_ES
que es posible ,EN_WR_36_22_10_14_ES
que el otro bebé también es suya,EN_WR_36_22_10_14_ES
Entonces él pregunta a ella si el bebé es suya,EN_WR_36_22_10_14_ES
pero no fue,EN_WR_36_22_10_14_ES
Entonces él trata de devolver el bebé a la calle,EN_WR_36_22_10_14_ES
pero al policía está mirando sus acciones,EN_WR_36_22_10_14_ES
Por lo tanto él toma el bebé otra vez,EN_WR_36_22_10_14_ES
Luego él da el bebé a un hombre con una pierna dolorida ,EN_WR_36_22_10_14_ES
y empieza a hallar,EN_WR_36_22_10_14_ES
El hombre toma el bebé,EN_WR_36_22_10_14_ES
 y lo pone con la mujer de antes en secreto,EN_WR_36_22_10_14_ES
Cuando ella mira el bebé y Charlie Chaplin otra vez ,EN_WR_36_22_10_14_ES
ella piensa ,EN_WR_36_22_10_14_ES
que fue él que lo haga,EN_WR_36_22_10_14_ES
Ella da el bebé a Charlie,EN_WR_36_22_10_14_ES
Charlie sienta al lado de la calle para pensar,EN_WR_36_22_10_14_ES
Él piensa en tirar el bebé debajo de la calle ,EN_WR_36_22_10_14_ES
pero no lo hace,EN_WR_36_22_10_14_ES
Él descubre una nota con el bebé ,EN_WR_36_22_10_14_ES
que pregunta ,EN_WR_36_22_10_14_ES
que cualquier persona que encontrar el bebé cuídalo ,EN_WR_36_22_10_14_ES
porque es un huérfano,EN_WR_36_22_10_14_ES
Entonces Charlie toma el bebé con él,EN_WR_36_22_10_14_ES
Este hombre estaba caminando en la calle ,EN_WR_37_19_8_14_EGM
y cosas están cayendo de los edificios cercas,EN_WR_37_19_8_14_EGM
El hombre buscó algo para fumar ,EN_WR_37_19_8_14_EGM
y encontró un bebé en el suelo llorando,EN_WR_37_19_8_14_EGM
Veo una mujer caminando con un niño en un paseante ,EN_WR_37_19_8_14_EGM
y asumó ,EN_WR_37_19_8_14_EGM
"que fue suyo, entonces lo dio en el paseante, ",EN_WR_37_19_8_14_EGM
pero el bebé no fue suyo,EN_WR_37_19_8_14_EGM
El hombre puso el bebé en el lugar ,EN_WR_37_19_8_14_EGM
"donde lo encontró, ",EN_WR_37_19_8_14_EGM
pero un hombre de policia llegó ,EN_WR_37_19_8_14_EGM
"y lo veo, entonces el hombre agregó el bebé otra vez",EN_WR_37_19_8_14_EGM
Estaba caminando con el bebé,EN_WR_37_19_8_14_EGM
 y veo un viejo caminando ,EN_WR_37_19_8_14_EGM
y pretendió que necesitaba hacer el zapato ,EN_WR_37_19_8_14_EGM
"para que el viejo pueda tomar el bebé, ",EN_WR_37_19_8_14_EGM
"pero cuando el viejo tuvo el bebé, ¡el hombre corrió!",EN_WR_37_19_8_14_EGM
Él escapó ,EN_WR_37_19_8_14_EGM
y escondió ,EN_WR_37_19_8_14_EGM
y el viejo le puso el bebé en el paseante de la misma mujer otra vez,EN_WR_37_19_8_14_EGM
El hombre caminó a lado de la mujer ,EN_WR_37_19_8_14_EGM
y ella estaba enojada ,EN_WR_37_19_8_14_EGM
porque pensó ,EN_WR_37_19_8_14_EGM
que él ha lo puesto allí otra vez,EN_WR_37_19_8_14_EGM
La policia llegó y la mujer ,EN_WR_37_19_8_14_EGM
le dijo a él ,EN_WR_37_19_8_14_EGM
que no fue su bebé ,EN_WR_37_19_8_14_EGM
y el hombre lo tomó otra vez,EN_WR_37_19_8_14_EGM
El hombre se sentó con el bebé ,EN_WR_37_19_8_14_EGM
y encontró una nota ,EN_WR_37_19_8_14_EGM
que preguntó a la persona leyendo a amar ,EN_WR_37_19_8_14_EGM
y cuidar este niño huérfano,EN_WR_37_19_8_14_EGM
El hombre decidió a cuidar el bebé ,EN_WR_37_19_8_14_EGM
y los dos regresaron a casa,EN_WR_37_19_8_14_EGM
Hay un hombre ,EN_WR_37_20_7_14_CP
que esta andando ,EN_WR_37_20_7_14_CP
y algunas rocas ,EN_WR_37_20_7_14_CP
que se caen encima de la cabeza del hombre,EN_WR_37_20_7_14_CP
El continua a caminar ,EN_WR_37_20_7_14_CP
y busca un bebe cerca de una basura,EN_WR_37_20_7_14_CP
El toma el bebe ,EN_WR_37_20_7_14_CP
y ponelo con un otro bebe en una sillita de paseo ,EN_WR_37_20_7_14_CP
y la mujer con esto bebe dice ,EN_WR_37_20_7_14_CP
que el hombre no puede ponerlo alli,EN_WR_37_20_7_14_CP
El trae el bebe a lo mismo sitio como antes ,EN_WR_37_20_7_14_CP
pero hay un policia alli ,EN_WR_37_20_7_14_CP
cuando el va a salir,EN_WR_37_20_7_14_CP
"Por eso, toma el bebe otra vez ",EN_WR_37_20_7_14_CP
y continua a caminar con el bebe,EN_WR_37_20_7_14_CP
El ve a la mujer otra vez ,EN_WR_37_20_7_14_CP
y trae el bebe a ella,EN_WR_37_20_7_14_CP
pero ella esta enfadada ,EN_WR_37_20_7_14_CP
y dice ,EN_WR_37_20_7_14_CP
que no es su bebe,EN_WR_37_20_7_14_CP
Finalmente el hombre se sienta con el bebe ,EN_WR_37_20_7_14_CP
y nota una carta con el bebe ,EN_WR_37_20_7_14_CP
que dice ,EN_WR_37_20_7_14_CP
que el bebe es un huerfano ,EN_WR_37_20_7_14_CP
y necesita alguien para amarlo,EN_WR_37_20_7_14_CP
Charlie Chaplin está caminando por la calle ,EN_WR_37_20_7_14_LH
y alguien tira basura de su ventana a Charlie,EN_WR_37_20_7_14_LH
Charlie para ,EN_WR_37_20_7_14_LH
y enciende un cigarrillo,EN_WR_37_20_7_14_LH
"Cuando está fumando, ",EN_WR_37_20_7_14_LH
ve a su pie al suelo ,EN_WR_37_20_7_14_LH
donde hay un bebé,EN_WR_37_20_7_14_LH
Coge el bebé y ve alrededor para buscar su madre,EN_WR_37_20_7_14_LH
"En ese momento, una madre caminando con su bebé le pasa",EN_WR_37_20_7_14_LH
"Charlie, pensando ",EN_WR_37_20_7_14_LH
"que es el bebé de la madre, ",EN_WR_37_20_7_14_LH
"trata a darlo a la madre, ",EN_WR_37_20_7_14_LH
pero se hice la madre enfadado ,EN_WR_37_20_7_14_LH
y él tiene que tomar el bebé otra vez,EN_WR_37_20_7_14_LH
"Decide a volver el niño al calle, ",EN_WR_37_20_7_14_LH
pero en el momento ,EN_WR_37_20_7_14_LH
"que está poniendo el bebé al suelo, ",EN_WR_37_20_7_14_LH
la policía lo está mirando,EN_WR_37_20_7_14_LH
Charlie otra vez tiene la responsabilidad del niño ,EN_WR_37_20_7_14_LH
"y esta vez, decide a darlo a un hombre mayor",EN_WR_37_20_7_14_LH
El hombre no sabe,EN_WR_37_20_7_14_LH
" que debe hacer con el niño, ",EN_WR_37_20_7_14_LH
y ve la misma mujer ,EN_WR_37_20_7_14_LH
que Charlie lo dió el bebé la primera vez,EN_WR_37_20_7_14_LH
 y decide a dar el bebé a esa madre ,EN_WR_37_20_7_14_LH
y corre,EN_WR_37_20_7_14_LH
"Cuando la madre le da cuento del bebé, ",EN_WR_37_20_7_14_LH
Charlie está pasando ,EN_WR_37_20_7_14_LH
y ella está alta de él,EN_WR_37_20_7_14_LH
"Gracias a la suerte de la madre, la policía pasa ",EN_WR_37_20_7_14_LH
"cuando ellos están luchando, ",EN_WR_37_20_7_14_LH
y Charlie necesita tomar el bebé,EN_WR_37_20_7_14_LH
"Al final, Charlie no sabe ",EN_WR_37_20_7_14_LH
"que debe hacer con el niño,",EN_WR_37_20_7_14_LH
 y mira en sus mantas ,EN_WR_37_20_7_14_LH
para encontrar una nota ,EN_WR_37_20_7_14_LH
"que dice [""por favor cuídate de este orfanato con amor""]  ",EN_WR_37_20_7_14_LH
y Charlie decide a cuidar el niño,EN_WR_37_20_7_14_LH
"En este video, Charlie esta caminando por el calle",EN_WR_37_20_7_14_PR
Cosas son cayendo de los edificios ,EN_WR_37_20_7_14_PR
"y por eso, Charlie para ",EN_WR_37_20_7_14_PR
y empieza fumar,EN_WR_37_20_7_14_PR
"En este moment, el hombre ve un bebe en el calle",EN_WR_37_20_7_14_PR
El lleva el bebe ,EN_WR_37_20_7_14_PR
"para buscar su madre, ",EN_WR_37_20_7_14_PR
pero no la encuentra,EN_WR_37_20_7_14_PR
"Charlie trata de abandonar el bebe con dos o tres personas, ",EN_WR_37_20_7_14_PR
pero no puede hacerlo ,EN_WR_37_20_7_14_PR
porque nadie quiere tener el bebe,EN_WR_37_20_7_14_PR
"Finalmente, charlie encuentre una nota en la ropa del bebe",EN_WR_37_20_7_14_PR
"La nota lee [""Por favor, ama y atenda a este bebe""]",EN_WR_37_20_7_14_PR
Este hombre se llama Charlie Chaplain ,EN_WR_37_20_8_14_AB
que encuentró un bebé ,EN_WR_37_20_8_14_AB
que no es suyo,EN_WR_37_20_8_14_AB
Él tiene problemas ,EN_WR_37_20_8_14_AB
proque no sabe ,EN_WR_37_20_8_14_AB
qué hacer con el bebe,EN_WR_37_20_8_14_AB
Quiere dejarlo en el carrito de una mujer ,EN_WR_37_20_8_14_AB
que ya tiene un bebé ,EN_WR_37_20_8_14_AB
pero cuándo la mujer se da cuente ,EN_WR_37_20_8_14_AB
"que hay otro bebé en su carrito, ",EN_WR_37_20_8_14_AB
ella se enfadada ,EN_WR_37_20_8_14_AB
y golpe al Sr. Chaplain,EN_WR_37_20_8_14_AB
Después él quiere dejar el bebé ,EN_WR_37_20_8_14_AB
donde lo encontró,EN_WR_37_20_8_14_AB
"pero, en ese momente hay un policía ",EN_WR_37_20_8_14_AB
que no se lo permite a Sr. Chaplan,EN_WR_37_20_8_14_AB
Luego hay un hombre ,EN_WR_37_20_8_14_AB
que camino enfrente del Sr. Chaplain ,EN_WR_37_20_8_14_AB
y Sr. Chaplain se lo da el bebé a los brazos del hombre,EN_WR_37_20_8_14_AB
Pero Sr. Chaplain no puede escapar ,EN_WR_37_20_8_14_AB
Después Sr. Champlian se siente ,EN_WR_37_20_8_14_AB
y descubre ,EN_WR_37_20_8_14_AB
que hay una carta en la rope del bebé ,EN_WR_37_20_8_14_AB
que dice ,EN_WR_37_20_8_14_AB
el bebé es un orfanato,EN_WR_37_20_8_14_AB
Sr. Chaplain quiere cuidar por el bebé; ,EN_WR_37_20_8_14_AB
y ya termine el video,EN_WR_37_20_8_14_AB
"Al principio, Chaplin está caminando tranquilamente",EN_WR_37_21_7_14_MG
cuando de repente ladrillos caen de arriba,EN_WR_37_21_7_14_MG
"Él puede evitar la mayoría de los ladrillos, ",EN_WR_37_21_7_14_MG
pero uno le da un golpe en su hombro,EN_WR_37_21_7_14_MG
"Mientras él está recuperando,",EN_WR_37_21_7_14_MG
 a él le da cuenta ,EN_WR_37_21_7_14_MG
"que hay un bebé durmiendo en la calle, sin padres",EN_WR_37_21_7_14_MG
Él lo coge ,EN_WR_37_21_7_14_MG
y trata de prestar el bebé a una mujer caminando en la calle ,EN_WR_37_21_7_14_MG
"que tiene su propio bebé, ",EN_WR_37_21_7_14_MG
pero la mujer volvió loca ,EN_WR_37_21_7_14_MG
cuando vi ,EN_WR_37_21_7_14_MG
que había otro bebé con ella,EN_WR_37_21_7_14_MG
Cuando Chaplin decide ,EN_WR_37_21_7_14_MG
"para poner el bebé en el suelo otra vez, ",EN_WR_37_21_7_14_MG
un policía aparece a su lado ,EN_WR_37_21_7_14_MG
y Chaplain tiene que recoger el  bebé,EN_WR_37_21_7_14_MG
"El resto del vídeo sigue Chaplin caminando alrededor de la ciudad, buscando una persona ",EN_WR_37_21_7_14_MG
con quien puede reglar un bebé,EN_WR_37_21_7_14_MG
"En el fin, no tiene éxito",EN_WR_37_21_7_14_MG
 y descansa en la calle,EN_WR_37_21_7_14_MG
Pero es en este momento que encuentra un papel ,EN_WR_37_21_7_14_MG
"que dice [- Por favor, ama y cuida a este bebé sin padres]",EN_WR_37_21_7_14_MG
"Con esta información, decide para cuidar al bebé",EN_WR_37_21_7_14_MG
"Primero, ves Charlie Chaplin camindando por un callecito entre edificios ",EN_WR_37_22_2_14_MS
que parecen viejos y abandonados,EN_WR_37_22_2_14_MS
Charlie saco una cajita de su bosillo ,EN_WR_37_22_2_14_MS
y tomo un cigaro en la mano,EN_WR_37_22_2_14_MS
Cuando se doblo ,EN_WR_37_22_2_14_MS
"para prender la cerilla con el zapato, ",EN_WR_37_22_2_14_MS
vio a un bebe enrodado con una cobija alli en la calle,EN_WR_37_22_2_14_MS
Se acerco el bebe ,EN_WR_37_22_2_14_MS
y lo levanto ,EN_WR_37_22_2_14_MS
para cargarlo ,EN_WR_37_22_2_14_MS
y miro por  las calles ,EN_WR_37_22_2_14_MS
como si estaba buscando la persona ,EN_WR_37_22_2_14_MS
que dejo el bebe alli,EN_WR_37_22_2_14_MS
Tambien miro hacia arriba ,EN_WR_37_22_2_14_MS
como si el nene hubiera caido de una ventana de uno de los edificioes ,EN_WR_37_22_2_14_MS
pero no habia nadie mas en la calle ,EN_WR_37_22_2_14_MS
hasta que vio fue una mujer empujando una carriola con otro bebe sentado adentro,EN_WR_37_22_2_14_MS
Charlie intento a dar el bebe […] a esta mujer ,EN_WR_37_22_2_14_MS
que encontro,EN_WR_37_22_2_14_MS
pero no queria ,EN_WR_37_22_2_14_MS
y obviamente no fue de ella,EN_WR_37_22_2_14_MS
"Luego, Charlie vio un hombre caminando ",EN_WR_37_22_2_14_MS
"y esta vez, le engano al hombre ",EN_WR_37_22_2_14_MS
y dejo el bebe con el,EN_WR_37_22_2_14_MS
El hombre estuvo sorprendido ,EN_WR_37_22_2_14_MS
y empezo a busacar a Charlie ,EN_WR_37_22_2_14_MS
para regresarselo pero Charlie se escondio,EN_WR_37_22_2_14_MS
"Aunque el hombre no encontro a Charlie, ",EN_WR_37_22_2_14_MS
vio la mujer con la carriola ,EN_WR_37_22_2_14_MS
y dejo el bebe en la carriola con el otro ,EN_WR_37_22_2_14_MS
y se fue rapido ,EN_WR_37_22_2_14_MS
para que la mujer no lo viera,EN_WR_37_22_2_14_MS
"Luego, cuando Charlie dio cuenta ",EN_WR_37_22_2_14_MS
"de que el hombre ya ha ido, ",EN_WR_37_22_2_14_MS
Charlie salio ,EN_WR_37_22_2_14_MS
de donde estaba escondiendose ,EN_WR_37_22_2_14_MS
y camino por la calle,EN_WR_37_22_2_14_MS
"De repente, la mujer salio de una tienda ",EN_WR_37_22_2_14_MS
y vio el otro bebe alli en la carriola ,EN_WR_37_22_2_14_MS
y se enojo inmediatamente,EN_WR_37_22_2_14_MS
Le pego a Charlie con su sombrilla ,EN_WR_37_22_2_14_MS
y se lo regreso el bebe a Charlie otra vez,EN_WR_37_22_2_14_MS
Charlie se rindio por el momento ,EN_WR_37_22_2_14_MS
y se sento con el bebe en sus brazos ,EN_WR_37_22_2_14_MS
cuando encontro una papelito doblado en la cobija del bebe ,EN_WR_37_22_2_14_MS
"que tuvo un mensaje escrito, [""Por favor, ama y cuida a este nino""]",EN_WR_37_22_2_14_MS
"Cuando Charlie leyo eso, ",EN_WR_37_22_2_14_MS
se paro ,EN_WR_37_22_2_14_MS
y se fue caminando ,EN_WR_37_22_2_14_MS
pero parecio mas feliz,EN_WR_37_22_2_14_MS
Chalie esta caminando ,EN_WR_37_22_9_14_BS
y hay gente ,EN_WR_37_22_9_14_BS
que estan tirando cosas de sus ventanas,EN_WR_37_22_9_14_BS
Chalie para ,EN_WR_37_22_9_14_BS
para fumar ,EN_WR_37_22_9_14_BS
pero el so tiene cigarollos usado,EN_WR_37_22_9_14_BS
Despues de econtrar un cigarollo ,EN_WR_37_22_9_14_BS
para fumar el encontro un bebe en el suelo al lado de la basura,EN_WR_37_22_9_14_BS
El lo toma,EN_WR_37_22_9_14_BS
y intenta a dar una mejor ,EN_WR_37_22_9_14_BS
que tiene un bebe,EN_WR_37_22_9_14_BS
Ella se enoja ,EN_WR_37_22_9_14_BS
y Chalie tiene que guardarlo,EN_WR_37_22_9_14_BS
Chalie queria poner lo ,EN_WR_37_22_9_14_BS
donde se lo encontraba ,EN_WR_37_22_9_14_BS
pero habia un policia ,EN_WR_37_22_9_14_BS
y el no pude,EN_WR_37_22_9_14_BS
Despues Charlie da el bebe a un hombre en el calle,EN_WR_37_22_9_14_BS
El hombre lo pone en el carro de la mujer ,EN_WR_37_22_9_14_BS
que Charlie intentaba a dar el bebe,EN_WR_37_22_9_14_BS
Cuando ella se veo Charlie estaba cerca ,EN_WR_37_22_9_14_BS
y ella lo da a el una vez mas,EN_WR_37_22_9_14_BS
Charlie anda con el bebe ,EN_WR_37_22_9_14_BS
y sientese en el calle a lado del desaguadero,EN_WR_37_22_9_14_BS
El pienso en poner el bebe alli ,EN_WR_37_22_9_14_BS
pero decido no,EN_WR_37_22_9_14_BS
Duespues el encontro una carta en la camisa del bebe ,EN_WR_37_22_9_14_BS
que dice [<<Guarda a este  huerfano>>],EN_WR_37_22_9_14_BS
Y Charlie lo guarda,EN_WR_37_22_9_14_BS
"La gente en los edificios altos tiraban bloques de las ventanas, ",EN_WR_37_25_2.5_14_LK
y los bloques se cai'an en la cabeza de un hombre,EN_WR_37_25_2.5_14_LK
Ese hombre caminaba en la calle ,EN_WR_37_25_2.5_14_LK
cuando encontro' un bebe',EN_WR_37_25_2.5_14_LK
El primero  ,EN_WR_37_25_2.5_14_LK
lo que hizo: ,EN_WR_37_25_2.5_14_LK
"trato' de darlelo a una mujer, ",EN_WR_37_25_2.5_14_LK
quien ya teni'a un bebe',EN_WR_37_25_2.5_14_LK
"Despues, el lo poni'a, en el lugar ",EN_WR_37_25_2.5_14_LK
"donde lo encontro', ",EN_WR_37_25_2.5_14_LK
"pero entonces era un polici'a aca, ",EN_WR_37_25_2.5_14_LK
y no se puede dejar un bebe' asi,EN_WR_37_25_2.5_14_LK
"Busco' a otra persona,",EN_WR_37_25_2.5_14_LK
 y si' finalmente le encontro' - otro hombre,EN_WR_37_25_2.5_14_LK
Pero ese hombre lo daba a la misma mujer que el hombre primero,EN_WR_37_25_2.5_14_LK
"La mujer esta' enojada, ",EN_WR_37_25_2.5_14_LK
y Charlie necesita cuidar a el bebe,EN_WR_37_25_2.5_14_LK
Charlie caminaba por una plaza con casas pobres,EN_WR_37_48_7_14_EP
Tenía que evitar la tierra ,EN_WR_37_48_7_14_EP
que caeía del cielo,EN_WR_37_48_7_14_EP
Él encontró un bebe en la calle,EN_WR_37_48_7_14_EP
"Charlie trató de poner el bebe en un cochecito para niños, ",EN_WR_37_48_7_14_EP
pero ja había otro bebe,EN_WR_37_48_7_14_EP
La madre vino ,EN_WR_37_48_7_14_EP
y comenzó a gritar  a Charlie ,EN_WR_37_48_7_14_EP
y salió,EN_WR_37_48_7_14_EP
Él tomó el bebe ,EN_WR_37_48_7_14_EP
pero lo puso en la calle otra vez,EN_WR_37_48_7_14_EP
Un policía vio Charle con el bebe ,EN_WR_37_48_7_14_EP
y dijo algo severo,EN_WR_37_48_7_14_EP
Charlie tomó el bebe ,EN_WR_37_48_7_14_EP
y caminaba más con ,EN_WR_37_48_7_14_EP
 y entonces vio otro hombre pobre,EN_WR_37_48_7_14_EP
Él dio el bebe al hombre segundo ,EN_WR_37_48_7_14_EP
y corrió rapidamente,EN_WR_37_48_7_14_EP
El segundo hombre vio un cochecito ,EN_WR_37_48_7_14_EP
y puso el bebe allí y salió,EN_WR_37_48_7_14_EP
¡Pero es de la misma madre!,EN_WR_37_48_7_14_EP
Ella vino ,EN_WR_37_48_7_14_EP
y vio el segundo bebe...otra vez,EN_WR_37_48_7_14_EP
Charlie caminó al cochecito ,EN_WR_37_48_7_14_EP
"y por eso, la madre le gritó otra vez",EN_WR_37_48_7_14_EP
El mismo policía vino ,EN_WR_37_48_7_14_EP
y vio a Charlie,EN_WR_37_48_7_14_EP
La madre   le dio el bebe otra vez a Charlie ,EN_WR_37_48_7_14_EP
y él caminaba más con el bebe,EN_WR_37_48_7_14_EP
"Después de algunos minutos, ",EN_WR_37_48_7_14_EP
Charlie tenía que sentarse en la calle,EN_WR_37_48_7_14_EP
Él vio un carta ,EN_WR_37_48_7_14_EP
y lo leó,EN_WR_37_48_7_14_EP
La carta pido ,EN_WR_37_48_7_14_EP
que alguién cria este huérfano,EN_WR_37_48_7_14_EP
Charlie sonría ,EN_WR_37_48_7_14_EP
"y salío con el bebe, caminando por la calle",EN_WR_37_48_7_14_EP
Un hombre (Chaplin) se encuentra un bebé por la calle ,EN_WR_38_20_15_14_EES
y quiere encontrar la madre,EN_WR_38_20_15_14_EES
"Primero, él le da el bebé a un mujer con un cochecito,",EN_WR_38_20_15_14_EES
pero ella se enoja ,EN_WR_38_20_15_14_EES
y le dice ,EN_WR_38_20_15_14_EES
que no es su bebé ,EN_WR_38_20_15_14_EES
y ya tiene un otro bebé en el cochecito,EN_WR_38_20_15_14_EES
Después él le da el bebé a un hombre (otro) ,EN_WR_38_20_15_14_EES
quien está caminando por la calle ,EN_WR_38_20_15_14_EES
y corre para dejar el bebé con él,EN_WR_38_20_15_14_EES
"Como el bebé no es suyo, ",EN_WR_38_20_15_14_EES
"se encuentra el mismo cochecito, ",EN_WR_38_20_15_14_EES
ve que la mujer no esta allí ,EN_WR_38_20_15_14_EES
"porque ella está en una zapatería, ",EN_WR_38_20_15_14_EES
y le deja el bebé,EN_WR_38_20_15_14_EES
"Cuando la mujer sale la tienda,",EN_WR_38_20_15_14_EES
ella se enoja otra vez,EN_WR_38_20_15_14_EES
y encuentra el primero hombre (Chaplin) ,EN_WR_38_20_15_14_EES
y le dice,EN_WR_38_20_15_14_EES
que se lleve al bebé,EN_WR_38_20_15_14_EES
Encuentra una nota en las mantas del bebé ,EN_WR_38_20_15_14_EES
"que dice, [""Por pavor, ama y cuida a este huérfano,""] ",EN_WR_38_20_15_14_EES
y sale con el bebé,EN_WR_38_20_15_14_EES
En el vídeo hay un hombre raro ,EN_WR_38_20_7_14_TV
quien está por la calle andando ,EN_WR_38_20_7_14_TV
cuando de repente encuentra un bebé abandonado,EN_WR_38_20_7_14_TV
Ha recogido el bebé ,EN_WR_38_20_7_14_TV
cuando ve una mujer con otro niño pequeño,EN_WR_38_20_7_14_TV
"Pensar que el bebé es suya, ",EN_WR_38_20_7_14_TV
dice a la mujer ,EN_WR_38_20_7_14_TV
que ha perdido algo por la calle ,EN_WR_38_20_7_14_TV
y pone el bebé abandonado con el otro,EN_WR_38_20_7_14_TV
La mujer se enfada mucho ,EN_WR_38_20_7_14_TV
y grita ,EN_WR_38_20_7_14_TV
que no es suya ,EN_WR_38_20_7_14_TV
y el hombre raro sale de prisa,EN_WR_38_20_7_14_TV
"Entonces, el hombre raro divide dejar el bebé ",EN_WR_38_20_7_14_TV
a donde lo encontró,EN_WR_38_20_7_14_TV
"Sin embargo, cuando lo hace, ",EN_WR_38_20_7_14_TV
no se da cuenta ,EN_WR_38_20_7_14_TV
que hay una policía detrás de él ,EN_WR_38_20_7_14_TV
y cambie de opinión ,EN_WR_38_20_7_14_TV
y recoge el bebé otra vez,EN_WR_38_20_7_14_TV
"Siguiente eso, él encuentra un hombre andando ",EN_WR_38_20_7_14_TV
y le pregunta coger el bebé ,EN_WR_38_20_7_14_TV
mientras que arregla su zapato,EN_WR_38_20_7_14_TV
"De repente el hombre raro huye, ",EN_WR_38_20_7_14_TV
dejar el bebé abandonado con el hombre desconocido,EN_WR_38_20_7_14_TV
"Este hombre, con el bebé en sus brazos ve la mujer de antes ",EN_WR_38_20_7_14_TV
y comete lo mismo error ,EN_WR_38_20_7_14_TV
que el hombre raro ,EN_WR_38_20_7_14_TV
y deja el bebé con el otro,EN_WR_38_20_7_14_TV
Pensar […] el hombre raro está regresando a casa ,EN_WR_38_20_7_14_TV
"en que ha escapado el problema del bebé,",EN_WR_38_20_7_14_TV
"cuando la mujer, ahora con dos bebes, le ve ",EN_WR_38_20_7_14_TV
y dale el bebé otra vez con la ayuda de la policía,EN_WR_38_20_7_14_TV
El himbre raro no sabe ,EN_WR_38_20_7_14_TV
que hacer ,EN_WR_38_20_7_14_TV
y piensa en abandonar el bebé otra vez ,EN_WR_38_20_7_14_TV
cuando encuentra una nota dentro de la ropa del bebé,EN_WR_38_20_7_14_TV
La nota suplica el lector amar y cuidar del bebé,EN_WR_38_20_7_14_TV
"Por fin, el hombre raro sale con el bebé, ",EN_WR_38_20_7_14_TV
ha tomado la decisión cuidar del infante,EN_WR_38_20_7_14_TV
Un hombre esta caminando por la calle,EN_WR_38_21_5_14_HF
Muchas personas en sus apartamentos estan arrojando cosas a través sus ventanas,EN_WR_38_21_5_14_HF
Algunas cosas casi golpear al hombre,EN_WR_38_21_5_14_HF
Él continua caminando y fumando ,EN_WR_38_21_5_14_HF
hace algunas cosas actualmente golpe a él,EN_WR_38_21_5_14_HF
Él necesita un nueva cigarrillo,EN_WR_38_21_5_14_HF
Él quita sus guantes ,EN_WR_38_21_5_14_HF
y encende un cigarrillo nuevo,EN_WR_38_21_5_14_HF
Econtre un bebé en el piso sin padres,EN_WR_38_21_5_14_HF
Ve una mujer con otro niño,EN_WR_38_21_5_14_HF
 y el hombre trata de dar el bebé a la mujer,EN_WR_38_21_5_14_HF
La mujer no esta contenta ,EN_WR_38_21_5_14_HF
y ella le grita,EN_WR_38_21_5_14_HF
Así que el hombre corre con el bebé en sus brazos,EN_WR_38_21_5_14_HF
El hombre trata de poner al bebe en el piso ,EN_WR_38_21_5_14_HF
donde lo encontraba ,EN_WR_38_21_5_14_HF
pero un policía lo ve,EN_WR_38_21_5_14_HF
El hombre camina lejo del policía ,EN_WR_38_21_5_14_HF
y da el bebé a un hombre viejo,EN_WR_38_21_5_14_HF
El hombre corre ,EN_WR_38_21_5_14_HF
y se esconde ,EN_WR_38_21_5_14_HF
mientras el viejo da el bebé a la mujer enojada,EN_WR_38_21_5_14_HF
Ella  persigue al hombre ,EN_WR_38_21_5_14_HF
y lo golpe con su paraguas,EN_WR_38_21_5_14_HF
La policía rompe la pelea,EN_WR_38_21_5_14_HF
 y el hombre se lleva al bebé,EN_WR_38_21_5_14_HF
Él se sienta en la calle ,EN_WR_38_21_5_14_HF
y encuentra una nota con el bebé,EN_WR_38_21_5_14_HF
"La nota dice [""Por favor, ama y cuida a este niño""]",EN_WR_38_21_5_14_HF
El hombre tiene una sonrisa ,EN_WR_38_21_5_14_HF
y habla al bebé con amor,EN_WR_38_21_5_14_HF
"Charlie Chaplin, el personaje del video esta andando por la calle",EN_WR_38_21_6.5_14_GLN
cuando algo se cae del cielo,EN_WR_38_21_6.5_14_GLN
Cuando mira al suelo ,EN_WR_38_21_6.5_14_GLN
ve un bebe abandonado,EN_WR_38_21_6.5_14_GLN
Toma el bebe en sus brazos ,EN_WR_38_21_6.5_14_GLN
para ponerlo en la canasta de otro bebe,EN_WR_38_21_6.5_14_GLN
"La madre del otro bebe ve el nuevo bebe, ",EN_WR_38_21_6.5_14_GLN
esta enfadada,EN_WR_38_21_6.5_14_GLN
 y toma el nuevo bebe ,EN_WR_38_21_6.5_14_GLN
para darle al Chaplin,EN_WR_38_21_6.5_14_GLN
"Con el bebe otra vez, Chaplin empieza a andar por el calle ",EN_WR_38_21_6.5_14_GLN
y va a poner el bebe en el suelo otra vez ,EN_WR_38_21_6.5_14_GLN
pero ve un policia,EN_WR_38_21_6.5_14_GLN
"A causa de eso, Chaplin toma el bebe, ",EN_WR_38_21_6.5_14_GLN
esta andando por el calle ,EN_WR_38_21_6.5_14_GLN
y da el bebe a un hombre viejo,EN_WR_38_21_6.5_14_GLN
Este hombre ve la canasta de la misma mujer que antes ,EN_WR_38_21_6.5_14_GLN
y pone el bebe en la canasta,EN_WR_38_21_6.5_14_GLN
"Cuando Chaplin esta andando, ",EN_WR_38_21_6.5_14_GLN
la mujer o madre ve Chaplin ,EN_WR_38_21_6.5_14_GLN
y dale el bebe al Chaplin ,EN_WR_38_21_6.5_14_GLN
porque piensa ,EN_WR_38_21_6.5_14_GLN
que fue el ,EN_WR_38_21_6.5_14_GLN
quien puso el bebe en su canasta con su bebe,EN_WR_38_21_6.5_14_GLN
Chaplin va a sentarse en el suelo,EN_WR_38_21_6.5_14_GLN
" y esta pensando en poner el bebe en el suelo, ",EN_WR_38_21_6.5_14_GLN
pero ve una carta en la rope del bebe ,EN_WR_38_21_6.5_14_GLN
"que dice [""por favor, cuidate por este pobre huerfano""]",EN_WR_38_21_6.5_14_GLN
"Con esta carta, Chaplin decide a cuidar por el bebe",EN_WR_38_21_6.5_14_GLN
El vídeo se trata de un hombre ,EN_WR_38_21_6_14_MI
que encuentra un bebe en el suelo de una calle,EN_WR_38_21_6_14_MI
Es un vídeo en blanco y negro [...] ,EN_WR_38_21_6_14_MI
"es un vídeo mudo, ",EN_WR_38_21_6_14_MI
pero si tiene música,EN_WR_38_21_6_14_MI
El actor en este vídeo se llama Charlie Chaplin,EN_WR_38_21_6_14_MI
Charlie está en la calle fumando un cigarrillo ,EN_WR_38_21_6_14_MI
cuando escucha el bebe llorando ,EN_WR_38_21_6_14_MI
y luego lo ve,EN_WR_38_21_6_14_MI
Toma el bebe en las manos ,EN_WR_38_21_6_14_MI
y recorre las calles tratando de encontrar alguien,EN_WR_38_21_6_14_MI
que quiere cuidar el bebe ,EN_WR_38_21_6_14_MI
Encuentra una mujer ,EN_WR_38_21_6_14_MI
"que ya tiene su propio bebe, su propio hijo,",EN_WR_38_21_6_14_MI
 y trata de dejar el bebe con ella,EN_WR_38_21_6_14_MI
Ella no quiere cuidar el bebe ,EN_WR_38_21_6_14_MI
y le dice a Charlie ,EN_WR_38_21_6_14_MI
que tiene que tomarlo,EN_WR_38_21_6_14_MI
Después de la mujer le ha dicho,EN_WR_38_21_6_14_MI
"que no puede cuidar el bebe,",EN_WR_38_21_6_14_MI
Charlie pone el bebe en el suelo otra vez ,EN_WR_38_21_6_14_MI
y sale pero sin éxito,EN_WR_38_21_6_14_MI
Hay un policía ,EN_WR_38_21_6_14_MI
que le informa a Charlie ,EN_WR_38_21_6_14_MI
"que no puede poner el bebe en el suelo, en la calle",EN_WR_38_21_6_14_MI
Lo toma en los brazos otra vez ,EN_WR_38_21_6_14_MI
y empieza a caminar,EN_WR_38_21_6_14_MI
"De nuevo, Charlie encuentra el cochecito de la mujer ",EN_WR_38_21_6_14_MI
que tiene un bebe también ,EN_WR_38_21_6_14_MI
"pero ella no está, ",EN_WR_38_21_6_14_MI
así que trata otra vez de dejar el bebe con ella,EN_WR_38_21_6_14_MI
Pone el bebe en el cochecito ,EN_WR_38_21_6_14_MI
y empieza a caminar ,EN_WR_38_21_6_14_MI
cuando ella regresa desde dentro de una tienda,EN_WR_38_21_6_14_MI
Ella grita en voz muy alta ,EN_WR_38_21_6_14_MI
lo pega con el paraguas,EN_WR_38_21_6_14_MI
"Aunque el vídeo es mudo, […] ",EN_WR_38_21_6_14_MI
ella grita a Charlie ,EN_WR_38_21_6_14_MI
que otra vez no quiere cuidar el bebe ,EN_WR_38_21_6_14_MI
y el tiene que cuidarlo,EN_WR_38_21_6_14_MI
Finalmente Charlie guarda el bebe ,EN_WR_38_21_6_14_MI
y se sienta en el bordillo,EN_WR_38_21_6_14_MI
Pone la mano dentro del bolsillo de sus patalones ,EN_WR_38_21_6_14_MI
"y cuando pone la mano dentro del bolsillo, ",EN_WR_38_21_6_14_MI
encuentra una cartita ,EN_WR_38_21_6_14_MI
"que pide [¨Por favor ame y cuide este bebe, es un huérfano¨]",EN_WR_38_21_6_14_MI
"Después de leer la cartita,",EN_WR_38_21_6_14_MI
 Charlie se pone de pie con el bebe entre sus brazos ,EN_WR_38_21_6_14_MI
y el vídeo termina,EN_WR_38_21_6_14_MI
"El clip empezó con el protagonista, Charlie Chapin andando por un calle en la ciudad",EN_WR_38_21_7_14_KH
No se dio cuenta,EN_WR_38_21_7_14_KH
que había cayendo piezas del edificio cerca de que estaba andando,EN_WR_38_21_7_14_KH
Parecía,EN_WR_38_21_7_14_KH
que había sido construcción en el área,EN_WR_38_21_7_14_KH
"De repente, parte del debris se cayó en su cabeza!",EN_WR_38_21_7_14_KH
Cuando acabó de dar cuenta a su ambiente y el peligro del construcción ,EN_WR_38_21_7_14_KH
vio un bebé cubierto en sábanas en el suelo del calle,EN_WR_38_21_7_14_KH
Chaplin decidió a quitarlo del área ,EN_WR_38_21_7_14_KH
para ponerlo en manos seguros,EN_WR_38_21_7_14_KH
Moments después una mujer cruzó la calle con su bebé,EN_WR_38_21_7_14_KH
Chaplin decidió a poner el bebé […] en la silla mobil ,EN_WR_38_21_7_14_KH
que acabó a encontrar ,EN_WR_38_21_7_14_KH
y desmarcase del área ,EN_WR_38_21_7_14_KH
pero la mujer lo vio ,EN_WR_38_21_7_14_KH
y se rechazó,EN_WR_38_21_7_14_KH
"Durante los minutos siguiente, Chaplin intentaba a encontrar un lugar seguro para el bebé",EN_WR_38_21_7_14_KH
Trató a darle a un hombre desconocido ,EN_WR_38_21_7_14_KH
y aún reponerse en el lugar,EN_WR_38_21_7_14_KH
donde lo encontró ,EN_WR_38_21_7_14_KH
pero fue parada por una policía,EN_WR_38_21_7_14_KH
"Al final del clip, Chaplin encuentra una carta con una nota ",EN_WR_38_21_7_14_KH
"que dijo [""Por favor, ama, y cuida de este niño] ",EN_WR_38_21_7_14_KH
"En ese momento, Charlie Chaplin se enamoró con el niño ",EN_WR_38_21_7_14_KH
y pareció ,EN_WR_38_21_7_14_KH
que decidió a cuidarlo con todo su corazón,EN_WR_38_21_7_14_KH
La escena es blanca y negra,EN_WR_38_21_8_14_MW
Hay un hombre ,EN_WR_38_21_8_14_MW
que está caminando detrás de los edificios,EN_WR_38_21_8_14_MW
y muchas cosas están cayendo de una ventana,EN_WR_38_21_8_14_MW
El hombre está sorprendido por las cosas ,EN_WR_38_21_8_14_MW
y los evita,EN_WR_38_21_8_14_MW
"Está usando un traje de vestir, con un sombrero elegante y un bastón",EN_WR_38_21_8_14_MW
Está fumando y jugando con su bastón,EN_WR_38_21_8_14_MW
Está caminando en frente de la escena ,EN_WR_38_21_8_14_MW
y más cosas están cayendo,EN_WR_38_21_8_14_MW
El hombre mira hacia arriba ,EN_WR_38_21_8_14_MW
y la escena ahora es negra ,EN_WR_38_21_8_14_MW
y dice [“awkward ass”],EN_WR_38_21_8_14_MW
Tiene algo para sus cigarrillos en sus pantalones ,EN_WR_38_21_8_14_MW
y está poniendo otro cigarrillo en su boca,EN_WR_38_21_8_14_MW
Está fumando otra vez,EN_WR_38_21_8_14_MW
"Encuentra un bebé en el piso, ",EN_WR_38_21_8_14_MW
y está buscando por su madre,EN_WR_38_21_8_14_MW
El bebé está llorando,EN_WR_38_21_8_14_MW
Encontró una madre con un paseante,EN_WR_38_21_8_14_MW
y piensa ,EN_WR_38_21_8_14_MW
"que es la madre del bebé, ",EN_WR_38_21_8_14_MW
pero no lo es,EN_WR_38_21_8_14_MW
La madre está muy enojada,EN_WR_38_21_8_14_MW
El hombre otra vez tiene el bebé ,EN_WR_38_21_8_14_MW
y no sabe que va a hacer,EN_WR_38_21_8_14_MW
Quería dejar el bebé ,EN_WR_38_21_8_14_MW
dónde le encontró ,EN_WR_38_21_8_14_MW
pero hay una policía ,EN_WR_38_21_8_14_MW
"que está mirándole, ",EN_WR_38_21_8_14_MW
y la policía no le gustó dejar el bebé,EN_WR_38_21_8_14_MW
El hombre está caminando ,EN_WR_38_21_8_14_MW
y vio otro hombre ,EN_WR_38_21_8_14_MW
y  le dio el bebé ,EN_WR_38_21_8_14_MW
y luego corrió lejos,EN_WR_38_21_8_14_MW
El otro hombre quiere encontrar la madre del bebé ,EN_WR_38_21_8_14_MW
y encontró la misma mujer,EN_WR_38_21_8_14_MW
Dejó el bebé en el paseante,EN_WR_38_21_8_14_MW
"La madre está lejos del paseante, ",EN_WR_38_21_8_14_MW
por eso no sabía ,EN_WR_38_21_8_14_MW
que hay dos niños en su paseante,EN_WR_38_21_8_14_MW
"Ella regresó, ",EN_WR_38_21_8_14_MW
"vio que hay dos bebes,",EN_WR_38_21_8_14_MW
 y estaba confundida ,EN_WR_38_21_8_14_MW
y enojada,EN_WR_38_21_8_14_MW
El primer hombre está caminando más tranquillo ,EN_WR_38_21_8_14_MW
y la madre le vio,EN_WR_38_21_8_14_MW
Tiene una paraguas ,EN_WR_38_21_8_14_MW
y está golpeando el hombre,EN_WR_38_21_8_14_MW
La policía vino ,EN_WR_38_21_8_14_MW
y el hombre tiene el bebé otra vez,EN_WR_38_21_8_14_MW
El hombre sentó con el bebé en la calle ,EN_WR_38_21_8_14_MW
y el bebé tiene una nota ,EN_WR_38_21_8_14_MW
"que lee: [Por favor, da amor y cuidarse de este niño orphaned]",EN_WR_38_21_8_14_MW
El hombre ahora tiene un gran responsabilidad,EN_WR_38_21_8_14_MW
El protagonista está caminando por un callejón ,EN_WR_38_21_9_14_EJ
cuando alguien tira una cantidad de basura por su ventana ,EN_WR_38_21_9_14_EJ
y la cae en el hombre,EN_WR_38_21_9_14_EJ
El hombre pausa por un rato ,EN_WR_38_21_9_14_EJ
"para encender un cigarrillo, ",EN_WR_38_21_9_14_EJ
cuando él ve un bebé huérfano al lado de la basura,EN_WR_38_21_9_14_EJ
"Creyendo que el bebé pertenece a una madre cerca de él, el protagonista intenta regresa el bebé a esta mujer",EN_WR_38_21_9_14_EJ
"En realidad, el bebé pertenece a nadie ",EN_WR_38_21_9_14_EJ
y la mujer es muy molestado ,EN_WR_38_21_9_14_EJ
cuando el protagonista intenta poner el bebé en su cochecito,EN_WR_38_21_9_14_EJ
"No mucho después, una policía entra el callejón ",EN_WR_38_21_9_14_EJ
y el protagonista tiene que dejar esta locación,EN_WR_38_21_9_14_EJ
"En el calle, el protagonista ve un anciano ",EN_WR_38_21_9_14_EJ
"Este plan falla muy pronto, y de repente, ",EN_WR_38_21_9_14_EJ
el protagonista tiene que hacer algo con el bebé,EN_WR_38_21_9_14_EJ
"Mientras está mirando el bebé,",EN_WR_38_21_9_14_EJ
el protagonista encuentra  una nota en la ropa del niño diciendo ,EN_WR_38_21_9_14_EJ
que el bebé es un huérfano ,EN_WR_38_21_9_14_EJ
y alguien le debe cuidar con amor y cariño ,EN_WR_38_21_9_14_EJ
Un hombre está caminando en la calle,EN_WR_38_22_17_14_JT
"y nota mucho ruido que viene de arriba,",EN_WR_38_22_17_14_JT
y luego nota los escombros ,EN_WR_38_22_17_14_JT
que caen de un edificio de arriba.,EN_WR_38_22_17_14_JT
Continúa caminando hacia la esquina de la calle,EN_WR_38_22_17_14_JT
"y enciende su cigarro,",EN_WR_38_22_17_14_JT
"y cuando está a punto de seguir caminando, ",EN_WR_38_22_17_14_JT
se da cuenta ,EN_WR_38_22_17_14_JT
de que hay un bebé acostado en la calle.,EN_WR_38_22_17_14_JT
Levanta al bebé,EN_WR_38_22_17_14_JT
y trata de descubrir ,EN_WR_38_22_17_14_JT
"qué hacer con él,",EN_WR_38_22_17_14_JT
y luego se da cuenta ,EN_WR_38_22_17_14_JT
de que una mujer pasa con un cochecito y otro bebé.,EN_WR_38_22_17_14_JT
Coloca al bebé en la carriola ,EN_WR_38_22_17_14_JT
y le dice a la señora ,EN_WR_38_22_17_14_JT
que debe haber dejado caer al bebé.,EN_WR_38_22_17_14_JT
La mujer dice ,EN_WR_38_22_17_14_JT
que no ,EN_WR_38_22_17_14_JT
y comienza a sacudir la cabeza,EN_WR_38_22_17_14_JT
y trata desesperadamente de alejarse del hombre.,EN_WR_38_22_17_14_JT
"Luego, el hombre va a dejar al bebé ",EN_WR_38_22_17_14_JT
"donde lo encontró en la calle, ",EN_WR_38_22_17_14_JT
pero un policía lo sigue.,EN_WR_38_22_17_14_JT
"El hombre trata de darle el bebé a otro hombre en la calle, ",EN_WR_38_22_17_14_JT
pero también persigue frenéticamente al hombre.,EN_WR_38_22_17_14_JT
"Sin embargo, el hombre logró escapar, ",EN_WR_38_22_17_14_JT
por lo que otro hombre encontró el cochecito de la señora con otro bebé,EN_WR_38_22_17_14_JT
y volvió a colocarlo en la carriola.,EN_WR_38_22_17_14_JT
"La señora luego persigue al hombre de nuevo, ",EN_WR_38_22_17_14_JT
lo golpea ,EN_WR_38_22_17_14_JT
"y lo hace volver a llevar al bebé, con la ayuda del oficial de policía.",EN_WR_38_22_17_14_JT
El hombre se sienta en la acera ,EN_WR_38_22_17_14_JT
y contempla dónde colocar al bebé.,EN_WR_38_22_17_14_JT
Pero luego encuentra una nota dentro de la manta del bebé ,EN_WR_38_22_17_14_JT
que dice ['por favor ama y cuida a este niño huérfano.'],EN_WR_38_22_17_14_JT
Él decide tomar al niño ,EN_WR_38_22_17_14_JT
y continúa caminando con el bebé en sus brazos.,EN_WR_38_22_17_14_JT
Charlie Chaplin encuentra un bebe en la calle ,EN_WR_38_28_12_14_JG
y intenta a encontrar a su madre.,EN_WR_38_28_12_14_JG
"Hay una mujer con otro bebe, ",EN_WR_38_28_12_14_JG
y Charlie Chaplin piensa ,EN_WR_38_28_12_14_JG
"que ella es la madre del bebe, ",EN_WR_38_28_12_14_JG
pero ella dice ,EN_WR_38_28_12_14_JG
que no es la madre.,EN_WR_38_28_12_14_JG
"Despues de hablar con la mujer, ",EN_WR_38_28_12_14_JG
"Charlie da el bebe a un hombre, ",EN_WR_38_28_12_14_JG
y el hombre pone el bebe en el stroller de la mujer.,EN_WR_38_28_12_14_JG
La mujer piensa ,EN_WR_38_28_12_14_JG
"que Charlie lo puse en su stroller, ",EN_WR_38_28_12_14_JG
y le da un golpe ,EN_WR_38_28_12_14_JG
y llame a la policia.,EN_WR_38_28_12_14_JG
La policia encuentra a Charlie ,EN_WR_38_28_12_14_JG
y el toma el bebe.,EN_WR_38_28_12_14_JG
Encuentra una hoja de papel en la ropa del bebe ,EN_WR_38_28_12_14_JG
que dice ,EN_WR_38_28_12_14_JG
que se debe cuidar al bebe ,EN_WR_38_28_12_14_JG
porque sus padres son muertos.,EN_WR_38_28_12_14_JG
Chaplin está caminando por la calle.,EN_WR_38_44_3_14_MB
Está fumando ,EN_WR_38_44_3_14_MB
pero su cigarette acaba ,EN_WR_38_44_3_14_MB
y busca otras.,EN_WR_38_44_3_14_MB
Unos ladrillos se caen sobre él ,EN_WR_38_44_3_14_MB
y vuelve sucio de polvo.,EN_WR_38_44_3_14_MB
Sigue caminando ,EN_WR_38_44_3_14_MB
y se da cuenta ,EN_WR_38_44_3_14_MB
que un bebé está llorando.,EN_WR_38_44_3_14_MB
Coge al bebé ,EN_WR_38_44_3_14_MB
y considera ,EN_WR_38_44_3_14_MB
que puede hacer con él.,EN_WR_38_44_3_14_MB
Ve a una mujer caminando con su propio bebé ,EN_WR_38_44_3_14_MB
"y cuando la mujer entra en una tienda, ",EN_WR_38_44_3_14_MB
Chaplin pone el bebé ,EN_WR_38_44_3_14_MB
que había encontrado en el coche de la mujer.,EN_WR_38_44_3_14_MB
Pero cuando la mujer vuelva de la tienda ,EN_WR_38_44_3_14_MB
se enfada ,EN_WR_38_44_3_14_MB
"porque hay dos bebés en su coche, ",EN_WR_38_44_3_14_MB
y uno no es suyo.,EN_WR_38_44_3_14_MB
Ve a Chaplin ,EN_WR_38_44_3_14_MB
y le da el bebé (no suyo).,EN_WR_38_44_3_14_MB
Un policía ve ,EN_WR_38_44_3_14_MB
"que Chaplin esta tratando de poner el bebé en el coche y luego en el suelo, ",EN_WR_38_44_3_14_MB
y cada vez Chaplin tiene que recoger al bebé.,EN_WR_38_44_3_14_MB
Chaplin continua ,EN_WR_38_44_3_14_MB
y ve a un anciano.,EN_WR_38_44_3_14_MB
"Trata de dar el bebé al anciano, ",EN_WR_38_44_3_14_MB
pero él no quiere tener el bebé.,EN_WR_38_44_3_14_MB
Por fin Chaplin se senta en la acera ,EN_WR_38_44_3_14_MB
y se da cuenta ,EN_WR_38_44_3_14_MB
que hay un papel en las toallas alrededor del bebé.,EN_WR_38_44_3_14_MB
En el papel se escribe ,EN_WR_38_44_3_14_MB
"que cuida y quiera a este bebé por favor', ",EN_WR_38_44_3_14_MB
y Chaplin se siente triste para el bebé.,EN_WR_38_44_3_14_MB
que decide guardarlo.,EN_WR_38_44_3_14_MB
"Charlie Chaplin estaba caminando en una calle estrecha, ",EN_WR_38_52_12_14_THS
"y se encuentra a un bebé sólo en el suelo, envuelta en una manta.",EN_WR_38_52_12_14_THS
Justo entonces Charlie se nota a una mujer con un cochecito.,EN_WR_38_52_12_14_THS
"Él se pone el bebé dentro del cochecito con el bebé de la mujer, suponiendo ",EN_WR_38_52_12_14_THS
"que el bebé […] es de ella también, ",EN_WR_38_52_12_14_THS
que se encontró,EN_WR_38_52_12_14_THS
pero al hacerlo la mujer se enoja con Charlie.,EN_WR_38_52_12_14_THS
"Él tiene que encargarse del bebé de nuevo, ",EN_WR_38_52_12_14_THS
y trata de reponerlo en el lugar ,EN_WR_38_52_12_14_THS
"donde lo encontró, ",EN_WR_38_52_12_14_THS
pero un policía se ve ,EN_WR_38_52_12_14_THS
y por eso tiene que encargarse del bebé otra vez.,EN_WR_38_52_12_14_THS
A continuación Charlie ve a otro hombre ,EN_WR_38_52_12_14_THS
y a él se le da.,EN_WR_38_52_12_14_THS
"Ese hombre también ve el cochecito de la mujer,",EN_WR_38_52_12_14_THS
 y tiene éxito dejando al bebé adentro ,EN_WR_38_52_12_14_THS
porque la mujer no lo está vigilando.,EN_WR_38_52_12_14_THS
"La mujer regresa, ",EN_WR_38_52_12_14_THS
"se nota el bebé extraño, ",EN_WR_38_52_12_14_THS
y justo entonces llega Charlie Chaplin.,EN_WR_38_52_12_14_THS
La mujer insiste ,EN_WR_38_52_12_14_THS
"que Charlie lo toma, ",EN_WR_38_52_12_14_THS
y él tiene que hacerlo ,EN_WR_38_52_12_14_THS
"porque ya está el policía, mirándole.",EN_WR_38_52_12_14_THS
"Charlie va andando, llevando al bebé.",EN_WR_38_52_12_14_THS
que Charlie está pensando en meter el bebé en un lugar de drenaje ,EN_WR_38_52_12_14_THS
cuando se fija en una nota ,EN_WR_38_52_12_14_THS
que el bebé tiene por encima.,EN_WR_38_52_12_14_THS
"La lee, ",EN_WR_38_52_12_14_THS
y la nota pide ,EN_WR_38_52_12_14_THS
que alguien lo ama ,EN_WR_38_52_12_14_THS
y lo cuida al bebé.,EN_WR_38_52_12_14_THS
"Al leer la nota, ",EN_WR_38_52_12_14_THS
"Charlie se siente afección para el bebé,",EN_WR_38_52_12_14_THS
y en ese momento decide llevarlo a casa.,EN_WR_38_52_12_14_THS
"En el video, podemos ver ",EN_WR_39_20_0.5_14_GJ
"que el niño es dejado atrás por su madre, ",EN_WR_39_20_0.5_14_GJ
que no puede permitirse el lujo de quedarse con el bebé.,EN_WR_39_20_0.5_14_GJ
Chaplin encuentra al niño ,EN_WR_39_20_0.5_14_GJ
e inmediatamente odia al bebé.,EN_WR_39_20_0.5_14_GJ
"Él trata de deshacerse del bebé niño muchas veces,",EN_WR_39_20_0.5_14_GJ
pero no tiene éxito en hacerlo.,EN_WR_39_20_0.5_14_GJ
"En algunas escenas trata de dejar al bebé con los hijos de otros, ",EN_WR_39_20_0.5_14_GJ
"[pero se hizo imposible] dejar al bebé por él,",EN_WR_39_20_0.5_14_GJ
 ya que él tropieza allí mismo ,EN_WR_39_20_0.5_14_GJ
y también se ve al agente de policía en todos esos lugares.,EN_WR_39_20_0.5_14_GJ
"A medida que pasa el tiempo, ",EN_WR_39_20_0.5_14_GJ
el bebé no está tan mal ,EN_WR_39_20_0.5_14_GJ
y decide quedarse con el bebé.,EN_WR_39_20_0.5_14_GJ
"El corto empiece con el conocido actor Charlie Chaplin andando por un calle,",EN_WR_39_21_15_14_CLMSJC
lo cual parece pertenecer a un barrio marginal en el principio o a mediados del siglo XX.,EN_WR_39_21_15_14_CLMSJC
Hay gente tirando su basura de ventanas de pisos en la plantas superiores ,EN_WR_39_21_15_14_CLMSJC
y algo de basura cae justo encima de él.,EN_WR_39_21_15_14_CLMSJC
Mientras que está parado al lado de un basurero limpiándose ,EN_WR_39_21_15_14_CLMSJC
"y encendiendo un cigarillo,",EN_WR_39_21_15_14_CLMSJC
Chaplin se da cuenta ,EN_WR_39_21_15_14_CLMSJC
de que hay un bebé envuelto en cobijas en el suelo.,EN_WR_39_21_15_14_CLMSJC
"Parece ser abandonado,",EN_WR_39_21_15_14_CLMSJC
y está llorando.,EN_WR_39_21_15_14_CLMSJC
Chaplin recoge el bebé para mirarlo,EN_WR_39_21_15_14_CLMSJC
y cuando él ve ,EN_WR_39_21_15_14_CLMSJC
"que hay una mujer paseando con un carrito de bebes,",EN_WR_39_21_15_14_CLMSJC
 él cree que es su bebé.,EN_WR_39_21_15_14_CLMSJC
"Lo coloca dentro del carrito junto con el otro bebé,",EN_WR_39_21_15_14_CLMSJC
pero la mujer se da cuenta ,EN_WR_39_21_15_14_CLMSJC
"y se enoja mucho, siendo ",EN_WR_39_21_15_14_CLMSJC
que no es su bebé.,EN_WR_39_21_15_14_CLMSJC
Entonces Chaplin intenta devolver el bebé al sitio ,EN_WR_39_21_15_14_CLMSJC
"donde lo encontró,",EN_WR_39_21_15_14_CLMSJC
pero un policía lo pilla ,EN_WR_39_21_15_14_CLMSJC
y Chaplin tiene que llevárselo.,EN_WR_39_21_15_14_CLMSJC
Después de otro intento a abandonar el bebé con un hombre desconocido ,EN_WR_39_21_15_14_CLMSJC
"y la misma mujer, ",EN_WR_39_21_15_14_CLMSJC
"que ahora es enfadadísima,",EN_WR_39_21_15_14_CLMSJC
 Chaplin se da por vencido ,EN_WR_39_21_15_14_CLMSJC
y se siente en el suelo ,EN_WR_39_21_15_14_CLMSJC
para contemplar la situación ,EN_WR_39_21_15_14_CLMSJC
y mirar el bebé de nuevo.,EN_WR_39_21_15_14_CLMSJC
"Por un momento considera bajar el bebé debajo de una reja en la calle,",EN_WR_39_21_15_14_CLMSJC
pero no lo hace.,EN_WR_39_21_15_14_CLMSJC
Él descubre ,EN_WR_39_21_15_14_CLMSJC
que hay una nota bajo las cobijas ,EN_WR_39_21_15_14_CLMSJC
"que dice ['Por favor ame y cuide este pobre huérfano',]",EN_WR_39_21_15_14_CLMSJC
y en ese momento siente cariño y simpatía para el bebé.,EN_WR_39_21_15_14_CLMSJC
que Chaplin adoptará el bebé.,EN_WR_39_21_15_14_CLMSJC
"Primer, se puede ver Chaplin caminando por la calle ",EN_WR_39_21_7_14_AL
y hay algunas cosas como la ropa ,EN_WR_39_21_7_14_AL
que se están cayendo del edificio.,EN_WR_39_21_7_14_AL
"Después, Chaplin encontra un bebé al lado de la basura.",EN_WR_39_21_7_14_AL
"Chaplin lo coge,",EN_WR_39_21_7_14_AL
y después trata de volver el bebe a la basura otra vez.,EN_WR_39_21_7_14_AL
"Sin embargo, un policía lo ve,",EN_WR_39_21_7_14_AL
y le dice tomar el bebe.,EN_WR_39_21_7_14_AL
"Entonces, Chaplin camina con el bebe un poco mas",EN_WR_39_21_7_14_AL
y trata de deshacerse el bebe otra vez.,EN_WR_39_21_7_14_AL
"Lo pone en un carrera de un madre con otro bebe,",EN_WR_39_21_7_14_AL
y le dice ,EN_WR_39_21_7_14_AL
que ella habia dejado caer algo.,EN_WR_39_21_7_14_AL
"Obviamente, el madre no lo cree",EN_WR_39_21_7_14_AL
y le dice tomar el bebe.,EN_WR_39_21_7_14_AL
"Después, Chaplin trata de deshacerse del bebe algunas mas veces ",EN_WR_39_21_7_14_AL
pero no tiene éxito.,EN_WR_39_21_7_14_AL
"Eventualmente, Chaplin esta sentado con el bebe",EN_WR_39_21_7_14_AL
y ecuentra una nota que ,EN_WR_39_21_7_14_AL
dice que el bebe no tiene padres ,EN_WR_39_21_7_14_AL
y necesita ,EN_WR_39_21_7_14_AL
que alguien le cuide.,EN_WR_39_21_7_14_AL
"El actitud de Chaplin cambia,",EN_WR_39_21_7_14_AL
y el video termina con Chaplin sonriendo ,EN_WR_39_21_7_14_AL
y disfrutándose con el bebe.,EN_WR_39_21_7_14_AL
Charles Chaplin estaba fumando ,EN_WR_39_22_10_14_LJE
cuando encontró a un bebe en la calle.,EN_WR_39_22_10_14_LJE
Vio a una mujer con una bebe,EN_WR_39_22_10_14_LJE
 entonces pensó ,EN_WR_39_22_10_14_LJE
que fue su bebe,EN_WR_39_22_10_14_LJE
"y dijo [“oh es tuyo, has dejado algo.”]",EN_WR_39_22_10_14_LJE
Pero no fue tu bebe.,EN_WR_39_22_10_14_LJE
Entonces Charles Chaplin devolvió el bebe a su lugar en la calle ,EN_WR_39_22_10_14_LJE
pero la policía le vio.,EN_WR_39_22_10_14_LJE
"Entonces, Charles Chaplin llevó el bebe",EN_WR_39_22_10_14_LJE
y le dejo con un hombre viejo ,EN_WR_39_22_10_14_LJE
y se huyo.,EN_WR_39_22_10_14_LJE
Pero esto hombre le dejo el bebe con la misma mujer de Charles por suerte cómica.,EN_WR_39_22_10_14_LJE
Pero la mujer no vio a este hombre viejo solo a Charles ,EN_WR_39_22_10_14_LJE
cuando paso por allí.,EN_WR_39_22_10_14_LJE
"Entonces, Charles tuvo que guardar al bebe.",EN_WR_39_22_10_14_LJE
"Cuando estaba guardándole, ",EN_WR_39_22_10_14_LJE
Charles encontró una carta en el vestido del bebe ,EN_WR_39_22_10_14_LJE
que dijo [“Cuidar y querer a este niño”],EN_WR_39_22_10_14_LJE
"y de este momento, Charles si lo hizo.",EN_WR_39_22_10_14_LJE
Es un video de Charlie Chaplin. ,EN_WR_39_24_1.5_14_BB
"Al principio del video, las cajas se caen.",EN_WR_39_24_1.5_14_BB
"Después, algo […] se cayó en Charlie,",EN_WR_39_24_1.5_14_BB
y Charlie sacó un cigarillo ,EN_WR_39_24_1.5_14_BB
y lo fuma.,EN_WR_39_24_1.5_14_BB
"Próximo en el video, Charlie descubrió un bebe",EN_WR_39_24_1.5_14_BB
y lo llevas a 'su madre'.,EN_WR_39_24_1.5_14_BB
"Charlie le dice a la Madre, ['Perdóname, dejaste algo'.]",EN_WR_39_24_1.5_14_BB
"La madre parece estar enfadada, ",EN_WR_39_24_1.5_14_BB
"porque no es su bebe, ",EN_WR_39_24_1.5_14_BB
ya tiene bebe.,EN_WR_39_24_1.5_14_BB
"Por eso, Charlie recoges el bebe",EN_WR_39_24_1.5_14_BB
y lo dejas en la basura.,EN_WR_39_24_1.5_14_BB
La policía enfada está enfadada con Charlie.,EN_WR_39_24_1.5_14_BB
"Entonces, recoges el bebe otra vez",EN_WR_39_24_1.5_14_BB
y se lo da a otro hombre,EN_WR_39_24_1.5_14_BB
 y corre.,EN_WR_39_24_1.5_14_BB
"El hombre dejó el bebe con una madre,",EN_WR_39_24_1.5_14_BB
y la madre está enfadada con Charlie ,EN_WR_39_24_1.5_14_BB
porque cree ,EN_WR_39_24_1.5_14_BB
que Charlie volvió a dejar el bebe.,EN_WR_39_24_1.5_14_BB
"La policía vuelve,",EN_WR_39_24_1.5_14_BB
y la madre le dice a la policía ,EN_WR_39_24_1.5_14_BB
lo que hizo Charlie.,EN_WR_39_24_1.5_14_BB
Charlie vuelve a recoger el bebe.,EN_WR_39_24_1.5_14_BB
Charlie descubre una nota ,EN_WR_39_24_1.5_14_BB
"que dice ['Por favor, le amas y cuidas a este niño'.]",EN_WR_39_24_1.5_14_BB
Charlie Chaplin tuvo un día muy extraño.,EN_WR_39_24_1.5_14_JM
"Caminaba por la calle, ",EN_WR_39_24_1.5_14_JM
"cuando de repente, encontró un bebé.",EN_WR_39_24_1.5_14_JM
El bebé era muy joven ,EN_WR_39_24_1.5_14_JM
y llevaba mantas.,EN_WR_39_24_1.5_14_JM
"A Charlie no le gustaban los bebés,",EN_WR_39_24_1.5_14_JM
pero no quería dejarlo allí.,EN_WR_39_24_1.5_14_JM
"Por suerte, vio a una mujer ",EN_WR_39_24_1.5_14_JM
que tenía un bebé también.,EN_WR_39_24_1.5_14_JM
Charlie corrió a ella,EN_WR_39_24_1.5_14_JM
y puso al bebé en su cochecito.,EN_WR_39_24_1.5_14_JM
Ella no estuvo feliz.,EN_WR_39_24_1.5_14_JM
Charlie regresó ,EN_WR_39_24_1.5_14_JM
a donde el encontró al bebé,EN_WR_39_24_1.5_14_JM
y lo puso en el suelo.,EN_WR_39_24_1.5_14_JM
"Desafortunadamente, un policía estuvo mirando.",EN_WR_39_24_1.5_14_JM
"Charlie siguió intentando,",EN_WR_39_24_1.5_14_JM
pero no pudo dejar al bebé.,EN_WR_39_24_1.5_14_JM
"En el final, encontró una nota con el bebé con las palabras ['Por favor, ame y cuide de este niño huérfano'.]",EN_WR_39_24_1.5_14_JM
Charlie miró al bebé,EN_WR_39_24_1.5_14_JM
y sonrió.,EN_WR_39_24_1.5_14_JM
Vivieron una vida feliz juntos.,EN_WR_39_24_1.5_14_JM
Un hombre está caminando en la calle ,EN_WR_39_33_2_14_SS
y nota mucho ruido ,EN_WR_39_33_2_14_SS
"que viene de arriba,",EN_WR_39_33_2_14_SS
El hombre ve a un bebé en una calle sucia,EN_WR_39_33_2_14_SS
 y recoge al bebé.,EN_WR_39_33_2_14_SS
Él pregunta ,EN_WR_39_33_2_14_SS
quién pierde su bebe.,EN_WR_39_33_2_14_SS
Él prueba dar el bebé a una mujer ,EN_WR_39_33_2_14_SS
que tiene un otro bebé ,EN_WR_39_33_2_14_SS
"y entonces a un hombre viejo,",EN_WR_39_33_2_14_SS
pero la policía detiene a él.,EN_WR_39_33_2_14_SS
"Luego, el hombre encuentra una nota en el bebe.",EN_WR_39_33_2_14_SS
La nota dice ,EN_WR_39_33_2_14_SS
que el bebé necesita padres ,EN_WR_39_33_2_14_SS
porque no tiene nunca.,EN_WR_39_33_2_14_SS
Es un 'short' de Charlie Chaplin en ,EN_WR_39_62_2_14_MA
lo que se presenta en un barrio pobre y muy sucio.,EN_WR_39_62_2_14_MA
De una ventana arriba le caen en la cabeza unas verduras o algo rifiuto.,EN_WR_39_62_2_14_MA
CC se forma para tomar un cigarillo ya usado ,EN_WR_39_62_2_14_MA
y lo fuma en la calle.,EN_WR_39_62_2_14_MA
En este instante se nota un bebé pequeño dejado solo en la calle.,EN_WR_39_62_2_14_MA
Lo coge en sus brazos ,EN_WR_39_62_2_14_MA
[…] que no se ,EN_WR_39_62_2_14_MA
que hacer con el bebé.,EN_WR_39_62_2_14_MA
Ve una señora con otro bebe en una carroza,EN_WR_39_62_2_14_MA
y intenta poner su bebe en la carroza ,EN_WR_39_62_2_14_MA
cuando la señora no presta attencion.,EN_WR_39_62_2_14_MA
"Pero la señora se lo ve, ",EN_WR_39_62_2_14_MA
y le da el bebé de nuevo,EN_WR_39_62_2_14_MA
 así que CC continua su paseo pensando ,EN_WR_39_62_2_14_MA
que puede hacer para liberarse del bebé.,EN_WR_39_62_2_14_MA
Cuando proba poner el bebe en la calle ,EN_WR_39_62_2_14_MA
"donde lo encontró la primera vez, ",EN_WR_39_62_2_14_MA
pasa la policia ,EN_WR_39_62_2_14_MA
y debe recogerlo en sus brazos.,EN_WR_39_62_2_14_MA
"Entonces, CC ve a un hombre mayor",EN_WR_39_62_2_14_MA
" que pasa por la calle, ",EN_WR_39_62_2_14_MA
y le pide traer el bebé por un instante ,EN_WR_39_62_2_14_MA
para que se pueda ajustar sus zapatos.,EN_WR_39_62_2_14_MA
"Cuando el señor está con el bebé en sus brazos,",EN_WR_39_62_2_14_MA
 CC intenta escapar.,EN_WR_39_62_2_14_MA
Pero esto señor ve a la misma señora ,EN_WR_39_62_2_14_MA
que pasó antes con la carroza ,EN_WR_39_62_2_14_MA
y intenta el mismo juego ,EN_WR_39_62_2_14_MA
que intentó CC antes - ,EN_WR_39_62_2_14_MA
pone el bebé en la carroza con el otro bebé ,EN_WR_39_62_2_14_MA
que ya está allí.,EN_WR_39_62_2_14_MA
"Cuando la señora se nota este, ",EN_WR_39_62_2_14_MA
"y ve a CC, ",EN_WR_39_62_2_14_MA
pide a la policia intervenir.,EN_WR_39_62_2_14_MA
De nuevo CC se encuentra con el bebé.,EN_WR_39_62_2_14_MA
Después de un momento ,EN_WR_39_62_2_14_MA
"cuando siente la tentación de meter el bebé en un hueco por la estrada,",EN_WR_39_62_2_14_MA
CC describió un mensaje ocultado en la camisa de el bebé.,EN_WR_39_62_2_14_MA
Así lee el mensaje ,EN_WR_39_62_2_14_MA
que pide ,EN_WR_39_62_2_14_MA
que se toma cura del bebe ,EN_WR_39_62_2_14_MA
y lo ama.,EN_WR_39_62_2_14_MA
"Cambia su expresión, y la música de el short ",EN_WR_39_62_2_14_MA
y CC parte con el bebé en sus brazos.,EN_WR_39_62_2_14_MA
Ya empieza una historia de amor.,EN_WR_39_62_2_14_MA
Es un vídeo sobre Charlie Chaplin.,EN_WR_40_20_8_14_CLMHD
Un día estaba caminando por las calles ,EN_WR_40_20_8_14_CLMHD
cuando encontró un bebé escondido en el suelo.,EN_WR_40_20_8_14_CLMHD
Trataba de dejar el bebé con una madre ,EN_WR_40_20_8_14_CLMHD
la que caminó al lado de él.,EN_WR_40_20_8_14_CLMHD
Pero ella le dijo ,EN_WR_40_20_8_14_CLMHD
que el bebé no es suyo.,EN_WR_40_20_8_14_CLMHD
Charlie trataba de ponerlo ,EN_WR_40_20_8_14_CLMHD
"donde lo encontró,",EN_WR_40_20_8_14_CLMHD
pero había un oficial de policia mirándole ,EN_WR_40_20_8_14_CLMHD
entonces tenía que llevar el bebé con sigo.,EN_WR_40_20_8_14_CLMHD
"Trataba dejarlo con un hombre,",EN_WR_40_20_8_14_CLMHD
y tenía éxito,EN_WR_40_20_8_14_CLMHD
antes de que el otro hombre lo había puesto con la misma madre de antes.,EN_WR_40_20_8_14_CLMHD
"El otro hombre tenía éxito con esto,",EN_WR_40_20_8_14_CLMHD
"y cuando Charlie andé al lado de la mamá,",EN_WR_40_20_8_14_CLMHD
ella pensó que era el ,EN_WR_40_20_8_14_CLMHD
quien había dejado el bebé en su carta otra vez.,EN_WR_40_20_8_14_CLMHD
Se efadó ,EN_WR_40_20_8_14_CLMHD
y empezó a dar golpes a Charlie.,EN_WR_40_20_8_14_CLMHD
"Al final, Charlie tenía el bebé",EN_WR_40_20_8_14_CLMHD
y no puede dejarlo en ningún lugar.,EN_WR_40_20_8_14_CLMHD
Estaba mirando al bebé ,EN_WR_40_20_8_14_CLMHD
cuando miró una carta en la ropa del bebé.,EN_WR_40_20_8_14_CLMHD
Lo leyó ,EN_WR_40_20_8_14_CLMHD
y descubrió ,EN_WR_40_20_8_14_CLMHD
que el bebé es un orfano ,EN_WR_40_20_8_14_CLMHD
que necesita un hogar cariñoso.,EN_WR_40_20_8_14_CLMHD
"Entonces al final, Charlie decidió cuidar al bebé.",EN_WR_40_20_8_14_CLMHD
Charlie Chaplin estaba caminando ,EN_WR_40_21_8_14_AF
y fumando ,EN_WR_40_21_8_14_AF
cuando le encontró a un bebé.,EN_WR_40_21_8_14_AF
El vio a una mujer con otro bebé ,EN_WR_40_21_8_14_AF
"y puso el bebé en su chochecito,",EN_WR_40_21_8_14_AF
pero ella dijo ,EN_WR_40_21_8_14_AF
que este bebé no era suyo.,EN_WR_40_21_8_14_AF
Entonces Charlie trató poner el bebé ,EN_WR_40_21_8_14_AF
"donde lo encontró en el suelo,",EN_WR_40_21_8_14_AF
pero un policía lo vio ,EN_WR_40_21_8_14_AF
y no lo permitió.,EN_WR_40_21_8_14_AF
Después Charlie preguntó a un hombre viejo ,EN_WR_40_21_8_14_AF
"coger el bebé por un momento,",EN_WR_40_21_8_14_AF
pero lo da al viejo ,EN_WR_40_21_8_14_AF
y corrió.,EN_WR_40_21_8_14_AF
El viejo lo puso el bebé en el mismo cochecito,EN_WR_40_21_8_14_AF
pero la mujer pensó ,EN_WR_40_21_8_14_AF
que era Charlie ,EN_WR_40_21_8_14_AF
que lo puso allí,EN_WR_40_21_8_14_AF
y entonces pegó a Charlie con su paragua ,EN_WR_40_21_8_14_AF
hasta que el recogió el bebé otra vez.,EN_WR_40_21_8_14_AF
"Charlie estaba pensando en tirar el bebé debajo del calle,",EN_WR_40_21_8_14_AF
pero encontró una papel dentro de las mantas de bebé ,EN_WR_40_21_8_14_AF
"que dijo ['por favor quiere y cuida por esta huérfano,']",EN_WR_40_21_8_14_AF
y Charlie decidió cuidar por el bebé.,EN_WR_40_21_8_14_AF
"Chaplin va andando tranquilamente por la cuidad, inconsciente ",EN_WR_40_29__14_CAJ
de que casi se le cae encima varios cajas ,EN_WR_40_29__14_CAJ
que fueron arrojados por la ventana.,EN_WR_40_29__14_CAJ
A doblar la esquina Chaplin no tuvo tanta suerte ,EN_WR_40_29__14_CAJ
ya que los desperdicios tirados por una ventana se le caen encima.,EN_WR_40_29__14_CAJ
"Para calmar sus nervios, se saca un cigarro de su chaqueta ",EN_WR_40_29__14_CAJ
y lo enciende con una cerrilla con la planta de su zapato.,EN_WR_40_29__14_CAJ
"Al tirar sus guantes a la basura, ",EN_WR_40_29__14_CAJ
encuentra un bebe en el suelo tirado.,EN_WR_40_29__14_CAJ
Asombrado Chaplin recoje al niño ,EN_WR_40_29__14_CAJ
y empieza a mirar por todos lados ,EN_WR_40_29__14_CAJ
para ver de donde prevenía.,EN_WR_40_29__14_CAJ
"A ver una madre con un carro de bebe paseando por la misma calle, ",EN_WR_40_29__14_CAJ
Chaplin se acerca,EN_WR_40_29__14_CAJ
 y deja el bebe dentro del carro.,EN_WR_40_29__14_CAJ
En cuanto la mujer se dio cuenta de esto,EN_WR_40_29__14_CAJ
empezó a chillar a Chaplin ,EN_WR_40_29__14_CAJ
y le obliga retirar al bebe desconocido.,EN_WR_40_29__14_CAJ
Chaplin asustado vuelve a dejar el bebe en el mismo lugar ,EN_WR_40_29__14_CAJ
donde lo encontró ,EN_WR_40_29__14_CAJ
pero se da cuenta ,EN_WR_40_29__14_CAJ
que un policía le estaba vigilando.,EN_WR_40_29__14_CAJ
"Para ahorrarse problemas con la policía, ",EN_WR_40_29__14_CAJ
Chaplin recojo al bebe ,EN_WR_40_29__14_CAJ
y sale corriendo.,EN_WR_40_29__14_CAJ
"Al doblar la esquina se encuentra un hombre andando con un bastón, ",EN_WR_40_29__14_CAJ
Chaplin le pide el favor de cojer el bebe ,EN_WR_40_29__14_CAJ
mientras se ata los cordones de su zapato.,EN_WR_40_29__14_CAJ
Al engañar al pobre hombre sale de nuevo corriendo ,EN_WR_40_29__14_CAJ
y se esconde.,EN_WR_40_29__14_CAJ
"Para colmo, el hombre que tiene ahora el bebe ",EN_WR_40_29__14_CAJ
"ve el carro de la mujer, ",EN_WR_40_29__14_CAJ
"con el que Chaplin tuvo se encontronazo, ",EN_WR_40_29__14_CAJ
y deja de nuevo el bebe dentro del mismo carro.,EN_WR_40_29__14_CAJ
Chaplin se piensa ,EN_WR_40_29__14_CAJ
"que se ha liberado del bebe, ",EN_WR_40_29__14_CAJ
"vuelve a pasear por la cuidad,",EN_WR_40_29__14_CAJ
y de casualidad se cruza con la mujer y el carro.,EN_WR_40_29__14_CAJ
Ella le ve ,EN_WR_40_29__14_CAJ
y empieza a regañarle de nuevo.,EN_WR_40_29__14_CAJ
"La mujer llama la atención del agente de policía, ",EN_WR_40_29__14_CAJ
y reclama ,EN_WR_40_29__14_CAJ
que haga algo sobre el asunto.,EN_WR_40_29__14_CAJ
Chaplin se adelante ,EN_WR_40_29__14_CAJ
y cojo de nuevo al bebe ,EN_WR_40_29__14_CAJ
y sale corriendo.,EN_WR_40_29__14_CAJ
"Chaplin, ya lejos de todos, se siente sobre la acera ",EN_WR_40_29__14_CAJ
"y mira al bebe, ",EN_WR_40_29__14_CAJ
considera por un momento dejar al pobre bebe dentro de alcantarillado ,EN_WR_40_29__14_CAJ
pero cambia de opinión.,EN_WR_40_29__14_CAJ
"Es en este momento, ",EN_WR_40_29__14_CAJ
cuando se da cuenta ,EN_WR_40_29__14_CAJ
que el bebe lleva una nota.,EN_WR_40_29__14_CAJ
"La nota pone algo tan simple como, ['Por favor, ama y cuida de este niño orfanato.']",EN_WR_40_29__14_CAJ
"Chaplin al leer esto sonríe, ",EN_WR_40_29__14_CAJ
y se levanta ,EN_WR_40_29__14_CAJ
y se lleva el bebe con el.,EN_WR_40_29__14_CAJ
"Un día, Charlie Chaplin estaba caminado por un callejón",EN_WR_40_33_6_14_AA
 cuando el vecino estaba botando algo por la ventana.,EN_WR_40_33_6_14_AA
Paró al lado de una caneca ,EN_WR_40_33_6_14_AA
"y encendió su cigarro, prendiendo el fósforo contra su zapato.",EN_WR_40_33_6_14_AA
"Cuando estaba fumando, vio que había un bebé acostado en el suelo por un lado del callejón.",EN_WR_40_33_6_14_AA
Levantó al bebe ,EN_WR_40_33_6_14_AA
y miraba por todos lados ,EN_WR_40_33_6_14_AA
cuando vio una señora con su cochecito.,EN_WR_40_33_6_14_AA
"La señora llevaba otro bebé, ",EN_WR_40_33_6_14_AA
pero Charlie pensaba ,EN_WR_40_33_6_14_AA
que el bebé […] también era de la señora,EN_WR_40_33_6_14_AA
que había encontrado,EN_WR_40_33_6_14_AA
así que fue ,EN_WR_40_33_6_14_AA
y puso el bebé en el cochecito de la señora.,EN_WR_40_33_6_14_AA
"Cuando salió la señora,",EN_WR_40_33_6_14_AA
se puso furiosa ,EN_WR_40_33_6_14_AA
porque no era su bebé.,EN_WR_40_33_6_14_AA
"Entonces, Charlie llevó all bebé de  nuevo ",EN_WR_40_33_6_14_AA
y lo iba a poner en el mismo sitio ,EN_WR_40_33_6_14_AA
donde lo había encontrado.,EN_WR_40_33_6_14_AA
"Pero justo cuando iba a poner el bebé allá, ",EN_WR_40_33_6_14_AA
"pasó un policía, ",EN_WR_40_33_6_14_AA
así que Charlie seguía cargando el bebé.,EN_WR_40_33_6_14_AA
Vio ,EN_WR_40_33_6_14_AA
que había un señor cojo caminando en la calle.,EN_WR_40_33_6_14_AA
Charlie fue ,EN_WR_40_33_6_14_AA
y le pidió al señor ,EN_WR_40_33_6_14_AA
que le cargara el niño ,EN_WR_40_33_6_14_AA
mientras él ataba su zapato.,EN_WR_40_33_6_14_AA
"Mientras el señor le tenía el bebé, ",EN_WR_40_33_6_14_AA
Charlie se fue corriendo.,EN_WR_40_33_6_14_AA
El señor no sabía ,EN_WR_40_33_6_14_AA
"que hacer, ",EN_WR_40_33_6_14_AA
pero también vio el cochecito de la misma señora ,EN_WR_40_33_6_14_AA
y se fue ,EN_WR_40_33_6_14_AA
y dejó el bebé allá.,EN_WR_40_33_6_14_AA
La señora salió otra vez de una tienda […] justo ,EN_WR_40_33_6_14_AA
cuando Charlie estaba pasando en frente.,EN_WR_40_33_6_14_AA
Llamó al policía ,EN_WR_40_33_6_14_AA
y Charlie se fue otra vez con el bebé.,EN_WR_40_33_6_14_AA
Se fue a sentar con el bebé ,EN_WR_40_33_6_14_AA
y encontró una nota,EN_WR_40_33_6_14_AA
que decía ['Por favor cuide a este bebé huérfano'.],EN_WR_40_33_6_14_AA
[…] que Charlie decidió quedarse con el bebé.,EN_WR_40_33_6_14_AA
Charlie Chaplin andaba por un pasillo un dia.,EN_WR_40_44_31_14_SFS
En dos ocasiones gente tiraron cosas desde el piso de arriba.…,EN_WR_40_44_31_14_SFS
Estaba a punto de marcharse ,EN_WR_40_44_31_14_SFS
cuando vio un bebe llorando.,EN_WR_40_44_31_14_SFS
Cogio el bebe ,EN_WR_40_44_31_14_SFS
y intentaba calmarlo.,EN_WR_40_44_31_14_SFS
Vio una mujer empujando un cochecito con otro bebe dentro.,EN_WR_40_44_31_14_SFS
"Sin que la mujer se daba cuenta, ",EN_WR_40_44_31_14_SFS
Charlie meto el bebe dentro del mismo cochecito.…,EN_WR_40_44_31_14_SFS
pero de repente la mujer se bajo de las escaleras ,EN_WR_40_44_31_14_SFS
"y vio a Charlie escapando del escenario, ",EN_WR_40_44_31_14_SFS
y le devolvió el bebe.,EN_WR_40_44_31_14_SFS
Vino un policía,EN_WR_40_44_31_14_SFS
y miraba a ver ,EN_WR_40_44_31_14_SFS
si Charlie se cuidaba del bebe o no.,EN_WR_40_44_31_14_SFS
Al final Charlie se logro dejar el bebe con un anciano ,EN_WR_40_44_31_14_SFS
que después metio el bebe dentro del mismo cochecito de nuevo.,EN_WR_40_44_31_14_SFS
El Policia devolvio el bebe a Charlie.,EN_WR_40_44_31_14_SFS
La escena termino con Charlie a punto de tirar el bebe por las alcantarillas de la calle.,EN_WR_40_44_31_14_SFS
"Justo a tiempo, descubrió una nota pidiendo ",EN_WR_40_44_31_14_SFS
que alguien cuidara del bebe ,EN_WR_40_44_31_14_SFS
porque era orfano.,EN_WR_40_44_31_14_SFS
Charlie estaba andando por la calle ,EN_WR_41_20_7_14_CP
cuando le cayó basura por una ventana.,EN_WR_41_20_7_14_CP
"Paró para encendir otro cigarillo,",EN_WR_41_20_7_14_CP
y se dió cuenta ,EN_WR_41_20_7_14_CP
que había un bebé solito en la calle.,EN_WR_41_20_7_14_CP
"Lo cogió, ",EN_WR_41_20_7_14_CP
pero no querría un bebé por nada.,EN_WR_41_20_7_14_CP
Entonces un madre con otro bebé pasó por la calle.,EN_WR_41_20_7_14_CP
"El lo dejo con ella, ",EN_WR_41_20_7_14_CP
pero ella se enfadó ,EN_WR_41_20_7_14_CP
y lo devolvió inmediatamente.,EN_WR_41_20_7_14_CP
"Charlie intentó dejar el bebé con un anciano tambien,",EN_WR_41_20_7_14_CP
"pero el anciano lo dejo con la madre,",EN_WR_41_20_7_14_CP
"y cuando ella vió a Charlie en seguida, ",EN_WR_41_20_7_14_CP
le dió golpes con su paraguas ,EN_WR_41_20_7_14_CP
y se lo mandó tomar.,EN_WR_41_20_7_14_CP
"Por fin, Charlie vió ",EN_WR_41_20_7_14_CP
"que había una nota en el bebé: ['por favor, cuide a este huerfano.']",EN_WR_41_20_7_14_CP
Y decidió hacerlo.,EN_WR_41_20_7_14_CP
En principio basura cayó ,EN_WR_41_21_2_14_HT
pero no le pegó.,EN_WR_41_21_2_14_HT
Mas debajo de la calle mas basura cayó ,EN_WR_41_21_2_14_HT
y pegó el hombre.,EN_WR_41_21_2_14_HT
"Después, Charlie, sacó una caja para habanas ",EN_WR_41_21_2_14_HT
y era buscando un cigarrillo.,EN_WR_41_21_2_14_HT
Justo después de enciego el cigarrillo ,EN_WR_41_21_2_14_HT
le escuchó ,EN_WR_41_21_2_14_HT
"y encontró un bebé llorando, ",EN_WR_41_21_2_14_HT
"el video no tenia sonido, [...] ",EN_WR_41_21_2_14_HT
que un bebé en este caso llora.,EN_WR_41_21_2_14_HT
"Además, había nadie caminado ",EN_WR_41_21_2_14_HT
y el no sabia ,EN_WR_41_21_2_14_HT
de quien era el bebé.,EN_WR_41_21_2_14_HT
"Por eso, cuando una mujer pasó con otro bebé ",EN_WR_41_21_2_14_HT
el fue a darlo a ella.,EN_WR_41_21_2_14_HT
"Aunque, lo no era su bebé.",EN_WR_41_21_2_14_HT
A causa de esa ella le puso rojo ,EN_WR_41_21_2_14_HT
y rechazó el bebé.,EN_WR_41_21_2_14_HT
"Después, el fue buscando otra persona ",EN_WR_41_21_2_14_HT
que posible que sea el padre del bebé.,EN_WR_41_21_2_14_HT
Llegó a un hombre justo al lado de la esquina.,EN_WR_41_21_2_14_HT
"Era un hombre mas mayor, ",EN_WR_41_21_2_14_HT
y no pudiera rechazar el bebé ,EN_WR_41_21_2_14_HT
cuando Charlie había corriendo.,EN_WR_41_21_2_14_HT
Moments después el hombre mas mayor fue buscando,EN_WR_41_21_2_14_HT
de quien era el bebé.,EN_WR_41_21_2_14_HT
"Por suerte [...] encontró, también la misma mujer con otro bebé en una carrito por los bebés.",EN_WR_41_21_2_14_HT
"Y el, sin la mujer mirando, dejó el bebé, otra vez, en el carrito.",EN_WR_41_21_2_14_HT
"Cuando la mujer salió de la tienda [...], ",EN_WR_41_21_2_14_HT
que había adentro,EN_WR_41_21_2_14_HT
ella lo ha visto ,EN_WR_41_21_2_14_HT
que el bebé era con su hijo ,EN_WR_41_21_2_14_HT
cuando Charlie caminaba a su lado.,EN_WR_41_21_2_14_HT
Cuando le dio cuenta ,EN_WR_41_21_2_14_HT
que el bebé era lo mismo ,EN_WR_41_21_2_14_HT
que se vio antes ,EN_WR_41_21_2_14_HT
fue a pegar Charlie ,EN_WR_41_21_2_14_HT
y dárselo.,EN_WR_41_21_2_14_HT
"Al final, Charlie encontró un papel ",EN_WR_41_21_2_14_HT
"que se decía, […] ",EN_WR_41_21_2_14_HT
"mas desea,",EN_WR_41_21_2_14_HT
que alguien ama ,EN_WR_41_21_2_14_HT
y cuida el bebé sin padres.,EN_WR_41_21_2_14_HT
"Entonces, Charlie quedó con el niño ",EN_WR_41_21_2_14_HT
y el video se terminó ahí.,EN_WR_41_21_2_14_HT
Este video muestra a un hombre (Charles Chaplin).,EN_WR_41_21_9_14_EM
"Él está caminando por una calle pequeña y sucia,",EN_WR_41_21_9_14_EM
y cuando deja por un minuto ,EN_WR_41_21_9_14_EM
"para fumar,",EN_WR_41_21_9_14_EM
encuentra a un bebé,EN_WR_41_21_9_14_EM
 que parece estar sin adulto.,EN_WR_41_21_9_14_EM
Chaplin está confundido ,EN_WR_41_21_9_14_EM
y busca un padre en el area.,EN_WR_41_21_9_14_EM
"Después de un poco, él ve a una mujer ",EN_WR_41_21_9_14_EM
que tiene otro niño.,EN_WR_41_21_9_14_EM
Chaplin concluye ,EN_WR_41_21_9_14_EM
que el bebé es suyo ,EN_WR_41_21_9_14_EM
y trata de devolverlo a ella.,EN_WR_41_21_9_14_EM
Pero la mujer se enfada ,EN_WR_41_21_9_14_EM
y le dice a Chaplin ,EN_WR_41_21_9_14_EM
que no es su bebé.,EN_WR_41_21_9_14_EM
"En este momento, Chaplin trata de abandonar el bebé ",EN_WR_41_21_9_14_EM
"donde él lo encontró,",EN_WR_41_21_9_14_EM
pero un policía viene,EN_WR_41_21_9_14_EM
 y Chaplin necesita traer el bebé con él.,EN_WR_41_21_9_14_EM
"Luego, Chaplin trata de dar el bebé a un hombre ",EN_WR_41_21_9_14_EM
"que encuentra en la calle,",EN_WR_41_21_9_14_EM
pero este hombre lo pone en la silla de bebé de la mujer original del video.,EN_WR_41_21_9_14_EM
Casi inmediatamente después ,EN_WR_41_21_9_14_EM
"de que ella descubre el bebé,",EN_WR_41_21_9_14_EM
"ve a Chaplin caminando,",EN_WR_41_21_9_14_EM
y lo da el bebé a él otra vez.,EN_WR_41_21_9_14_EM
Chaplin toma el bebé ,EN_WR_41_21_9_14_EM
y finalmente ve un papel ,EN_WR_41_21_9_14_EM
que dice que es un huérfano.,EN_WR_41_21_9_14_EM
"Al final del video, parece ",EN_WR_41_21_9_14_EM
que Chaplin está contento con cuidar del bebé.,EN_WR_41_21_9_14_EM
"Chaplin está caminado por una calle destrozada, fumando un cigarrillo.",EN_WR_41_27_6_14_DA
"De repente, a su izquierda, una mujer empieza a tirar basura desde la primera planta del edificio.",EN_WR_41_27_6_14_DA
Supuestamente la basura consiste de cemento o partes de pared ,EN_WR_41_27_6_14_DA
ya que parece ,EN_WR_41_27_6_14_DA
que estaba renovando su piso.,EN_WR_41_27_6_14_DA
O simplemente estaba limpiando el lugar.,EN_WR_41_27_6_14_DA
El edificio también parece más bien industrial,EN_WR_41_27_6_14_DA
"Luego, cuando Chaplin pasa al lado de otro edificio a su derecha pasando entre dos paredes, ",EN_WR_41_27_6_14_DA
se le cae encima basura.,EN_WR_41_27_6_14_DA
El se queda muy sorprendido,EN_WR_41_27_6_14_DA
 ya que no lo esperaba.,EN_WR_41_27_6_14_DA
"Por cierto, a causa de esto su cigarrillo se le cayó ",EN_WR_41_27_6_14_DA
así que tenía que abrir su caja de aluminio ,EN_WR_41_27_6_14_DA
que contenía otros cigarrillos ,EN_WR_41_27_6_14_DA
y agarrar uno nuevo.,EN_WR_41_27_6_14_DA
"Hecho esto, enciende su cigarrillo con la ayuda de una cerilla y la suela de su zapato.",EN_WR_41_27_6_14_DA
Después se quita los guantes ,EN_WR_41_27_6_14_DA
y los tira al basurero cercano […],EN_WR_41_27_6_14_DA
"De repente, a su izquierda, justo al lado de la pared, encuentra a un bebe recién nacido envuelto en unas sábanas, llorando.",EN_WR_41_27_6_14_DA
Está aún más sorprendido!,EN_WR_41_27_6_14_DA
"Mira por los lados, pensando ",EN_WR_41_27_6_14_DA
de donde se podía haber caído ,EN_WR_41_27_6_14_DA
o quién le podía haber dejado ahí,EN_WR_41_27_6_14_DA
y al final decide coger al bebe en sus brazos.,EN_WR_41_27_6_14_DA
"En este momento nota a una mujer con un cochecito para bebes, caminando rápidamente por la zona.",EN_WR_41_27_6_14_DA
"La mujer se para, ",EN_WR_41_27_6_14_DA
deja el cochecito con un bebe,EN_WR_41_27_6_14_DA
 y se va.,EN_WR_41_27_6_14_DA
Es entonces cuando Chaplin se acerca ,EN_WR_41_27_6_14_DA
y pone al bebe de sus brazos en el cochecito.,EN_WR_41_27_6_14_DA
La mujer se acerca de nuevo ,EN_WR_41_27_6_14_DA
"y empieza a gritar diciendo algo como ['No es mi bebe, qué estás haciendo? Llévalo de aquí!']",EN_WR_41_27_6_14_DA
"Bueno, Chaplin no tiene nada más que hacer ",EN_WR_41_27_6_14_DA
que coger al bebe de nuevo en sus brazos ,EN_WR_41_27_6_14_DA
y regresar al lugar donde le había encontrado.,EN_WR_41_27_6_14_DA
"De repente, se acerca un policía por detrás.",EN_WR_41_27_6_14_DA
"Pensando que es el padre dejando a su bebe en el suelo, ",EN_WR_41_27_6_14_DA
se pone muy enfadado.,EN_WR_41_27_6_14_DA
Chaplin recoge al bebe ,EN_WR_41_27_6_14_DA
y se va otra vez.,EN_WR_41_27_6_14_DA
"Cuando vea a un hombre caminando por la calle,",EN_WR_41_27_6_14_DA
 le pone al bebe en sus brazos ,EN_WR_41_27_6_14_DA
y se va corriendo ,EN_WR_41_27_6_14_DA
y se esconde en un garaje.,EN_WR_41_27_6_14_DA
El otro hombre encuentra entonces el cochecito de la mujer con el bebe ,EN_WR_41_27_6_14_DA
y deja al bebe en este cochecito ,EN_WR_41_27_6_14_DA
sin que nadie lo viera.,EN_WR_41_27_6_14_DA
Y se va.,EN_WR_41_27_6_14_DA
"Cuando Chaplin sale de su refugio, ",EN_WR_41_27_6_14_DA
se  encuentra de cara en cara con el policía,EN_WR_41_27_6_14_DA
así que se gira y se va.,EN_WR_41_27_6_14_DA
"Mientras tanto, la mujer sale de la tienda ",EN_WR_41_27_6_14_DA
y regresa a su cochecito con ya dos bebes adentro.,EN_WR_41_27_6_14_DA
Se pone furiosa.,EN_WR_41_27_6_14_DA
Justamente en este momento Chaplin pasa por la calle caminando muy rápidamente.,EN_WR_41_27_6_14_DA
"La mujer le vea, ",EN_WR_41_27_6_14_DA
se acuerda de él ,EN_WR_41_27_6_14_DA
y empieza a seguirle corriendo.,EN_WR_41_27_6_14_DA
"Cuando se le acerca, ",EN_WR_41_27_6_14_DA
le golpea con un paraguas en la cabeza.,EN_WR_41_27_6_14_DA
"Le lleva a su cochecito, ",EN_WR_41_27_6_14_DA
le muestra al bebe pidiendo,EN_WR_41_27_6_14_DA
que lo cogiera.,EN_WR_41_27_6_14_DA
Entonces llega el policía.,EN_WR_41_27_6_14_DA
Chaplin de nuevo coge al bebe ,EN_WR_41_27_6_14_DA
y se va.,EN_WR_41_27_6_14_DA
Luego se sienta en la calle ,EN_WR_41_27_6_14_DA
y no sabe qué hacer con el bebe.,EN_WR_41_27_6_14_DA
"De repente, encuentra un papel en las sábanas ",EN_WR_41_27_6_14_DA
en las que el bebe está envuelto.,EN_WR_41_27_6_14_DA
El papel está escrito tal vez por su mamá ,EN_WR_41_27_6_14_DA
"y dice ['Por favor, ama y cuida de este niño sin padres'.]",EN_WR_41_27_6_14_DA
Chaplin se pone sensible ,EN_WR_41_27_6_14_DA
y parece,EN_WR_41_27_6_14_DA
que decide dejar al bebe ,EN_WR_41_27_6_14_DA
y cuidar de él cómo lo pedía la carta.,EN_WR_41_27_6_14_DA
Se levanta con el bebe en sus brazos y se va.,EN_WR_41_27_6_14_DA
Una mujer soltera sale del hospital de caridad con su bebe ,EN_WR_41_74_12_14_CAH
"y como no sabe como puede sostener a los dos, ",EN_WR_41_74_12_14_CAH
ella deja el bebe en un automovil ,EN_WR_41_74_12_14_CAH
"que esta en frente de una case de gente rica, con una cartita ",EN_WR_41_74_12_14_CAH
que dice ['por favor ama y cuida este pobre nino huerfano'.],EN_WR_41_74_12_14_CAH
"Vienen unos ladrones, roban el coche ",EN_WR_41_74_12_14_CAH
y cuando llegan a una vecindad pobre descubren el bebe ,EN_WR_41_74_12_14_CAH
y lo sacan del carro dejandolo envuelto en sus cobijitas en un rincon de la calle ,EN_WR_41_74_12_14_CAH
como si fuera basura.,EN_WR_41_74_12_14_CAH
Viene pasando un pobre solterito ,EN_WR_41_74_12_14_CAH
y trata de regalr el bebe a una mujer ,EN_WR_41_74_12_14_CAH
y despues a un viejito ,EN_WR_41_74_12_14_CAH
pero le dan problemas,EN_WR_41_74_12_14_CAH
 y no tiene exito.,EN_WR_41_74_12_14_CAH
Cuando viene la policia ,EN_WR_41_74_12_14_CAH
"y lo ve dejando al bebe en el suelo, en el rincon de la calle",EN_WR_41_74_12_14_CAH
", decidio llevarlo a su casa ",EN_WR_41_74_12_14_CAH
y cuidarlo.,EN_WR_41_74_12_14_CAH
Ahi en las cobijitas encuentra la cartita ,EN_WR_41_74_12_14_CAH
que escribio la madre pidiendo ,EN_WR_41_74_12_14_CAH
que alguien amara ,EN_WR_41_74_12_14_CAH
y cuidara al pobre huerfano.,EN_WR_41_74_12_14_CAH
El lo cuida tan bien que pueda ,EN_WR_41_74_12_14_CAH
y lo ama ,EN_WR_41_74_12_14_CAH
como si fuera hijo suyo.,EN_WR_41_74_12_14_CAH
"Resulta que el es vendedor de vidrios para ventanas y los instala, ",EN_WR_41_74_12_14_CAH
"asi que […] han desarrollado juntos, un buen negocio.",EN_WR_41_74_12_14_CAH
cuando el nino ya tiene sus cinco anos de edad,EN_WR_41_74_12_14_CAH
"Cada dia escogen diferentes calles,",EN_WR_41_74_12_14_CAH
el nino va quebrando ventanas con piedras ,EN_WR_41_74_12_14_CAH
que recoge del calle ,EN_WR_41_74_12_14_CAH
"y el papa va por las mismas calles,  pidiendo el trabajo de reemplazar las.",EN_WR_41_74_12_14_CAH
"Asi ganan su dinero, ",EN_WR_41_74_12_14_CAH
y viven bien,EN_WR_41_74_12_14_CAH
Mientras tanto la mama se ha  vuelto rica y famosa ,EN_WR_41_74_12_14_CAH
y va  visitando las vecindades pobres regalando jugeutes a los ninos ,EN_WR_41_74_12_14_CAH
que ahi viven.,EN_WR_41_74_12_14_CAH
Regalo unos juguetes al nino ,EN_WR_41_74_12_14_CAH
que le gustan mucho.,EN_WR_41_74_12_14_CAH
Un dia viene uno mas grande,EN_WR_41_74_12_14_CAH
y le roba su juguete.,EN_WR_41_74_12_14_CAH
Empiezan a pelear ,EN_WR_41_74_12_14_CAH
y a luchar el uno contra el otro.,EN_WR_41_74_12_14_CAH
"Y aunque el ninito le gana,",EN_WR_41_74_12_14_CAH
 se pone muy enfermo ,EN_WR_41_74_12_14_CAH
y viene un doctor para examinarlo.,EN_WR_41_74_12_14_CAH
El papa le muestra la carta ,EN_WR_41_74_12_14_CAH
que encontro con el nino ,EN_WR_41_74_12_14_CAH
cuando era bebe ,EN_WR_41_74_12_14_CAH
y el doctor le muestra la carta a la mujer rica,EN_WR_41_74_12_14_CAH
que viene a visitar.,EN_WR_41_74_12_14_CAH
Ella inmediatamente sabe ,EN_WR_41_74_12_14_CAH
que el ninito es el bebe ,EN_WR_41_74_12_14_CAH
que ella abandono en el coche.,EN_WR_41_74_12_14_CAH
Pero el doctor quiere internarlo en una institucion para huerfanos.,EN_WR_41_74_12_14_CAH
"El papa les sigue , ",EN_WR_41_74_12_14_CAH
agarra al nino ,EN_WR_41_74_12_14_CAH
y se fueron a pasar la noche en un hotel.,EN_WR_41_74_12_14_CAH
El dueno del hotel leyendo un periiodico encontro un anuncio de recompensa,EN_WR_41_74_12_14_CAH
para quien podria traerle al nino a su madre.,EN_WR_41_74_12_14_CAH
Asi que en la medianoche agarro al nino ,EN_WR_41_74_12_14_CAH
y lo trajo a la estacion de policia ,EN_WR_41_74_12_14_CAH
donde la madre lo fue a recojer.,EN_WR_41_74_12_14_CAH
[…] que la policia le arrestaron al papa ,EN_WR_41_74_12_14_CAH
y lo trajeron a la misma estacion.,EN_WR_41_74_12_14_CAH
"El siguio a la mujer, ",EN_WR_41_74_12_14_CAH
"buscando su hijo,",EN_WR_41_74_12_14_CAH
" y cuando ella abrio la puerta de su casa, ",EN_WR_41_74_12_14_CAH
el joven lleno de alegria al ver a su papa ,EN_WR_41_74_12_14_CAH
se fue volando a abrazarlo.,EN_WR_41_74_12_14_CAH
Y los tres entraron contentos a la casa de la madre.,EN_WR_41_74_12_14_CAH
Un hombre que está caminando por la calle descubre a un bebé abandonado al lado de aquel camino.,EN_WR_42_19_6_14_CS
"Pensando en devolverlo a su madre, ",EN_WR_42_19_6_14_CS
él ve a una mujer empujando a su proprio bebé,EN_WR_42_19_6_14_CS
y él cree ,EN_WR_42_19_6_14_CS
que ella es la madre.,EN_WR_42_19_6_14_CS
"Por eso él mete el bebé con el otro,",EN_WR_42_19_6_14_CS
"y al regresar la mujer, ",EN_WR_42_19_6_14_CS
ellos discuten ,EN_WR_42_19_6_14_CS
y él aprende ,EN_WR_42_19_6_14_CS
que ella no es la madre real.,EN_WR_42_19_6_14_CS
"A continuar, él piensa también en abandonar el bebé ",EN_WR_42_19_6_14_CS
"donde lo encontró originalmente,",EN_WR_42_19_6_14_CS
pero un policía aparece ,EN_WR_42_19_6_14_CS
y el hombre tiene que llevarlo de nuevo ,EN_WR_42_19_6_14_CS
y buscar una solución mejor.,EN_WR_42_19_6_14_CS
"Él le hace un truco a otro hombre, dándoselo a él,",EN_WR_42_19_6_14_CS
"y trata de escaparlo, ",EN_WR_42_19_6_14_CS
"pero el segundo hombre abandona el bebé con la mujer de antes,",EN_WR_42_19_6_14_CS
y ella le da al primer hombre el bebé a la vista del policía.,EN_WR_42_19_6_14_CS
"Por fin, el hombre piensa en abandonar el bebé, ",EN_WR_42_19_6_14_CS
pero de verdad no quiere.,EN_WR_42_19_6_14_CS
De repente él se fija en una nota dejado con el bebé,EN_WR_42_19_6_14_CS
" que dice [cuide a este huérfano,]",EN_WR_42_19_6_14_CS
y decide salir juntos con el bebé ,EN_WR_42_19_6_14_CS
a lo cual él va a cuidar según la nota.,EN_WR_42_19_6_14_CS
El clip trata de un hombre,EN_WR_42_26_12_14_MG
que encuentra a un bebé en la calle.,EN_WR_42_26_12_14_MG
"Está paseando tranquilo, fumando, ",EN_WR_42_26_12_14_MG
cuando ve al bebé acostado en un rincón ,EN_WR_42_26_12_14_MG
y decide aproximarse para investigar la situación.,EN_WR_42_26_12_14_MG
"Toma el bebé en los brazos, ",EN_WR_42_26_12_14_MG
pero no sabe ,EN_WR_42_26_12_14_MG
qué hacer con el chico.,EN_WR_42_26_12_14_MG
De repente pasa una mujer con un carrito ,EN_WR_42_26_12_14_MG
que ya lleva otro bebé.,EN_WR_42_26_12_14_MG
Ella entra en un edificio ,EN_WR_42_26_12_14_MG
y el hombre va corriendo detrás ,EN_WR_42_26_12_14_MG
para dejar el bebé huérfano en el carrito junto al otro.,EN_WR_42_26_12_14_MG
"Pero la mujer la ve, ",EN_WR_42_26_12_14_MG
"lo regaña, ",EN_WR_42_26_12_14_MG
y el hombre tiene que tomar de nuevo el bebé.,EN_WR_42_26_12_14_MG
"Cuando intenta dejarlo en la calle de nuevo, ",EN_WR_42_26_12_14_MG
se da vuelta ,EN_WR_42_26_12_14_MG
y hay un militar mirándolo.,EN_WR_42_26_12_14_MG
"Ya que no puede dejar el bebé en la calle bajo la supervisión del militar,",EN_WR_42_26_12_14_MG
 sale corriendo ,EN_WR_42_26_12_14_MG
y encuentra un viejito caminando solo por la calle.,EN_WR_42_26_12_14_MG
"Deja el bebé en los brazos de él, ",EN_WR_42_26_12_14_MG
pero el viejo no lo quiere ,EN_WR_42_26_12_14_MG
y lo deja de nuevo en un carrito,EN_WR_42_26_12_14_MG
que ya tiene otro bebé.,EN_WR_42_26_12_14_MG
Pasa que el carrito es el mismo ,EN_WR_42_26_12_14_MG
en que el personaje principal ya tenía dejado el bebé antes.,EN_WR_42_26_12_14_MG
La mujer no ve ,EN_WR_42_26_12_14_MG
que fue el viejito ,EN_WR_42_26_12_14_MG
"que dejó el bebé esta vez, ",EN_WR_42_26_12_14_MG
"y, por coincidencia, el personaje principal pasa justo ",EN_WR_42_26_12_14_MG
cuando la mujer sale del edificio,EN_WR_42_26_12_14_MG
 y ve de nuevo el bebé en su carrito.,EN_WR_42_26_12_14_MG
"Se enoja con el hombre, pensando que fue él que lo había dejado de nuevo.",EN_WR_42_26_12_14_MG
"Al fin, el hombre toma el bebé en los brazos",EN_WR_42_26_12_14_MG
 y sale corriendo.,EN_WR_42_26_12_14_MG
"Se sienta en la vereda con el bebé, sin saber qué hacer.",EN_WR_42_26_12_14_MG
Encuentra una cartita dentro de la ropa del bebé ,EN_WR_42_26_12_14_MG
que pide ,EN_WR_42_26_12_14_MG
que alguien lo ame ,EN_WR_42_26_12_14_MG
y cuide.,EN_WR_42_26_12_14_MG
Aunque parece ,EN_WR_42_26_12_14_MG
"que el hombre no quiere el bebé huérfano, ",EN_WR_42_26_12_14_MG
se emociona con la carta ,EN_WR_42_26_12_14_MG
y decide llevárselo.,EN_WR_42_26_12_14_MG
"El vídeo es una escena de una película de Charlie Chaplin, un actor muy apreciado por España y por el mundo.",EN_WR_42_41_1_14_AP
En esta escena el personaje está de paseo,EN_WR_42_41_1_14_AP
cuando casi está pegado por algo de basura,EN_WR_42_41_1_14_AP
que alguien ha tirado por una ventana de al lado.,EN_WR_42_41_1_14_AP
El pesonaje se para a mirar,EN_WR_42_41_1_14_AP
por donde ha venido la basura ,EN_WR_42_41_1_14_AP
y después decide fumar un cigarrillo.,EN_WR_42_41_1_14_AP
Al parar se da cuenta ,EN_WR_42_41_1_14_AP
que hay un bebé perdido a su lado.,EN_WR_42_41_1_14_AP
"Al ver una mujer pasar con un cochecito, ",EN_WR_42_41_1_14_AP
intenta dejar el bebé con ella ,EN_WR_42_41_1_14_AP
pero la mujer no lo acepta.,EN_WR_42_41_1_14_AP
Intenta volver ,EN_WR_42_41_1_14_AP
y dejr el bebé,EN_WR_42_41_1_14_AP
"donde lo ha encontrado, ",EN_WR_42_41_1_14_AP
pero se da cuenta ,EN_WR_42_41_1_14_AP
que hay una policía mirándole ,EN_WR_42_41_1_14_AP
asi que lleva el bebé con él.,EN_WR_42_41_1_14_AP
Quiere liberarse del bebé como sea ,EN_WR_42_41_1_14_AP
pues convence un señor a coger el bebé ,EN_WR_42_41_1_14_AP
mientras el arregla su zapato.,EN_WR_42_41_1_14_AP
De pronto se va corriendo.,EN_WR_42_41_1_14_AP
El señor no quiere nada con el bebé ,EN_WR_42_41_1_14_AP
"y cuando encuentra el cochecito de antes, ",EN_WR_42_41_1_14_AP
"mientras la mujer está en una tienda, ",EN_WR_42_41_1_14_AP
deja el bebé ,EN_WR_42_41_1_14_AP
y se va.,EN_WR_42_41_1_14_AP
El personaje de Charlie pasa,EN_WR_42_41_1_14_AP
justo cuando la mujer está saliendo de la tienda ,EN_WR_42_41_1_14_AP
y ve el bebé de nuevo.,EN_WR_42_41_1_14_AP
Ella persigue al personaje de Charlie ,EN_WR_42_41_1_14_AP
y le pega fuerte con su paraguas.,EN_WR_42_41_1_14_AP
El no tiene otro remedio ,EN_WR_42_41_1_14_AP
qye cojer el bebé de nuevo con él.,EN_WR_42_41_1_14_AP
Mientras piensa ,EN_WR_42_41_1_14_AP
"que hacer con el crío, ",EN_WR_42_41_1_14_AP
se da cuenta ,EN_WR_42_41_1_14_AP
que hay una nota entre las mantas del bebé.,EN_WR_42_41_1_14_AP
Aqui aprende ,EN_WR_42_41_1_14_AP
que el bebé no está perdido ,EN_WR_42_41_1_14_AP
pero es huérfano.,EN_WR_42_41_1_14_AP
"Al conocer esto, se encarriña con el bebé ",EN_WR_42_41_1_14_AP
y las expresiones de su cara vuelven más tiernas.,EN_WR_42_41_1_14_AP
"Al final, se va con el huérfano en brazos.",EN_WR_42_41_1_14_AP
En la pelicula Chaplin esta cominando por la calle ,EN_WR_42_49_10_14_FM
cuando de repente se encuentra a un bebe entre los botes de basura.,EN_WR_42_49_10_14_FM
Inicialmente no quiere quedarse con el ,EN_WR_42_49_10_14_FM
y trata de encontrar la forma ,EN_WR_42_49_10_14_FM
de desacerse del bebe.,EN_WR_42_49_10_14_FM
"En multiples ocasiones intenta dejar al nino con otras personas: una mujer con otro bebe  o con un vagabundo de la calle,",EN_WR_42_49_10_14_FM
pero falla ,EN_WR_42_49_10_14_FM
hasta cuando encuentra una nota pidiendo ,EN_WR_42_49_10_14_FM
que cuiden ,EN_WR_42_49_10_14_FM
"y amen a ese nino,",EN_WR_42_49_10_14_FM
entonces el decide quedarse con el.,EN_WR_42_49_10_14_FM
Charlie Chaplin estaba caminado por la calle.,EN_WR_42_58_10_14_MG
Fumaba ,EN_WR_42_58_10_14_MG
mientras caminaba.,EN_WR_42_58_10_14_MG
De repente alguien empezó a tirar basura  a Charlie ,EN_WR_42_58_10_14_MG
y él estaba enojado ,EN_WR_42_58_10_14_MG
porque perdió su cigarillo.,EN_WR_42_58_10_14_MG
Entonces Charlie sacó otro cigarillo ,EN_WR_42_58_10_14_MG
y lo encendió.,EN_WR_42_58_10_14_MG
De repente vio a un bebé ,EN_WR_42_58_10_14_MG
que lloraba.,EN_WR_42_58_10_14_MG
Lo levantó,EN_WR_42_58_10_14_MG
y miro por la calle ,EN_WR_42_58_10_14_MG
y vio a una mujer ,EN_WR_42_58_10_14_MG
que empujaba un cochecito de niños.,EN_WR_42_58_10_14_MG
"Charlie le dijo a la mujer,['perdón, se le cayó algo'] ",EN_WR_42_58_10_14_MG
pero ella no quería el bebé ,EN_WR_42_58_10_14_MG
que Charlie encontró.,EN_WR_42_58_10_14_MG
Un policia vino ,EN_WR_42_58_10_14_MG
y miró a Charlie en una manera sospechosa.,EN_WR_42_58_10_14_MG
Entonces Charlie llevó el bebé ,EN_WR_42_58_10_14_MG
y le dio a otro hombre con una barba.,EN_WR_42_58_10_14_MG
El hombre con barba vio el cochecito de niños ,EN_WR_42_58_10_14_MG
y lo puso adentro con el bebé de la misma mujer.,EN_WR_42_58_10_14_MG
La mujer empezó a gritar.,EN_WR_42_58_10_14_MG
Ella vio ,EN_WR_42_58_10_14_MG
y siguió a Charlio,EN_WR_42_58_10_14_MG
y lo pegó.,EN_WR_42_58_10_14_MG
"Por fin, Charlie estaba solo con el bebe ",EN_WR_42_58_10_14_MG
y encontró una cartita de la madre ,EN_WR_42_58_10_14_MG
que pidió ,EN_WR_42_58_10_14_MG
que alguien amara al bebé ,EN_WR_42_58_10_14_MG
porque ella no podía cuidarlo.,EN_WR_42_58_10_14_MG
Entonces Charlie empezó a sonreír al bebé ,EN_WR_42_58_10_14_MG
y  decidió guardarlo y cuidarlo.,EN_WR_42_58_10_14_MG
Un caballero está caminando por la calle ,EN_WR_43_17_5.5_14_NI
y encuentra un bebé en el suelo.,EN_WR_43_17_5.5_14_NI
Ve a una mujer ,EN_WR_43_17_5.5_14_NI
y cree que ésta es la madre del niño.,EN_WR_43_17_5.5_14_NI
"Ella no es la madre, ",EN_WR_43_17_5.5_14_NI
"entonces, vuelve a poner al bebé en el suelo,",EN_WR_43_17_5.5_14_NI
pero un policía lo ve.,EN_WR_43_17_5.5_14_NI
"Le da a otro hombre el bebé,",EN_WR_43_17_5.5_14_NI
y el otro hombre pone el bebé en la cuna de la mujer […],EN_WR_43_17_5.5_14_NI
ella piensa ,EN_WR_43_17_5.5_14_NI
que el caballero lo ha puesto allí ,EN_WR_43_17_5.5_14_NI
y le pega.,EN_WR_43_17_5.5_14_NI
"Ella le dice esto al policía,",EN_WR_43_17_5.5_14_NI
y el caballero vuelve a llevar al niño.,EN_WR_43_17_5.5_14_NI
"Al final, encuentra una nota ",EN_WR_43_17_5.5_14_NI
que dice ,EN_WR_43_17_5.5_14_NI
"que es un niño huérfano,",EN_WR_43_17_5.5_14_NI
y él decide a quedarse con el bebé.,EN_WR_43_17_5.5_14_NI
Este vídeo se trata de un bebé ,EN_WR_43_20_15_14_MD
a quien encuentra Charlie Chaplin al lado de la calle.,EN_WR_43_20_15_14_MD
"Inicialmente, Chaplin va por la calle intentando evitar la basura ",EN_WR_43_20_15_14_MD
que se cae de las ventanas de los edificios.,EN_WR_43_20_15_14_MD
Se para ,EN_WR_43_20_15_14_MD
y busca un cigarro para fumar.,EN_WR_43_20_15_14_MD
"Inmediatamente después, le oye al bebé llorando.",EN_WR_43_20_15_14_MD
"Por consiguiente, lo recoge.",EN_WR_43_20_15_14_MD
Se pregunta ,EN_WR_43_20_15_14_MD
de quién puede ser.,EN_WR_43_20_15_14_MD
"Al ver a una mujer con un carrito, supone que el bebé es suyo.",EN_WR_43_20_15_14_MD
"Aun así, al dárselo la mujer se enfada ",EN_WR_43_20_15_14_MD
y insiste en que esto no es el caso.,EN_WR_43_20_15_14_MD
"Por tanto, Chaplin recoge al bebé de nuevo ",EN_WR_43_20_15_14_MD
y lo devuelve al sitio original.,EN_WR_43_20_15_14_MD
"No obstante, aparece un policía ",EN_WR_43_20_15_14_MD
"y por eso, Chaplin recoge al niño.",EN_WR_43_20_15_14_MD
Se encuentra con un hombre mayor ,EN_WR_43_20_15_14_MD
que tiene un bastón.,EN_WR_43_20_15_14_MD
Chaplin le da el bebé ,EN_WR_43_20_15_14_MD
y simula atar su zapato.,EN_WR_43_20_15_14_MD
Se va ,EN_WR_43_20_15_14_MD
y se esconde.,EN_WR_43_20_15_14_MD
El anciano se pone muy confundido ,EN_WR_43_20_15_14_MD
"y, al encontrar el mismo carrito […] hace lo mismo.",EN_WR_43_20_15_14_MD
"en el cual Chaplin había puesto el bebé antes, ",EN_WR_43_20_15_14_MD
Al salir de la tienda ,EN_WR_43_20_15_14_MD
"y ver al bebé en su carrito otra vez,",EN_WR_43_20_15_14_MD
la mujer se enoja.,EN_WR_43_20_15_14_MD
Chaplin pasa por el mismo lugar ,EN_WR_43_20_15_14_MD
y ella lo golpea con su paraguas.,EN_WR_43_20_15_14_MD
Exige que Chaplin tome el bebé,EN_WR_43_20_15_14_MD
cuando aparece el policía de nuevo.,EN_WR_43_20_15_14_MD
Así que Chaplin lo recoge ,EN_WR_43_20_15_14_MD
y se siente con él.,EN_WR_43_20_15_14_MD
Ve la rejilla de la alcantarilla ,EN_WR_43_20_15_14_MD
y piensa en depositar el bebé adentro,EN_WR_43_20_15_14_MD
pero no lo hace.,EN_WR_43_20_15_14_MD
Encuentra una hoja en los pliegues de la manta del bebé.,EN_WR_43_20_15_14_MD
La hoja dice ,EN_WR_43_20_15_14_MD
que este bebé es un huérfano.,EN_WR_43_20_15_14_MD
El autor de este mensaje ,EN_WR_43_20_15_14_MD
quiere ,EN_WR_43_20_15_14_MD
que el lector cuide del niño.,EN_WR_43_20_15_14_MD
"Al leer esto, Chaplin le mira al bebé con los nuevos ojos ",EN_WR_43_20_15_14_MD
y sonríe.,EN_WR_43_20_15_14_MD
Sale con el bebé ,EN_WR_43_20_15_14_MD
y es evidente ,EN_WR_43_20_15_14_MD
que lo va a guardar ,EN_WR_43_20_15_14_MD
y hacer exactamente,EN_WR_43_20_15_14_MD
lo que ha pedido el autor del mensaje.,EN_WR_43_20_15_14_MD
"Mientras está dando una caminata por su ciudad,",EN_WR_43_22_8_14_CB
el personaje principal del cortometraje encuentra a un bebé abandonado.,EN_WR_43_22_8_14_CB
Al acercarse al niño se da cuenta ,EN_WR_43_22_8_14_CB
de que su familia lo ha dejado en la calle sólo sin ninguna protección.,EN_WR_43_22_8_14_CB
Preocupado por el bienestar del bebé el protagonista intenta buscar a su familia ,EN_WR_43_22_8_14_CB
y devolverle su hijo perdido.,EN_WR_43_22_8_14_CB
Cuando pasa una señora de edad con un bebé parecido ,EN_WR_43_22_8_14_CB
"al que se dejó, ",EN_WR_43_22_8_14_CB
el protagonista intenta entregarlo a la señora,EN_WR_43_22_8_14_CB
 pero es rechazado.,EN_WR_43_22_8_14_CB
La señora parece insistir ,EN_WR_43_22_8_14_CB
que el niño no es suyo.,EN_WR_43_22_8_14_CB
"Continuando su búsqueda, el señor sigue buscando a la familia ",EN_WR_43_22_8_14_CB
y se encuentra con un policía,EN_WR_43_22_8_14_CB
que lo ve muy sospechosamente.,EN_WR_43_22_8_14_CB
"Después de varios encuentros cómicos con personajes secundarios, ",EN_WR_43_22_8_14_CB
"el protagonista se siente cerca de la calle con el bebé,",EN_WR_43_22_8_14_CB
así termina el video.,EN_WR_43_22_8_14_CB
"En el empiezo del vídeo, Chaplin está andando por una calle fumando un cigarrillo.",EN_WR_43_24_6_14_JJA
Hay gente en los pisos más altos de los edificios ,EN_WR_43_24_6_14_JJA
que rodean la calle ,EN_WR_43_24_6_14_JJA
que están tirando basura por sus ventanas a la calle.,EN_WR_43_24_6_14_JJA
 Dos veces esta basura pega a Chaplin.,EN_WR_43_24_6_14_JJA
"Después de esto, Chaplin quita sus guantes ",EN_WR_43_24_6_14_JJA
y los tira en la basura.,EN_WR_43_24_6_14_JJA
"Después, descubre a un bebé",EN_WR_43_24_6_14_JJA
que está yaciendo solo en la tierra.,EN_WR_43_24_6_14_JJA
Piensa ,EN_WR_43_24_6_14_JJA
que alguien dejó al bebé accidentalmente.,EN_WR_43_24_6_14_JJA
"Inmediatamente después, ve a una mujer saliendo del lugar ",EN_WR_43_24_6_14_JJA
en que está el bebé con un carro pequeño ,EN_WR_43_24_6_14_JJA
en que está otro bebé.,EN_WR_43_24_6_14_JJA
"Por eso, decide a revolver el bebé a la mujer.",EN_WR_43_24_6_14_JJA
Viene a ella ,EN_WR_43_24_6_14_JJA
y pone el bebé en el carro pequeño que trae la mujer.,EN_WR_43_24_6_14_JJA
La mujer hace obvio ,EN_WR_43_24_6_14_JJA
que el bebé no es suyo.,EN_WR_43_24_6_14_JJA
"Después de esto, Chaplin decide a revolver el bebé al lugar ",EN_WR_43_24_6_14_JJA
en que lo encontró.,EN_WR_43_24_6_14_JJA
"Desafortunadamente, un policía lo ve ",EN_WR_43_24_6_14_JJA
y piensa que está tratando de abandonar el bebé.,EN_WR_43_24_6_14_JJA
Chaplin tiene miedo del policía ,EN_WR_43_24_6_14_JJA
y toma el bebé de nuevo.,EN_WR_43_24_6_14_JJA
"En este punto, Chaplin decide ",EN_WR_43_24_6_14_JJA
que necesita dejar el bebé en algún lugar por cualquier método ,EN_WR_43_24_6_14_JJA
que sea posible.,EN_WR_43_24_6_14_JJA
Encuentra a un anciano andando en una calle cercana.,EN_WR_43_24_6_14_JJA
Pregunta al anciano ,EN_WR_43_24_6_14_JJA
si es posible ,EN_WR_43_24_6_14_JJA
mientras Chaplin arregle sus zapatos.,EN_WR_43_24_6_14_JJA
que tome el bebé por un momento ,EN_WR_43_24_6_14_JJA
El anciano dice ,EN_WR_43_24_6_14_JJA
"que sí, Chaplin arregla sus zapatos, ",EN_WR_43_24_6_14_JJA
y de inmediato corre del hombre.,EN_WR_43_24_6_14_JJA
Chaplin se oculta ,EN_WR_43_24_6_14_JJA
y el anciano trata de encontrar a un lugar para el bebé.,EN_WR_43_24_6_14_JJA
Encuentra a la mujer del principio del vídeo ,EN_WR_43_24_6_14_JJA
y pone el bebé en su carrito.,EN_WR_43_24_6_14_JJA
Chaplin sale del lugar ,EN_WR_43_24_6_14_JJA
en que se ocultó ,EN_WR_43_24_6_14_JJA
y anda frente a la mujer.,EN_WR_43_24_6_14_JJA
ella piensa ,EN_WR_43_24_6_14_JJA
que él ha puesto el bebé en su carrito otra vez ,EN_WR_43_24_6_14_JJA
y le pega con su paraguas ,EN_WR_43_24_6_14_JJA
"y lo trae a su carrito, insistiendo ",EN_WR_43_24_6_14_JJA
que el bebé no es de ella ,EN_WR_43_24_6_14_JJA
y que él necesita tomarlo.,EN_WR_43_24_6_14_JJA
El policía investiga ,EN_WR_43_24_6_14_JJA
lo que está pasando ,EN_WR_43_24_6_14_JJA
"y Chaplin, con su gran miedo de él, toma el bebé y corre.",EN_WR_43_24_6_14_JJA
"Cuando Chaplin alcanza otro lugar, ",EN_WR_43_24_6_14_JJA
considera dejar caer al bebé en el espacio ,EN_WR_43_24_6_14_JJA
que está debajo de la calle ,EN_WR_43_24_6_14_JJA
"que se puede acceder por una tapa pequeña, ",EN_WR_43_24_6_14_JJA
pero decide no hacer esto.,EN_WR_43_24_6_14_JJA
"Después, toca al bebé ",EN_WR_43_24_6_14_JJA
y descubre que en la ropa del bebé hay un papel con algo escrito en él.,EN_WR_43_24_6_14_JJA
"El mensaje dice [<<Por favor, ame y cuide este niño huérfano.>>]",EN_WR_43_24_6_14_JJA
"Después de esto, Chaplin decide cuidar al bebé.",EN_WR_43_24_6_14_JJA
Lo mira por primera vez con cariño ,EN_WR_43_24_6_14_JJA
y sale de la escena con el bebé.,EN_WR_43_24_6_14_JJA
Chaplin aparece en la plantilla ,EN_WR_43_32_8_14_RAS
y va caminando hacia la cámara.,EN_WR_43_32_8_14_RAS
"Mientras camina, objetos se caen desde las ventanas arriba ",EN_WR_43_32_8_14_RAS
pero  por lo visto Chaplin no se preocupa mucho por ellos.,EN_WR_43_32_8_14_RAS
"El sigue andando, fumando porros.",EN_WR_43_32_8_14_RAS
Ahora se para ,EN_WR_43_32_8_14_RAS
y abre un cajón ,EN_WR_43_32_8_14_RAS
en el que se guardan unos porros más.,EN_WR_43_32_8_14_RAS
Chaplin lleva un bastón sobre el brazo.,EN_WR_43_32_8_14_RAS
Se detiene aquí unos momentos ,EN_WR_43_32_8_14_RAS
y se desarropa de los guantes de cuero ,EN_WR_43_32_8_14_RAS
y los tira.,EN_WR_43_32_8_14_RAS
"Pues, él mira abajo ",EN_WR_43_32_8_14_RAS
y ve a un bébe abandonado ,EN_WR_43_32_8_14_RAS
"que está tumbado en el rincón, cubierto de sábanas.",EN_WR_43_32_8_14_RAS
Chaplin se agacha ,EN_WR_43_32_8_14_RAS
y coge al bébe en los brazos.,EN_WR_43_32_8_14_RAS
Ahora ve a una madre ,EN_WR_43_32_8_14_RAS
que anda empujando una carrilla.,EN_WR_43_32_8_14_RAS
Chaplin supone ,EN_WR_43_32_8_14_RAS
qye ella es la madre del bébe,EN_WR_43_32_8_14_RAS
que el está llevando.,EN_WR_43_32_8_14_RAS
Así que la persigue ,EN_WR_43_32_8_14_RAS
mientras lleva al bébe con dulzura.,EN_WR_43_32_8_14_RAS
Chaplin se acerca al carrilla del madre ,EN_WR_43_32_8_14_RAS
"y pone en él, el bébe ",EN_WR_43_32_8_14_RAS
que tuvo en las manos.,EN_WR_43_32_8_14_RAS
"Al mismo dice a la mujer, educadamente [“perdóneme, se le cayó algo usted!”.]",EN_WR_43_32_8_14_RAS
"Pero repentinamente, ella se enfada con Chaplin.",EN_WR_43_32_8_14_RAS
Parece ,EN_WR_43_32_8_14_RAS
que ella ya tiene un niño el la carrilla ,EN_WR_43_32_8_14_RAS
y está diciendo ,EN_WR_43_32_8_14_RAS
que ese bébe no es suyo.,EN_WR_43_32_8_14_RAS
"Como resultado, Chaplin pide perdón,",EN_WR_43_32_8_14_RAS
 coge el bébe ,EN_WR_43_32_8_14_RAS
y huye.,EN_WR_43_32_8_14_RAS
Chaplin vuelve al sitio ,EN_WR_43_32_8_14_RAS
donde lo encontró ,EN_WR_43_32_8_14_RAS
y lo devuelve al suelo.,EN_WR_43_32_8_14_RAS
Pero ahora Chaplin se gira ,EN_WR_43_32_8_14_RAS
y se choca con un policia ,EN_WR_43_32_8_14_RAS
que mira hacia sospechosamente.,EN_WR_43_32_8_14_RAS
"Pues, Chaplin vuelve a coger al bébe ",EN_WR_43_32_8_14_RAS
y lo lleva andando por la calle.,EN_WR_43_32_8_14_RAS
Ahora se percata un hombre mayor con una barba larga.,EN_WR_43_32_8_14_RAS
"A ese hombre, Chaplin le da al bébe ",EN_WR_43_32_8_14_RAS
antes de el hombre se dé cuenta.,EN_WR_43_32_8_14_RAS
"En un instante, Chaplin se fuga, corriendo por un callejón y escondiéndose.",EN_WR_43_32_8_14_RAS
Ahora el hombre tiene al bébe.,EN_WR_43_32_8_14_RAS
De pronto pasa la carrilla ,EN_WR_43_32_8_14_RAS
que la madre ha dejado fuera de una tienda.,EN_WR_43_32_8_14_RAS
El hombre deja al bébe allí ,EN_WR_43_32_8_14_RAS
y se larga.,EN_WR_43_32_8_14_RAS
Ahora Chaplin sale de su escondite ,EN_WR_43_32_8_14_RAS
pero otra vez se topa con el policia.,EN_WR_43_32_8_14_RAS
Así que Chaplin se gira repentinamente ,EN_WR_43_32_8_14_RAS
y camina por el sentido contrario.,EN_WR_43_32_8_14_RAS
Ahora Chaplin pasa la carrilla de a madre ,EN_WR_43_32_8_14_RAS
en la que había depositado el hombre el bébe.,EN_WR_43_32_8_14_RAS
La madre se da cuenta ,EN_WR_43_32_8_14_RAS
de que tiene el bébe en la carrilla ,EN_WR_43_32_8_14_RAS
y cuando ve a Chaplin ,EN_WR_43_32_8_14_RAS
se imagina que es Chaplin ,EN_WR_43_32_8_14_RAS
que lo puso allí.,EN_WR_43_32_8_14_RAS
"Pues, ella se pone negra ",EN_WR_43_32_8_14_RAS
y persigue a Chaplin ,EN_WR_43_32_8_14_RAS
mientras él se larga.,EN_WR_43_32_8_14_RAS
Le coge le da un bofetón con el paraguas,EN_WR_43_32_8_14_RAS
hasta que Chaplin se cae.,EN_WR_43_32_8_14_RAS
Ya tiene a Chaplin agarrado ,EN_WR_43_32_8_14_RAS
y le sigue pegando ,EN_WR_43_32_8_14_RAS
mientras lo lleva a la carrilla.,EN_WR_43_32_8_14_RAS
Ahora aparece otra vez el policia ,EN_WR_43_32_8_14_RAS
y la madre le explica,EN_WR_43_32_8_14_RAS
 lo que ha pasado.,EN_WR_43_32_8_14_RAS
"Sin que el policia le diga nada,",EN_WR_43_32_8_14_RAS
" Chaplin, vencido, coge otra vez al bébe.",EN_WR_43_32_8_14_RAS
"Chaplin se sienta en la calle, desesperado ",EN_WR_43_32_8_14_RAS
y se contempla qué hacer.,EN_WR_43_32_8_14_RAS
Mira abajo al desagüe,EN_WR_43_32_8_14_RAS
 y piensa en tirarle al bébe dentro,EN_WR_43_32_8_14_RAS
 pero se cambia de actitud.,EN_WR_43_32_8_14_RAS
Ahora ve una carta el las sábanas del bébe ,EN_WR_43_32_8_14_RAS
y lo lee.,EN_WR_43_32_8_14_RAS
"Está escrito: [“Por favor, ame y se cuide por este niño huérfano”.]",EN_WR_43_32_8_14_RAS
"Pues, como el acto final de la historia, ",EN_WR_43_32_8_14_RAS
Chaplin mira a los ojos del bébe con cariño.,EN_WR_43_32_8_14_RAS
