Text,Textnr,Sentence,Year,Place,Proficiency,ProficiencyNr,Sex,Age,SubjectPosition,Thetarole,ClauseType,SentenceType,Specificity,InformationStructure,ReferentialContinuity,SubjectType,Filename,Score,NSLhome,AgeExposureSpanish,YearsstudySpanish,AbroadSpanishCountry,DurationTask,LocationTask,NSLadditional,ForeignLanguage,ID,Verb,VerbConstruction
Charles Chaplin es un comico viejo.,1,1,2018,Hamburg,LB,1,female,21,PRE,pacient,MC,D,DEF,NE,N,dp,DE_WR_13_21_1_14_GM,30.2,No,20,1,No,30,Outsideclassroom,No,English,1_1,ser,simple-finite
y el encontrar un papel en las ropas del niños.,1,10,2018,Hamburg,LB,1,female,21,PRE,agent,MC,D,DEF,GI,N,pron,DE_WR_13_21_1_14_GM,30.2,No,20,1,No,30,Outsideclassroom,No,English,1_10,encontrar,simple-finite
Esto dice,1,11,2018,Hamburg,LB,1,female,21,NA,agent,MC,D,NA,GI,Y,nullsub,DE_WR_13_21_1_14_GM,30.2,No,20,1,No,30,Outsideclassroom,No,English,1_11,decir,simple-finite
El niño no tengo no familia,1,12,2018,Hamburg,LB,1,female,21,PRE,pacient,MC,D,DEF,GI,N,dp,DE_WR_13_21_1_14_GM,30.2,No,20,1,No,30,Outsideclassroom,No,English,1_12,tener,simple-finite
y Chaplin convierte en un familia nuevo para el niño.,1,13,2018,Hamburg,LB,1,female,21,PRE,agent,MC,D,DEF,GI,N,dp,DE_WR_13_21_1_14_GM,30.2,No,20,1,No,30,Outsideclassroom,No,English,1_13,convertir,simple-finite
Ellos peliculas son en blanco i negro,1,2,2018,Hamburg,LB,1,female,21,PRE,pacient,MC,D,DEF,NE,N,dp,DE_WR_13_21_1_14_GM,30.2,No,20,1,No,30,Outsideclassroom,No,English,1_2,ser,simple-finite
y tienen no audio.,1,3,2018,Hamburg,LB,1,female,21,NA,pacient,MC,D,NA,GI,Y,nullsub,DE_WR_13_21_1_14_GM,30.2,No,20,1,No,30,Outsideclassroom,No,English,1_3,tener,simple-finite
En la pelicula el encontrar un niños pequeño,1,4,2018,Hamburg,LB,1,female,21,PRE,agent,MC,D,DEF,GI,N,pron,DE_WR_13_21_1_14_GM,30.2,No,20,1,No,30,Outsideclassroom,No,English,1_4,encontrar,simple-finite
y buscar sus familia.,1,5,2018,Hamburg,LB,1,female,21,NA,agent,MC,D,NA,NA,NA,nullsub,DE_WR_13_21_1_14_GM,30.2,No,20,1,No,30,Outsideclassroom,No,English,1_5,buscar,simple-finite
Chaplin intentas entregar el niño en una casual mujer.,1,7,2018,Hamburg,LB,1,female,21,PRE,agent,MC,D,DEF,GI,Y,dp,DE_WR_13_21_1_14_GM,30.2,No,20,1,No,30,Outsideclassroom,No,English,1_7,entegrar,simple-finite
Esto es no funcionar tambien.,1,8,2018,Hamburg,LB,1,female,21,PRE,agent,MC,D,DEF,NE,N,pron,DE_WR_13_21_1_14_GM,30.2,No,20,1,No,30,Outsideclassroom,No,English,1_8,funcionar,simple-finite
Un policia mira en Chaplin,1,9,2018,Hamburg,LB,1,female,21,PRE,agent,MC,D,INDEF,NE,N,dp,DE_WR_13_21_1_14_GM,30.2,No,20,1,No,30,Outsideclassroom,No,English,1_9,mirar,simple-finite
Chaplin da un paseo cerca de algunas edeficios construadas.,2,1,2019,Hildesheim,LI,3,female,19,PRE,agent,MC,D,DEF,NE,N,dp,DE_WR_27_19_6_14_AOK,62.8,Yes,11,6,Yes,22,Insideclassroom,Yes,English,10_1,dar,periphrasis-lexical
Cuando Chaplin quiere dejarla,2,10,2019,Hildesheim,LI,3,female,19,PRE,agent,SC,D,DEF,GI,N,dp,DE_WR_27_19_6_14_AOK,62.8,Yes,11,6,Yes,22,Insideclassroom,Yes,English,10_10,dejar,modal
un hombre de la policía aparece,2,11,2019,Hildesheim,LI,3,female,19,PRE,pacient,MC,D,DEF,NE,N,dp,DE_WR_27_19_6_14_AOK,62.8,Yes,11,6,Yes,22,Insideclassroom,Yes,English,10_11,aparecer,simple-finite
y Chaplin decide ir con el bebe.,2,12,2019,Hildesheim,LI,3,female,19,PRE,agent,MC,D,DEF,GI,N,dp,DE_WR_27_19_6_14_AOK,62.8,Yes,11,6,Yes,22,Insideclassroom,Yes,English,10_12,decidir,infinitive
Después Chaplin encuentra un señor viejo,2,13,2019,Hildesheim,LI,3,female,19,PRE,agent,MC,D,DEF,GI,Y,dp,DE_WR_27_19_6_14_AOK,62.8,Yes,11,6,Yes,22,Insideclassroom,Yes,English,10_13,encontrar,simple-finite
y preguntale,2,14,2019,Hildesheim,LI,3,female,19,NA,agent,MC,D,NA,GI,Y,nullsub,DE_WR_27_19_6_14_AOK,62.8,Yes,11,6,Yes,22,Insideclassroom,Yes,English,10_14,preguntar,simple-finite
si puede tener el bebe,2,15,2019,Hildesheim,LI,3,female,19,NA,pacient,SC,D,NA,GI,N,nullsub,DE_WR_27_19_6_14_AOK,62.8,Yes,11,6,Yes,22,Insideclassroom,Yes,English,10_15,tener,modal
cuando Chaplin correctar su zapato.,2,16,2019,Hildesheim,LI,3,female,19,PRE,agent,SC,D,DEF,GI,N,dp,DE_WR_27_19_6_14_AOK,62.8,Yes,11,6,Yes,22,Insideclassroom,Yes,English,10_16,correctar,simple-finite
"El hombre está de acuerdo,",2,17,2019,Hildesheim,LI,3,female,19,PRE,pacient,MC,D,DEF,GI,N,dp,DE_WR_27_19_6_14_AOK,62.8,Yes,11,6,Yes,22,Insideclassroom,Yes,English,10_17,estar,simple-finite
pero Chaplin está corriendo.,2,18,2019,Hildesheim,LI,3,female,19,PRE,agent,MC,D,DEF,GI,N,dp,DE_WR_27_19_6_14_AOK,62.8,Yes,11,6,Yes,22,Insideclassroom,Yes,English,10_18,correr,periphrasis-gerund
Ese señor viejo queda la madre con el bebe,2,19,2019,Hildesheim,LI,3,female,19,PRE,agent,MC,D,DEF,GI,N,dp,DE_WR_27_19_6_14_AOK,62.8,Yes,11,6,Yes,22,Insideclassroom,Yes,English,10_19,quedar,simple-finite
Un hombre tira basura de una ventana.,2,2,2019,Hildesheim,LI,3,female,19,PRE,agent,MC,D,INDEF,NE,N,dp,DE_WR_27_19_6_14_AOK,62.8,Yes,11,6,Yes,22,Insideclassroom,Yes,English,10_2,tirar,simple-finite
y deja su bebe al lado de suya.,2,20,2019,Hildesheim,LI,3,female,19,NA,agent,MC,D,NA,GI,Y,nullsub,DE_WR_27_19_6_14_AOK,62.8,Yes,11,6,Yes,22,Insideclassroom,Yes,English,10_20,dejar,simple-finite
La madre está enfada,2,21,2019,Hildesheim,LI,3,female,19,PRE,pacient,MC,D,DEF,GI,N,dp,DE_WR_27_19_6_14_AOK,62.8,Yes,11,6,Yes,22,Insideclassroom,Yes,English,10_21,estar,simple-finite
y cree,2,22,2019,Hildesheim,LI,3,female,19,NA,agent,MC,D,NA,GI,Y,nullsub,DE_WR_27_19_6_14_AOK,62.8,Yes,11,6,Yes,22,Insideclassroom,Yes,English,10_22,creer,simple-finite
que el culpo es de Chaplin,3,23,2019,Hildesheim,LI,3,female,19,PRE,pacient,SC,D,DEF,NE,N,dp,DE_WR_27_19_6_14_AOK,62.8,Yes,11,6,Yes,22,Insideclassroom,Yes,English,10_23,ser,simple-finite
porque él le pasa en la calle.,3,24,2019,Hildesheim,LI,3,female,19,PRE,pacient,SC,D,DEF,GI,N,pron,DE_WR_27_19_6_14_AOK,62.8,Yes,11,6,Yes,22,Insideclassroom,Yes,English,10_24,pasar,simple-finite
Al final Chaplin obtener el bebe,3,25,2019,Hildesheim,LI,3,female,19,PRE,agent,MC,D,DEF,GI,Y,dp,DE_WR_27_19_6_14_AOK,62.8,Yes,11,6,Yes,22,Insideclassroom,Yes,English,10_25,obtener,simple-finite
y encuentra un mensaje de su propia madre.,3,26,2019,Hildesheim,LI,3,female,19,NA,agent,MC,D,NA,GI,Y,nullsub,DE_WR_27_19_6_14_AOK,62.8,Yes,11,6,Yes,22,Insideclassroom,Yes,English,10_26,encontrar,simple-finite
El mensaje dice,3,27,2019,Hildesheim,LI,3,female,19,NA,agent,MC,D,NA,GI,N,nullsub,DE_WR_27_19_6_14_AOK,62.8,Yes,11,6,Yes,22,Insideclassroom,Yes,English,10_27,decir,simple-finite
que él tiene que querer el bebe.,3,28,2019,Hildesheim,LI,3,female,19,PRE,pacient,SC,D,DEF,GI,N,pron,DE_WR_27_19_6_14_AOK,62.8,Yes,11,6,Yes,22,Insideclassroom,Yes,English,10_28,tener,simple-finite
Los dos están felices,3,29,2019,Hildesheim,LI,3,female,19,PRE,pacient,MC,D,DEF,GI,N,pron,DE_WR_27_19_6_14_AOK,62.8,Yes,11,6,Yes,22,Insideclassroom,Yes,English,10_29,estar,simple-finite
Chaplin está fumando,3,3,2019,Hildesheim,LI,3,female,19,PRE,agent,MC,D,DEF,GI,N,dp,DE_WR_27_19_6_14_AOK,62.8,Yes,11,6,Yes,22,Insideclassroom,Yes,English,10_3,fumar,periphrasis-gerund
y ir probablemente a la casa de Chaplin.,3,30,2019,Hildesheim,LI,3,female,19,NA,agent,MC,D,NA,GI,Y,nullsub,DE_WR_27_19_6_14_AOK,62.8,Yes,11,6,Yes,22,Insideclassroom,Yes,English,10_30,ir,simple-finite
y enciende su cigarillo con la ayuda de su zapato.,3,4,2019,Hildesheim,LI,3,female,19,NA,agent,MC,D,NA,GI,Y,nullsub,DE_WR_27_19_6_14_AOK,62.8,Yes,11,6,Yes,22,Insideclassroom,Yes,English,10_4,encender,simple-finite
Después encuentra un bebe que está solo.,3,5,2019,Hildesheim,LI,3,female,19,NA,agent,MC,D,NA,GI,Y,nullsub,DE_WR_27_19_6_14_AOK,62.8,Yes,11,6,Yes,22,Insideclassroom,Yes,English,10_5,encontrar,simple-finite
Al primer él piensa,3,6,2019,Hildesheim,LI,3,female,19,PRE,agent,SC,D,DEF,GI,Y,pron,DE_WR_27_19_6_14_AOK,62.8,Yes,11,6,Yes,22,Insideclassroom,Yes,English,10_6,pensar,simple-finite
que es la bebe de una mujer,3,7,2019,Hildesheim,LI,3,female,19,POST,pacient,SC,D,DEF,GI,N,dp,DE_WR_27_19_6_14_AOK,62.8,Yes,11,6,Yes,22,Insideclassroom,Yes,English,10_7,ser,simple-finite
porque ella tiene un bebe.,3,8,2019,Hildesheim,LI,3,female,19,PRE,pacient,SC,D,DEF,GI,N,pron,DE_WR_27_19_6_14_AOK,62.8,Yes,11,6,Yes,22,Insideclassroom,Yes,English,10_8,tener,simple-finite
Pero no es suya.,3,9,2019,Hildesheim,LI,3,female,19,NA,pacient,MC,D,NA,GI,N,nullsub,DE_WR_27_19_6_14_AOK,62.8,Yes,11,6,Yes,22,Insideclassroom,Yes,English,10_9,ser,simple-finite
Chaplin vacila al niño,3,10,2019,Münster,LI,3,female,21,PRE,agent,MC,D,DEF,GI,N,dp,DE_WR_27_21_7_14_SG,62.8,No,14,7,Yes,20,Insideclassroom,No,English,11_10,vacilar,simple-finite
mira alrededor a los padres.,3,11,2019,Münster,LI,3,female,21,NA,agent,MC,D,NA,GI,Y,nullsub,DE_WR_27_21_7_14_SG,62.8,No,14,7,Yes,20,Insideclassroom,No,English,11_11,mirar,simple-finite
corre con el niño en sus manos a un cochecito,4,12,2019,Münster,LI,3,female,21,NA,agent,MC,D,NA,GI,Y,nullsub,DE_WR_27_21_7_14_SG,62.8,No,14,7,Yes,20,Insideclassroom,No,English,11_12,correr,simple-finite
y engaña a él en este.,4,13,2019,Münster,LI,3,female,21,NA,agent,MC,D,NA,GI,Y,nullsub,DE_WR_27_21_7_14_SG,62.8,No,14,7,Yes,20,Insideclassroom,No,English,11_13,engañar,simple-finite
Dice a una mujer,4,14,2019,Münster,LI,3,female,21,NA,agent,MC,D,NA,GI,Y,nullsub,DE_WR_27_21_7_14_SG,62.8,No,14,7,Yes,20,Insideclassroom,No,English,11_14,decir,simple-finite
"que está al lado del cochecito: [`Pardon me, you dropped something.`]",4,15,2019,Münster,LI,3,female,21,PRE,pacient,SC,D,DEF,GI,N,pron,DE_WR_27_21_7_14_SG,62.8,No,14,7,Yes,20,Insideclassroom,No,English,11_15,estar,simple-finite
La mujer se enfada,4,16,2019,Münster,LI,3,female,21,PRE,agent,MC,D,DEF,GI,Y,dp,DE_WR_27_21_7_14_SG,62.8,No,14,7,Yes,20,Insideclassroom,No,English,11_16,enfadarse,simple-finite
y Chaplin ve,4,17,2019,Münster,LI,3,female,21,NA,pacient,MC,D,NA,GI,N,nullsub,DE_WR_27_21_7_14_SG,62.8,No,14,7,Yes,20,Insideclassroom,No,English,11_17,ver,simple-finite
Toma el niño y coloca atrás a la calle.,4,19,2019,Münster,LI,3,female,21,NA,agent,MC,D,NA,GI,N,nullsub,DE_WR_27_21_7_14_SG,62.8,No,14,7,Yes,20,Insideclassroom,No,English,11_19,tomar,simple-finite
"Cuando vió un oficial,",4,20,2019,Münster,LI,3,female,21,NA,pacient,MC,D,NA,GI,Y,nullsub,DE_WR_27_21_7_14_SG,62.8,No,14,7,Yes,20,Insideclassroom,No,English,11_20,ver,simple-finite
tomó otra vez el niño,4,21,2019,Münster,LI,3,female,21,NA,agent,MC,D,NA,GI,Y,nullsub,DE_WR_27_21_7_14_SG,62.8,No,14,7,Yes,20,Insideclassroom,No,English,11_21,tomar,simple-finite
y se marcha.,4,22,2019,Münster,LI,3,female,21,NA,agent,MC,D,NA,GI,Y,nullsub,DE_WR_27_21_7_14_SG,62.8,No,14,7,Yes,20,Insideclassroom,No,English,11_22,marcharse,simple-finite
"En la calle se encuentra a un hombre viejo,",4,23,2019,Münster,LI,3,female,21,NA,pacient,MC,D,NA,GI,Y,nullsub,DE_WR_27_21_7_14_SG,62.8,No,14,7,Yes,20,Insideclassroom,No,English,11_23,encontrarse,simple-finite
da el niño a sus manos,4,24,2019,Münster,LI,3,female,21,NA,agent,MC,D,NA,GI,Y,nullsub,DE_WR_27_21_7_14_SG,62.8,No,14,7,Yes,20,Insideclassroom,No,English,11_24,dar,simple-finite
y sale corriendo.,4,25,2019,Münster,LI,3,female,21,NA,agent,MC,D,NA,GI,Y,nullsub,DE_WR_27_21_7_14_SG,62.8,No,14,7,Yes,20,Insideclassroom,No,English,11_25,salir,simple-finite
El hombre viejo engaña al niño otra vez en el chochecito.,4,26,2019,Münster,LI,3,female,21,PRE,agent,MC,D,DEF,GI,N,dp,DE_WR_27_21_7_14_SG,62.8,No,14,7,Yes,20,Insideclassroom,No,English,11_26,engañar,simple-finite
La mujer del bebé […] se enrabia,4,27,2019,Münster,LI,3,female,21,PRE,agent,MC,D,DEF,GI,N,dp,DE_WR_27_21_7_14_SG,62.8,No,14,7,Yes,20,Insideclassroom,No,English,11_27,enfadarse,simple-finite
que fue em el cochecito,4,28,2019,Münster,LI,3,female,21,NA,pacient,SC,D,NA,GI,N,nullsub,DE_WR_27_21_7_14_SG,62.8,No,14,7,Yes,20,Insideclassroom,No,English,11_28,ser,simple-finite
cuando vió el orto niño al lado de su hijo.,4,29,2019,Münster,LI,3,female,21,NA,pacient,SC,D,NA,GI,Y,nullsub,DE_WR_27_21_7_14_SG,62.8,No,14,7,Yes,20,Insideclassroom,No,English,11_29,ver,simple-finite
"Por siguiente, se cae algo de arriba",4,3,2019,Münster,LI,3,female,21,POST,pacient,MC,D,DEF,NE,N,pron,DE_WR_27_21_7_14_SG,62.8,No,14,7,Yes,20,Insideclassroom,No,English,11_3,caer,simple-finite
Chaplin pasa la chochecito,4,30,2019,Münster,LI,3,female,21,PRE,pacient,MC,D,DEF,GI,N,dp,DE_WR_27_21_7_14_SG,62.8,No,14,7,Yes,20,Insideclassroom,No,English,11_30,pasar,simple-finite
y la mujer va a la zaga de él.,4,31,2019,Münster,LI,3,female,21,PRE,agent,MC,D,DEF,GI,N,dp,DE_WR_27_21_7_14_SG,62.8,No,14,7,Yes,20,Insideclassroom,No,English,11_31,ir,simple-finite
Ella machaca a Chaplin,4,32,2019,Münster,LI,3,female,21,PRE,agent,MC,D,DEF,GI,Y,pron,DE_WR_27_21_7_14_SG,62.8,No,14,7,Yes,20,Insideclassroom,No,English,11_32,machacar,simple-finite
"y cuando el oficial cruza la calle,",4,33,2019,Münster,LI,3,female,21,PRE,agent,SC,D,DEF,GI,N,dp,DE_WR_27_21_7_14_SG,62.8,No,14,7,Yes,20,Insideclassroom,No,English,11_33,cruzar,simple-finite
Chaplin tomo otra vez el niño,4,34,2019,Münster,LI,3,female,21,PRE,agent,MC,D,DEF,GI,N,dp,DE_WR_27_21_7_14_SG,62.8,No,14,7,Yes,20,Insideclassroom,No,English,11_34,tomar,simple-finite
y se sentó a la calle con el niño en brazos.,5,35,2019,Münster,LI,3,female,21,NA,agent,MC,D,NA,GI,Y,nullsub,DE_WR_27_21_7_14_SG,62.8,No,14,7,Yes,20,Insideclassroom,No,English,11_35,sentarse,simple-finite
"De pronto, descubre un papel en la manta del bebé.",5,36,2019,Münster,LI,3,female,21,NA,pacient,MC,D,NA,GI,Y,nullsub,DE_WR_27_21_7_14_SG,62.8,No,14,7,Yes,20,Insideclassroom,No,English,11_36,descubrir,simple-finite
Enchufa al papel,5,37,2019,Münster,LI,3,female,21,NA,agent,MC,D,NA,GI,Y,nullsub,DE_WR_27_21_7_14_SG,62.8,No,14,7,Yes,20,Insideclassroom,No,English,11_37,enchufar,simple-finite
y se va con el niño el sus manos.,5,38,2019,Münster,LI,3,female,21,NA,agent,MC,D,NA,GI,Y,nullsub,DE_WR_27_21_7_14_SG,62.8,No,14,7,Yes,20,Insideclassroom,No,English,11_38,irse,simple-finite
y acerta Chaplin en su cabeza.,5,4,2019,Münster,LI,3,female,21,NA,agent,MC,D,NA,GI,Y,nullsub,DE_WR_27_21_7_14_SG,62.8,No,14,7,Yes,20,Insideclassroom,No,English,11_4,acertar,simple-finite
Chaplin saca una caja de cigarettos de su bolsillo,5,5,2019,Münster,LI,3,female,21,PRE,agent,MC,D,DEF,GI,N,dp,DE_WR_27_21_7_14_SG,62.8,No,14,7,Yes,20,Insideclassroom,No,English,11_5,sacar,simple-finite
y encenerla.,5,6,2019,Münster,LI,3,female,21,NA,agent,MC,D,NA,GI,Y,nullsub,DE_WR_27_21_7_14_SG,62.8,No,14,7,Yes,20,Insideclassroom,No,English,11_6,encender,simple-finite
Después tira sus guantes en un cuba.,5,7,2019,Münster,LI,3,female,21,NA,agent,MC,D,NA,GI,Y,nullsub,DE_WR_27_21_7_14_SG,62.8,No,14,7,Yes,20,Insideclassroom,No,English,11_7,tirar,simple-finite
"De repente, vió a un bebé",5,8,2019,Münster,LI,3,female,21,NA,pacient,MC,D,NA,GI,Y,nullsub,DE_WR_27_21_7_14_SG,62.8,No,14,7,Yes,20,Insideclassroom,No,English,11_8,ver,simple-finite
que esta emplazado en la calle en una manta.,5,9,2019,Münster,LI,3,female,21,PRE,pacient,MC,D,DEF,GI,N,pron,DE_WR_27_21_7_14_SG,62.8,No,14,7,Yes,20,Insideclassroom,No,English,11_9,estar,simple-finite
Ese vídeo trata de Charlie Chaplin y un bebé,5,1,2019,Münster,LI,3,female,21,PRE,pacient,MC,D,DEF,NE,N,dp,DE_WR_28_21_5_14_MZ,65.1,No,16,5,Yes,5,Insideclassroom,No,English,12_1,tratar,simple-finite
pero la mujer se enfadarse,5,10,2019,Münster,LI,3,female,21,PRE,agent,MC,D,DEF,GI,N,dp,DE_WR_28_21_5_14_MZ,65.1,No,16,5,Yes,5,Insideclassroom,No,English,12_10,enfadarse,simple-finite
y por eso Charlie tiene que cogerlo otra vez.,5,11,2019,Münster,LI,3,female,21,PRE,agent,MC,D,DEF,GI,N,dp,DE_WR_28_21_5_14_MZ,65.1,No,16,5,Yes,5,Insideclassroom,No,English,12_11,coger,modal
Después el quiere poner el bebé,5,12,2019,Münster,LI,3,female,21,PRE,agent,MC,D,DEF,GI,Y,pron,DE_WR_28_21_5_14_MZ,65.1,No,16,5,Yes,5,Insideclassroom,No,English,12_12,poner,modal
donde el le encontró,5,13,2019,Münster,LI,3,female,21,PRE,agent,SC,D,DEF,GI,Y,pron,DE_WR_28_21_5_14_MZ,65.1,No,16,5,Yes,5,Insideclassroom,No,English,12_13,encontrar,simple-finite
pero la policía lo ve,5,14,2019,Münster,LI,3,female,21,PRE,pacient,MC,D,DEF,NE,N,dp,DE_WR_28_21_5_14_MZ,65.1,No,16,5,Yes,5,Insideclassroom,No,English,12_14,ver,simple-finite
y el tiene que traer bebé.,5,15,2019,Münster,LI,3,female,21,PRE,agent,MC,D,DEF,GI,N,pron,DE_WR_28_21_5_14_MZ,65.1,No,16,5,Yes,5,Insideclassroom,No,English,12_15,traer,modal
A causa de una trampa el da el bebé a un hombre extraño,5,16,2019,Münster,LI,3,female,21,PRE,agent,MC,D,DEF,GI,Y,pron,DE_WR_28_21_5_14_MZ,65.1,No,16,5,Yes,5,Insideclassroom,No,English,12_16,dar,simple-finite
y el fui.,5,17,2019,Münster,LI,3,female,21,PRE,pacient,MC,D,DEF,GI,Y,pron,DE_WR_28_21_5_14_MZ,65.1,No,16,5,Yes,5,Insideclassroom,No,English,12_17,ser,simple-finite
El hombre no quiere el bebé tampoco,5,18,2019,Münster,LI,3,female,21,PRE,agent,MC,D,DEF,GI,N,dp,DE_WR_28_21_5_14_MZ,65.1,No,16,5,Yes,5,Insideclassroom,No,English,12_18,querer,simple-finite
y por eso el le pone en el coche de niños de la mujer del principio.,5,19,2019,Münster,LI,3,female,21,PRE,agent,MC,D,DEF,GI,Y,pron,DE_WR_28_21_5_14_MZ,65.1,No,16,5,Yes,5,Insideclassroom,No,English,12_19,poner,simple-finite
que el encontró en un sitio abandonado.,5,2,2019,Münster,LI,3,female,21,PRE,agent,SC,D,DEF,GI,Y,pron,DE_WR_28_21_5_14_MZ,65.1,No,16,5,Yes,5,Insideclassroom,No,English,12_2,encontrar,simple-finite
Charlie pasa la mujer,5,20,2019,Münster,LI,3,female,21,PRE,pacient,MC,D,DEF,GI,N,dp,DE_WR_28_21_5_14_MZ,65.1,No,16,5,Yes,5,Insideclassroom,No,English,12_20,pasar,simple-finite
y ella se enfada otra vez,6,21,2019,Münster,LI,3,female,21,PRE,agent,MC,D,DEF,GI,N,pron,DE_WR_28_21_5_14_MZ,65.1,No,16,5,Yes,5,Insideclassroom,No,English,12_21,enfadarse,simple-finite
y Charlie va con el bebé en una calle.,6,22,2019,Münster,LI,3,female,21,PRE,agent,MC,D,DEF,GI,N,dp,DE_WR_28_21_5_14_MZ,65.1,No,16,5,Yes,5,Insideclassroom,No,English,12_22,ir,simple-finite
Al final el encontró una carta,6,23,2019,Münster,LI,3,female,21,PRE,agent,MC,D,DEF,GI,Y,pron,DE_WR_28_21_5_14_MZ,65.1,No,16,5,Yes,5,Insideclassroom,No,English,12_23,encontrar,simple-finite
que llevó el bebé.,6,25,2019,Münster,LI,3,female,21,PRE,pacient,SC,D,DEF,GI,N,pron,DE_WR_28_21_5_14_MZ,65.1,No,16,5,Yes,5,Insideclassroom,No,English,12_25,llevar,simple-finite
Por eso el ame el bebé,6,26,2019,Münster,LI,3,female,21,PRE,agent,MC,D,DEF,GI,Y,pron,DE_WR_28_21_5_14_MZ,65.1,No,16,5,Yes,5,Insideclassroom,No,English,12_26,amar,simple-finite
y el de fue.,6,27,2019,Münster,LI,3,female,21,PRE,agent,MC,D,DEF,GI,Y,pron,DE_WR_28_21_5_14_MZ,65.1,No,16,5,Yes,5,Insideclassroom,No,English,12_27,irse,simple-finite
El quiere desprender el bebé,6,3,2019,Münster,LI,3,female,21,PRE,agent,MC,D,DEF,GI,Y,pron,DE_WR_28_21_5_14_MZ,65.1,No,16,5,Yes,5,Insideclassroom,No,English,12_3,desprender,simple-finite
y lo hace en maneras diversas.,6,4,2019,Münster,LI,3,female,21,NA,agent,MC,D,NA,GI,Y,nullsub,DE_WR_28_21_5_14_MZ,65.1,No,16,5,Yes,5,Insideclassroom,No,English,12_4,hacer,simple-finite
Por principio el ve,6,5,2019,Münster,LI,3,female,21,PRE,pacient,MC,D,DEF,GI,Y,pron,DE_WR_28_21_5_14_MZ,65.1,No,16,5,Yes,5,Insideclassroom,No,English,12_5,ver,simple-finite
que una mujer con un coche de niños viene.,6,6,2019,Münster,LI,3,female,21,PRE,pacient,SC,D,INDEF,NE,N,dp,DE_WR_28_21_5_14_MZ,65.1,No,16,5,Yes,5,Insideclassroom,No,English,12_6,venir,simple-finite
El quiere darla el bebé,6,7,2019,Münster,LI,3,female,21,PRE,agent,MC,D,DEF,GI,N,pron,DE_WR_28_21_5_14_MZ,65.1,No,16,5,Yes,5,Insideclassroom,No,English,12_7,dar,simple-finite
y dice,7,8,2019,Münster,LI,3,female,21,NA,agent,MC,D,NA,GI,Y,nullsub,DE_WR_28_21_5_14_MZ,65.1,No,16,5,Yes,5,Insideclassroom,No,English,12_8,decir,simple-finite
que se cae algo.,7,9,2019,Münster,LI,3,female,21,POST,pacient,SC,D,DEF,GI,N,pron,DE_WR_28_21_5_14_MZ,65.1,No,16,5,Yes,5,Insideclassroom,No,English,12_9,caer,simple-finite
"En este clip de vídeo, Charlie Chaplin da un paseo en una calle sucia.",7,1,2019,Frankfurt,LI,3,male,28,PRE,agent,MC,D,DEF,NE,N,dp,DE_WR_28_28_1_14_GPT,65.1,No,28,1,Yes,20,Outsideclassroom,No,French,13_1,dar,periphrasis-lexical
ella está furiosa y confronta Charlie Chaplin.,7,10,2019,Frankfurt,LI,3,male,28,PRE,pacient,MC,D,DEF,GI,Y,pron,DE_WR_28_28_1_14_GPT,65.1,No,28,1,Yes,20,Outsideclassroom,No,French,13_10,estar,simple-finite
Por último Charlie Chaplin mantiene solamente con el bebé.,7,11,2019,Frankfurt,LI,3,male,28,PRE,agent,MC,D,DEF,GI,N,dp,DE_WR_28_28_1_14_GPT,65.1,No,28,1,Yes,20,Outsideclassroom,No,French,13_11,mantener,simple-finite
Le encuentro un bebé,7,2,2019,Frankfurt,LI,3,male,28,NA,agent,MC,D,NA,GI,Y,nullsub,DE_WR_28_28_1_14_GPT,65.1,No,28,1,Yes,20,Outsideclassroom,No,French,13_2,encontrar,simple-finite
y intento de dar el bebé á una madre,7,3,2019,Frankfurt,LI,3,male,28,NA,agent,MC,D,NA,GI,N,nullsub,DE_WR_28_28_1_14_GPT,65.1,No,28,1,Yes,20,Outsideclassroom,No,French,13_3,intentar,infinitive
que paseo por el parque con su niño.,7,4,2019,Frankfurt,LI,3,male,28,PRE,agent,SC,D,DEF,GI,N,pron,DE_WR_28_28_1_14_GPT,65.1,No,28,1,Yes,20,Outsideclassroom,No,French,13_4,pasear,simple-finite
La madre rechaza,7,5,2019,Frankfurt,LI,3,male,28,PRE,agent,MC,D,DEF,GI,Y,dp,DE_WR_28_28_1_14_GPT,65.1,No,28,1,Yes,20,Outsideclassroom,No,French,13_5,rechazar,simple-finite
y Chaplin da el bebé a un hombre.,7,6,2019,Frankfurt,LI,3,male,28,PRE,agent,MC,D,DEF,GI,N,dp,DE_WR_28_28_1_14_GPT,65.1,No,28,1,Yes,20,Outsideclassroom,No,French,13_6,dar,simple-finite
Este hombre ve el coche de bebé de la mujer con su niño,7,7,2019,Frankfurt,LI,3,male,28,PRE,pacient,MC,D,DEF,GI,N,dp,DE_WR_28_28_1_14_GPT,65.1,No,28,1,Yes,20,Outsideclassroom,No,French,13_7,ver,simple-finite
y intento de dar el bebé antes de correr.,7,8,2019,Frankfurt,LI,3,male,28,PRE,agent,MC,D,NA,GI,Y,nullsub,DE_WR_28_28_1_14_GPT,65.1,No,28,1,Yes,20,Outsideclassroom,No,French,13_8,intentar,infinitive
"Cuando la mujer ve el bebé,",7,9,2019,Frankfurt,LI,3,male,28,PRE,pacient,MC,D,DEF,GI,N,dp,DE_WR_28_28_1_14_GPT,65.1,No,28,1,Yes,20,Outsideclassroom,No,French,13_9,ver,simple-finite
Chaplin va a un calle.,7,1,2022,Innsbruck,UI,4,female,21,PRE,agent,MC,D,DEF,NE,N,dp,DE_WR_29_21_3_14_SN,67.4,No,16,3,No,900,Outsideclassroom,No,English,14_1,ir,simple-finite
y la mujer se va.,7,10,2022,Innsbruck,UI,4,female,21,PRE,agent,MC,D,DEF,GI,N,dp,DE_WR_29_21_3_14_SN,67.4,No,16,3,No,900,Outsideclassroom,No,English,14_10,irse,simple-finite
Despues Chaplin pone el bebé en el calle,7,11,2022,Innsbruck,UI,4,female,21,PRE,agent,MC,D,DEF,GI,N,dp,DE_WR_29_21_3_14_SN,67.4,No,16,3,No,900,Outsideclassroom,No,English,14_11,poner,simple-finite
pero la policia viene,7,12,2022,Innsbruck,UI,4,female,21,PRE,pacient,MC,D,DEF,NE,N,dp,DE_WR_29_21_3_14_SN,67.4,No,16,3,No,900,Outsideclassroom,No,English,14_12,venir,simple-finite
y Chaplin tiene tomar el bebé.,7,13,2022,Innsbruck,UI,4,female,21,PRE,agent,MC,D,DEF,GI,N,dp,DE_WR_29_21_3_14_SN,67.4,No,16,3,No,900,Outsideclassroom,No,English,14_13,tomar,simple-finite
El lo da a un hombre y corre.,7,14,2022,Innsbruck,UI,4,female,21,PRE,agent,MC,D,DEF,GI,Y,pron,DE_WR_29_21_3_14_SN,67.4,No,16,3,No,900,Outsideclassroom,No,English,14_14,dar,simple-finite
El hombre pone el bebé a la mujer,7,15,2022,Innsbruck,UI,4,female,21,PRE,agent,MC,D,DEF,GI,N,dp,DE_WR_29_21_3_14_SN,67.4,No,16,3,No,900,Outsideclassroom,No,English,14_15,poner,simple-finite
que Chaplin ha intentado dar el bebé.,7,16,2022,Innsbruck,UI,4,female,21,PRE,agent,SC,D,DEF,GI,N,dp,DE_WR_29_21_3_14_SN,67.4,No,16,3,No,900,Outsideclassroom,No,English,14_16,intentar,simple-finite
Chaplin y la mujer encontran,7,17,2022,Innsbruck,UI,4,female,21,PRE,agent,MC,D,DEF,GI,Y,dp,DE_WR_29_21_3_14_SN,67.4,No,16,3,No,900,Outsideclassroom,No,English,14_17,encontrar,simple-finite
y el deba tomar el bebé.,7,18,2022,Innsbruck,UI,4,female,21,PRE,agent,MC,D,DEF,GI,Y,pron,DE_WR_29_21_3_14_SN,67.4,No,16,3,No,900,Outsideclassroom,No,English,14_18,tomar,modal
Despues esta en el calle con el bebé,7,19,2022,Innsbruck,UI,4,female,21,NA,pacient,MC,D,NA,GI,Y,nullsub,DE_WR_29_21_3_14_SN,67.4,No,16,3,No,900,Outsideclassroom,No,English,14_19,estar,simple-finite
Personas echan cosas en le.,7,2,2022,Innsbruck,UI,4,female,21,PRE,agent,MC,D,INDEF,NE,N,dp,DE_WR_29_21_3_14_SN,67.4,No,16,3,No,900,Outsideclassroom,No,English,14_2,echar,simple-finite
y encontra una carta a el bebé,7,20,2022,Innsbruck,UI,4,female,21,NA,agent,MC,D,NA,GI,Y,nullsub,DE_WR_29_21_3_14_SN,67.4,No,16,3,No,900,Outsideclassroom,No,English,14_20,encontrar,simple-finite
que dice,7,21,2022,Innsbruck,UI,4,female,21,PRE,agent,SC,D,DEF,GI,N,pron,DE_WR_29_21_3_14_SN,67.4,No,16,3,No,900,Outsideclassroom,No,English,14_21,decir,simple-finite
el debe amar el bebé.,8,22,2022,Innsbruck,UI,4,female,21,PRE,agent,MC,D,DEF,GI,N,pron,DE_WR_29_21_3_14_SN,67.4,No,16,3,No,900,Outsideclassroom,No,English,14_22,amar,modal
Chaplin se va con el bebé.,8,23,2022,Innsbruck,UI,4,female,21,PRE,agent,MC,D,DEF,GI,Y,dp,DE_WR_29_21_3_14_SN,67.4,No,16,3,No,900,Outsideclassroom,No,English,14_23,irse,simple-finite
Entonces toma un cigarro,8,3,2022,Innsbruck,UI,4,female,21,NA,agent,MC,D,NA,GI,N,nullsub,DE_WR_29_21_3_14_SN,67.4,No,16,3,No,900,Outsideclassroom,No,English,14_3,tomar,simple-finite
y encender lo con su zapato.,8,4,2022,Innsbruck,UI,4,female,21,NA,agent,MC,D,NA,GI,Y,nullsub,DE_WR_29_21_3_14_SN,67.4,No,16,3,No,900,Outsideclassroom,No,English,14_4,encender,simple-finite
El tira sus guantes.,8,5,2022,Innsbruck,UI,4,female,21,PRE,agent,MC,D,DEF,GI,Y,pron,DE_WR_29_21_3_14_SN,67.4,No,16,3,No,900,Outsideclassroom,No,English,14_5,tirar,simple-finite
Despues el encontra a  un bebé.,8,6,2022,Innsbruck,UI,4,female,21,PRE,agent,MC,D,DEF,GI,Y,pron,DE_WR_29_21_3_14_SN,67.4,No,16,3,No,900,Outsideclassroom,No,English,14_6,encontrar,simple-finite
El ententa dar el bebe a una mujer,8,7,2022,Innsbruck,UI,4,female,21,PRE,agent,MC,D,DEF,GI,Y,pron,DE_WR_29_21_3_14_SN,67.4,No,16,3,No,900,Outsideclassroom,No,English,14_7,intentar,infinitive
pero ella no quiero lo.,8,8,2022,Innsbruck,UI,4,female,21,PRE,agent,MC,D,DEF,GI,N,pron,DE_WR_29_21_3_14_SN,67.4,No,16,3,No,900,Outsideclassroom,No,English,14_8,querer,simple-finite
Chaplin toma el bebé nuevamente,8,9,2022,Innsbruck,UI,4,female,21,PRE,agent,MC,D,DEF,GI,N,dp,DE_WR_29_21_3_14_SN,67.4,No,16,3,No,900,Outsideclassroom,No,English,14_9,tomar,simple-finite
"Chaplin va en un calle, al lado de una casa.",8,1,2018,Hamburg,UI,4,male,21,PRE,agent,MC,D,DEF,NE,N,dp,DE_WR_30_21_4_14_LM,69.8,No,17,4,No,15,Outsideclassroom,No,English,15_1,ir,simple-finite
y chaplin va a la con el bebe.,8,10,2018,Hamburg,UI,4,male,21,PRE,agent,MC,D,DEF,GI,N,dp,DE_WR_30_21_4_14_LM,69.8,No,17,4,No,15,Outsideclassroom,No,English,15_10,ir,simple-finite
Chaplin da el bebe a la mujer.,8,11,2018,Hamburg,UI,4,male,21,PRE,agent,MC,D,DEF,GI,Y,dp,DE_WR_30_21_4_14_LM,69.8,No,17,4,No,15,Outsideclassroom,No,English,15_11,dar,simple-finite
La mujer no quiere el bebe,8,12,2018,Hamburg,UI,4,male,21,PRE,agent,MC,D,DEF,GI,N,dp,DE_WR_30_21_4_14_LM,69.8,No,17,4,No,15,Outsideclassroom,No,English,15_12,querer,simple-finite
proque no es ella.,8,13,2018,Hamburg,UI,4,male,21,POST,pacient,SC,D,DEF,GI,N,pron,DE_WR_30_21_4_14_LM,69.8,No,17,4,No,15,Outsideclassroom,No,English,15_13,ser,simple-finite
Entonce chaplin pone el bebe en el tierra de nuevo.,9,14,2018,Hamburg,UI,4,male,21,PRE,agent,MC,D,DEF,GI,N,dp,DE_WR_30_21_4_14_LM,69.8,No,17,4,No,15,Outsideclassroom,No,English,15_14,poner,simple-finite
Un policista aperece,9,15,2018,Hamburg,UI,4,male,21,PRE,pacient,MC,D,INDEF,NE,N,dp,DE_WR_30_21_4_14_LM,69.8,No,17,4,No,15,Outsideclassroom,No,English,15_15,aparecer,simple-finite
y miraba,9,16,2018,Hamburg,UI,4,male,21,NA,agent,MC,D,NA,GI,Y,nullsub,DE_WR_30_21_4_14_LM,69.8,No,17,4,No,15,Outsideclassroom,No,English,15_16,mirar,simple-finite
que chaplin hizo.,9,17,2018,Hamburg,UI,4,male,21,PRE,agent,SC,D,DEF,GI,N,dp,DE_WR_30_21_4_14_LM,69.8,No,17,4,No,15,Outsideclassroom,No,English,15_17,hacer,simple-finite
Pues recoge el bebe,9,18,2018,Hamburg,UI,4,male,21,NA,agent,MC,D,NA,GI,N,nullsub,DE_WR_30_21_4_14_LM,69.8,No,17,4,No,15,Outsideclassroom,No,English,15_18,recoger,simple-finite
y sale.,9,19,2018,Hamburg,UI,4,male,21,NA,agent,MC,D,NA,GI,Y,nullsub,DE_WR_30_21_4_14_LM,69.8,No,17,4,No,15,Outsideclassroom,No,English,15_19,salir,simple-finite
De repente una cosa paso,9,2,2018,Hamburg,UI,4,male,21,PRE,pacient,MC,D,INDEF,NE,N,dp,DE_WR_30_21_4_14_LM,69.8,No,17,4,No,15,Outsideclassroom,No,English,15_2,pasar,simple-finite
Entonces chaplin da el bebe a un anciano,9,20,2018,Hamburg,UI,4,male,21,PRE,agent,MC,D,DEF,GI,Y,dp,DE_WR_30_21_4_14_LM,69.8,No,17,4,No,15,Outsideclassroom,No,English,15_20,dar,simple-finite
y chaplin esta furioso.,9,3,2018,Hamburg,UI,4,male,21,PRE,pacient,MC,D,DEF,GI,N,dp,DE_WR_30_21_4_14_LM,69.8,No,17,4,No,15,Outsideclassroom,No,English,15_3,estar,simple-finite
Una carta aperece con el frase [''Akward Ass''],9,4,2018,Hamburg,UI,4,male,21,PRE,pacient,MC,D,INDEF,NE,N,dp,DE_WR_30_21_4_14_LM,69.8,No,17,4,No,15,Outsideclassroom,No,English,15_4,aparecer,simple-finite
Busca un cigarillo,9,5,2018,Hamburg,UI,4,male,21,NA,agent,MC,D,NA,GI,N,nullsub,DE_WR_30_21_4_14_LM,69.8,No,17,4,No,15,Outsideclassroom,No,English,15_5,buscar,simple-finite
y empeza a fumar.,9,6,2018,Hamburg,UI,4,male,21,NA,agent,MC,D,NA,GI,Y,nullsub,DE_WR_30_21_4_14_LM,69.8,No,17,4,No,15,Outsideclassroom,No,English,15_6,empezar,simple-finite
Entonces encontra un bebe,9,7,2018,Hamburg,UI,4,male,21,NA,agent,MC,D,NA,GI,Y,nullsub,DE_WR_30_21_4_14_LM,69.8,No,17,4,No,15,Outsideclassroom,No,English,15_7,encontrar,simple-finite
que esta sentiendo en el tierra.,9,8,2018,Hamburg,UI,4,male,21,PRE,agent,SC,D,DEF,GI,N,pron,DE_WR_30_21_4_14_LM,69.8,No,17,4,No,15,Outsideclassroom,No,English,15_8,sentir,periphrasis-gerund
Una mujer aperece,9,9,2018,Hamburg,UI,4,male,21,PRE,pacient,MC,D,INDEF,NE,N,dp,DE_WR_30_21_4_14_LM,69.8,No,17,4,No,15,Outsideclassroom,No,English,15_9,aparecer,simple-finite
Al principio de este video pequeño se muestra el caracter principal,9,1,2019,Münster,UI,4,female,20,POST,pacient,MC,D,DEF,NE,N,dp,DE_WR_31_20_4_14_EK,72.1,Yes,15,4,Yes,20,Insideclassroom,Yes,Greek,16_1,mostrarse,simple-finite
de dónde es este bebé [...],9,10,2019,Münster,UI,4,female,20,POST,pacient,SC,I,DEF,GI,N,dp,DE_WR_31_20_4_14_EK,72.1,Yes,15,4,Yes,20,Insideclassroom,Yes,Greek,16_10,ser,simple-finite
"que parece muy joven,",9,11,2019,Münster,UI,4,female,20,PRE,pacient,SC,D,DEF,GI,Y,pron,DE_WR_31_20_4_14_EK,72.1,Yes,15,4,Yes,20,Insideclassroom,Yes,Greek,16_11,parecer,simple-finite
pero en el primer momento no puede encontrar nadie.,9,12,2019,Münster,UI,4,female,20,NA,agent,MC,D,NA,GI,N,nullsub,DE_WR_31_20_4_14_EK,72.1,Yes,15,4,Yes,20,Insideclassroom,Yes,Greek,16_12,encontrar,modal
Charles Chaplin recoge el bebé,9,13,2019,Münster,UI,4,female,20,PRE,agent,MC,D,DEF,GI,Y,dp,DE_WR_31_20_4_14_EK,72.1,Yes,15,4,Yes,20,Insideclassroom,Yes,Greek,16_13,recoger,simple-finite
cuando una mujer con un cochecito pasa por su espalda.,9,14,2019,Münster,UI,4,female,20,PRE,pacient,SC,D,INDEF,NE,N,dp,DE_WR_31_20_4_14_EK,72.1,Yes,15,4,Yes,20,Insideclassroom,Yes,Greek,16_14,pasar,simple-finite
Chaplin aprovecha el momente,9,15,2019,Münster,UI,4,female,20,PRE,agent,MC,D,DEF,GI,N,dp,DE_WR_31_20_4_14_EK,72.1,Yes,15,4,Yes,20,Insideclassroom,Yes,Greek,16_15,aprovechar,simple-finite
durante el que la mujer no mira al cochecito,9,16,2019,Münster,UI,4,female,20,PRE,agent,SC,D,DEF,GI,N,dp,DE_WR_31_20_4_14_EK,72.1,Yes,15,4,Yes,20,Insideclassroom,Yes,Greek,16_16,mirar,simple-finite
y pone el bebé aquí.,9,17,2019,Münster,UI,4,female,20,NA,agent,MC,D,NA,GI,N,nullsub,DE_WR_31_20_4_14_EK,72.1,Yes,15,4,Yes,20,Insideclassroom,Yes,Greek,16_17,poner,simple-finite
"Pero sus planen no funcionaban,",9,18,2019,Münster,UI,4,female,20,PRE,agent,MC,D,DEF,NE,N,dp,DE_WR_31_20_4_14_EK,72.1,Yes,15,4,Yes,20,Insideclassroom,Yes,Greek,16_18,funcionar,simple-finite
la mujer se pone enfandada,9,19,2019,Münster,UI,4,female,20,PRE,agent,MC,D,DEF,GI,N,dp,DE_WR_31_20_4_14_EK,72.1,Yes,15,4,Yes,20,Insideclassroom,Yes,Greek,16_19,ponerse,periphrasis-lexical
porque no es el suyo,9,20,2019,Münster,UI,4,female,20,NA,pacient,SC,D,NA,GI,N,nullsub,DE_WR_31_20_4_14_EK,72.1,Yes,15,4,Yes,20,Insideclassroom,Yes,Greek,16_20,ser,simple-finite
y al finla de esta acción Chaplin ya tiene el bebé.,9,21,2019,Münster,UI,4,female,20,PRE,pacient,MC,D,DEF,GI,N,dp,DE_WR_31_20_4_14_EK,72.1,Yes,15,4,Yes,20,Insideclassroom,Yes,Greek,16_21,tener,simple-finite
La historia continua con Chaplin,9,22,2019,Münster,UI,4,female,20,PRE,agent,MC,D,DEF,NE,N,dp,DE_WR_31_20_4_14_EK,72.1,Yes,15,4,Yes,20,Insideclassroom,Yes,Greek,16_22,continuar,simple-finite
donde lo encontró,10,24,2019,Münster,UI,4,female,20,NA,agent,SC,D,NA,GI,Y,nullsub,DE_WR_31_20_4_14_EK,72.1,Yes,15,4,Yes,20,Insideclassroom,Yes,Greek,16_24,encontrar,simple-finite
y un hombre con un uniforme lo ve,10,25,2019,Münster,UI,4,female,20,PRE,pacient,MC,D,INDEF,NE,N,dp,DE_WR_31_20_4_14_EK,72.1,Yes,15,4,Yes,20,Insideclassroom,Yes,Greek,16_25,ver,simple-finite
y Chaplin tiene que quedar con eso.,10,26,2019,Münster,UI,4,female,20,PRE,pacient,MC,D,DEF,GI,N,dp,DE_WR_31_20_4_14_EK,72.1,Yes,15,4,Yes,20,Insideclassroom,Yes,Greek,16_26,tener,simple-finite
Darlo a un hombre ajeno,10,27,2019,Münster,UI,4,female,20,NA,agent,MC,D,NA,GI,Y,nullsub,DE_WR_31_20_4_14_EK,72.1,Yes,15,4,Yes,20,Insideclassroom,Yes,Greek,16_27,dar,simple-finite
pero él lo pone otra vez en el cochecito de la misma mujer.,10,28,2019,Münster,UI,4,female,20,PRE,agent,MC,D,DEF,GI,Y,pron,DE_WR_31_20_4_14_EK,72.1,Yes,15,4,Yes,20,Insideclassroom,Yes,Greek,16_28,poner,simple-finite
Al final Chaplin queda con el bebé,10,29,2019,Münster,UI,4,female,20,PRE,agent,MC,D,DEF,GI,Y,dp,DE_WR_31_20_4_14_EK,72.1,Yes,15,4,Yes,20,Insideclassroom,Yes,Greek,16_29,quedar,simple-finite
Eso parece como un escenario consabido,10,3,2019,Münster,UI,4,female,20,PRE,pacient,MC,D,INDEF,NE,N,dp,DE_WR_31_20_4_14_EK,72.1,Yes,15,4,Yes,20,Insideclassroom,Yes,Greek,16_3,parece,simple-finite
porque encuentra un papelito,10,30,2019,Münster,UI,4,female,20,NA,agent,SC,D,NA,GI,Y,nullsub,DE_WR_31_20_4_14_EK,72.1,Yes,15,4,Yes,20,Insideclassroom,Yes,Greek,16_30,encontrar,simple-finite
que necesita amor.,10,32,2019,Münster,UI,4,female,20,NA,agent,SC,D,NA,GI,N,nullsub,DE_WR_31_20_4_14_EK,72.1,Yes,15,4,Yes,20,Insideclassroom,Yes,Greek,16_32,necesitar,simple-finite
"porque busca algo para fumar en su chaqueta,",10,4,2019,Münster,UI,4,female,20,NA,agent,SC,D,NA,GI,N,nullsub,DE_WR_31_20_4_14_EK,72.1,Yes,15,4,Yes,20,Insideclassroom,Yes,Greek,16_4,buscar,simple-finite
"quita sus guantes,",10,5,2019,Münster,UI,4,female,20,NA,agent,MC,D,NA,GI,Y,nullsub,DE_WR_31_20_4_14_EK,72.1,Yes,15,4,Yes,20,Insideclassroom,Yes,Greek,16_5,quitar,simple-finite
encende un fósforo con la ayuda de sus zapatos,10,6,2019,Münster,UI,4,female,20,NA,agent,MC,D,NA,GI,Y,nullsub,DE_WR_31_20_4_14_EK,72.1,Yes,15,4,Yes,20,Insideclassroom,Yes,Greek,16_6,encender,simple-finite
al final tira sus guantes para empezar fumar.,10,7,2019,Münster,UI,4,female,20,NA,agent,MC,D,NA,GI,Y,nullsub,DE_WR_31_20_4_14_EK,72.1,Yes,15,4,Yes,20,Insideclassroom,Yes,Greek,16_7,tirar,simple-finite
En este momento encuentra un bebé al lado de un cubo de la basura.,10,8,2019,Münster,UI,4,female,20,NA,agent,MC,D,NA,GI,Y,nullsub,DE_WR_31_20_4_14_EK,72.1,Yes,15,4,Yes,20,Insideclassroom,Yes,Greek,16_8,encontrar,simple-finite
Para descubrir […] mira alrededor,10,9,2019,Münster,UI,4,female,20,NA,pacient,MC,D,NA,GI,Y,nullsub,DE_WR_31_20_4_14_EK,72.1,Yes,15,4,Yes,20,Insideclassroom,Yes,Greek,16_9,descubrir,simple-finite
Charles caminó por la calle,10,1,2018,Bremen,UI,4,female,24,PRE,agent,MC,D,DEF,NE,N,dp,DE_WR_31_24_7_14_AP,72.1,No,16,7,Yes,5,Outsideclassroom,No,English,17_1,caminar,simple-finite
Pelearon,10,10,2018,Bremen,UI,4,female,24,NA,agent,MC,D,NA,GI,N,nullsub,DE_WR_31_24_7_14_AP,72.1,No,16,7,Yes,5,Outsideclassroom,No,English,17_10,pelear,simple-finite
hasta que tenía que sacar el bebé del carro.,10,11,2018,Bremen,UI,4,female,24,NA,agent,SC,D,NA,GI,N,nullsub,DE_WR_31_24_7_14_AP,72.1,No,16,7,Yes,5,Outsideclassroom,No,English,17_11,sacar,modal
Quería dejar el bebé,10,12,2018,Bremen,UI,4,female,24,NA,agent,MC,D,NA,GI,Y,nullsub,DE_WR_31_24_7_14_AP,72.1,No,16,7,Yes,5,Outsideclassroom,No,English,17_12,dejar,modal
donde lo encontro,10,13,2018,Bremen,UI,4,female,24,NA,agent,SC,D,NA,GI,Y,nullsub,DE_WR_31_24_7_14_AP,72.1,No,16,7,Yes,5,Outsideclassroom,No,English,17_13,encontrar,simple-finite
pero vino un policia,10,14,2018,Bremen,UI,4,female,24,POST,pacient,MC,D,INDEF,NE,N,dp,DE_WR_31_24_7_14_AP,72.1,No,16,7,Yes,5,Outsideclassroom,No,English,17_14,venir,simple-finite
que pensó,10,15,2018,Bremen,UI,4,female,24,PRE,agent,SC,D,DEF,GI,Y,pron,DE_WR_31_24_7_14_AP,72.1,No,16,7,Yes,5,Outsideclassroom,No,English,17_15,pensar,simple-finite
que el iba a dejar su bebé abandonado en la calle.,10,16,2018,Bremen,UI,4,female,24,PRE,agent,SC,D,DEF,GI,N,pron,DE_WR_31_24_7_14_AP,72.1,No,16,7,Yes,5,Outsideclassroom,No,English,17_16,dejar,periphrasis-lexical
Llevó el ninyo,10,17,2018,Bremen,UI,4,female,24,NA,pacient,MC,D,NA,GI,Y,nullsub,DE_WR_31_24_7_14_AP,72.1,No,16,7,Yes,5,Outsideclassroom,No,English,17_17,llevar,simple-finite
y intento de dejarlo con otras personas en varias maneras.,10,18,2018,Bremen,UI,4,female,24,NA,agent,MC,D,NA,GI,Y,nullsub,DE_WR_31_24_7_14_AP,72.1,No,16,7,Yes,5,Outsideclassroom,No,English,17_18,intentar,infinitive
Siempre volvio a estar con el bebé.,10,19,2018,Bremen,UI,4,female,24,NA,agent,MC,D,NA,GI,Y,nullsub,DE_WR_31_24_7_14_AP,72.1,No,16,7,Yes,5,Outsideclassroom,No,English,17_19,estar,periphrasis-lexical
mientras varias cosas cayaron de las casas.,10,2,2018,Bremen,UI,4,female,24,PRE,pacient,SC,D,INDEF,NE,N,dp,DE_WR_31_24_7_14_AP,72.1,No,16,7,Yes,5,Outsideclassroom,No,English,17_2,caer,simple-finite
Al final encontró un papel,10,20,2018,Bremen,UI,4,female,24,NA,agent,MC,D,NA,GI,Y,nullsub,DE_WR_31_24_7_14_AP,72.1,No,16,7,Yes,5,Outsideclassroom,No,English,17_20,encontrar,simple-finite
encontró a un bebé.,10,4,2018,Bremen,UI,4,female,24,NA,agent,MC,D,NA,GI,Y,nullsub,DE_WR_31_24_7_14_AP,72.1,No,16,7,Yes,5,Outsideclassroom,No,English,17_4,encontrar,simple-finite
Llevantó el bebé,10,5,2018,Bremen,UI,4,female,24,NA,agent,MC,D,NA,GI,Y,nullsub,DE_WR_31_24_7_14_AP,72.1,No,16,7,Yes,5,Outsideclassroom,No,English,17_5,levantar,simple-finite
y vi una muchacha,11,6,2018,Bremen,UI,4,female,24,NA,pacient,MC,D,NA,GI,Y,nullsub,DE_WR_31_24_7_14_AP,72.1,No,16,7,Yes,5,Outsideclassroom,No,English,17_6,ver,simple-finite
Mientras la muchacha entró a una casa,11,8,2018,Bremen,UI,4,female,24,PRE,agent,SC,D,DEF,GI,Y,dp,DE_WR_31_24_7_14_AP,72.1,No,16,7,Yes,5,Outsideclassroom,No,English,17_8,entrar,simple-finite
el dejo el bebé en el carro.,11,9,2018,Bremen,UI,4,female,24,PRE,agent,MC,D,DEF,GI,N,pron,DE_WR_31_24_7_14_AP,72.1,No,16,7,Yes,5,Outsideclassroom,No,English,17_9,dejar,simple-finite
"Al principio, Charlie Chaplin esta en un lugar",11,1,2018,Würzburg,UI,4,female,26,PRE,pacient,MC,D,DEF,NE,N,dp,DE_WR_31_26_6_14_BK,72.1,No,20,6,Yes,15,Outsideclassroom,Yes,French,18_1,estar,simple-finite
Charlie busco une persona,11,10,2018,Würzburg,UI,4,female,26,PRE,agent,MC,D,DEF,GI,Y,dp,DE_WR_31_26_6_14_BK,72.1,No,20,6,Yes,15,Outsideclassroom,Yes,French,18_10,buscar,simple-finite
"que quiere haber el bebe,",11,11,2018,Würzburg,UI,4,female,26,NA,pacient,SC,D,NA,GI,N,nullsub,DE_WR_31_26_6_14_BK,72.1,No,20,6,Yes,15,Outsideclassroom,Yes,French,18_11,tener,simple-finite
"pero quando el pregunta a la mujer, con su bebe,",11,12,2018,Würzburg,UI,4,female,26,PRE,agent,SC,D,DEF,GI,N,pron,DE_WR_31_26_6_14_BK,72.1,No,20,6,Yes,15,Outsideclassroom,Yes,French,18_12,preguntar,simple-finite
"que esta passando,",11,13,2018,Würzburg,UI,4,female,26,PRE,agent,SC,I,DEF,GI,N,pron,DE_WR_31_26_6_14_BK,72.1,No,20,6,Yes,15,Outsideclassroom,Yes,French,18_13,pasar,periphrasis-gerund
ella no quiere haberlo.,11,14,2018,Würzburg,UI,4,female,26,PRE,pacient,MC,D,DEF,GI,Y,pron,DE_WR_31_26_6_14_BK,72.1,No,20,6,Yes,15,Outsideclassroom,Yes,French,18_14,tener,modal
"Despues, Charlie quiere quedarlo en el sol,",11,15,2018,Würzburg,UI,4,female,26,PRE,pacient,MC,D,DEF,GI,N,dp,DE_WR_31_26_6_14_BK,72.1,No,20,6,Yes,15,Outsideclassroom,Yes,French,18_15,quedar,modal
pero un hombre de la policía viene,11,16,2018,Würzburg,UI,4,female,26,PRE,pacient,MC,D,INDEF,NE,N,dp,DE_WR_31_26_6_14_BK,72.1,No,20,6,Yes,15,Outsideclassroom,Yes,French,18_16,venir,simple-finite
y habla a Charlie.,11,17,2018,Würzburg,UI,4,female,26,NA,agent,MC,D,NA,GI,Y,nullsub,DE_WR_31_26_6_14_BK,72.1,No,20,6,Yes,15,Outsideclassroom,Yes,French,18_17,hablar,simple-finite
"Entonces, Charlie se va con el bebe",11,18,2018,Würzburg,UI,4,female,26,PRE,agent,MC,D,DEF,GI,N,dp,DE_WR_31_26_6_14_BK,72.1,No,20,6,Yes,15,Outsideclassroom,Yes,French,18_18,irse,simple-finite
y no encuentra ninguna persona,11,19,2018,Würzburg,UI,4,female,26,NA,agent,MC,D,NA,GI,Y,nullsub,DE_WR_31_26_6_14_BK,72.1,No,20,6,Yes,15,Outsideclassroom,Yes,French,18_19,encontrar,simple-finite
donde las calles son muy sucias,11,2,2018,Würzburg,UI,4,female,26,PRE,pacient,SC,D,DEF,NE,N,dp,DE_WR_31_26_6_14_BK,72.1,No,20,6,Yes,15,Outsideclassroom,Yes,French,18_2,ser,simple-finite
que quiere haber el bebe.,11,20,2018,Würzburg,UI,4,female,26,NA,pacient,SC,D,NA,GI,N,nullsub,DE_WR_31_26_6_14_BK,72.1,No,20,6,Yes,15,Outsideclassroom,Yes,French,18_20,tener,modal
"Al final, el encuentra un papel.",11,21,2018,Würzburg,UI,4,female,26,PRE,agent,MC,D,DEF,GI,N,pron,DE_WR_31_26_6_14_BK,72.1,No,20,6,Yes,15,Outsideclassroom,Yes,French,18_21,encontrar,simple-finite
La persona […] busca una autra persona […],11,22,2018,Würzburg,UI,4,female,26,PRE,agent,MC,D,DEF,NE,N,dp,DE_WR_31_26_6_14_BK,72.1,No,20,6,Yes,15,Outsideclassroom,Yes,French,18_22,buscar,simple-finite
"que ha escrito un text,",11,23,2018,Würzburg,UI,4,female,26,PRE,agent,SC,D,DEF,GI,Y,pron,DE_WR_31_26_6_14_BK,72.1,No,20,6,Yes,15,Outsideclassroom,Yes,French,18_23,escribir,simple-finite
que va amar su bebe,11,24,2018,Würzburg,UI,4,female,26,NA,agent,SC,D,NA,GI,N,nullsub,DE_WR_31_26_6_14_BK,72.1,No,20,6,Yes,15,Outsideclassroom,Yes,French,18_24,amar,simple-finite
y que quiere vivír con el bebe.,11,25,2018,Würzburg,UI,4,female,26,NA,pacient,MC,D,NA,GI,Y,nullsub,DE_WR_31_26_6_14_BK,72.1,No,20,6,Yes,15,Outsideclassroom,Yes,French,18_25,vivir,modal
porque la gente deja sus cosas desde la ventana.,11,3,2018,Würzburg,UI,4,female,26,PRE,agent,SC,D,DEF,NE,N,dp,DE_WR_31_26_6_14_BK,72.1,No,20,6,Yes,15,Outsideclassroom,Yes,French,18_3,dejar,simple-finite
"Obviamente, la gente no tiene mucho dinero",11,4,2018,Würzburg,UI,4,female,26,PRE,pacient,MC,D,DEF,GI,Y,dp,DE_WR_31_26_6_14_BK,72.1,No,20,6,Yes,15,Outsideclassroom,Yes,French,18_4,tener,simple-finite
"y en un momento, el vé un bebe",11,5,2018,Würzburg,UI,4,female,26,PRE,pacient,MC,D,DEF,GI,N,pron,DE_WR_31_26_6_14_BK,72.1,No,20,6,Yes,15,Outsideclassroom,Yes,French,18_5,ver,simple-finite
que esta en el sol,11,6,2018,Würzburg,UI,4,female,26,PRE,pacient,SC,D,DEF,GI,N,pron,DE_WR_31_26_6_14_BK,72.1,No,20,6,Yes,15,Outsideclassroom,Yes,French,18_6,estar,simple-finite
y que esta llorando.,11,7,2018,Würzburg,UI,4,female,26,PRE,agent,SC,D,DEF,GI,Y,pron,DE_WR_31_26_6_14_BK,72.1,No,20,6,Yes,15,Outsideclassroom,Yes,French,18_7,llorar,periphrasis-gerund
El no vé los papas,11,8,2018,Würzburg,UI,4,female,26,PRE,pacient,MC,D,DEF,GI,N,pron,DE_WR_31_26_6_14_BK,72.1,No,20,6,Yes,15,Outsideclassroom,Yes,French,18_8,ver,simple-finite
"y por eso, el lo tiene en sus brasos.",11,9,2018,Würzburg,UI,4,female,26,PRE,pacient,MC,D,DEF,GI,Y,pron,DE_WR_31_26_6_14_BK,72.1,No,20,6,Yes,15,Outsideclassroom,Yes,French,18_9,tener,simple-finite
Chaplin encontro un bebé atras de una casa vieja,11,1,2019,NA,LI,3,female,27,PRE,agent,MC,D,DEF,NE,N,dp,DE_WR_31_27_24_14_MS,72.1,No,3,24,No,15,Outsideclassroom,Yes,"Macedonia, English, Croatian",19_1,encontrar,simple-finite
"Despues un momento Chaplin vio un hombre viejo,",11,10,2019,NA,LI,3,female,27,PRE,pacient,MC,D,DEF,GI,N,dp,DE_WR_31_27_24_14_MS,72.1,No,3,24,No,15,Outsideclassroom,Yes,"Macedonia, English, Croatian",19_10,ver,simple-finite
e dejo el bebé,11,11,2019,NA,LI,3,female,27,NA,agent,MC,D,NA,GI,Y,nullsub,DE_WR_31_27_24_14_MS,72.1,No,3,24,No,15,Outsideclassroom,Yes,"Macedonia, English, Croatian",19_11,dejar,simple-finite
y el se esconde en la casa vieja.,11,12,2019,NA,LI,3,female,27,PRE,agent,MC,D,DEF,GI,Y,pron,DE_WR_31_27_24_14_MS,72.1,No,3,24,No,15,Outsideclassroom,Yes,"Macedonia, English, Croatian",19_12,esconderse,simple-finite
El hombre dejo el bebé en la coche de bebé,11,13,2019,NA,LI,3,female,27,PRE,agent,MC,D,DEF,GI,N,dp,DE_WR_31_27_24_14_MS,72.1,No,3,24,No,15,Outsideclassroom,Yes,"Macedonia, English, Croatian",19_13,dejar,simple-finite
que tenia la mujer.,11,14,2019,NA,LI,3,female,27,PRE,pacient,SC,D,DEF,GI,N,pron,DE_WR_31_27_24_14_MS,72.1,No,3,24,No,15,Outsideclassroom,Yes,"Macedonia, English, Croatian",19_14,tener,simple-finite
que ej niño no estaba de la mujer,11,16,2019,NA,LI,3,female,27,PRE,pacient,SC,D,DEF,GI,N,dp,DE_WR_31_27_24_14_MS,72.1,No,3,24,No,15,Outsideclassroom,Yes,"Macedonia, English, Croatian",19_16,estar,simple-finite
(no pude ver,12,18,2019,NA,LI,3,female,27,NA,pacient,MC,D,NA,NE,N,nullsub,DE_WR_31_27_24_14_MS,72.1,No,3,24,No,15,Outsideclassroom,Yes,"Macedonia, English, Croatian",19_18,ver,modal
que dijo la carta,12,19,2019,NA,LI,3,female,27,POST,agent,SC,I,DEF,NE,N,dp,DE_WR_31_27_24_14_MS,72.1,No,3,24,No,15,Outsideclassroom,Yes,"Macedonia, English, Croatian",19_19,decir,simple-finite
i creó,12,2,2019,NA,LI,3,female,27,NA,agent,MC,D,NA,GI,Y,nullsub,DE_WR_31_27_24_14_MS,72.1,No,3,24,No,15,Outsideclassroom,Yes,"Macedonia, English, Croatian",19_2,creer,simple-finite
que encontro Chaplin en la ropa del bebé).,12,20,2019,NA,LI,3,female,27,PRE,agent,SC,D,DEF,GI,N,pron,DE_WR_31_27_24_14_MS,72.1,No,3,24,No,15,Outsideclassroom,Yes,"Macedonia, English, Croatian",19_20,encontrar,simple-finite
que una mujer lo perdio.,12,3,2019,NA,LI,3,female,27,PRE,agent,SC,D,INDEF,NE,N,dp,DE_WR_31_27_24_14_MS,72.1,No,3,24,No,15,Outsideclassroom,Yes,"Macedonia, English, Croatian",19_3,perder,simple-finite
"El lo queria dar a la mujer,",12,4,2019,NA,LI,3,female,27,PRE,agent,MC,D,DEF,GI,N,pron,DE_WR_31_27_24_14_MS,72.1,No,3,24,No,15,Outsideclassroom,Yes,"Macedonia, English, Croatian",19_4,dar,modal
pero ella dijo,12,5,2019,NA,LI,3,female,27,PRE,agent,MC,D,DEF,GI,N,pron,DE_WR_31_27_24_14_MS,72.1,No,3,24,No,15,Outsideclassroom,Yes,"Macedonia, English, Croatian",19_5,decir,simple-finite
que el bebé no es sujo.,12,6,2019,NA,LI,3,female,27,PRE,pacient,SC,D,DEF,GI,N,pron,DE_WR_31_27_24_14_MS,72.1,No,3,24,No,15,Outsideclassroom,Yes,"Macedonia, English, Croatian",19_6,ser,simple-finite
Despues queria,12,7,2019,NA,LI,3,female,27,NA,agent,MC,D,NA,GI,Y,nullsub,DE_WR_31_27_24_14_MS,72.1,No,3,24,No,15,Outsideclassroom,Yes,"Macedonia, English, Croatian",19_7,querer,simple-finite
que Chaplin dejar el bebé atras,12,8,2019,NA,LI,3,female,27,PRE,agent,SC,D,DEF,GI,N,dp,DE_WR_31_27_24_14_MS,72.1,No,3,24,No,15,Outsideclassroom,Yes,"Macedonia, English, Croatian",19_8,dejar,simple-finite
pero en eso momento lo vio un hombre de la policia.,12,9,2019,NA,LI,3,female,27,POST,pacient,MC,D,INDEF,NE,N,dp,DE_WR_31_27_24_14_MS,72.1,No,3,24,No,15,Outsideclassroom,Yes,"Macedonia, English, Croatian",19_9,ver,simple-finite
Un Vagabundo ve uno peceno niño.,12,1,2018,NA,LB,1,female,52,PRE,pacient,MC,D,INDEF,NE,N,dp,DE_WR_16_52_2_14_HT,37.2,No,52,2,No,20,Insideclassroom,No,English,2_1,ver,simple-finite
el corre rápido.,12,10,2018,NA,LB,1,female,52,PRE,agent,MC,D,DEF,GI,Y,pron,DE_WR_16_52_2_14_HT,37.2,No,52,2,No,20,Insideclassroom,No,English,2_10,correr,simple-finite
Esta es una madre con un hijo.,12,11,2018,NA,LB,1,female,52,POST,pacient,MC,D,INDEF,NE,N,dp,DE_WR_16_52_2_14_HT,37.2,No,52,2,No,20,Insideclassroom,No,English,2_11,ser,simple-finite
El vagabundo quiere,12,12,2018,NA,LB,1,female,52,PRE,agent,MC,D,DEF,GI,N,dp,DE_WR_16_52_2_14_HT,37.2,No,52,2,No,20,Insideclassroom,No,English,2_12,querer,simple-finite
que ella tome el niño .,12,13,2018,NA,LB,1,female,52,PRE,agent,SC,D,DEF,GI,N,pron,DE_WR_16_52_2_14_HT,37.2,No,52,2,No,20,Insideclassroom,No,English,2_13,tomar,simple-finite
La madre no quiere la niño.,12,14,2018,NA,LB,1,female,52,PRE,agent,MC,D,DEF,GI,Y,dp,DE_WR_16_52_2_14_HT,37.2,No,52,2,No,20,Insideclassroom,No,English,2_14,querer,simple-finite
esta una hombre.,12,15,2018,NA,LB,1,female,52,POST,pacient,MC,D,INDEF,NE,N,dp,DE_WR_16_52_2_14_HT,37.2,No,52,2,No,20,Insideclassroom,No,English,2_15,estar,simple-finite
El vagabundo el da el peceno niño en el hombre.,12,16,2018,NA,LB,1,female,52,PRE,agent,MC,D,DEF,GI,N,dp,DE_WR_16_52_2_14_HT,37.2,No,52,2,No,20,Insideclassroom,No,English,2_16,dar,simple-finite
El hombre no me gusta el niño.,12,17,2018,NA,LB,1,female,52,PRE,pacient,MC,D,DEF,GI,N,dp,DE_WR_16_52_2_14_HT,37.2,No,52,2,No,20,Insideclassroom,No,English,2_17,gustar,simple-finite
por que se no tiene padres.,12,2,2018,NA,LB,1,female,52,NA,pacient,MC,D,NA,GI,N,nullsub,DE_WR_16_52_2_14_HT,37.2,No,52,2,No,20,Insideclassroom,No,English,2_2,tener,simple-finite
no se gusta el niño,12,4,2018,NA,LB,1,female,52,POST,pacient,MC,D,DEF,GI,N,dp,DE_WR_16_52_2_14_HT,37.2,No,52,2,No,20,Insideclassroom,No,English,2_4,gustar,simple-finite
pero después la sorpresa,12,5,2018,NA,LB,1,female,52,NA,agent,MC,D,DEF,NE,N,dp,DE_WR_16_52_2_14_HT,37.2,No,52,2,No,20,Insideclassroom,No,English,2_5,NA,NA
te gusta el niño.,12,6,2018,NA,LB,1,female,52,POST,pacient,MC,D,DEF,GI,N,dp,DE_WR_16_52_2_14_HT,37.2,No,52,2,No,20,Insideclassroom,No,English,2_6,gustar,simple-finite
el vagabundo quiere esta solo.,12,7,2018,NA,LB,1,female,52,PRE,agent,MC,D,DEF,GI,N,dp,DE_WR_16_52_2_14_HT,37.2,No,52,2,No,20,Insideclassroom,No,English,2_7,querer,simple-finite
se quiere va a al via solo.,12,8,2018,NA,LB,1,female,52,NA,agent,MC,D,NA,GI,Y,nullsub,DE_WR_16_52_2_14_HT,37.2,No,52,2,No,20,Insideclassroom,No,English,2_8,ir,modal
Veo una persona fumando,13,1,2018,Copenhagen,UI,4,female,24,NA,pacient,MC,D,NA,NE,N,nullsub,DE_WR_32_24_8_14_JH,74.4,No,16,8,Yes,25,Outsideclassroom,No,English,20_1,ver,simple-finite
En el paseante està un bebe también,13,10,2018,Copenhagen,UI,4,female,24,POST,pacient,MC,D,DEF,NE,N,dp,DE_WR_32_24_8_14_JH,74.4,No,16,8,Yes,25,Outsideclassroom,No,English,20_10,estar,simple-finite
y el hombre le pone en este paseante también,13,11,2018,Copenhagen,UI,4,female,24,PRE,agent,MC,D,DEF,GI,N,dp,DE_WR_32_24_8_14_JH,74.4,No,16,8,Yes,25,Outsideclassroom,No,English,20_11,poner,simple-finite
La mujer lo ve,13,12,2018,Copenhagen,UI,4,female,24,PRE,pacient,MC,D,DEF,GI,N,dp,DE_WR_32_24_8_14_JH,74.4,No,16,8,Yes,25,Outsideclassroom,No,English,20_12,ver,simple-finite
y està muy furiosa.,13,13,2018,Copenhagen,UI,4,female,24,NA,pacient,MC,D,NA,GI,Y,nullsub,DE_WR_32_24_8_14_JH,74.4,No,16,8,Yes,25,Outsideclassroom,No,English,20_13,estar,simple-finite
"Luego el hombre le toma de vuelta,",13,14,2018,Copenhagen,UI,4,female,24,PRE,agent,MC,D,DEF,GI,N,dp,DE_WR_32_24_8_14_JH,74.4,No,16,8,Yes,25,Outsideclassroom,No,English,20_14,tomar,simple-finite
pero es el bebé de la mujer.,13,15,2018,Copenhagen,UI,4,female,24,POST,pacient,MC,D,DEF,GI,N,dp,DE_WR_32_24_8_14_JH,74.4,No,16,8,Yes,25,Outsideclassroom,No,English,20_15,ser,simple-finite
Un oficial de policía viene,13,16,2018,Copenhagen,UI,4,female,24,PRE,pacient,MC,D,INDEF,NE,N,dp,DE_WR_32_24_8_14_JH,74.4,No,16,8,Yes,25,Outsideclassroom,No,English,20_16,venir,simple-finite
y mira al hombre,13,17,2018,Copenhagen,UI,4,female,24,NA,agent,MC,D,NA,GI,Y,nullsub,DE_WR_32_24_8_14_JH,74.4,No,16,8,Yes,25,Outsideclassroom,No,English,20_17,mirar,simple-finite
que en este momento quire poner al bebé en el suelo.,13,18,2018,Copenhagen,UI,4,female,24,PRE,agent,SC,D,DEF,GI,N,pron,DE_WR_32_24_8_14_JH,74.4,No,16,8,Yes,25,Outsideclassroom,No,English,20_18,poner,modal
Sabe,13,19,2018,Copenhagen,UI,4,female,24,NA,agent,MC,D,NA,GI,Y,nullsub,DE_WR_32_24_8_14_JH,74.4,No,16,8,Yes,25,Outsideclassroom,No,English,20_19,saber,simple-finite
que entra en el video,14,2,2018,Copenhagen,UI,4,female,24,PRE,agent,SC,D,DEF,GI,N,pron,DE_WR_32_24_8_14_JH,74.4,No,16,8,Yes,25,Outsideclassroom,No,English,20_2,entrar,simple-finite
que el hombre ve todo,14,20,2018,Copenhagen,UI,4,female,24,PRE,pacient,SC,D,DEF,GI,N,dp,DE_WR_32_24_8_14_JH,74.4,No,16,8,Yes,25,Outsideclassroom,No,English,20_20,ver,simple-finite
lo que esta haciendo,14,21,2018,Copenhagen,UI,4,female,24,NA,agent,MC,D,NA,GI,N,nullsub,DE_WR_32_24_8_14_JH,74.4,No,16,8,Yes,25,Outsideclassroom,No,English,20_21,hacer,periphrasis-gerund
y por eso el se va al otro lugar con el bebé.,14,22,2018,Copenhagen,UI,4,female,24,PRE,agent,MC,D,DEF,GI,N,pron,DE_WR_32_24_8_14_JH,74.4,No,16,8,Yes,25,Outsideclassroom,No,English,20_22,irse,simple-finite
Está caminando,14,23,2018,Copenhagen,UI,4,female,24,NA,agent,MC,D,NA,GI,Y,nullsub,DE_WR_32_24_8_14_JH,74.4,No,16,8,Yes,25,Outsideclassroom,No,English,20_23,caminar,periphrasis-gerund
cuando ve a otro paseante.,14,24,2018,Copenhagen,UI,4,female,24,NA,pacient,SC,D,NA,GI,Y,nullsub,DE_WR_32_24_8_14_JH,74.4,No,16,8,Yes,25,Outsideclassroom,No,English,20_24,ver,simple-finite
De repente le deja en sus brazos,14,25,2018,Copenhagen,UI,4,female,24,NA,agent,MC,D,NA,GI,Y,nullsub,DE_WR_32_24_8_14_JH,74.4,No,16,8,Yes,25,Outsideclassroom,No,English,20_25,dejar,simple-finite
y corre rápidamente.,14,26,2018,Copenhagen,UI,4,female,24,NA,agent,MC,D,NA,GI,Y,nullsub,DE_WR_32_24_8_14_JH,74.4,No,16,8,Yes,25,Outsideclassroom,No,English,20_26,correr,simple-finite
Pero esta persona ve el paseante de la mujer también,14,27,2018,Copenhagen,UI,4,female,24,PRE,pacient,MC,D,DEF,GI,N,dp,DE_WR_32_24_8_14_JH,74.4,No,16,8,Yes,25,Outsideclassroom,No,English,20_27,ver,simple-finite
y deja el bebé ahí.,14,28,2018,Copenhagen,UI,4,female,24,NA,agent,MC,D,NA,GI,Y,nullsub,DE_WR_32_24_8_14_JH,74.4,No,16,8,Yes,25,Outsideclassroom,No,English,20_28,dejar,simple-finite
Al fin el hombre tiene el bebé otra vez,14,29,2018,Copenhagen,UI,4,female,24,PRE,pacient,MC,D,DEF,GI,N,dp,DE_WR_32_24_8_14_JH,74.4,No,16,8,Yes,25,Outsideclassroom,No,English,20_29,tener,simple-finite
y tiene una barba y sombrero.,14,3,2018,Copenhagen,UI,4,female,24,NA,pacient,MC,D,NA,GI,Y,nullsub,DE_WR_32_24_8_14_JH,74.4,No,16,8,Yes,25,Outsideclassroom,No,English,20_3,tener,simple-finite
y el se sienta.,14,30,2018,Copenhagen,UI,4,female,24,PRE,agent,MC,D,DEF,GI,Y,pron,DE_WR_32_24_8_14_JH,74.4,No,16,8,Yes,25,Outsideclassroom,No,English,20_30,sentarse,simple-finite
Encuentra un papel dentro de la ropa del bebé,14,31,2018,Copenhagen,UI,4,female,24,NA,agent,MC,D,NA,GI,Y,nullsub,DE_WR_32_24_8_14_JH,74.4,No,16,8,Yes,25,Outsideclassroom,No,English,20_31,encontrar,simple-finite
y lee un mensaje.,14,32,2018,Copenhagen,UI,4,female,24,NA,agent,MC,D,NA,GI,Y,nullsub,DE_WR_32_24_8_14_JH,74.4,No,16,8,Yes,25,Outsideclassroom,No,English,20_32,leer,simple-finite
Después parece muy contento,14,33,2018,Copenhagen,UI,4,female,24,NA,pacient,MC,D,NA,GI,Y,nullsub,DE_WR_32_24_8_14_JH,74.4,No,16,8,Yes,25,Outsideclassroom,No,English,20_33,parecer,simple-finite
y va con el bebé al otro lado.,14,34,2018,Copenhagen,UI,4,female,24,NA,agent,MC,D,NA,GI,Y,nullsub,DE_WR_32_24_8_14_JH,74.4,No,16,8,Yes,25,Outsideclassroom,No,English,20_34,ir,simple-finite
Su ropa es elegante,14,4,2018,Copenhagen,UI,4,female,24,PRE,pacient,MC,D,DEF,NE,N,dp,DE_WR_32_24_8_14_JH,74.4,No,16,8,Yes,25,Outsideclassroom,No,English,20_4,ser,simple-finite
y empieza fumar otra cigarillo,14,5,2018,Copenhagen,UI,4,female,24,NA,agent,MC,D,NA,GI,N,nullsub,DE_WR_32_24_8_14_JH,74.4,No,16,8,Yes,25,Outsideclassroom,No,English,20_5,empezar,simple-finite
y luego encuentra un bebé al suelo,14,6,2018,Copenhagen,UI,4,female,24,NA,agent,MC,D,NA,GI,Y,nullsub,DE_WR_32_24_8_14_JH,74.4,No,16,8,Yes,25,Outsideclassroom,No,English,20_6,encontrar,simple-finite
que está gritando.,14,7,2018,Copenhagen,UI,4,female,24,PRE,agent,SC,D,DEF,GI,N,pron,DE_WR_32_24_8_14_JH,74.4,No,16,8,Yes,25,Outsideclassroom,No,English,20_7,gritar,periphrasis-gerund
Recoge al bebé,14,8,2018,Copenhagen,UI,4,female,24,NA,agent,MC,D,NA,GI,N,nullsub,DE_WR_32_24_8_14_JH,74.4,No,16,8,Yes,25,Outsideclassroom,No,English,20_8,recoger,simple-finite
y en este momento viene una mujer con un paseante.,14,9,2018,Copenhagen,UI,4,female,24,POST,pacient,MC,D,DEF,NE,N,dp,DE_WR_32_24_8_14_JH,74.4,No,16,8,Yes,25,Outsideclassroom,No,English,20_9,venir,simple-finite
En este video Charlie Chaplin esta caminando en una fábrica.,15,1,2018,NA,UI,4,female,27,PRE,agent,MC,D,DEF,NE,N,dp,DE_WR_33_27_1_14_LS,76.7,No,18,1,Yes,15,Outsideclassroom,No,English,21_1,caminar,periphrasis-gerund
"Depués, Chaplin proba dar el bébé a in hombre en la calle",15,10,2018,NA,UI,4,female,27,PRE,agent,MC,D,DEF,GI,Y,dp,DE_WR_33_27_1_14_LS,76.7,No,18,1,Yes,15,Outsideclassroom,No,English,21_10,probar,simple-finite
y escapa rápidamente.,15,11,2018,NA,UI,4,female,27,NA,agent,MC,D,NA,GI,Y,nullsub,DE_WR_33_27_1_14_LS,76.7,No,18,1,Yes,15,Outsideclassroom,No,English,21_11,escapar,simple-finite
"El hombre intenta dar el bébé en el chochecito de la mujer,",15,12,2018,NA,UI,4,female,27,PRE,agent,MC,D,DEF,GI,N,dp,DE_WR_33_27_1_14_LS,76.7,No,18,1,Yes,15,Outsideclassroom,No,English,21_12,intentar,infinitive
pero la mujer ve a Chaplin,15,13,2018,NA,UI,4,female,27,PRE,pacient,MC,D,DEF,GI,N,dp,DE_WR_33_27_1_14_LS,76.7,No,18,1,Yes,15,Outsideclassroom,No,English,21_13,ver,simple-finite
y le da otra vez el bébé.,15,14,2018,NA,UI,4,female,27,NA,agent,MC,D,NA,GI,Y,nullsub,DE_WR_33_27_1_14_LS,76.7,No,18,1,Yes,15,Outsideclassroom,No,English,21_14,dar,simple-finite
"Al final, Chaplin encuentro un mensaje von el bébé",15,15,2018,NA,UI,4,female,27,PRE,agent,MC,D,DEF,GI,N,dp,DE_WR_33_27_1_14_LS,76.7,No,18,1,Yes,15,Outsideclassroom,No,English,21_15,encontrar,simple-finite
que dice,15,16,2018,NA,UI,4,female,27,PRE,agent,SC,D,DEF,GI,N,pron,DE_WR_33_27_1_14_LS,76.7,No,18,1,Yes,15,Outsideclassroom,No,English,21_16,decir,simple-finite
que el bébé está un huérfano.,15,17,2018,NA,UI,4,female,27,PRE,pacient,SC,D,DEF,GI,N,dp,DE_WR_33_27_1_14_LS,76.7,No,18,1,Yes,15,Outsideclassroom,No,English,21_17,estar,simple-finite
Después algo cae del cielo,15,2,2018,NA,UI,4,female,27,PRE,pacient,MC,D,DEF,NE,N,pron,DE_WR_33_27_1_14_LS,76.7,No,18,1,Yes,15,Outsideclassroom,No,English,21_2,caer,simple-finite
y Chaplin encuentre à un bebe en la calle.,15,3,2018,NA,UI,4,female,27,PRE,agent,MC,D,DEF,GI,N,dp,DE_WR_33_27_1_14_LS,76.7,No,18,1,Yes,15,Outsideclassroom,No,English,21_3,encontrar,simple-finite
Chaplin toma el bébé,15,4,2018,NA,UI,4,female,27,PRE,agent,MC,D,DEF,GI,Y,dp,DE_WR_33_27_1_14_LS,76.7,No,18,1,Yes,15,Outsideclassroom,No,English,21_4,tomar,simple-finite
y busca a la mama.,15,5,2018,NA,UI,4,female,27,NA,agent,MC,D,NA,GI,Y,nullsub,DE_WR_33_27_1_14_LS,76.7,No,18,1,Yes,15,Outsideclassroom,No,English,21_5,buscar,simple-finite
Una mujer con un cochecito no quiere el desconocido bébé.,15,6,2018,NA,UI,4,female,27,PRE,agent,MC,D,INDEF,NE,N,dp,DE_WR_33_27_1_14_LS,76.7,No,18,1,Yes,15,Outsideclassroom,No,English,21_6,querer,simple-finite
"Chaplin piensa dejar el bébé en la calle,",15,7,2018,NA,UI,4,female,27,PRE,agent,MC,D,DEF,GI,N,dp,DE_WR_33_27_1_14_LS,76.7,No,18,1,Yes,15,Outsideclassroom,No,English,21_7,pensar,simple-finite
pero en este momento el policia llega,15,8,2018,NA,UI,4,female,27,PRE,pacient,MC,D,DEF,NE,N,dp,DE_WR_33_27_1_14_LS,76.7,No,18,1,Yes,15,Outsideclassroom,No,English,21_8,llegar,simple-finite
y Chaplin toma el bébé otra vez.,15,9,2018,NA,UI,4,female,27,PRE,agent,MC,D,DEF,GI,N,dp,DE_WR_33_27_1_14_LS,76.7,No,18,1,Yes,15,Outsideclassroom,No,English,21_9,tomar,simple-finite
El video es de Charles Chaplin,15,1,2019,Frankfurt,UI,4,female,23,PRE,pacient,MC,D,DEF,NE,N,dp,DE_WR_34_23_4_14_ES,79.1,No,16,4,Yes,5,Outsideclassroom,No,English,22_1,ser,simple-finite
y Charles pone el bebe,15,11,2019,Frankfurt,UI,4,female,23,PRE,agent,MC,D,DEF,GI,N,dp,DE_WR_34_23_4_14_ES,79.1,No,16,4,Yes,5,Outsideclassroom,No,English,22_11,poner,simple-finite
adonde el lo encontró,15,12,2019,Frankfurt,UI,4,female,23,PRE,agent,SC,D,DEF,GI,Y,pron,DE_WR_34_23_4_14_ES,79.1,No,16,4,Yes,5,Outsideclassroom,No,English,22_12,encontrar,simple-finite
cuando un policial viene.,16,13,2019,Frankfurt,UI,4,female,23,PRE,pacient,SC,D,INDEF,NE,N,dp,DE_WR_34_23_4_14_ES,79.1,No,16,4,Yes,5,Outsideclassroom,No,English,22_13,venir,simple-finite
Chaplin da el bebe a un hombre viejo,16,14,2019,Frankfurt,UI,4,female,23,PRE,agent,MC,D,DEF,GI,N,dp,DE_WR_34_23_4_14_ES,79.1,No,16,4,Yes,5,Outsideclassroom,No,English,22_14,dar,simple-finite
y el hombre viejo pone el bebe al lado de otro bebe de la mujer de antes.,16,15,2019,Frankfurt,UI,4,female,23,PRE,agent,MC,D,DEF,GI,N,dp,DE_WR_34_23_4_14_ES,79.1,No,16,4,Yes,5,Outsideclassroom,No,English,22_15,poner,simple-finite
La mujer encuentra el bebe en el momento,16,16,2019,Frankfurt,UI,4,female,23,PRE,agent,MC,D,DEF,GI,N,dp,DE_WR_34_23_4_14_ES,79.1,No,16,4,Yes,5,Outsideclassroom,No,English,22_16,encontrar,simple-finite
cuando Chaplin passala,16,17,2019,Frankfurt,UI,4,female,23,PRE,pacient,SC,D,DEF,GI,N,dp,DE_WR_34_23_4_14_ES,79.1,No,16,4,Yes,5,Outsideclassroom,No,English,22_17,pasar,simple-finite
y ella le pega con su paraguas.,16,18,2019,Frankfurt,UI,4,female,23,PRE,agent,MC,D,DEF,GI,N,pron,DE_WR_34_23_4_14_ES,79.1,No,16,4,Yes,5,Outsideclassroom,No,English,22_18,pegar,simple-finite
Por fin Chaplin encuentra una carta de papel con el bebe,16,19,2019,Frankfurt,UI,4,female,23,PRE,agent,MC,D,DEF,GI,N,dp,DE_WR_34_23_4_14_ES,79.1,No,16,4,Yes,5,Outsideclassroom,No,English,22_19,encontrar,simple-finite
Charles Chaplin está comportandose en una manera típica,16,2,2019,Frankfurt,UI,4,female,23,PRE,agent,MC,D,DEF,GI,N,dp,DE_WR_34_23_4_14_ES,79.1,No,16,4,Yes,5,Outsideclassroom,No,English,22_2,comportar,periphrasis-gerund
que dice,16,20,2019,Frankfurt,UI,4,female,23,PRE,agent,SC,D,DEF,GI,N,pron,DE_WR_34_23_4_14_ES,79.1,No,16,4,Yes,5,Outsideclassroom,No,English,22_20,decir,simple-finite
que el bebe no tiene padres,16,21,2019,Frankfurt,UI,4,female,23,PRE,pacient,SC,D,DEF,GI,N,dp,DE_WR_34_23_4_14_ES,79.1,No,16,4,Yes,5,Outsideclassroom,No,English,22_21,tener,simple-finite
y necesita amor.,16,22,2019,Frankfurt,UI,4,female,23,NA,agent,MC,D,NA,GI,Y,nullsub,DE_WR_34_23_4_14_ES,79.1,No,16,4,Yes,5,Outsideclassroom,No,English,22_22,necesitar,simple-finite
y el episodio se llama el baby.,16,3,2019,Frankfurt,UI,4,female,23,PRE,agent,MC,D,DEF,NE,N,dp,DE_WR_34_23_4_14_ES,79.1,No,16,4,Yes,5,Outsideclassroom,No,English,22_3,llamarse,simple-finite
y está fumando,16,4,2019,Frankfurt,UI,4,female,23,NA,agent,MC,D,NA,GI,N,nullsub,DE_WR_34_23_4_14_ES,79.1,No,16,4,Yes,5,Outsideclassroom,No,English,22_4,fumar,periphrasis-gerund
quando el encuentra un bebe.,16,5,2019,Frankfurt,UI,4,female,23,PRE,agent,SC,D,DEF,GI,Y,pron,DE_WR_34_23_4_14_ES,79.1,No,16,4,Yes,5,Outsideclassroom,No,English,22_5,encontrar,simple-finite
Él piensa,16,6,2019,Frankfurt,UI,4,female,23,PRE,agent,MC,D,DEF,GI,Y,pron,DE_WR_34_23_4_14_ES,79.1,No,16,4,Yes,5,Outsideclassroom,No,English,22_6,pensar,simple-finite
que el bebe es de una mujer,16,7,2019,Frankfurt,UI,4,female,23,PRE,pacient,SC,D,DEF,GI,N,dp,DE_WR_34_23_4_14_ES,79.1,No,16,4,Yes,5,Outsideclassroom,No,English,22_7,ser,simple-finite
y da la el bebe.,16,8,2019,Frankfurt,UI,4,female,23,NA,agent,MC,D,NA,GI,N,nullsub,DE_WR_34_23_4_14_ES,79.1,No,16,4,Yes,5,Outsideclassroom,No,English,22_8,dar,simple-finite
Pero ella dice,16,9,2019,Frankfurt,UI,4,female,23,PRE,agent,MC,D,DEF,GI,N,pron,DE_WR_34_23_4_14_ES,79.1,No,16,4,Yes,5,Outsideclassroom,No,English,22_9,decir,simple-finite
Charly Chaplin pasó por la calle,16,1,2018,Hamburg,UI,4,female,26,PRE,pacient,MC,D,DEF,NE,N,dp,DE_WR_34_26_10_14_MB,79.1,No,13,10,No,15,Insideclassroom,No,English,23_1,pasar,simple-finite
Encontró un bebé en la calle al lado de él mismo,16,10,2018,Hamburg,UI,4,female,26,NA,agent,MC,D,NA,GI,Y,nullsub,DE_WR_34_26_10_14_MB,79.1,No,13,10,No,15,Insideclassroom,No,English,23_10,encontrar,simple-finite
y miró por todas partes del alrededor,16,11,2018,Hamburg,UI,4,female,26,NA,agent,MC,D,NA,GI,Y,nullsub,DE_WR_34_26_10_14_MB,79.1,No,13,10,No,15,Insideclassroom,No,English,23_11,mirar,simple-finite
de quién podría ser este bebé.,16,12,2018,Hamburg,UI,4,female,26,PRE,pacient,SC,D,DEF,GI,N,dp,DE_WR_34_26_10_14_MB,79.1,No,13,10,No,15,Insideclassroom,No,English,23_12,ser,modal
Cuando una mujer con carretera de bebés pasa Charly,16,13,2018,Hamburg,UI,4,female,26,PRE,pacient,SC,D,INDEF,NE,N,dp,DE_WR_34_26_10_14_MB,79.1,No,13,10,No,15,Insideclassroom,No,English,23_13,pasar,simple-finite
pensó,16,14,2018,Hamburg,UI,4,female,26,NA,agent,MC,D,NA,GI,N,nullsub,DE_WR_34_26_10_14_MB,79.1,No,13,10,No,15,Insideclassroom,No,English,23_14,pensar,simple-finite
"que el bebé abandonado era de ella,",16,15,2018,Hamburg,UI,4,female,26,PRE,pacient,SC,D,DEF,GI,N,dp,DE_WR_34_26_10_14_MB,79.1,No,13,10,No,15,Insideclassroom,No,English,23_15,ser,simple-finite
por eso decidió a poner el bebé dentro de la carretera de la mujer.,16,16,2018,Hamburg,UI,4,female,26,NA,agent,MC,D,NA,GI,N,nullsub,DE_WR_34_26_10_14_MB,79.1,No,13,10,No,15,Insideclassroom,No,English,23_16,decidir,infinitive
Se pelearon,16,17,2018,Hamburg,UI,4,female,26,NA,agent,MC,D,NA,GI,N,nullsub,DE_WR_34_26_10_14_MB,79.1,No,13,10,No,15,Insideclassroom,No,English,23_17,pelear,simple-finite
porque la mujer estaba enfadada,16,18,2018,Hamburg,UI,4,female,26,PRE,pacient,SC,D,DEF,GI,N,dp,DE_WR_34_26_10_14_MB,79.1,No,13,10,No,15,Insideclassroom,No,English,23_18,estar,simple-finite
"porque el bebé abandondado no era de ella,",16,19,2018,Hamburg,UI,4,female,26,PRE,pacient,SC,D,DEF,GI,N,dp,DE_WR_34_26_10_14_MB,79.1,No,13,10,No,15,Insideclassroom,No,English,23_19,ser,simple-finite
entonces Charly tomó el bebé de nuevo,17,20,2018,Hamburg,UI,4,female,26,PRE,agent,MC,D,DEF,GI,N,dp,DE_WR_34_26_10_14_MB,79.1,No,13,10,No,15,Insideclassroom,No,English,23_20,tomar,simple-finite
y lo quería dejar en la calle,17,21,2018,Hamburg,UI,4,female,26,NA,agent,MC,D,NA,GI,Y,nullsub,DE_WR_34_26_10_14_MB,79.1,No,13,10,No,15,Insideclassroom,No,English,23_21,dejar,modal
donde ha encontrado el bebé.,17,22,2018,Hamburg,UI,4,female,26,NA,agent,SC,D,NA,GI,Y,nullsub,DE_WR_34_26_10_14_MB,79.1,No,13,10,No,15,Insideclassroom,No,English,23_22,encontrar,simple-finite
"Es que, la policía apareció",17,23,2018,Hamburg,UI,4,female,26,PRE,pacient,MC,D,DEF,NE,N,dp,DE_WR_34_26_10_14_MB,79.1,No,13,10,No,15,Insideclassroom,No,English,23_23,aparecer,simple-finite
y no podía dejar el bebé en su lugar del encuentro.,17,24,2018,Hamburg,UI,4,female,26,NA,agent,MC,D,NA,GI,N,nullsub,DE_WR_34_26_10_14_MB,79.1,No,13,10,No,15,Insideclassroom,No,English,23_24,dejar,modal
Así tomó el bebé otra vez,17,25,2018,Hamburg,UI,4,female,26,NA,agent,MC,D,NA,GI,Y,nullsub,DE_WR_34_26_10_14_MB,79.1,No,13,10,No,15,Insideclassroom,No,English,23_25,tomar,simple-finite
"Después se fue muy rápido a otra dirección,",17,28,2018,Hamburg,UI,4,female,26,NA,agent,MC,D,NA,GI,Y,nullsub,DE_WR_34_26_10_14_MB,79.1,No,13,10,No,15,Insideclassroom,No,English,23_28,irse,simple-finite
el hombre mayor se enfadó de eso.,17,29,2018,Hamburg,UI,4,female,26,PRE,agent,MC,D,DEF,GI,N,dp,DE_WR_34_26_10_14_MB,79.1,No,13,10,No,15,Insideclassroom,No,English,23_29,enfadarse,simple-finite
cuando alguién tiraba cosas […] de los balconeses o sea de arriba de los edificios.,17,3,2018,Hamburg,UI,4,female,26,PRE,agent,SC,D,DEF,NE,N,pron,DE_WR_34_26_10_14_MB,79.1,No,13,10,No,15,Insideclassroom,No,English,23_3,tirar,simple-finite
Este hombre pusó el bebé en la carretera de antes,17,30,2018,Hamburg,UI,4,female,26,PRE,agent,MC,D,DEF,GI,Y,dp,DE_WR_34_26_10_14_MB,79.1,No,13,10,No,15,Insideclassroom,No,English,23_30,poner,simple-finite
y Charly parece ser libre.,17,31,2018,Hamburg,UI,4,female,26,PRE,pacient,MC,D,DEF,GI,N,dp,DE_WR_34_26_10_14_MB,79.1,No,13,10,No,15,Insideclassroom,No,English,23_31,parecer,simple-finite
"Cuando Charly pasa por la calle otra vez,",17,32,2018,Hamburg,UI,4,female,26,PRE,pacient,MC,D,DEF,GI,Y,dp,DE_WR_34_26_10_14_MB,79.1,No,13,10,No,15,Insideclassroom,No,English,23_32,pasar,simple-finite
la mujer de la carretera le vió,17,33,2018,Hamburg,UI,4,female,26,PRE,pacient,MC,D,DEF,GI,N,dp,DE_WR_34_26_10_14_MB,79.1,No,13,10,No,15,Insideclassroom,No,English,23_33,ver,simple-finite
y le da la culpa por el bebé,17,34,2018,Hamburg,UI,4,female,26,NA,agent,MC,D,NA,GI,Y,nullsub,DE_WR_34_26_10_14_MB,79.1,No,13,10,No,15,Insideclassroom,No,English,23_34,dar,simple-finite
que ya estaba otra vez en su carretera.,17,35,2018,Hamburg,UI,4,female,26,NA,pacient,MC,D,NA,GI,N,nullsub,DE_WR_34_26_10_14_MB,79.1,No,13,10,No,15,Insideclassroom,No,English,23_35,estar,simple-finite
"La policía pasa también,",17,36,2018,Hamburg,UI,4,female,26,PRE,pacient,MC,D,DEF,GI,N,dp,DE_WR_34_26_10_14_MB,79.1,No,13,10,No,15,Insideclassroom,No,English,23_36,pasar,simple-finite
por eso Charly tomó el bebé de nuevo consigo mismo,17,37,2018,Hamburg,UI,4,female,26,PRE,agent,MC,D,DEF,GI,N,dp,DE_WR_34_26_10_14_MB,79.1,No,13,10,No,15,Insideclassroom,No,English,23_37,tomar,simple-finite
y se va.,17,38,2018,Hamburg,UI,4,female,26,NA,agent,MC,D,NA,GI,Y,nullsub,DE_WR_34_26_10_14_MB,79.1,No,13,10,No,15,Insideclassroom,No,English,23_38,irse,simple-finite
(vean como piedras),18,4,2018,Hamburg,UI,4,female,26,NA,pacient,MC,D,NA,GI,Y,nullsub,DE_WR_34_26_10_14_MB,79.1,No,13,10,No,15,Insideclassroom,No,English,23_4,ver,simple-finite
como Charly decidió de tener el bebé,18,40,2018,Hamburg,UI,4,female,26,PRE,agent,SC,D,DEF,GI,Y,dp,DE_WR_34_26_10_14_MB,79.1,No,13,10,No,15,Insideclassroom,No,English,23_40,decidir,simple-finite
"Cuando pasaba,",18,5,2018,Hamburg,UI,4,female,26,NA,pacient,SC,D,NA,GI,N,nullsub,DE_WR_34_26_10_14_MB,79.1,No,13,10,No,15,Insideclassroom,No,English,23_5,pasar,simple-finite
algunas de las piedras le encontraron,18,6,2018,Hamburg,UI,4,female,26,PRE,agent,MC,D,DEF,NE,N,pron,DE_WR_34_26_10_14_MB,79.1,No,13,10,No,15,Insideclassroom,No,English,23_6,encontrar,simple-finite
y Charly parecía enfadado.,18,7,2018,Hamburg,UI,4,female,26,PRE,pacient,MC,D,DEF,GI,N,dp,DE_WR_34_26_10_14_MB,79.1,No,13,10,No,15,Insideclassroom,No,English,23_7,parecer,simple-finite
Después buscó un cigarillo nuevo en su bolsito,18,8,2018,Hamburg,UI,4,female,26,NA,agent,MC,D,NA,GI,Y,nullsub,DE_WR_34_26_10_14_MB,79.1,No,13,10,No,15,Insideclassroom,No,English,23_8,buscar,simple-finite
porque quería fumar más.,18,9,2018,Hamburg,UI,4,female,26,NA,agent,SC,D,NA,GI,Y,nullsub,DE_WR_34_26_10_14_MB,79.1,No,13,10,No,15,Insideclassroom,No,English,23_9,fumar,modal
Es una historia de Charlie Chaplin.,18,1,2018,Hamburg,UB,2,female,38,POST,pacient,MC,D,INDEF,NE,N,dp,DE_WR_34_38_2_14_SN,79.1,No,36,2,No,2700,Outsideclassroom,No,"English, French",24_1,ser,simple-finite
Pues Chaplin tiene que guardar el bebé.,18,10,2018,Hamburg,UB,2,female,38,PRE,agent,MC,D,DEF,GI,Y,dp,DE_WR_34_38_2_14_SN,79.1,No,36,2,No,2700,Outsideclassroom,No,"English, French",24_10,guardar,modal
Pues Charlie Chaplin quiero dar el infante a otro hombre,18,11,2018,Hamburg,UB,2,female,38,PRE,agent,MC,D,DEF,GI,Y,dp,DE_WR_34_38_2_14_SN,79.1,No,36,2,No,2700,Outsideclassroom,No,"English, French",24_11,dar,modal
y se fugar.,18,12,2018,Hamburg,UB,2,female,38,NA,agent,MC,D,NA,GI,Y,nullsub,DE_WR_34_38_2_14_SN,79.1,No,36,2,No,2700,Outsideclassroom,No,"English, French",24_12,huír,simple-finite
Hombre tiene el infante,18,13,2018,Hamburg,UB,2,female,38,PRE,pacient,MC,D,DEF,GI,N,dp,DE_WR_34_38_2_14_SN,79.1,No,36,2,No,2700,Outsideclassroom,No,"English, French",24_13,tener,simple-finite
et encuentra le paseante del principio de la historia.,18,14,2018,Hamburg,UB,2,female,38,NA,agent,MC,D,NA,GI,Y,nullsub,DE_WR_34_38_2_14_SN,79.1,No,36,2,No,2700,Outsideclassroom,No,"English, French",24_14,encontrar,simple-finite
Pone el bebé dentro.,18,15,2018,Hamburg,UB,2,female,38,NA,agent,MC,D,NA,GI,Y,nullsub,DE_WR_34_38_2_14_SN,79.1,No,36,2,No,2700,Outsideclassroom,No,"English, French",24_15,poner,simple-finite
Pues la mama da el bebe a Charlie Chaplin,18,16,2018,Hamburg,UB,2,female,38,PRE,agent,MC,D,DEF,GI,N,dp,DE_WR_34_38_2_14_SN,79.1,No,36,2,No,2700,Outsideclassroom,No,"English, French",24_16,dar,simple-finite
que reviene.,18,17,2018,Hamburg,UB,2,female,38,PRE,agent,SC,D,DEF,GI,N,pron,DE_WR_34_38_2_14_SN,79.1,No,36,2,No,2700,Outsideclassroom,No,"English, French",24_17,dar,simple-finite
Senor Chaplin es en una ciudad,18,2,2018,Hamburg,UB,2,female,38,NA,pacient,MC,D,DEF,GI,N,dp,DE_WR_34_38_2_14_SN,79.1,No,36,2,No,2700,Outsideclassroom,No,"English, French",24_2,ser,simple-finite
qu' el bebe es un orfano,18,20,2018,Hamburg,UB,2,female,38,PRE,pacient,MC,D,DEF,GI,N,dp,DE_WR_34_38_2_14_SN,79.1,No,36,2,No,2700,Outsideclassroom,No,"English, French",24_20,ser,simple-finite
pues Chaplin quiero lo guardar.,18,21,2018,Hamburg,UB,2,female,38,PRE,agent,MC,D,DEF,GI,N,dp,DE_WR_34_38_2_14_SN,79.1,No,36,2,No,2700,Outsideclassroom,No,"English, French",24_21,guardar,modal
y fuma un cigarra.,18,3,2018,Hamburg,UB,2,female,38,NA,agent,MC,D,NA,GI,Y,nullsub,DE_WR_34_38_2_14_SN,79.1,No,36,2,No,2700,Outsideclassroom,No,"English, French",24_3,fumar,simple-finite
Despues encuentra un bebé.,18,4,2018,Hamburg,UB,2,female,38,NA,agent,MC,D,NA,GI,Y,nullsub,DE_WR_34_38_2_14_SN,79.1,No,36,2,No,2700,Outsideclassroom,No,"English, French",24_4,encontrar,simple-finite
"Quiere poner el bebé en un paseante,",18,5,2018,Hamburg,UB,2,female,38,NA,agent,MC,D,NA,GI,Y,nullsub,DE_WR_34_38_2_14_SN,79.1,No,36,2,No,2700,Outsideclassroom,No,"English, French",24_5,poner,simple-finite
pero la mama  […] ne le quiere pas.,18,6,2018,Hamburg,UB,2,female,38,PRE,agent,MC,D,DEF,NE,N,dp,DE_WR_34_38_2_14_SN,79.1,No,36,2,No,2700,Outsideclassroom,No,"English, French",24_6,querer,simple-finite
a qui es el paseante,18,7,2018,Hamburg,UB,2,female,38,POST,pacient,MC,D,DEF,GI,N,dp,DE_WR_34_38_2_14_SN,79.1,No,36,2,No,2700,Outsideclassroom,No,"English, French",24_7,ser,simple-finite
Chaplin todavia tiene el infante.,18,8,2018,Hamburg,UB,2,female,38,PRE,pacient,MC,D,DEF,GI,N,dp,DE_WR_34_38_2_14_SN,79.1,No,36,2,No,2700,Outsideclassroom,No,"English, French",24_8,tener,simple-finite
Quando deja el infante en una calle,19,9,2018,Hamburg,UB,2,female,38,NA,agent,SC,D,NA,GI,Y,nullsub,DE_WR_34_38_2_14_SN,79.1,No,36,2,No,2700,Outsideclassroom,No,"English, French",24_9,dejar,simple-finite
El video empieza con charles chaplin,19,1,2018,Marburg,UI,4,male,22,PRE,pacient,MC,D,DEF,NE,N,dp,DE_WR_36_22_5_14_JS,83.7,No,15,5,Yes,15,Insideclassroom,No,English,25_1,empezar,simple-finite
cuando ví a una mujer con su bebe en un carrito pequeño,19,10,2018,Marburg,UI,4,male,22,NA,pacient,SC,D,NA,GI,Y,nullsub,DE_WR_36_22_5_14_JS,83.7,No,15,5,Yes,15,Insideclassroom,No,English,25_10,ver,simple-finite
Charles chaplin piensa,19,12,2018,Marburg,UI,4,male,22,PRE,agent,MC,D,DEF,GI,N,dp,DE_WR_36_22_5_14_JS,83.7,No,15,5,Yes,15,Insideclassroom,No,English,25_12,pensar,simple-finite
que quisas el bebe sea de esa mujer,19,13,2018,Marburg,UI,4,male,22,PRE,pacient,SC,D,DEF,GI,N,dp,DE_WR_36_22_5_14_JS,83.7,No,15,5,Yes,15,Insideclassroom,No,English,25_13,ser,simple-finite
y por eso fui hacia ella,19,14,2018,Marburg,UI,4,male,22,NA,agent,MC,D,NA,GI,N,nullsub,DE_WR_36_22_5_14_JS,83.7,No,15,5,Yes,15,Insideclassroom,No,English,25_14,ir,simple-finite
y puse el bebe al lado de otro bebe en el carrito.,19,15,2018,Marburg,UI,4,male,22,NA,agent,MC,D,NA,GI,Y,nullsub,DE_WR_36_22_5_14_JS,83.7,No,15,5,Yes,15,Insideclassroom,No,English,25_15,poner,simple-finite
"Cuando la mujer, […] se diò cuenta de charlie chaplin,",19,16,2018,Marburg,UI,4,male,22,PRE,pacient,SC,D,DEF,GI,N,dp,DE_WR_36_22_5_14_JS,83.7,No,15,5,Yes,15,Insideclassroom,No,English,25_16,darse,periphrasis-lexical
que antes estaba en una casa,19,17,2018,Marburg,UI,4,male,22,PRE,pacient,SC,D,DEF,GI,Y,pron,DE_WR_36_22_5_14_JS,83.7,No,15,5,Yes,15,Insideclassroom,No,English,25_17,estar,simple-finite
sacó el bebe del carrito,19,19,2018,Marburg,UI,4,male,22,NA,agent,MC,D,NA,GI,Y,nullsub,DE_WR_36_22_5_14_JS,83.7,No,15,5,Yes,15,Insideclassroom,No,English,25_19,sacar,simple-finite
quien esta caminando por las calles.,19,2,2018,Marburg,UI,4,male,22,PRE,agent,SC,D,DEF,GI,N,pron,DE_WR_36_22_5_14_JS,83.7,No,15,5,Yes,15,Insideclassroom,No,English,25_2,caminar,periphrasis-gerund
y lo regresó al hombre.,19,20,2018,Marburg,UI,4,male,22,NA,agent,MC,D,NA,GI,Y,nullsub,DE_WR_36_22_5_14_JS,83.7,No,15,5,Yes,15,Insideclassroom,No,English,25_20,regresar,simple-finite
Pues el no sabia,19,21,2018,Marburg,UI,4,male,22,PRE,agent,MC,D,DEF,GI,N,pron,DE_WR_36_22_5_14_JS,83.7,No,15,5,Yes,15,Insideclassroom,No,English,25_21,saber,simple-finite
y por eso decidí ponerlo otra vez en la misma esquina,19,23,2018,Marburg,UI,4,male,22,NA,agent,MC,D,NA,GI,Y,nullsub,DE_WR_36_22_5_14_JS,83.7,No,15,5,Yes,15,Insideclassroom,No,English,25_23,decidir,infinitive
de donde lo ha recogido antes.,19,24,2018,Marburg,UI,4,male,22,NA,agent,SC,D,NA,GI,Y,nullsub,DE_WR_36_22_5_14_JS,83.7,No,15,5,Yes,15,Insideclassroom,No,English,25_24,recoger,simple-finite
"en que puse el bebe en el suelo,",19,26,2018,Marburg,UI,4,male,22,NA,agent,SC,D,NA,GI,Y,nullsub,DE_WR_36_22_5_14_JS,83.7,No,15,5,Yes,15,Insideclassroom,No,English,25_26,poner,simple-finite
vení un policia.,19,27,2018,Marburg,UI,4,male,22,POST,pacient,MC,D,INDEF,NE,N,dp,DE_WR_36_22_5_14_JS,83.7,No,15,5,Yes,15,Insideclassroom,No,English,25_27,venir,simple-finite
charles chaplin recogí otra vez al bebé,19,29,2018,Marburg,UI,4,male,22,PRE,agent,MC,D,DEF,GI,Y,dp,DE_WR_36_22_5_14_JS,83.7,No,15,5,Yes,15,Insideclassroom,No,English,25_29,recoger,simple-finite
De repente cayen cosas diferentes como piedras etc. del cielo.,20,3,2018,Marburg,UI,4,male,22,POST,pacient,MC,D,INDEF,NE,N,dp,DE_WR_36_22_5_14_JS,83.7,No,15,5,Yes,15,Insideclassroom,No,English,25_3,caer,simple-finite
y se fui.,20,30,2018,Marburg,UI,4,male,22,NA,agent,MC,D,NA,GI,Y,nullsub,DE_WR_36_22_5_14_JS,83.7,No,15,5,Yes,15,Insideclassroom,No,English,25_30,irse,simple-finite
encontró a un otro hombre,20,32,2018,Marburg,UI,4,male,22,NA,agent,MC,D,NA,GI,Y,nullsub,DE_WR_36_22_5_14_JS,83.7,No,15,5,Yes,15,Insideclassroom,No,English,25_32,encontrar,simple-finite
a quien dió el bebe.,20,34,2018,Marburg,UI,4,male,22,NA,agent,SC,D,NA,GI,N,nullsub,DE_WR_36_22_5_14_JS,83.7,No,15,5,Yes,15,Insideclassroom,No,English,25_34,dar,simple-finite
como no sabía,20,36,2018,Marburg,UI,4,male,22,NA,agent,MC,D,NA,GI,Y,nullsub,DE_WR_36_22_5_14_JS,83.7,No,15,5,Yes,15,Insideclassroom,No,English,25_36,saber,simple-finite
lo puse al carrito del la señora,20,38,2018,Marburg,UI,4,male,22,NA,agent,MC,D,NA,GI,Y,nullsub,DE_WR_36_22_5_14_JS,83.7,No,15,5,Yes,15,Insideclassroom,No,English,25_38,poner,simple-finite
que vímos en la primera escena.,20,39,2018,Marburg,UI,4,male,22,PRE,pacient,SC,D,DEF,NE,N,pron,DE_WR_36_22_5_14_JS,83.7,No,15,5,Yes,15,Insideclassroom,No,English,25_39,ver,simple-finite
El lo vi,20,4,2018,Marburg,UI,4,male,22,PRE,pacient,MC,D,DEF,GI,N,pron,DE_WR_36_22_5_14_JS,83.7,No,15,5,Yes,15,Insideclassroom,No,English,25_4,ver,simple-finite
Lo puse adentro,20,40,2018,Marburg,UI,4,male,22,NA,agent,MC,D,NA,GI,N,nullsub,DE_WR_36_22_5_14_JS,83.7,No,15,5,Yes,15,Insideclassroom,No,English,25_40,poner,simple-finite
y se fui.,20,41,2018,Marburg,UI,4,male,22,NA,agent,MC,D,NA,GI,Y,nullsub,DE_WR_36_22_5_14_JS,83.7,No,15,5,Yes,15,Insideclassroom,No,English,25_41,irse,simple-finite
"Cuando charles chaplin otra vez paso por el carito de la mujer,",20,42,2018,Marburg,UI,4,male,22,PRE,pacient,SC,D,DEF,GI,N,dp,DE_WR_36_22_5_14_JS,83.7,No,15,5,Yes,15,Insideclassroom,No,English,25_42,pasar,simple-finite
ella tome el bebe extranjero,20,43,2018,Marburg,UI,4,male,22,PRE,agent,MC,D,DEF,GI,N,dp,DE_WR_36_22_5_14_JS,83.7,No,15,5,Yes,15,Insideclassroom,No,English,25_43,tomar,simple-finite
"corrí hacia el,",20,44,2018,Marburg,UI,4,male,22,NA,agent,MC,D,NA,GI,Y,nullsub,DE_WR_36_22_5_14_JS,83.7,No,15,5,Yes,15,Insideclassroom,No,English,25_44,correr,simple-finite
le pegó con su paragua,20,45,2018,Marburg,UI,4,male,22,NA,agent,MC,D,NA,GI,Y,nullsub,DE_WR_36_22_5_14_JS,83.7,No,15,5,Yes,15,Insideclassroom,No,English,25_45,pegar,simple-finite
y dejó otra vez el bebe en los brazos de charles chaplin.,20,46,2018,Marburg,UI,4,male,22,NA,agent,MC,D,NA,GI,N,nullsub,DE_WR_36_22_5_14_JS,83.7,No,15,5,Yes,15,Insideclassroom,No,English,25_46,dejar,simple-finite
en la última escena vimos al pobre hombre,20,47,2018,Marburg,UI,4,male,22,NA,pacient,MC,D,NA,GI,N,nullsub,DE_WR_36_22_5_14_JS,83.7,No,15,5,Yes,15,Insideclassroom,No,English,25_47,ver,simple-finite
El encuentra una letra en la chaqueta del bebe,20,49,2018,Marburg,UI,4,male,22,PRE,agent,MC,D,DEF,GI,Y,pron,DE_WR_36_22_5_14_JS,83.7,No,15,5,Yes,15,Insideclassroom,No,English,25_49,encontrar,simple-finite
y se asuste un poquito.,20,5,2018,Marburg,UI,4,male,22,NA,agent,MC,D,NA,GI,Y,nullsub,DE_WR_36_22_5_14_JS,83.7,No,15,5,Yes,15,Insideclassroom,No,English,25_5,asustarse,simple-finite
"es un buen bebe"".",20,52,2018,Marburg,UI,4,male,22,POST,pacient,MC,D,INDEF,GI,N,dp,DE_WR_36_22_5_14_JS,83.7,No,15,5,Yes,15,Insideclassroom,No,English,25_52,ser,simple-finite
Con esa letra termina la película,20,53,2018,Marburg,UI,4,male,22,PRE,pacient,MC,D,DEF,NE,N,dp,DE_WR_36_22_5_14_JS,83.7,No,15,5,Yes,15,Insideclassroom,No,English,25_53,terminar,simple-finite
Después quería fumar un cigaretill,20,6,2018,Marburg,UI,4,male,22,NA,agent,MC,D,NA,GI,Y,nullsub,DE_WR_36_22_5_14_JS,83.7,No,15,5,Yes,15,Insideclassroom,No,English,25_6,fumar,modal
o pero el encuentra un bebe en una esquina.,20,7,2018,Marburg,UI,4,male,22,PRE,agent,MC,D,DEF,GI,Y,pron,DE_WR_36_22_5_14_JS,83.7,No,15,5,Yes,15,Insideclassroom,No,English,25_7,encontrar,simple-finite
Lo coge,20,8,2018,Marburg,UI,4,male,22,NA,agent,MC,D,NA,GI,Y,nullsub,DE_WR_36_22_5_14_JS,83.7,No,15,5,Yes,15,Insideclassroom,No,English,25_8,coger,simple-finite
y lo lleva en sus brazos,20,9,2018,Marburg,UI,4,male,22,NA,pacient,MC,D,NA,GI,Y,nullsub,DE_WR_36_22_5_14_JS,83.7,No,15,5,Yes,15,Insideclassroom,No,English,25_9,llevar,simple-finite
porque no es su bebé,20,10,2018,Milan,LA,5,female,25,POST,pacient,SC,D,DEF,GI,N,dp,DE_WR_36_25_4_14_LV,83.7,No,14,4,Yes,10,Outsideclassroom,No,English,26_10,ser,simple-finite
y no lo quiere tener en su cochecito.,20,11,2018,Milan,LA,5,female,25,NA,agent,MC,D,NA,GI,Y,nullsub,DE_WR_36_25_4_14_LV,83.7,No,14,4,Yes,10,Outsideclassroom,No,English,26_11,querer,simple-finite
Charlie tiene que recoger el bebé,20,12,2018,Milan,LA,5,female,25,PRE,agent,MC,D,DEF,GI,N,dp,DE_WR_36_25_4_14_LV,83.7,No,14,4,Yes,10,Outsideclassroom,No,English,26_12,recoger,modal
se va corriendo de la mujer.,20,13,2018,Milan,LA,5,female,25,NA,agent,MC,D,NA,GI,Y,nullsub,DE_WR_36_25_4_14_LV,83.7,No,14,4,Yes,10,Outsideclassroom,No,English,26_13,ir,periphrasis-gerund
"Porque el no quiere quedarse con el bebé tampoco,",20,14,2018,Milan,LA,5,female,25,PRE,pacient,SC,D,DEF,GI,Y,pron,DE_WR_36_25_4_14_LV,83.7,No,14,4,Yes,10,Outsideclassroom,No,English,26_14,quedarse,modal
intenta a dejar el bebé,20,15,2018,Milan,LA,5,female,25,NA,agent,MC,D,NA,GI,Y,nullsub,DE_WR_36_25_4_14_LV,83.7,No,14,4,Yes,10,Outsideclassroom,No,English,26_15,intentar,infinitive
dónde lo ha encontrado,20,17,2018,Milan,LA,5,female,25,NA,agent,SC,D,NA,GI,Y,nullsub,DE_WR_36_25_4_14_LV,83.7,No,14,4,Yes,10,Outsideclassroom,No,English,26_17,encontrar,simple-finite
mientras la policía aparece.,20,18,2018,Milan,LA,5,female,25,PRE,pacient,SC,D,DEF,NE,N,dp,DE_WR_36_25_4_14_LV,83.7,No,14,4,Yes,10,Outsideclassroom,No,English,26_18,aparecer,simple-finite
Recoge el bebé otra vez,20,19,2018,Milan,LA,5,female,25,NA,agent,MC,D,NA,GI,N,nullsub,DE_WR_36_25_4_14_LV,83.7,No,14,4,Yes,10,Outsideclassroom,No,English,26_19,recoger,simple-finite
que encuentra un bebé abandonado en la calle,20,2,2018,Milan,LA,5,female,25,PRE,agent,SC,D,DEF,GI,N,pron,DE_WR_36_25_4_14_LV,83.7,No,14,4,Yes,10,Outsideclassroom,No,English,26_2,encontrar,simple-finite
y se va.,21,20,2018,Milan,LA,5,female,25,NA,agent,MC,D,NA,GI,Y,nullsub,DE_WR_36_25_4_14_LV,83.7,No,14,4,Yes,10,Outsideclassroom,No,English,26_20,irse,simple-finite
Cuando pasa un hombre en la calle,21,21,2018,Milan,LA,5,female,25,PRE,pacient,SC,D,INDEF,NE,N,dp,DE_WR_36_25_4_14_LV,83.7,No,14,4,Yes,10,Outsideclassroom,No,English,26_21,pasar,simple-finite
hace,21,22,2018,Milan,LA,5,female,25,NA,agent,MC,D,NA,GI,N,nullsub,DE_WR_36_25_4_14_LV,83.7,No,14,4,Yes,10,Outsideclassroom,No,English,26_22,hacer,simple-finite
como si tenga atar su zapato,21,23,2018,Milan,LA,5,female,25,NA,pacient,SC,D,NA,GI,Y,nullsub,DE_WR_36_25_4_14_LV,83.7,No,14,4,Yes,10,Outsideclassroom,No,English,26_23,tener,simple-finite
y gestiona al hombre,21,24,2018,Milan,LA,5,female,25,NA,agent,MC,D,NA,GI,Y,nullsub,DE_WR_36_25_4_14_LV,83.7,No,14,4,Yes,10,Outsideclassroom,No,English,26_24,gestionar,simple-finite
si puede sujetar al bebé para un momento.,21,25,2018,Milan,LA,5,female,25,NA,agent,SC,D,NA,GI,N,nullsub,DE_WR_36_25_4_14_LV,83.7,No,14,4,Yes,10,Outsideclassroom,No,English,26_25,sujetar,modal
"Cuando el hombre lo hace,",21,26,2018,Milan,LA,5,female,25,PRE,agent,SC,D,DEF,GI,Y,dp,DE_WR_36_25_4_14_LV,83.7,No,14,4,Yes,10,Outsideclassroom,No,English,26_26,hacer,simple-finite
Charlie se va corriendo otra vez,21,27,2018,Milan,LA,5,female,25,PRE,agent,MC,D,DEF,GI,N,dp,DE_WR_36_25_4_14_LV,83.7,No,14,4,Yes,10,Outsideclassroom,No,English,26_27,irse,periphrasis-gerund
y se esconde.,21,28,2018,Milan,LA,5,female,25,NA,agent,MC,D,NA,GI,Y,nullsub,DE_WR_36_25_4_14_LV,83.7,No,14,4,Yes,10,Outsideclassroom,No,English,26_28,esconderse,simple-finite
cuando el está paseando por la calle.,21,3,2018,Milan,LA,5,female,25,PRE,agent,SC,D,DEF,GI,Y,pron,DE_WR_36_25_4_14_LV,83.7,No,14,4,Yes,10,Outsideclassroom,No,English,26_3,pasear,simple-finite
el hombre pone el bebé en el cochecito de la mujer de antes otra vez.,21,30,2018,Milan,LA,5,female,25,PRE,agent,MC,D,DEF,GI,N,dp,DE_WR_36_25_4_14_LV,83.7,No,14,4,Yes,10,Outsideclassroom,No,English,26_30,poner,simple-finite
Cuando la mujer sale de una tienda,21,31,2018,Milan,LA,5,female,25,PRE,agent,SC,D,DEF,GI,N,dp,DE_WR_36_25_4_14_LV,83.7,No,14,4,Yes,10,Outsideclassroom,No,English,26_31,salir,simple-finite
esta muy sorprendida,21,32,2018,Milan,LA,5,female,25,NA,pacient,MC,D,NA,GI,Y,nullsub,DE_WR_36_25_4_14_LV,83.7,No,14,4,Yes,10,Outsideclassroom,No,English,26_32,estar,simple-finite
"En este momento, Charlie los pasa",21,34,2018,Milan,LA,5,female,25,PRE,pacient,MC,D,DEF,GI,N,dp,DE_WR_36_25_4_14_LV,83.7,No,14,4,Yes,10,Outsideclassroom,No,English,26_34,pasar,simple-finite
y la mujer le reconoce.,21,35,2018,Milan,LA,5,female,25,PRE,agent,MC,D,DEF,GI,N,dp,DE_WR_36_25_4_14_LV,83.7,No,14,4,Yes,10,Outsideclassroom,No,English,26_35,reconocer,simple-finite
Ella persigue a el,21,36,2018,Milan,LA,5,female,25,PRE,agent,MC,D,DEF,GI,Y,pron,DE_WR_36_25_4_14_LV,83.7,No,14,4,Yes,10,Outsideclassroom,No,English,26_36,perseguir,simple-finite
y le da golpes con su paraguas.,21,37,2018,Milan,LA,5,female,25,NA,agent,MC,D,NA,GI,Y,nullsub,DE_WR_36_25_4_14_LV,83.7,No,14,4,Yes,10,Outsideclassroom,No,English,26_37,dar,simple-finite
Los dos empiezan una disputa intensa,22,38,2018,Milan,LA,5,female,25,PRE,pacient,MC,D,DEF,GI,N,pron,DE_WR_36_25_4_14_LV,83.7,No,14,4,Yes,10,Outsideclassroom,No,English,26_38,empezar,simple-finite
que esta interrumpido del policía.,22,39,2018,Milan,LA,5,female,25,PRE,pacient,SC,D,DEF,GI,N,pron,DE_WR_36_25_4_14_LV,83.7,No,14,4,Yes,10,Outsideclassroom,No,English,26_39,interrumpir,passive
Primero el busca a los padres del bebé.,22,4,2018,Milan,LA,5,female,25,PRE,agent,MC,D,DEF,GI,Y,pron,DE_WR_36_25_4_14_LV,83.7,No,14,4,Yes,10,Outsideclassroom,No,English,26_4,buscar,simple-finite
Charlie tiene que llevarse al bebé otra vez.,22,40,2018,Milan,LA,5,female,25,PRE,pacient,MC,D,DEF,GI,N,dp,DE_WR_36_25_4_14_LV,83.7,No,14,4,Yes,10,Outsideclassroom,No,English,26_40,llevarse,modal
Se siente en el bordillo con el bebé,22,41,2018,Milan,LA,5,female,25,NA,agent,MC,D,NA,GI,Y,nullsub,DE_WR_36_25_4_14_LV,83.7,No,14,4,Yes,10,Outsideclassroom,No,English,26_41,sentarse,simple-finite
y no sabe,22,42,2018,Milan,LA,5,female,25,NA,agent,MC,D,NA,GI,Y,nullsub,DE_WR_36_25_4_14_LV,83.7,No,14,4,Yes,10,Outsideclassroom,No,English,26_42,saber,simple-finite
que puede hacer.,22,43,2018,Milan,LA,5,female,25,NA,agent,SC,I,NA,GI,Y,nullsub,DE_WR_36_25_4_14_LV,83.7,No,14,4,Yes,10,Outsideclassroom,No,English,26_43,hacer,modal
Al final descubre un papel en la manta del bebé.,22,44,2018,Milan,LA,5,female,25,NA,pacient,MC,D,NA,GI,Y,nullsub,DE_WR_36_25_4_14_LV,83.7,No,14,4,Yes,10,Outsideclassroom,No,English,26_44,descubrir,simple-finite
que el bebé no tiene padres,22,46,2018,Milan,LA,5,female,25,PRE,pacient,SC,D,DEF,GI,N,dp,DE_WR_36_25_4_14_LV,83.7,No,14,4,Yes,10,Outsideclassroom,No,English,26_46,tener,simple-finite
y Charlie decide a guardar el bebé,22,47,2018,Milan,LA,5,female,25,PRE,agent,MC,D,DEF,GI,N,dp,DE_WR_36_25_4_14_LV,83.7,No,14,4,Yes,10,Outsideclassroom,No,English,26_47,decidir,periphrasis-lexical
y lo lleva a casa.,22,48,2018,Milan,LA,5,female,25,NA,pacient,MC,D,NA,GI,Y,nullsub,DE_WR_36_25_4_14_LV,83.7,No,14,4,Yes,10,Outsideclassroom,No,English,26_48,llevar,simple-finite
Cuando los dos pasan a una mujer con un cochecito para niños con otro bebé dentro,22,5,2018,Milan,LA,5,female,25,PRE,pacient,SC,D,DEF,GI,N,pron,DE_WR_36_25_4_14_LV,83.7,No,14,4,Yes,10,Outsideclassroom,No,English,26_5,pasar,simple-finite
Charlie Chaplin piensa,22,6,2018,Milan,LA,5,female,25,PRE,agent,MC,D,DEF,GI,N,dp,DE_WR_36_25_4_14_LV,83.7,No,14,4,Yes,10,Outsideclassroom,No,English,26_6,pensar,simple-finite
que sea su bebé también,22,7,2018,Milan,LA,5,female,25,POST,pacient,SC,D,DEF,GI,N,dp,DE_WR_36_25_4_14_LV,83.7,No,14,4,Yes,10,Outsideclassroom,No,English,26_7,ser,simple-finite
y lo pone en el cochecito con el otro bebé.,22,8,2018,Milan,LA,5,female,25,NA,agent,MC,D,NA,GI,N,nullsub,DE_WR_36_25_4_14_LV,83.7,No,14,4,Yes,10,Outsideclassroom,No,English,26_8,poner,simple-finite
La madre se pone muy enfadada,22,9,2018,Milan,LA,5,female,25,PRE,agent,MC,D,DEF,GI,N,dp,DE_WR_36_25_4_14_LV,83.7,No,14,4,Yes,10,Outsideclassroom,No,English,26_9,ponerse,periphrasis-lexical
"El video trata de Charly Chaplin,",22,1,2018,Hamburg,LI,3,female,26,PRE,agent,MC,D,DEF,NE,N,dp,DE_WR_36_26_10_14_AJ,83.7,No,16,10,Yes,10,Outsideclassroom,No,English,27_1,tratar,periphrasis-lexical
Mira una mujer,22,12,2018,Hamburg,LI,3,female,26,NA,agent,MC,D,NA,GI,Y,nullsub,DE_WR_36_26_10_14_AJ,83.7,No,16,10,Yes,10,Outsideclassroom,No,English,27_12,mirar,simple-finite
que tiene un cochecito para niños grande con solo un bebé.,22,13,2018,Hamburg,LI,3,female,26,PRE,pacient,SC,D,DEF,GI,N,pron,DE_WR_36_26_10_14_AJ,83.7,No,16,10,Yes,10,Outsideclassroom,No,English,27_13,tener,simple-finite
"En un momento […]  C.C. pone ""su bebé"" en el cochecito",22,14,2018,Hamburg,LI,3,female,26,PRE,agent,MC,D,DEF,GI,N,dp,DE_WR_36_26_10_14_AJ,83.7,No,16,10,Yes,10,Outsideclassroom,No,English,27_14,poner,simple-finite
en lo que la mujer no mira a su bebé,22,15,2018,Hamburg,LI,3,female,26,PRE,agent,SC,D,DEF,GI,N,dp,DE_WR_36_26_10_14_AJ,83.7,No,16,10,Yes,10,Outsideclassroom,No,English,27_15,mirar,simple-finite
y corre.,23,16,2018,Hamburg,LI,3,female,26,NA,agent,MC,D,NA,GI,N,nullsub,DE_WR_36_26_10_14_AJ,83.7,No,16,10,Yes,10,Outsideclassroom,No,English,27_16,correr,simple-finite
La mujer no le gusta,23,17,2018,Hamburg,LI,3,female,26,PRE,pacient,MC,D,DEF,GI,N,dp,DE_WR_36_26_10_14_AJ,83.7,No,16,10,Yes,10,Outsideclassroom,No,English,27_17,gustar,simple-finite
"y da el bebé a un hombre viejo,",23,18,2018,Hamburg,LI,3,female,26,NA,agent,MC,D,NA,GI,Y,nullsub,DE_WR_36_26_10_14_AJ,83.7,No,16,10,Yes,10,Outsideclassroom,No,English,27_18,dar,simple-finite
que cruza su camino.,23,19,2018,Hamburg,LI,3,female,26,PRE,agent,SC,D,DEF,GI,N,pron,DE_WR_36_26_10_14_AJ,83.7,No,16,10,Yes,10,Outsideclassroom,No,English,27_19,cruzar,simple-finite
que está en una calle.,23,2,2018,Hamburg,LI,3,female,26,PRE,pacient,SC,D,DEF,GI,N,pron,DE_WR_36_26_10_14_AJ,83.7,No,16,10,Yes,10,Outsideclassroom,No,English,27_2,estar,simple-finite
El hombre está confundido,23,20,2018,Hamburg,LI,3,female,26,PRE,pacient,MC,D,DEF,GI,Y,dp,DE_WR_36_26_10_14_AJ,83.7,No,16,10,Yes,10,Outsideclassroom,No,English,27_20,estar,simple-finite
"y en el video empieza una caza entre la policía, C.C, la mujer y el hombre viejo.",23,21,2018,Hamburg,LI,3,female,26,POST,pacient,MC,D,INDEF,NE,N,dp,DE_WR_36_26_10_14_AJ,83.7,No,16,10,Yes,10,Outsideclassroom,No,English,27_21,empezar,simple-finite
"que está muy furiosa,",23,23,2018,Hamburg,LI,3,female,26,PRE,pacient,MC,D,DEF,GI,N,pron,DE_WR_36_26_10_14_AJ,83.7,No,16,10,Yes,10,Outsideclassroom,No,English,27_23,estar,simple-finite
"Toma el bebé,",23,24,2018,Hamburg,LI,3,female,26,NA,agent,MC,D,NA,GI,N,nullsub,DE_WR_36_26_10_14_AJ,83.7,No,16,10,Yes,10,Outsideclassroom,No,English,27_24,tomar,simple-finite
sienta,23,25,2018,Hamburg,LI,3,female,26,NA,agent,MC,D,NA,GI,Y,nullsub,DE_WR_36_26_10_14_AJ,83.7,No,16,10,Yes,10,Outsideclassroom,No,English,27_25,sentarse,simple-finite
y cuando mira al bebé más intensiva,23,26,2018,Hamburg,LI,3,female,26,NA,agent,SC,D,NA,GI,Y,nullsub,DE_WR_36_26_10_14_AJ,83.7,No,16,10,Yes,10,Outsideclassroom,No,English,27_26,mirar,simple-finite
encuentra una carta,23,27,2018,Hamburg,LI,3,female,26,NA,agent,MC,D,NA,GI,Y,nullsub,DE_WR_36_26_10_14_AJ,83.7,No,16,10,Yes,10,Outsideclassroom,No,English,27_27,encontrar,simple-finite
que alguien ama al bebé.,23,29,2018,Hamburg,LI,3,female,26,NA,agent,SC,IM,NA,NE,N,nullsub,DE_WR_36_26_10_14_AJ,83.7,No,16,10,Yes,10,Outsideclassroom,No,English,27_29,amar,simple-finite
De repente algo se cae al suelo,23,3,2018,Hamburg,LI,3,female,26,PRE,pacient,MC,D,DEF,NE,N,pron,DE_WR_36_26_10_14_AJ,83.7,No,16,10,Yes,10,Outsideclassroom,No,English,27_3,caerse,simple-finite
ríe,23,31,2018,Hamburg,LI,3,female,26,NA,agent,MC,D,NA,GI,Y,nullsub,DE_WR_36_26_10_14_AJ,83.7,No,16,10,Yes,10,Outsideclassroom,No,English,27_31,reírse,simple-finite
y empieza mover el bebé en su brazos,23,32,2018,Hamburg,LI,3,female,26,NA,agent,MC,D,NA,GI,Y,nullsub,DE_WR_36_26_10_14_AJ,83.7,No,16,10,Yes,10,Outsideclassroom,No,English,27_32,empezar,simple-finite
como si fuera su bebé.,23,33,2018,Hamburg,LI,3,female,26,POST,pacient,SC,D,DEF,GI,N,dp,DE_WR_36_26_10_14_AJ,83.7,No,16,10,Yes,10,Outsideclassroom,No,English,27_33,ser,simple-finite
y C.C. está confundido.,23,4,2018,Hamburg,LI,3,female,26,PRE,pacient,MC,D,DEF,GI,N,dp,DE_WR_36_26_10_14_AJ,83.7,No,16,10,Yes,10,Outsideclassroom,No,English,27_4,estar,simple-finite
Mira al cielo para entenderlo.,23,5,2018,Hamburg,LI,3,female,26,NA,agent,MC,D,NA,GI,Y,nullsub,DE_WR_36_26_10_14_AJ,83.7,No,16,10,Yes,10,Outsideclassroom,No,English,27_5,mirar,simple-finite
Empieza a fumar,23,6,2018,Hamburg,LI,3,female,26,NA,agent,MC,D,NA,GI,Y,nullsub,DE_WR_36_26_10_14_AJ,83.7,No,16,10,Yes,10,Outsideclassroom,No,English,27_6,fumar,periphrasis-lexical
y cuando mira al otro lado,23,7,2018,Hamburg,LI,3,female,26,NA,agent,SC,D,NA,GI,Y,nullsub,DE_WR_36_26_10_14_AJ,83.7,No,16,10,Yes,10,Outsideclassroom,No,English,27_7,mirar,simple-finite
mira un bebé.,23,8,2018,Hamburg,LI,3,female,26,NA,agent,MC,D,NA,GI,Y,nullsub,DE_WR_36_26_10_14_AJ,83.7,No,16,10,Yes,10,Outsideclassroom,No,English,27_8,mirar,simple-finite
Toma el bebé,23,9,2018,Hamburg,LI,3,female,26,NA,agent,MC,D,NA,GI,Y,nullsub,DE_WR_36_26_10_14_AJ,83.7,No,16,10,Yes,10,Outsideclassroom,No,English,27_9,tomar,simple-finite
Chaplin descubre un papel,23,11,2018,Jena,LI,3,female,27,PRE,pacient,MC,D,DEF,GI,Y,dp,DE_WR_36_27_1_14_EC,83.7,Yes,25,1,No,30,Outsideclassroom,Yes,"Italian, English, Portuguese, French",28_11,descubrir,simple-finite
que el niño es un huérfano,23,13,2018,Jena,LI,3,female,27,PRE,pacient,SC,D,DEF,GI,N,dp,DE_WR_36_27_1_14_EC,83.7,Yes,25,1,No,30,Outsideclassroom,Yes,"Italian, English, Portuguese, French",28_13,ser,simple-finite
"Chaplin aceita, sonriendo.",23,15,2018,Jena,LI,3,female,27,PRE,agent,MC,D,DEF,GI,N,dp,DE_WR_36_27_1_14_EC,83.7,Yes,25,1,No,30,Outsideclassroom,Yes,"Italian, English, Portuguese, French",28_15,acertar,simple-finite
que encuentra un bebé en la estrada.,23,2,2018,Jena,LI,3,female,27,PRE,agent,SC,D,DEF,GI,N,pron,DE_WR_36_27_1_14_EC,83.7,Yes,25,1,No,30,Outsideclassroom,Yes,"Italian, English, Portuguese, French",28_2,encontrar,simple-finite
"El intenta librarse del niño,",23,3,2018,Jena,LI,3,female,27,PRE,agent,MC,D,DEF,GI,Y,pron,DE_WR_36_27_1_14_EC,83.7,Yes,25,1,No,30,Outsideclassroom,Yes,"Italian, English, Portuguese, French",28_3,intentar,infinitive
"Cuando el intenta abandonarlo nuevamente en la estrada,",23,5,2018,Jena,LI,3,female,27,PRE,agent,SC,D,DEF,GI,Y,pron,DE_WR_36_27_1_14_EC,83.7,Yes,25,1,No,30,Outsideclassroom,Yes,"Italian, English, Portuguese, French",28_5,intentar,infinitive
un guardia de la policía lo ve,23,6,2018,Jena,LI,3,female,27,PRE,pacient,MC,D,INDEF,NE,N,dp,DE_WR_36_27_1_14_EC,83.7,Yes,25,1,No,30,Outsideclassroom,Yes,"Italian, English, Portuguese, French",28_6,ver,simple-finite
e lo amenaza con un bastón.,23,7,2018,Jena,LI,3,female,27,NA,agent,MC,D,NA,GI,Y,nullsub,DE_WR_36_27_1_14_EC,83.7,Yes,25,1,No,30,Outsideclassroom,Yes,"Italian, English, Portuguese, French",28_7,amenazar,simple-finite
"Por eso, Chaplin recoge el bebé",23,8,2018,Jena,LI,3,female,27,PRE,agent,MC,D,DEF,GI,N,dp,DE_WR_36_27_1_14_EC,83.7,Yes,25,1,No,30,Outsideclassroom,Yes,"Italian, English, Portuguese, French",28_8,recoger,simple-finite
e se sienta en el bordillo de la estrada.,23,9,2018,Jena,LI,3,female,27,NA,agent,MC,D,NA,GI,Y,nullsub,DE_WR_36_27_1_14_EC,83.7,Yes,25,1,No,30,Outsideclassroom,Yes,"Italian, English, Portuguese, French",28_9,sentarse,simple-finite
Charlie va por la calle,23,1,2019,Granada,LA,5,female,28,PRE,agent,MC,D,DEF,NE,N,dp,DE_WR_36_28_10_14_LK,83.7,No,15,10,Yes,15,Outsideclassroom,No,French,29_1,ir,simple-finite
y lo deja en un carrito cerca.,23,10,2019,Granada,LA,5,female,28,NA,agent,MC,D,NA,GI,Y,nullsub,DE_WR_36_28_10_14_LK,83.7,No,15,10,Yes,15,Outsideclassroom,No,French,29_10,dejar,simple-finite
Una mujer se acerca,23,11,2019,Granada,LA,5,female,28,PRE,agent,MC,D,INDEF,NE,N,dp,DE_WR_36_28_10_14_LK,83.7,No,15,10,Yes,15,Outsideclassroom,No,French,29_11,acercarse,simple-finite
que se vaya con el bebe,24,13,2019,Granada,LA,5,female,28,NA,agent,MC,D,NA,GI,N,nullsub,DE_WR_36_28_10_14_LK,83.7,No,15,10,Yes,15,Outsideclassroom,No,French,29_13,irse,simple-finite
al cual le deja otra vez en su sitio de encuentra.,24,14,2019,Granada,LA,5,female,28,NA,agent,SC,D,NA,GI,Y,nullsub,DE_WR_36_28_10_14_LK,83.7,No,15,10,Yes,15,Outsideclassroom,No,French,29_14,dejar,simple-finite
Este le persigue con el bebe para devolverselo,24,15,2019,Granada,LA,5,female,28,PRE,agent,MC,D,DEF,GI,Y,pron,DE_WR_36_28_10_14_LK,83.7,No,15,10,Yes,15,Outsideclassroom,No,French,29_15,perseguir,simple-finite
y lo deja en un carrito con otro bebe,24,16,2019,Granada,LA,5,female,28,NA,agent,MC,D,NA,GI,Y,nullsub,DE_WR_36_28_10_14_LK,83.7,No,15,10,Yes,15,Outsideclassroom,No,French,29_16,dejar,simple-finite
Viene la policía,24,17,2019,Granada,LA,5,female,28,POST,pacient,MC,D,DEF,NE,N,dp,DE_WR_36_28_10_14_LK,83.7,No,15,10,Yes,15,Outsideclassroom,No,French,29_17,venir,simple-finite
y asi charlie vuelve a recoger el bebe,24,18,2019,Granada,LA,5,female,28,PRE,agent,MC,D,DEF,GI,N,dp,DE_WR_36_28_10_14_LK,83.7,No,15,10,Yes,15,Outsideclassroom,No,French,29_18,recoger,periphrasis-lexical
cuando le tiran algo por encima,24,2,2019,Granada,LA,5,female,28,NA,agent,MC,D,NA,NE,N,nullsub,DE_WR_36_28_10_14_LK,83.7,No,15,10,Yes,15,Outsideclassroom,No,French,29_2,tirar,simple-finite
"esto lo ve la mujer de antes,",24,21,2019,Granada,LA,5,female,28,PRE,pacient,MC,D,DEF,GI,N,pron,DE_WR_36_28_10_14_LK,83.7,No,15,10,Yes,15,Outsideclassroom,No,French,29_21,ver,simple-finite
viene el mismo policía,24,22,2019,Granada,LA,5,female,28,POST,pacient,MC,D,DEF,GI,N,dp,DE_WR_36_28_10_14_LK,83.7,No,15,10,Yes,15,Outsideclassroom,No,French,29_22,venir,simple-finite
Charie con el bebe en brazos se sienta en el suelo,24,23,2019,Granada,LA,5,female,28,PRE,agent,MC,D,DEF,GI,N,dp,DE_WR_36_28_10_14_LK,83.7,No,15,10,Yes,15,Outsideclassroom,No,French,29_23,sentarse,simple-finite
y piensa en tirarle a la canalización,24,24,2019,Granada,LA,5,female,28,NA,agent,MC,D,NA,GI,Y,nullsub,DE_WR_36_28_10_14_LK,83.7,No,15,10,Yes,15,Outsideclassroom,No,French,29_24,pensar,simple-finite
lo que no hace-,24,25,2019,Granada,LA,5,female,28,PRE,agent,SC,D,DEF,GI,Y,pron,DE_WR_36_28_10_14_LK,83.7,No,15,10,Yes,15,Outsideclassroom,No,French,29_25,hacer,simple-finite
pero encuentra un papelito,24,26,2019,Granada,LA,5,female,28,NA,agent,MC,D,NA,GI,Y,nullsub,DE_WR_36_28_10_14_LK,83.7,No,15,10,Yes,15,Outsideclassroom,No,French,29_26,encontrar,simple-finite
en cual ponde de cuidar del bebe con mucho cariño,24,27,2019,Granada,LA,5,female,28,NA,agent,SC,D,NA,GI,N,nullsub,DE_WR_36_28_10_14_LK,83.7,No,15,10,Yes,15,Outsideclassroom,No,French,29_27,?,simple-finite
"cambia la musica ,",24,28,2019,Granada,LA,5,female,28,POST,pacient,MC,D,DEF,NE,N,dp,DE_WR_36_28_10_14_LK,83.7,No,15,10,Yes,15,Outsideclassroom,No,French,29_28,cambiar,simple-finite
charlie se levanta con el bebe,24,29,2019,Granada,LA,5,female,28,PRE,agent,MC,D,DEF,GI,N,dp,DE_WR_36_28_10_14_LK,83.7,No,15,10,Yes,15,Outsideclassroom,No,French,29_29,levantarse,simple-finite
se para,24,3,2019,Granada,LA,5,female,28,NA,pacient,MC,D,NA,GI,N,nullsub,DE_WR_36_28_10_14_LK,83.7,No,15,10,Yes,15,Outsideclassroom,No,French,29_3,pararse,simple-finite
y se va con el niño en brazos,24,30,2019,Granada,LA,5,female,28,NA,agent,MC,D,NA,GI,Y,nullsub,DE_WR_36_28_10_14_LK,83.7,No,15,10,Yes,15,Outsideclassroom,No,French,29_30,irse,simple-finite
y enciende un cigarro.,24,4,2019,Granada,LA,5,female,28,NA,agent,MC,D,NA,GI,Y,nullsub,DE_WR_36_28_10_14_LK,83.7,No,15,10,Yes,15,Outsideclassroom,No,French,29_4,encender,simple-finite
Ve a un bebe en la calle al lado de cubos de basura,25,5,2019,Granada,LA,5,female,28,NA,pacient,MC,D,NA,GI,Y,nullsub,DE_WR_36_28_10_14_LK,83.7,No,15,10,Yes,15,Outsideclassroom,No,French,29_5,ver,simple-finite
y mira,25,6,2019,Granada,LA,5,female,28,NA,agent,MC,D,NA,GI,Y,nullsub,DE_WR_36_28_10_14_LK,83.7,No,15,10,Yes,15,Outsideclassroom,No,French,29_6,mirar,simple-finite
si ve a alguien,25,7,2019,Granada,LA,5,female,28,NA,pacient,MC,D,NA,GI,Y,nullsub,DE_WR_36_28_10_14_LK,83.7,No,15,10,Yes,15,Outsideclassroom,No,French,29_7,ver,simple-finite
que lo habra dejado ahí,25,8,2019,Granada,LA,5,female,28,NA,agent,SC,D,NA,GI,N,nullsub,DE_WR_36_28_10_14_LK,83.7,No,15,10,Yes,15,Outsideclassroom,No,French,29_8,haber,simple-finite
busca a un familiar,25,9,2019,Granada,LA,5,female,28,NA,agent,MC,D,NA,GI,N,nullsub,DE_WR_36_28_10_14_LK,83.7,No,15,10,Yes,15,Outsideclassroom,No,French,29_9,buscar,simple-finite
Charly pasa por delante de las casas,25,1,2018,Berlin,UI,4,male,71,PRE,pacient,MC,D,DEF,NE,N,dp,DE_WR_19_71_7_14_NJ,44.2,No,64,7,Yes,15,Outsideclassroom,No,English,3_1,pasar,simple-finite
Charly pasa junto al cochecito.,25,10,2018,Berlin,UI,4,male,71,PRE,pacient,MC,D,DEF,GI,N,dp,DE_WR_19_71_7_14_NJ,44.2,No,64,7,Yes,15,Outsideclassroom,No,English,3_10,pasar,simple-finite
Cree,25,11,2018,Berlin,UI,4,male,71,NA,agent,MC,D,NA,GI,Y,nullsub,DE_WR_19_71_7_14_NJ,44.2,No,64,7,Yes,15,Outsideclassroom,No,English,3_11,creer,simple-finite
que es la segunda vez,25,12,2018,Berlin,UI,4,male,71,POST,pacient,SC,D,DEF,NE,N,dp,DE_WR_19_71_7_14_NJ,44.2,No,64,7,Yes,15,Outsideclassroom,No,English,3_12,ser,simple-finite
que Charly lo intenta,25,13,2018,Berlin,UI,4,male,71,PRE,agent,SC,D,DEF,GI,N,dp,DE_WR_19_71_7_14_NJ,44.2,No,64,7,Yes,15,Outsideclassroom,No,English,3_13,intentar,simple-finite
lo golpea,25,14,2018,Berlin,UI,4,male,71,NA,agent,MC,D,NA,GI,Y,nullsub,DE_WR_19_71_7_14_NJ,44.2,No,64,7,Yes,15,Outsideclassroom,No,English,3_14,golpear,simple-finite
y llama a la policía.,25,15,2018,Berlin,UI,4,male,71,NA,agent,MC,D,NA,GI,Y,nullsub,DE_WR_19_71_7_14_NJ,44.2,No,64,7,Yes,15,Outsideclassroom,No,English,3_15,llamar,simple-finite
Ahora se sienta con el bebé en la carretera,25,16,2018,Berlin,UI,4,male,71,NA,agent,MC,D,NA,GI,N,nullsub,DE_WR_19_71_7_14_NJ,44.2,No,64,7,Yes,15,Outsideclassroom,No,English,3_16,sentarse,simple-finite
y encuentra una carta,25,17,2018,Berlin,UI,4,male,71,NA,agent,MC,D,NA,GI,Y,nullsub,DE_WR_19_71_7_14_NJ,44.2,No,64,7,Yes,15,Outsideclassroom,No,English,3_17,encontrar,simple-finite
y es arrojado a la basura,25,2,2018,Berlin,UI,4,male,71,NA,pacient,MC,D,NA,GI,Y,nullsub,DE_WR_19_71_7_14_NJ,44.2,No,64,7,Yes,15,Outsideclassroom,No,English,3_2,arrojar,passive
Luego enciende su propio cigarro.,25,3,2018,Berlin,UI,4,male,71,NA,agent,MC,D,NA,GI,Y,nullsub,DE_WR_19_71_7_14_NJ,44.2,No,64,7,Yes,15,Outsideclassroom,No,English,3_3,encender,simple-finite
Encuentra un bebé,25,4,2018,Berlin,UI,4,male,71,NA,agent,MC,D,NA,GI,Y,nullsub,DE_WR_19_71_7_14_NJ,44.2,No,64,7,Yes,15,Outsideclassroom,No,English,3_4,encontrar,simple-finite
y trata de ponerlo en un cochecito.,25,5,2018,Berlin,UI,4,male,71,NA,agent,MC,D,NA,GI,Y,nullsub,DE_WR_19_71_7_14_NJ,44.2,No,64,7,Yes,15,Outsideclassroom,No,English,3_5,tratar,infinitive
Luego intenta devolver al bebé al lugar,25,6,2018,Berlin,UI,4,male,71,NA,agent,MC,D,NA,GI,Y,nullsub,DE_WR_19_71_7_14_NJ,44.2,No,64,7,Yes,15,Outsideclassroom,No,English,3_6,intentar,infinitive
pero es molestado por un oficial de policía.,25,7,2018,Berlin,UI,4,male,71,NA,pacient,MC,D,NA,GI,Y,nullsub,DE_WR_19_71_7_14_NJ,44.2,No,64,7,Yes,15,Outsideclassroom,No,English,3_7,molestar,passive
Luego se lo da a otro hombre,25,8,2018,Berlin,UI,4,male,71,NA,agent,MC,D,NA,GI,Y,nullsub,DE_WR_19_71_7_14_NJ,44.2,No,64,7,Yes,15,Outsideclassroom,No,English,3_8,dar,simple-finite
que lo vuelve a poner en el cochecito.,25,9,2018,Berlin,UI,4,male,71,NA,agent,SC,D,NA,GI,N,nullsub,DE_WR_19_71_7_14_NJ,44.2,No,64,7,Yes,15,Outsideclassroom,No,English,3_9,poner,periphrasis-lexical
Charlie Caplin esta andando en una ciudad con casas,25,1,2018,Freiburg,UI,4,female,28,PRE,agent,MC,D,DEF,NE,N,dp,DE_WR_36_28_12_14_MB,83.7,No,16,12,Yes,35,Outsideclassroom,No,English,30_1,andar,periphrasis-gerund
"que hacer,",25,10,2018,Freiburg,UI,4,female,28,NA,agent,SC,I,NA,NA,NA,nullsub,DE_WR_36_28_12_14_MB,83.7,No,16,12,Yes,35,Outsideclassroom,No,English,30_10,hacer,simple-finite
así que coge el bébé.,25,11,2018,Freiburg,UI,4,female,28,NA,agent,MC,D,NA,GI,Y,nullsub,DE_WR_36_28_12_14_MB,83.7,No,16,12,Yes,35,Outsideclassroom,No,English,30_11,coger,simple-finite
"Cuando ve a una mujer con un niNo en un cochecito,",25,12,2018,Freiburg,UI,4,female,28,NA,pacient,MC,D,NA,GI,Y,nullsub,DE_WR_36_28_12_14_MB,83.7,No,16,12,Yes,35,Outsideclassroom,No,English,30_12,ver,simple-finite
lleva el bébé hacia esto.,25,13,2018,Freiburg,UI,4,female,28,NA,pacient,MC,D,NA,GI,Y,nullsub,DE_WR_36_28_12_14_MB,83.7,No,16,12,Yes,35,Outsideclassroom,No,English,30_13,llevar,simple-finite
"Cuando la madre se va un momento en una casa,",25,14,2018,Freiburg,UI,4,female,28,PRE,agent,MC,D,DEF,GI,N,dp,DE_WR_36_28_12_14_MB,83.7,No,16,12,Yes,35,Outsideclassroom,No,English,30_14,irse,simple-finite
pone el bébé en el cochecito,25,15,2018,Freiburg,UI,4,female,28,NA,agent,MC,D,NA,GI,N,nullsub,DE_WR_36_28_12_14_MB,83.7,No,16,12,Yes,35,Outsideclassroom,No,English,30_15,poner,simple-finite
y quiere irse.,25,16,2018,Freiburg,UI,4,female,28,NA,agent,MC,D,NA,GI,Y,nullsub,DE_WR_36_28_12_14_MB,83.7,No,16,12,Yes,35,Outsideclassroom,No,English,30_16,irse,modal
Pero la madre lo ve,25,17,2018,Freiburg,UI,4,female,28,PRE,pacient,MC,D,DEF,GI,N,dp,DE_WR_36_28_12_14_MB,83.7,No,16,12,Yes,35,Outsideclassroom,No,English,30_17,ver,simple-finite
y se enfada mucho.,25,18,2018,Freiburg,UI,4,female,28,NA,agent,MC,D,NA,GI,Y,nullsub,DE_WR_36_28_12_14_MB,83.7,No,16,12,Yes,35,Outsideclassroom,No,English,30_18,enfadarse,simple-finite
Chaplin tiene que tomar el bébé de nuevo.,25,19,2018,Freiburg,UI,4,female,28,PRE,agent,MC,D,DEF,GI,N,dp,DE_WR_36_28_12_14_MB,83.7,No,16,12,Yes,35,Outsideclassroom,No,English,30_19,tomar,modal
que apparecen  destruidas.,25,2,2018,Freiburg,UI,4,female,28,PRE,pacient,SC,D,DEF,GI,N,pron,DE_WR_36_28_12_14_MB,83.7,No,16,12,Yes,35,Outsideclassroom,No,English,30_2,aparecer,simple-finite
un hombre de la policia le observa,25,21,2018,Freiburg,UI,4,female,28,PRE,agent,MC,D,INDEF,NE,N,dp,DE_WR_36_28_12_14_MB,83.7,No,16,12,Yes,35,Outsideclassroom,No,English,30_21,observar,simple-finite
y le dice,25,22,2018,Freiburg,UI,4,female,28,NA,agent,MC,D,NA,GI,Y,nullsub,DE_WR_36_28_12_14_MB,83.7,No,16,12,Yes,35,Outsideclassroom,No,English,30_22,decir,simple-finite
que no pueda hacerlo.,25,23,2018,Freiburg,UI,4,female,28,NA,agent,SC,D,NA,GI,N,nullsub,DE_WR_36_28_12_14_MB,83.7,No,16,12,Yes,35,Outsideclassroom,No,English,30_23,hacer,modal
Entonces lleva el bébé,25,24,2018,Freiburg,UI,4,female,28,NA,pacient,MC,D,NA,GI,Y,nullsub,DE_WR_36_28_12_14_MB,83.7,No,16,12,Yes,35,Outsideclassroom,No,English,30_24,llevar,simple-finite
hasta que encuentra a un hombre viejo,25,25,2018,Freiburg,UI,4,female,28,NA,agent,SC,D,NA,GI,Y,nullsub,DE_WR_36_28_12_14_MB,83.7,No,16,12,Yes,35,Outsideclassroom,No,English,30_25,encontrar,simple-finite
Preguntale,25,26,2018,Freiburg,UI,4,female,28,NA,agent,MC,D,NA,GI,N,nullsub,DE_WR_36_28_12_14_MB,83.7,No,16,12,Yes,35,Outsideclassroom,No,English,30_26,preguntar,simple-finite
si puede llevarlo un momento,25,27,2018,Freiburg,UI,4,female,28,NA,pacient,SC,I,NA,GI,N,nullsub,DE_WR_36_28_12_14_MB,83.7,No,16,12,Yes,35,Outsideclassroom,No,English,30_27,llevar,modal
para que pueda hacer sus zapatos,26,28,2018,Freiburg,UI,4,female,28,NA,agent,SC,D,NA,GI,N,nullsub,DE_WR_36_28_12_14_MB,83.7,No,16,12,Yes,35,Outsideclassroom,No,English,30_28,hacer,modal
"- pero cuando el hombre coge el niNo,",26,29,2018,Freiburg,UI,4,female,28,PRE,agent,MC,D,DEF,GI,N,dp,DE_WR_36_28_12_14_MB,83.7,No,16,12,Yes,35,Outsideclassroom,No,English,30_29,coger,simple-finite
De repente se caye basura en frente de él.,26,3,2018,Freiburg,UI,4,female,28,POST,pacient,MC,D,INDEF,NE,N,dp,DE_WR_36_28_12_14_MB,83.7,No,16,12,Yes,35,Outsideclassroom,No,English,30_3,caer,simple-finite
Chaplin corre.,26,30,2018,Freiburg,UI,4,female,28,PRE,agent,MC,D,DEF,GI,N,dp,DE_WR_36_28_12_14_MB,83.7,No,16,12,Yes,35,Outsideclassroom,No,English,30_30,correr,simple-finite
El hombre no sé,26,31,2018,Freiburg,UI,4,female,28,PRE,agent,MC,D,DEF,GI,N,dp,DE_WR_36_28_12_14_MB,83.7,No,16,12,Yes,35,Outsideclassroom,No,English,30_31,saber,simple-finite
que hacer,26,32,2018,Freiburg,UI,4,female,28,NA,agent,SC,I,NA,NA,NA,nullsub,DE_WR_36_28_12_14_MB,83.7,No,16,12,Yes,35,Outsideclassroom,No,English,30_32,hacer,simple-finite
y pone el bébé en el mismo cochecito,26,33,2018,Freiburg,UI,4,female,28,NA,agent,MC,D,NA,GI,Y,nullsub,DE_WR_36_28_12_14_MB,83.7,No,16,12,Yes,35,Outsideclassroom,No,English,30_33,poner,simple-finite
como lo hice Chaplin más antes.,26,34,2018,Freiburg,UI,4,female,28,POST,agent,MC,D,DEF,GI,N,dp,DE_WR_36_28_12_14_MB,83.7,No,16,12,Yes,35,Outsideclassroom,No,English,30_34,hacer,simple-finite
Chaplin no lo sé,26,35,2018,Freiburg,UI,4,female,28,PRE,agent,MC,D,DEF,GI,Y,dp,DE_WR_36_28_12_14_MB,83.7,No,16,12,Yes,35,Outsideclassroom,No,English,30_35,saber,simple-finite
"y esta andando al lado del cochecito,",26,36,2018,Freiburg,UI,4,female,28,NA,agent,MC,D,NA,GI,Y,nullsub,DE_WR_36_28_12_14_MB,83.7,No,16,12,Yes,35,Outsideclassroom,No,English,30_36,andar,periphrasis-gerund
cuando la madre nota el bébé,26,37,2018,Freiburg,UI,4,female,28,PRE,pacient,SC,D,DEF,GI,N,dp,DE_WR_36_28_12_14_MB,83.7,No,16,12,Yes,35,Outsideclassroom,No,English,30_37,notar,simple-finite
y la policia viene.,26,38,2018,Freiburg,UI,4,female,28,PRE,pacient,MC,D,DEF,GI,N,dp,DE_WR_36_28_12_14_MB,83.7,No,16,12,Yes,35,Outsideclassroom,No,English,30_38,venir,simple-finite
La madre golpea al Chaplin con sus paraguas.,26,39,2018,Freiburg,UI,4,female,28,PRE,agent,MC,D,DEF,GI,N,dp,DE_WR_36_28_12_14_MB,83.7,No,16,12,Yes,35,Outsideclassroom,No,English,30_39,golpear,simple-finite
Esta pensando,26,4,2018,Freiburg,UI,4,female,28,NA,agent,MC,D,NA,GI,N,nullsub,DE_WR_36_28_12_14_MB,83.7,No,16,12,Yes,35,Outsideclassroom,No,English,30_4,pensar,periphrasis-gerund
Al final Chaplin se siente en la calle,26,40,2018,Freiburg,UI,4,female,28,PRE,agent,MC,D,DEF,GI,N,dp,DE_WR_36_28_12_14_MB,83.7,No,16,12,Yes,35,Outsideclassroom,No,English,30_40,sentarse,simple-finite
y piensa de,26,41,2018,Freiburg,UI,4,female,28,NA,agent,MC,D,NA,GI,Y,nullsub,DE_WR_36_28_12_14_MB,83.7,No,16,12,Yes,35,Outsideclassroom,No,English,30_41,pensar,simple-finite
lo que podria hacer.,26,42,2018,Freiburg,UI,4,female,28,PRE,agent,SC,D,NA,NE,Y,nullsub,DE_WR_36_28_12_14_MB,83.7,No,16,12,Yes,35,Outsideclassroom,No,English,30_42,hacer,modal
Explora un papel,26,43,2018,Freiburg,UI,4,female,28,NA,agent,MC,D,NA,GI,Y,nullsub,DE_WR_36_28_12_14_MB,83.7,No,16,12,Yes,35,Outsideclassroom,No,English,30_43,explorar,simple-finite
que dice,26,44,2018,Freiburg,UI,4,female,28,PRE,agent,SC,D,DEF,GI,N,pron,DE_WR_36_28_12_14_MB,83.7,No,16,12,Yes,35,Outsideclassroom,No,English,30_44,decir,simple-finite
y empieza a fumar.,26,6,2018,Freiburg,UI,4,female,28,NA,agent,MC,D,NA,GI,N,nullsub,DE_WR_36_28_12_14_MB,83.7,No,16,12,Yes,35,Outsideclassroom,No,English,30_6,fumar,periphrasis-lexical
Charlie nota un bébé,26,7,2018,Freiburg,UI,4,female,28,PRE,pacient,MC,D,DEF,GI,Y,dp,DE_WR_36_28_12_14_MB,83.7,No,16,12,Yes,35,Outsideclassroom,No,English,30_7,notar,simple-finite
No sé,26,9,2018,Freiburg,UI,4,female,28,NA,agent,MC,D,NA,GI,N,nullsub,DE_WR_36_28_12_14_MB,83.7,No,16,12,Yes,35,Outsideclassroom,No,English,30_9,saber,simple-finite
"En el video Charles Chaplin estuvo andando por la calle al frente de una casa,",26,1,2018,Hamburg,LA,5,male,28,PRE,agent,MC,D,DEF,NE,N,dp,DE_WR_36_28_5_14_JMS,83.7,No,23,5,Yes,10,Outsideclassroom,No,English,31_1,andar,periphrasis-gerund
que estaba acostando sólo en la calle.,26,10,2018,Hamburg,LA,5,male,28,NA,agent,SC,D,NA,GI,N,nullsub,DE_WR_36_28_5_14_JMS,83.7,No,23,5,Yes,10,Outsideclassroom,No,English,31_10,acostar,periphrasis-gerund
El niño estaba gritando,26,11,2018,Hamburg,LA,5,male,28,PRE,agent,MC,D,DEF,GI,Y,dp,DE_WR_36_28_5_14_JMS,83.7,No,23,5,Yes,10,Outsideclassroom,No,English,31_11,gritar,periphrasis-gerund
y Charles Chaplin lo tomó,26,12,2018,Hamburg,LA,5,male,28,PRE,agent,MC,D,DEF,GI,N,dp,DE_WR_36_28_5_14_JMS,83.7,No,23,5,Yes,10,Outsideclassroom,No,English,31_12,tomar,simple-finite
y buscó por la madre.,26,13,2018,Hamburg,LA,5,male,28,NA,agent,MC,D,NA,GI,Y,nullsub,DE_WR_36_28_5_14_JMS,83.7,No,23,5,Yes,10,Outsideclassroom,No,English,31_13,buscar,simple-finite
En este momento la madre vení,26,14,2018,Hamburg,LA,5,male,28,PRE,pacient,MC,D,DEF,GI,N,dp,DE_WR_36_28_5_14_JMS,83.7,No,23,5,Yes,10,Outsideclassroom,No,English,31_14,venir,simple-finite
La vio,26,16,2018,Hamburg,LA,5,male,28,NA,pacient,MC,D,NA,GI,N,nullsub,DE_WR_36_28_5_14_JMS,83.7,No,23,5,Yes,10,Outsideclassroom,No,English,31_16,ver,simple-finite
y llamó,26,17,2018,Hamburg,LA,5,male,28,NA,agent,MC,D,NA,GI,Y,nullsub,DE_WR_36_28_5_14_JMS,83.7,No,23,5,Yes,10,Outsideclassroom,No,English,31_17,llamar,simple-finite
y corrió,26,18,2018,Hamburg,LA,5,male,28,NA,agent,MC,D,NA,GI,Y,nullsub,DE_WR_36_28_5_14_JMS,83.7,No,23,5,Yes,10,Outsideclassroom,No,English,31_18,correr,simple-finite
"que me parece un poco roto,",26,2,2018,Hamburg,LA,5,male,28,PRE,pacient,SC,D,DEF,GI,N,pron,DE_WR_36_28_5_14_JMS,83.7,No,23,5,Yes,10,Outsideclassroom,No,English,31_2,parecer,simple-finite
El ha puesto el niño en el carrito,26,20,2018,Hamburg,LA,5,male,28,PRE,agent,MC,D,DEF,GI,Y,pron,DE_WR_36_28_5_14_JMS,83.7,No,23,5,Yes,10,Outsideclassroom,No,English,31_20,poner,simple-finite
y dijo a la mujer,26,21,2018,Hamburg,LA,5,male,28,NA,agent,MC,D,NA,GI,Y,nullsub,DE_WR_36_28_5_14_JMS,83.7,No,23,5,Yes,10,Outsideclassroom,No,English,31_21,decir,simple-finite
que ella perdió el niño en la calle.,26,22,2018,Hamburg,LA,5,male,28,PRE,agent,SC,D,DEF,GI,N,pron,DE_WR_36_28_5_14_JMS,83.7,No,23,5,Yes,10,Outsideclassroom,No,English,31_22,perder,simple-finite
La mujer estaba gritando,26,23,2018,Hamburg,LA,5,male,28,PRE,agent,MC,D,DEF,GI,Y,dp,DE_WR_36_28_5_14_JMS,83.7,No,23,5,Yes,10,Outsideclassroom,No,English,31_23,gritar,periphrasis-gerund
que no es suya,26,25,2018,Hamburg,LA,5,male,28,NA,pacient,SC,D,NA,GI,N,nullsub,DE_WR_36_28_5_14_JMS,83.7,No,23,5,Yes,10,Outsideclassroom,No,English,31_25,ser,simple-finite
porque el cogió el niño del carrito,26,26,2018,Hamburg,LA,5,male,28,PRE,agent,SC,D,DEF,GI,N,pron,DE_WR_36_28_5_14_JMS,83.7,No,23,5,Yes,10,Outsideclassroom,No,English,31_26,coger,simple-finite
y salió la mujer.,26,27,2018,Hamburg,LA,5,male,28,POST,agent,MC,D,DEF,GI,N,dp,DE_WR_36_28_5_14_JMS,83.7,No,23,5,Yes,10,Outsideclassroom,No,English,31_27,salir,simple-finite
En el momento[…]  pareció un hombre de la policía.,26,28,2018,Hamburg,LA,5,male,28,POST,pacient,MC,D,INDEF,NE,N,dp,DE_WR_36_28_5_14_JMS,83.7,No,23,5,Yes,10,Outsideclassroom,No,English,31_28,parecer,simple-finite
en lo cual Charles Chaplin quizó poner el niño en el mismo Lugar,26,29,2018,Hamburg,LA,5,male,28,PRE,agent,SC,D,DEF,GI,N,dp,DE_WR_36_28_5_14_JMS,83.7,No,23,5,Yes,10,Outsideclassroom,No,English,31_29,poner,simple-finite
donde lo ha encontrado,26,30,2018,Hamburg,LA,5,male,28,NA,agent,SC,D,NA,GI,Y,nullsub,DE_WR_36_28_5_14_JMS,83.7,No,23,5,Yes,10,Outsideclassroom,No,English,31_30,encontrar,simple-finite
"Cuando le vió,",26,31,2018,Hamburg,LA,5,male,28,NA,pacient,SC,D,NA,GI,Y,nullsub,DE_WR_36_28_5_14_JMS,83.7,No,23,5,Yes,10,Outsideclassroom,No,English,31_31,ver,simple-finite
cogió el niño,27,32,2018,Hamburg,LA,5,male,28,NA,agent,MC,D,NA,GI,Y,nullsub,DE_WR_36_28_5_14_JMS,83.7,No,23,5,Yes,10,Outsideclassroom,No,English,31_32,coger,simple-finite
y salió.,27,33,2018,Hamburg,LA,5,male,28,NA,agent,MC,D,NA,GI,Y,nullsub,DE_WR_36_28_5_14_JMS,83.7,No,23,5,Yes,10,Outsideclassroom,No,English,31_33,salir,simple-finite
El ha dado el niño a un viejo,27,34,2018,Hamburg,LA,5,male,28,NA,agent,MC,D,NA,GI,Y,nullsub,DE_WR_36_28_5_14_JMS,83.7,No,23,5,Yes,10,Outsideclassroom,No,English,31_34,dar,simple-finite
que estaba andando por la calle,27,35,2018,Hamburg,LA,5,male,28,PRE,agent,SC,D,DEF,GI,N,pron,DE_WR_36_28_5_14_JMS,83.7,No,23,5,Yes,10,Outsideclassroom,No,English,31_35,andar,periphrasis-gerund
y salió rapidamente.,27,36,2018,Hamburg,LA,5,male,28,NA,agent,MC,D,NA,GI,N,nullsub,DE_WR_36_28_5_14_JMS,83.7,No,23,5,Yes,10,Outsideclassroom,No,English,31_36,salir,simple-finite
El viejo estaba buscandole,27,37,2018,Hamburg,LA,5,male,28,PRE,agent,MC,D,DEF,GI,N,dp,DE_WR_36_28_5_14_JMS,83.7,No,23,5,Yes,10,Outsideclassroom,No,English,31_37,buscar,periphrasis-gerund
pero no le puso encontrar,27,38,2018,Hamburg,LA,5,male,28,NA,agent,MC,D,NA,GI,Y,nullsub,DE_WR_36_28_5_14_JMS,83.7,No,23,5,Yes,10,Outsideclassroom,No,English,31_38,encontrar,modal
y dejó el niño en el carrito de la mujer.,27,39,2018,Hamburg,LA,5,male,28,NA,agent,MC,D,NA,GI,Y,nullsub,DE_WR_36_28_5_14_JMS,83.7,No,23,5,Yes,10,Outsideclassroom,No,English,31_39,dejar,simple-finite
que ha limpado y ha tirado la basura por la ventana.,27,4,2018,Hamburg,LA,5,male,28,NA,agent,SC,D,NA,GI,Y,nullsub,DE_WR_36_28_5_14_JMS,83.7,No,23,5,Yes,10,Outsideclassroom,No,English,31_4,limpiar,simple-finite
La mujer estuvo en un mercado,27,40,2018,Hamburg,LA,5,male,28,PRE,pacient,MC,D,DEF,GI,N,dp,DE_WR_36_28_5_14_JMS,83.7,No,23,5,Yes,10,Outsideclassroom,No,English,31_40,estar,simple-finite
que el niño estuvo de nuevo en su carrito.,27,41,2018,Hamburg,LA,5,male,28,PRE,pacient,SC,D,DEF,GI,N,dp,DE_WR_36_28_5_14_JMS,83.7,No,23,5,Yes,10,Outsideclassroom,No,English,31_41,estar,simple-finite
"y cuando venio en la calle,",27,41,2018,Hamburg,LA,5,male,28,NA,agent,SC,D,NA,GI,Y,nullsub,DE_WR_36_28_5_14_JMS,83.7,No,23,5,Yes,10,Outsideclassroom,No,English,31_41,venir,simple-finite
vio,27,42,2018,Hamburg,LA,5,male,28,NA,pacient,MC,D,NA,GI,Y,nullsub,DE_WR_36_28_5_14_JMS,83.7,No,23,5,Yes,10,Outsideclassroom,No,English,31_42,ver,simple-finite
La mujer vio,27,42,2018,Hamburg,LA,5,male,28,PRE,pacient,MC,D,DEF,GI,N,dp,DE_WR_36_28_5_14_JMS,83.7,No,23,5,Yes,10,Outsideclassroom,No,English,31_42,ver,simple-finite
como Chaplin ha pasado por el mercado,27,43,2018,Hamburg,LA,5,male,28,PRE,pacient,SC,D,DEF,GI,N,dp,DE_WR_36_28_5_14_JMS,83.7,No,23,5,Yes,10,Outsideclassroom,No,English,31_43,pasar,simple-finite
que el tomó el niño.,27,44,2018,Hamburg,LA,5,male,28,PRE,agent,SC,D,DEF,GI,N,pron,DE_WR_36_28_5_14_JMS,83.7,No,23,5,Yes,10,Outsideclassroom,No,English,31_44,tomar,simple-finite
y le ha peleado con su parraguas.,27,45,2018,Hamburg,LA,5,male,28,NA,agent,MC,D,NA,GI,N,nullsub,DE_WR_36_28_5_14_JMS,83.7,No,23,5,Yes,10,Outsideclassroom,No,English,31_45,pelear,simple-finite
Quería,27,46,2018,Hamburg,LA,5,male,28,NA,agent,MC,D,NA,GI,Y,nullsub,DE_WR_36_28_5_14_JMS,83.7,No,23,5,Yes,10,Outsideclassroom,No,English,31_46,querer,simple-finite
La policía pasó,27,48,2018,Hamburg,LA,5,male,28,PRE,pacient,MC,D,DEF,GI,N,dp,DE_WR_36_28_5_14_JMS,83.7,No,23,5,Yes,10,Outsideclassroom,No,English,31_48,pasar,simple-finite
y vio la situacion,27,49,2018,Hamburg,LA,5,male,28,NA,pacient,MC,D,NA,GI,Y,nullsub,DE_WR_36_28_5_14_JMS,83.7,No,23,5,Yes,10,Outsideclassroom,No,English,31_49,ver,simple-finite
Charles Chaplin sigó andando,27,5,2018,Hamburg,LA,5,male,28,PRE,agent,MC,D,DEF,GI,N,dp,DE_WR_36_28_5_14_JMS,83.7,No,23,5,Yes,10,Outsideclassroom,No,English,31_5,andar,periphrasis-gerund
y fue por ahí.,27,50,2018,Hamburg,LA,5,male,28,NA,agent,MC,D,NA,GI,Y,nullsub,DE_WR_36_28_5_14_JMS,83.7,No,23,5,Yes,10,Outsideclassroom,No,English,31_50,ir,simple-finite
Chaplin tuvo que tomar el niño,27,51,2018,Hamburg,LA,5,male,28,PRE,agent,MC,D,DEF,GI,N,dp,DE_WR_36_28_5_14_JMS,83.7,No,23,5,Yes,10,Outsideclassroom,No,English,31_51,tomar,modal
y salió.,27,52,2018,Hamburg,LA,5,male,28,NA,agent,MC,D,NA,GI,Y,nullsub,DE_WR_36_28_5_14_JMS,83.7,No,23,5,Yes,10,Outsideclassroom,No,English,31_52,salir,simple-finite
Se sentió en la calle.,27,53,2018,Hamburg,LA,5,male,28,NA,agent,MC,D,NA,GI,Y,nullsub,DE_WR_36_28_5_14_JMS,83.7,No,23,5,Yes,10,Outsideclassroom,No,English,31_53,sentarse,simple-finite
En la ropa del niño encontró una letra de la madre,27,54,2018,Hamburg,LA,5,male,28,NA,agent,MC,D,NA,GI,Y,nullsub,DE_WR_36_28_5_14_JMS,83.7,No,23,5,Yes,10,Outsideclassroom,No,English,31_54,encontrar,simple-finite
Chaplin decidió de quedar el niño,27,57,2018,Hamburg,LA,5,male,28,PRE,agent,MC,D,DEF,GI,N,dp,DE_WR_36_28_5_14_JMS,83.7,No,23,5,Yes,10,Outsideclassroom,No,English,31_57,decidir,infinitive
y los dos salieron.,27,58,2018,Hamburg,LA,5,male,28,PRE,agent,MC,D,DEF,GI,N,pron,DE_WR_36_28_5_14_JMS,83.7,No,23,5,Yes,10,Outsideclassroom,No,English,31_58,salir,simple-finite
y fumó,28,6,2018,Hamburg,LA,5,male,28,NA,agent,MC,D,NA,GI,Y,nullsub,DE_WR_36_28_5_14_JMS,83.7,No,23,5,Yes,10,Outsideclassroom,No,English,31_6,fumar,simple-finite
De repente algo se ha caído a su cabeza de arriba.,28,7,2018,Hamburg,LA,5,male,28,PRE,pacient,MC,D,DEF,NE,N,pron,DE_WR_36_28_5_14_JMS,83.7,No,23,5,Yes,10,Outsideclassroom,No,English,31_7,caerse,simple-finite
Él tomó otro cigarillo,28,8,2018,Hamburg,LA,5,male,28,PRE,agent,MC,D,DEF,GI,N,pron,DE_WR_36_28_5_14_JMS,83.7,No,23,5,Yes,10,Outsideclassroom,No,English,31_8,tomar,simple-finite
y después vio a un niño,28,9,2018,Hamburg,LA,5,male,28,NA,pacient,MC,D,NA,GI,Y,nullsub,DE_WR_36_28_5_14_JMS,83.7,No,23,5,Yes,10,Outsideclassroom,No,English,31_9,ver,simple-finite
de quién es,28,10,2020,Florence,LA,5,female,20,NA,pacient,SC,I,NA,GI,N,nullsub,DE_WR_37_20_7_14_SH,86,No,13,7,No,25,Outsideclassroom,Yes,Italian,32_10,ser,simple-finite
y se lo lleva,28,11,2020,Florence,LA,5,female,20,NA,pacient,MC,D,NA,GI,N,nullsub,DE_WR_37_20_7_14_SH,86,No,13,7,No,25,Outsideclassroom,Yes,Italian,32_11,llevar,simple-finite
"Por primero intenta gritar hasta la ventana de la casa a su frente,",28,13,2020,Florence,LA,5,female,20,NA,agent,MC,D,NA,GI,Y,nullsub,DE_WR_37_20_7_14_SH,86,No,13,7,No,25,Outsideclassroom,Yes,Italian,32_13,intentar,infinitive
pero ninguno le responde.,28,14,2020,Florence,LA,5,female,20,NA,agent,MC,D,NA,NE,N,nullsub,DE_WR_37_20_7_14_SH,86,No,13,7,No,25,Outsideclassroom,Yes,Italian,32_14,responder,simple-finite
Después pasa una mujer,28,15,2020,Florence,LA,5,female,20,POST,pacient,MC,D,INDEF,NE,N,dp,DE_WR_37_20_7_14_SH,86,No,13,7,No,25,Outsideclassroom,Yes,Italian,32_15,pasar,simple-finite
que lleva consigo su bebé en un carro de niños.,28,16,2020,Florence,LA,5,female,20,PRE,pacient,SC,D,DEF,GI,Y,pron,DE_WR_37_20_7_14_SH,86,No,13,7,No,25,Outsideclassroom,Yes,Italian,32_16,llevar,simple-finite
Chaplin piensa,29,17,2020,Florence,LA,5,female,20,PRE,agent,MC,D,DEF,GI,N,dp,DE_WR_37_20_7_14_SH,86,No,13,7,No,25,Outsideclassroom,Yes,Italian,32_17,pensar,simple-finite
que ella puede ser la madre,29,18,2020,Florence,LA,5,female,20,PRE,pacient,SC,D,DEF,GI,N,pron,DE_WR_37_20_7_14_SH,86,No,13,7,No,25,Outsideclassroom,Yes,Italian,32_18,ser,modal
e intenta darle el bebé.,29,19,2020,Florence,LA,5,female,20,NA,agent,MC,D,NA,GI,Y,nullsub,DE_WR_37_20_7_14_SH,86,No,13,7,No,25,Outsideclassroom,Yes,Italian,32_19,intentar,infinitive
que va por la calle.,29,2,2020,Florence,LA,5,female,20,PRE,agent,SC,D,DEF,GI,N,pron,DE_WR_37_20_7_14_SH,86,No,13,7,No,25,Outsideclassroom,Yes,Italian,32_2,ir,simple-finite
La mujer no está contenta,29,20,2020,Florence,LA,5,female,20,PRE,pacient,MC,D,DEF,GI,N,dp,DE_WR_37_20_7_14_SH,86,No,13,7,No,25,Outsideclassroom,Yes,Italian,32_20,estar,simple-finite
y no acepta el bebé.,29,21,2020,Florence,LA,5,female,20,NA,agent,MC,D,NA,GI,Y,nullsub,DE_WR_37_20_7_14_SH,86,No,13,7,No,25,Outsideclassroom,Yes,Italian,32_21,aceptar,simple-finite
Chaplin tiene que buscar otra solución.,29,22,2020,Florence,LA,5,female,20,PRE,agent,MC,D,DEF,GI,N,dp,DE_WR_37_20_7_14_SH,86,No,13,7,No,25,Outsideclassroom,Yes,Italian,32_22,buscar,modal
Intenta abandonar el bebé en el lugar,29,23,2020,Florence,LA,5,female,20,NA,agent,MC,D,NA,GI,Y,nullsub,DE_WR_37_20_7_14_SH,86,No,13,7,No,25,Outsideclassroom,Yes,Italian,32_23,intentar,infinitive
"en el que lo había encontrado,",29,24,2020,Florence,LA,5,female,20,NA,agent,SC,D,NA,GI,Y,nullsub,DE_WR_37_20_7_14_SH,86,No,13,7,No,25,Outsideclassroom,Yes,Italian,32_24,encontrar,simple-finite
pero en ese momento llega un policía,29,25,2020,Florence,LA,5,female,20,POST,pacient,MC,D,INDEF,NE,N,dp,DE_WR_37_20_7_14_SH,86,No,13,7,No,25,Outsideclassroom,Yes,Italian,32_25,llegar,simple-finite
y Chaplin no puede hacerlo.,29,26,2020,Florence,LA,5,female,20,PRE,agent,MC,D,DEF,GI,N,dp,DE_WR_37_20_7_14_SH,86,No,13,7,No,25,Outsideclassroom,Yes,Italian,32_26,hacer,modal
Va con el bebé por la calle,29,27,2020,Florence,LA,5,female,20,NA,agent,MC,D,NA,GI,Y,nullsub,DE_WR_37_20_7_14_SH,86,No,13,7,No,25,Outsideclassroom,Yes,Italian,32_27,ir,simple-finite
y ve a un hombre viejo.,29,28,2020,Florence,LA,5,female,20,NA,pacient,MC,D,NA,GI,Y,nullsub,DE_WR_37_20_7_14_SH,86,No,13,7,No,25,Outsideclassroom,Yes,Italian,32_28,ver,simple-finite
Lo deja en los brazos del hombre,29,29,2020,Florence,LA,5,female,20,NA,agent,MC,D,NA,GI,Y,nullsub,DE_WR_37_20_7_14_SH,86,No,13,7,No,25,Outsideclassroom,Yes,Italian,32_29,dejar,simple-finite
Está en un pequeño pueblo,29,3,2020,Florence,LA,5,female,20,NA,pacient,MC,D,NA,GI,Y,nullsub,DE_WR_37_20_7_14_SH,86,No,13,7,No,25,Outsideclassroom,Yes,Italian,32_3,estar,simple-finite
y se esconde,29,30,2020,Florence,LA,5,female,20,NA,agent,MC,D,NA,GI,Y,nullsub,DE_WR_37_20_7_14_SH,86,No,13,7,No,25,Outsideclassroom,Yes,Italian,32_30,esconder,simple-finite
para que el hombre no pueda devolver el bebé a Chaplin.,29,31,2020,Florence,LA,5,female,20,PRE,agent,SC,D,DEF,GI,N,dp,DE_WR_37_20_7_14_SH,86,No,13,7,No,25,Outsideclassroom,Yes,Italian,32_31,devolver,modal
El hombre está sorprendido,29,32,2020,Florence,LA,5,female,20,PRE,pacient,MC,D,DEF,GI,Y,dp,DE_WR_37_20_7_14_SH,86,No,13,7,No,25,Outsideclassroom,Yes,Italian,32_32,estar,simple-finite
y busca un puesto mejor para el bebé.,29,33,2020,Florence,LA,5,female,20,NA,agent,MC,D,NA,GI,Y,nullsub,DE_WR_37_20_7_14_SH,86,No,13,7,No,25,Outsideclassroom,Yes,Italian,32_33,buscar,simple-finite
Ve el carro de niños de la mujer,29,34,2020,Florence,LA,5,female,20,NA,pacient,MC,D,NA,GI,Y,nullsub,DE_WR_37_20_7_14_SH,86,No,13,7,No,25,Outsideclassroom,Yes,Italian,32_34,ver,simple-finite
y situa aquí el bebé.,29,35,2020,Florence,LA,5,female,20,NA,agent,MC,D,NA,GI,Y,nullsub,DE_WR_37_20_7_14_SH,86,No,13,7,No,25,Outsideclassroom,Yes,Italian,32_35,situar,simple-finite
En el momento […] pasa Chaplin por la calle,29,36,2020,Florence,LA,5,female,20,POST,pacient,MC,D,DEF,GI,N,dp,DE_WR_37_20_7_14_SH,86,No,13,7,No,25,Outsideclassroom,Yes,Italian,32_36,pasar,simple-finite
en que la mujer se da cuenta del bebé,29,37,2020,Florence,LA,5,female,20,PRE,pacient,SC,D,DEF,GI,N,dp,DE_WR_37_20_7_14_SH,86,No,13,7,No,25,Outsideclassroom,Yes,Italian,32_37,darse,periphrasis-lexical
y la mujer le obliga de llevarlo consigo.,29,38,2020,Florence,LA,5,female,20,PRE,agent,MC,D,DEF,GI,Y,dp,DE_WR_37_20_7_14_SH,86,No,13,7,No,25,Outsideclassroom,Yes,Italian,32_38,obligarse,periphrasis-lexical
Al final Chaplin encuentra una hoja de papel dentro el vestido del bebé.,29,39,2020,Florence,LA,5,female,20,PRE,agent,MC,D,DEF,GI,N,dp,DE_WR_37_20_7_14_SH,86,No,13,7,No,25,Outsideclassroom,Yes,Italian,32_39,encontrar,simple-finite
y lleva consigo su bastón.,29,4,2020,Florence,LA,5,female,20,NA,pacient,MC,D,NA,GI,Y,nullsub,DE_WR_37_20_7_14_SH,86,No,13,7,No,25,Outsideclassroom,Yes,Italian,32_4,llevar,simple-finite
Esa pide,29,40,2020,Florence,LA,5,female,20,PRE,agent,MC,D,DEF,GI,N,pron,DE_WR_37_20_7_14_SH,86,No,13,7,No,25,Outsideclassroom,Yes,Italian,32_40,pedir,simple-finite
que alguien se deba ocupar con amor de este niño abandonado.,30,41,2020,Florence,LA,5,female,20,PRE,agent,SC,IM,DEF,NE,N,pron,DE_WR_37_20_7_14_SH,86,No,13,7,No,25,Outsideclassroom,Yes,Italian,32_41,ocupar,modal
Chaplin decide hacerlo,30,42,2020,Florence,LA,5,female,20,PRE,agent,MC,D,DEF,GI,N,dp,DE_WR_37_20_7_14_SH,86,No,13,7,No,25,Outsideclassroom,Yes,Italian,32_42,decidir,infinitive
y lleva el bebé consigo.,30,43,2020,Florence,LA,5,female,20,NA,pacient,MC,D,NA,GI,Y,nullsub,DE_WR_37_20_7_14_SH,86,No,13,7,No,25,Outsideclassroom,Yes,Italian,32_43,llevar,simple-finite
que tira su basura por la ventana,30,6,2020,Florence,LA,5,female,20,PRE,agent,SC,D,DEF,GI,Y,pron,DE_WR_37_20_7_14_SH,86,No,13,7,No,25,Outsideclassroom,Yes,Italian,32_6,tirar,simple-finite
y esa cae sobre la cabeza de Charlie Chaplin.,30,7,2020,Florence,LA,5,female,20,PRE,pacient,MC,D,DEF,GI,N,pron,DE_WR_37_20_7_14_SH,86,No,13,7,No,25,Outsideclassroom,Yes,Italian,32_7,caer,simple-finite
En un rincón de la calle Charlie Chaplin encuentra un pequeño bebé abandonado.,30,8,2020,Florence,LA,5,female,20,PRE,agent,MC,D,DEF,GI,N,dp,DE_WR_37_20_7_14_SH,86,No,13,7,No,25,Outsideclassroom,Yes,Italian,32_8,encontrar,simple-finite
Se pregunta,30,9,2020,Florence,LA,5,female,20,NA,agent,MC,D,NA,GI,Y,nullsub,DE_WR_37_20_7_14_SH,86,No,13,7,No,25,Outsideclassroom,Yes,Italian,32_9,preguntar,simple-finite
así que Charles se quedó con el bebé.,30,10,2018,Göttingen,LA,5,female,21,PRE,agent,MC,D,DEF,GI,N,dp,DE_WR_37_21_6_14_SL,86,No,16,6,No,15,Outsideclassroom,No,French,33_10,quedarse,simple-finite
"Tan pronto como decidió reponerlo en la calle,",30,11,2018,Göttingen,LA,5,female,21,NA,agent,SC,D,NA,GI,Y,nullsub,DE_WR_37_21_6_14_SL,86,No,16,6,No,15,Outsideclassroom,No,French,33_11,decidir,infinitive
apareció un policía.,30,12,2018,Göttingen,LA,5,female,21,POST,pacient,MC,D,INDEF,NE,N,dp,DE_WR_37_21_6_14_SL,86,No,16,6,No,15,Outsideclassroom,No,French,33_12,aparecer,simple-finite
"De consecuencia, el protagonista sigue teniendo el bebé en sus brazos.",30,13,2018,Göttingen,LA,5,female,21,PRE,pacient,MC,D,DEF,GI,N,dp,DE_WR_37_21_6_14_SL,86,No,16,6,No,15,Outsideclassroom,No,French,33_13,tener,periphrasis-gerund
"Poco después, vió a otro hombre,",30,14,2018,Göttingen,LA,5,female,21,NA,pacient,MC,D,NA,GI,Y,nullsub,DE_WR_37_21_6_14_SL,86,No,16,6,No,15,Outsideclassroom,No,French,33_14,ver,simple-finite
le dió el bebé,30,15,2018,Göttingen,LA,5,female,21,NA,agent,MC,D,NA,GI,Y,nullsub,DE_WR_37_21_6_14_SL,86,No,16,6,No,15,Outsideclassroom,No,French,33_15,dar,simple-finite
y salió rápidamente.,30,16,2018,Göttingen,LA,5,female,21,NA,agent,MC,D,NA,GI,Y,nullsub,DE_WR_37_21_6_14_SL,86,No,16,6,No,15,Outsideclassroom,No,French,33_16,salir,simple-finite
Este otro hombre puso al bebé otra vez delante del bebé de la mujer.,30,17,2018,Göttingen,LA,5,female,21,PRE,agent,MC,D,DEF,GI,N,pron,DE_WR_37_21_6_14_SL,86,No,16,6,No,15,Outsideclassroom,No,French,33_17,poner,simple-finite
Ella lo notó,30,18,2018,Göttingen,LA,5,female,21,PRE,pacient,MC,D,DEF,GI,N,pron,DE_WR_37_21_6_14_SL,86,No,16,6,No,15,Outsideclassroom,No,French,33_18,notar,simple-finite
mientras Charles pasó por el camino.,30,19,2018,Göttingen,LA,5,female,21,PRE,pacient,SC,D,DEF,GI,N,dp,DE_WR_37_21_6_14_SL,86,No,16,6,No,15,Outsideclassroom,No,French,33_19,pasar,simple-finite
lo cual encontró en la calle.,30,2,2018,Göttingen,LA,5,female,21,NA,agent,SC,D,NA,GI,N,nullsub,DE_WR_37_21_6_14_SL,86,No,16,6,No,15,Outsideclassroom,No,French,33_2,encontrar,simple-finite
Le golpeó con su paraguas,30,20,2018,Göttingen,LA,5,female,21,NA,agent,MC,D,NA,GI,N,nullsub,DE_WR_37_21_6_14_SL,86,No,16,6,No,15,Outsideclassroom,No,French,33_20,golpear,simple-finite
así que Charles se quedó otra vez con el bebé.,30,21,2018,Göttingen,LA,5,female,21,PRE,agent,MC,D,DEF,GI,N,dp,DE_WR_37_21_6_14_SL,86,No,16,6,No,15,Outsideclassroom,No,French,33_21,quedarse,simple-finite
encontró una letra,30,23,2018,Göttingen,LA,5,female,21,NA,agent,MC,D,NA,GI,Y,nullsub,DE_WR_37_21_6_14_SL,86,No,16,6,No,15,Outsideclassroom,No,French,33_23,encontrar,simple-finite
que la persona […] debía ocuparse de ello con cariño.,30,25,2018,Göttingen,LA,5,female,21,PRE,agent,SC,D,DEF,NE,N,dp,DE_WR_37_21_6_14_SL,86,No,16,6,No,15,Outsideclassroom,No,French,33_25,ocuparse,modal
"que encontraba al bebé,",30,26,2018,Göttingen,LA,5,female,21,PRE,agent,SC,D,DEF,GI,Y,pron,DE_WR_37_21_6_14_SL,86,No,16,6,No,15,Outsideclassroom,No,French,33_26,encontrar,simple-finite
"Al final, el protagonista se puso feliz",30,27,2018,Göttingen,LA,5,female,21,PRE,agent,MC,D,DEF,GI,N,dp,DE_WR_37_21_6_14_SL,86,No,16,6,No,15,Outsideclassroom,No,French,33_27,ponerse,periphrasis-lexical
y desapareció,30,28,2018,Göttingen,LA,5,female,21,NA,pacient,MC,D,NA,GI,Y,nullsub,DE_WR_37_21_6_14_SL,86,No,16,6,No,15,Outsideclassroom,No,French,33_28,desaparecer,simple-finite
El bebé se quedaba sola,30,3,2018,Göttingen,LA,5,female,21,PRE,agent,MC,D,DEF,GI,N,dp,DE_WR_37_21_6_14_SL,86,No,16,6,No,15,Outsideclassroom,No,French,33_3,quedarse,simple-finite
hasta que un hombre (Charles Chaplin) lo encontró,30,4,2018,Göttingen,LA,5,female,21,PRE,agent,SC,D,INDEF,NE,N,dp,DE_WR_37_21_6_14_SL,86,No,16,6,No,15,Outsideclassroom,No,French,33_4,encontrar,simple-finite
y intentó darlo a su madre.,30,5,2018,Göttingen,LA,5,female,21,NA,agent,MC,D,NA,GI,Y,nullsub,DE_WR_37_21_6_14_SL,86,No,16,6,No,15,Outsideclassroom,No,French,33_5,intentar,infinitive
la creyó ser la madre del bebé,30,7,2018,Göttingen,LA,5,female,21,NA,agent,MC,D,NA,GI,Y,nullsub,DE_WR_37_21_6_14_SL,86,No,16,6,No,15,Outsideclassroom,No,French,33_7,creer,simple-finite
y puso el bebé delante del otro.,30,8,2018,Göttingen,LA,5,female,21,NA,agent,MC,D,NA,GI,Y,nullsub,DE_WR_37_21_6_14_SL,86,No,16,6,No,15,Outsideclassroom,No,French,33_8,poner,simple-finite
La mujer se puso enfadada,30,9,2018,Göttingen,LA,5,female,21,PRE,agent,MC,D,DEF,GI,N,dp,DE_WR_37_21_6_14_SL,86,No,16,6,No,15,Outsideclassroom,No,French,33_9,ponerse,periphrasis-lexical
"Chaplin,  [...] encuentra,[...] un bebé",30,1,2019,Passau,LA,5,male,22,PRE,agent,MC,D,DEF,NE,N,dp,DE_WR_37_22_5_14_MH,86,No,17,5,Yes,17,Insideclassroom,No,French,34_1,encontrar,simple-finite
que el pequeño niño no es suyo.,30,11,2019,Passau,LA,5,male,22,PRE,pacient,SC,D,DEF,GI,N,dp,DE_WR_37_22_5_14_MH,86,No,17,5,Yes,17,Insideclassroom,No,French,34_11,ser,simple-finite
Entonces Chaplin intenta de depositarlo,30,12,2019,Passau,LA,5,male,22,PRE,agent,MC,D,DEF,GI,N,dp,DE_WR_37_22_5_14_MH,86,No,17,5,Yes,17,Insideclassroom,No,French,34_12,intentar,infinitive
"donde lo había encontrado antes,",30,13,2019,Passau,LA,5,male,22,NA,agent,SC,D,NA,GI,Y,nullsub,DE_WR_37_22_5_14_MH,86,No,17,5,Yes,17,Insideclassroom,No,French,34_13,encontrar,simple-finite
que le mira severamente,30,15,2019,Passau,LA,5,male,22,PRE,agent,SC,D,DEF,GI,N,pron,DE_WR_37_22_5_14_MH,86,No,17,5,Yes,17,Insideclassroom,No,French,34_15,mirar,simple-finite
y le hace llevarse el bebé.,30,16,2019,Passau,LA,5,male,22,NA,agent,MC,D,NA,GI,Y,nullsub,DE_WR_37_22_5_14_MH,86,No,17,5,Yes,17,Insideclassroom,No,French,34_16,hacer,infinitive
"encuentra a un anciano,",30,18,2019,Passau,LA,5,male,22,NA,agent,MC,D,NA,GI,N,nullsub,DE_WR_37_22_5_14_MH,86,No,17,5,Yes,17,Insideclassroom,No,French,34_18,encontrar,simple-finite
pretende arreglarse los zapatos,30,19,2019,Passau,LA,5,male,22,NA,agent,MC,D,NA,GI,Y,nullsub,DE_WR_37_22_5_14_MH,86,No,17,5,Yes,17,Insideclassroom,No,French,34_19,pretender,simple-finite
que está dando un paseo […],30,2,2019,Passau,LA,5,male,22,PRE,agent,SC,D,DEF,GI,Y,pron,DE_WR_37_22_5_14_MH,86,No,17,5,Yes,17,Insideclassroom,No,French,34_2,dar,periphrasis-gerund
y ruega al anciano de tenderlo en sus brazos durante un momento.,30,20,2019,Passau,LA,5,male,22,NA,agent,MC,D,NA,GI,Y,nullsub,DE_WR_37_22_5_14_MH,86,No,17,5,Yes,17,Insideclassroom,No,French,34_20,rogar,simple-finite
Intenta escaparse,31,21,2019,Passau,LA,5,male,22,NA,agent,MC,D,NA,GI,Y,nullsub,DE_WR_37_22_5_14_MH,86,No,17,5,Yes,17,Insideclassroom,No,French,34_21,intentar,simple-finite
y se esconde en un edificio abandonado.,31,22,2019,Passau,LA,5,male,22,NA,agent,MC,D,NA,GI,Y,nullsub,DE_WR_37_22_5_14_MH,86,No,17,5,Yes,17,Insideclassroom,No,French,34_22,esconderse,simple-finite
"El anciano encuentra precisamente la misma manera de deshacerse del bebé,",31,23,2019,Passau,LA,5,male,22,PRE,agent,MC,D,DEF,GI,N,dp,DE_WR_37_22_5_14_MH,86,No,17,5,Yes,17,Insideclassroom,No,French,34_23,encontrar,simple-finite
"Mientras tanto, Chaplin, […]es sorprendido por el policía",31,25,2019,Passau,LA,5,male,22,PRE,pacient,MC,D,DEF,GI,N,dp,DE_WR_37_22_5_14_MH,86,No,17,5,Yes,17,Insideclassroom,No,French,34_25,sorprender,passive
y se huye otra vez.,31,27,2019,Passau,LA,5,male,22,NA,agent,MC,D,NA,GI,Y,nullsub,DE_WR_37_22_5_14_MH,86,No,17,5,Yes,17,Insideclassroom,No,French,34_27,huírse,simple-finite
Cuando pasa por el carrito de la mujer,31,28,2019,Passau,LA,5,male,22,NA,pacient,SC,D,NA,GI,Y,nullsub,DE_WR_37_22_5_14_MH,86,No,17,5,Yes,17,Insideclassroom,No,French,34_28,pasar,simple-finite
"que está furiosa por la misteriosa duplicación de su niño,",31,29,2019,Passau,LA,5,male,22,PRE,pacient,SC,D,DEF,GI,N,pron,DE_WR_37_22_5_14_MH,86,No,17,5,Yes,17,Insideclassroom,No,French,34_29,estar,simple-finite
"en lo que parece un polígono industrial,",31,3,2019,Passau,LA,5,male,22,POST,pacient,SC,D,INDEF,NE,N,dp,DE_WR_37_22_5_14_MH,86,No,17,5,Yes,17,Insideclassroom,No,French,34_3,parecer,simple-finite
ella le persigue,31,30,2019,Passau,LA,5,male,22,PRE,agent,MC,D,DEF,GI,Y,pron,DE_WR_37_22_5_14_MH,86,No,17,5,Yes,17,Insideclassroom,No,French,34_30,perseguir,simple-finite
"le hace llevarse el bebé de nuevo,",31,32,2019,Passau,LA,5,male,22,NA,agent,MC,D,NA,GI,Y,nullsub,DE_WR_37_22_5_14_MH,86,No,17,5,Yes,17,Insideclassroom,No,French,34_32,hacer,infinitive
Cuando se sienta,31,34,2019,Passau,LA,5,male,22,NA,agent,SC,D,NA,GI,N,nullsub,DE_WR_37_22_5_14_MH,86,No,17,5,Yes,17,Insideclassroom,No,French,34_34,sentarse,simple-finite
"y atiende al niño,",31,35,2019,Passau,LA,5,male,22,NA,agent,SC,D,NA,GI,Y,nullsub,DE_WR_37_22_5_14_MH,86,No,17,5,Yes,17,Insideclassroom,No,French,34_35,atender,simple-finite
encuentra un pequeño pedacito de papel,31,37,2019,Passau,LA,5,male,22,NA,agent,MC,D,NA,GI,Y,nullsub,DE_WR_37_22_5_14_MH,86,No,17,5,Yes,17,Insideclassroom,No,French,34_37,encontrar,simple-finite
"mientras fuma,",31,4,2019,Passau,LA,5,male,22,NA,agent,SC,D,NA,GI,Y,nullsub,DE_WR_37_22_5_14_MH,86,No,17,5,Yes,17,Insideclassroom,No,French,34_4,fumar,simple-finite
Esto hace a Chaplin llevarse el bebé definitivamente.,31,40,2019,Passau,LA,5,male,22,PRE,agent,MC,D,DEF,NE,N,pron,DE_WR_37_22_5_14_MH,86,No,17,5,Yes,17,Insideclassroom,No,French,34_40,llevarse,simple-finite
que está abandonado en el suelo.,31,5,2019,Passau,LA,5,male,22,PRE,pacient,SC,D,DEF,GI,N,pron,DE_WR_37_22_5_14_MH,86,No,17,5,Yes,17,Insideclassroom,No,French,34_5,estar,simple-finite
"Cuando pasa una madre con su propio niño,",31,6,2019,Passau,LA,5,male,22,POST,pacient,SC,D,INDEF,GI,N,dp,DE_WR_37_22_5_14_MH,86,No,17,5,Yes,17,Insideclassroom,No,French,34_6,pasar,simple-finite
él piensa,31,7,2019,Passau,LA,5,male,22,PRE,agent,MC,D,DEF,GI,Y,pron,DE_WR_37_22_5_14_MH,86,No,17,5,Yes,17,Insideclassroom,No,French,34_7,pensar,simple-finite
que a ella se le había caído el bebé.,31,8,2019,Passau,LA,5,male,22,POST,pacient,SC,D,DEF,GI,N,dp,DE_WR_37_22_5_14_MH,86,No,17,5,Yes,17,Insideclassroom,No,French,34_8,caer,simple-finite
Le habla,31,9,2019,Passau,LA,5,male,22,NA,agent,MC,D,NA,GI,N,nullsub,DE_WR_37_22_5_14_MH,86,No,17,5,Yes,17,Insideclassroom,No,French,34_9,hablar,simple-finite
Um hombre encuentra un bebé perdido.,31,1,2019,NA,LA,5,female,23,PRE,agent,MC,D,INDEF,NE,N,dp,DE_WR_37_23_4_14_AH,86,No,19,4,Yes,2,Outsideclassroom,No,English,35_1,encontrar,simple-finite
viene una policia,31,11,2019,NA,LA,5,female,23,POST,pacient,MC,D,INDEF,NE,N,dp,DE_WR_37_23_4_14_AH,86,No,19,4,Yes,2,Outsideclassroom,No,English,35_11,venir,simple-finite
y le regaña a al hombre,31,12,2019,NA,LA,5,female,23,NA,agent,MC,D,NA,GI,Y,nullsub,DE_WR_37_23_4_14_AH,86,No,19,4,Yes,2,Outsideclassroom,No,English,35_12,regañar,simple-finite
El hombre se lleva el bebé,31,14,2019,NA,LA,5,female,23,PRE,agent,MC,D,DEF,GI,N,dp,DE_WR_37_23_4_14_AH,86,No,19,4,Yes,2,Outsideclassroom,No,English,35_14,llevarse,simple-finite
e intenta engañar otro hombre.,31,15,2019,NA,LA,5,female,23,NA,agent,MC,D,NA,GI,Y,nullsub,DE_WR_37_23_4_14_AH,86,No,19,4,Yes,2,Outsideclassroom,No,English,35_15,intentar,infinitive
Ese deja el bebé otra vez en el coche de la mujer.,31,16,2019,NA,LA,5,female,23,NA,agent,MC,D,NA,GI,N,nullsub,DE_WR_37_23_4_14_AH,86,No,19,4,Yes,2,Outsideclassroom,No,English,35_16,dejar,simple-finite
La mujer se queja,31,17,2019,NA,LA,5,female,23,PRE,agent,MC,D,DEF,GI,N,dp,DE_WR_37_23_4_14_AH,86,No,19,4,Yes,2,Outsideclassroom,No,English,35_17,quejarse,simple-finite
porque piensa,31,18,2019,NA,LA,5,female,23,NA,agent,SC,D,NA,GI,Y,nullsub,DE_WR_37_23_4_14_AH,86,No,19,4,Yes,2,Outsideclassroom,No,English,35_18,pensar,simple-finite
que ha sido el otro hombre.,31,19,2019,NA,LA,5,female,23,NA,pacient,SC,D,NA,GI,N,nullsub,DE_WR_37_23_4_14_AH,86,No,19,4,Yes,2,Outsideclassroom,No,English,35_19,ser,simple-finite
Al principio piensa,31,2,2019,NA,LA,5,female,23,NA,agent,MC,D,NA,GI,Y,nullsub,DE_WR_37_23_4_14_AH,86,No,19,4,Yes,2,Outsideclassroom,No,English,35_2,pensar,simple-finite
Al final el hombre se queda con el bebé,31,20,2019,NA,LA,5,female,23,PRE,agent,MC,D,DEF,GI,Y,dp,DE_WR_37_23_4_14_AH,86,No,19,4,Yes,2,Outsideclassroom,No,English,35_20,quedarse,simple-finite
porque encuentra una carta en su ropa con una noticia.,31,21,2019,NA,LA,5,female,23,NA,agent,SC,D,NA,GI,Y,nullsub,DE_WR_37_23_4_14_AH,86,No,19,4,Yes,2,Outsideclassroom,No,English,35_21,encontrar,simple-finite
que pertenece a la mujer,31,3,2019,NA,LA,5,female,23,NA,pacient,SC,D,NA,GI,N,nullsub,DE_WR_37_23_4_14_AH,86,No,19,4,Yes,2,Outsideclassroom,No,English,35_3,pertenecer,simple-finite
que está en la calle con un coche de bebés.,31,4,2019,NA,LA,5,female,23,PRE,pacient,SC,D,DEF,GI,N,pron,DE_WR_37_23_4_14_AH,86,No,19,4,Yes,2,Outsideclassroom,No,English,35_4,estar,simple-finite
El hombre quiere devolverla el bebé,31,5,2019,NA,LA,5,female,23,PRE,agent,MC,D,DEF,GI,N,dp,DE_WR_37_23_4_14_AH,86,No,19,4,Yes,2,Outsideclassroom,No,English,35_5,devolver,simple-finite
Empieza una discusión,31,6,2019,NA,LA,5,female,23,POST,pacient,MC,D,INDEF,NE,N,dp,DE_WR_37_23_4_14_AH,86,No,19,4,Yes,2,Outsideclassroom,No,English,35_6,empezar,simple-finite
porque el bebé no es de la mujer.,31,7,2019,NA,LA,5,female,23,PRE,pacient,MC,D,DEF,GI,N,dp,DE_WR_37_23_4_14_AH,86,No,19,4,Yes,2,Outsideclassroom,No,English,35_7,ser,simple-finite
Entonces el hombre lo quiere dejar,31,8,2019,NA,LA,5,female,23,PRE,agent,MC,D,DEF,GI,N,dp,DE_WR_37_23_4_14_AH,86,No,19,4,Yes,2,Outsideclassroom,No,English,35_8,dejar,modal
donde lo ha encontrado.,31,9,2019,NA,LA,5,female,23,NA,agent,SC,D,NA,GI,Y,nullsub,DE_WR_37_23_4_14_AH,86,No,19,4,Yes,2,Outsideclassroom,No,English,35_9,encontrar,simple-finite
En el video [...] Charlie Chaplin está caminando por las calles,31,1,2018,Dresden,UI,4,male,23,PRE,agent,MC,D,DEF,NE,N,dp,DE_WR_37_23_4_14_RG,86,No,19,4,No,15,Outsideclassroom,No,English,36_1,caminar,periphrasis-gerund
Chaplin no quiere quedarse con el bebé,31,10,2018,Dresden,UI,4,male,23,PRE,pacient,MC,D,DEF,GI,N,dp,DE_WR_37_23_4_14_RG,86,No,19,4,No,15,Outsideclassroom,No,English,36_10,quedarse,modal
y lo pone en el lugar,31,11,2018,Dresden,UI,4,male,23,NA,agent,MC,D,NA,GI,Y,nullsub,DE_WR_37_23_4_14_RG,86,No,19,4,No,15,Outsideclassroom,No,English,36_11,poner,simple-finite
donde se lo encuentró.,31,12,2018,Dresden,UI,4,male,23,NA,agent,MC,D,NA,GI,Y,nullsub,DE_WR_37_23_4_14_RG,86,No,19,4,No,15,Outsideclassroom,No,English,36_12,encontrar,simple-finite
Sin embargo un hombre de la policía lo ve,31,13,2018,Dresden,UI,4,male,23,PRE,pacient,MC,D,INDEF,NE,N,dp,DE_WR_37_23_4_14_RG,86,No,19,4,No,15,Outsideclassroom,No,English,36_13,ver,simple-finite
y Chaplin sale con el bebé.,31,14,2018,Dresden,UI,4,male,23,PRE,agent,MC,D,DEF,GI,N,dp,DE_WR_37_23_4_14_RG,86,No,19,4,No,15,Outsideclassroom,No,English,36_14,salir,simple-finite
Después él da el bebé a un hombre,31,15,2018,Dresden,UI,4,male,23,PRE,agent,MC,D,DEF,GI,Y,pron,DE_WR_37_23_4_14_RG,86,No,19,4,No,15,Outsideclassroom,No,English,36_15,dar,simple-finite
y desaparece,31,16,2018,Dresden,UI,4,male,23,NA,pacient,MC,D,NA,GI,Y,nullsub,DE_WR_37_23_4_14_RG,86,No,19,4,No,15,Outsideclassroom,No,English,36_16,desaparecer,simple-finite
pero el hombre se encuentra a la mujer otra vez.,31,17,2018,Dresden,UI,4,male,23,PRE,pacient,MC,D,DEF,GI,N,dp,DE_WR_37_23_4_14_RG,86,No,19,4,No,15,Outsideclassroom,No,English,36_17,encontrarse,simple-finite
Cuando Chaplin reaparece la mujer,31,18,2018,Dresden,UI,4,male,23,PRE,agent,MC,D,DEF,GI,N,dp,DE_WR_37_23_4_14_RG,86,No,19,4,No,15,Outsideclassroom,No,English,36_18,reaparecer,simple-finite
está muy agitada,31,19,2018,Dresden,UI,4,male,23,NA,pacient,MC,D,NA,GI,N,nullsub,DE_WR_37_23_4_14_RG,86,No,19,4,No,15,Outsideclassroom,No,English,36_19,estar,simple-finite
"que es en negro y blanco,",31,2,2018,Dresden,UI,4,male,23,PRE,pacient,SC,D,DEF,GI,N,pron,DE_WR_37_23_4_14_RG,86,No,19,4,No,15,Outsideclassroom,No,English,36_2,ser,simple-finite
y habla con el hombre de la policía.,31,20,2018,Dresden,UI,4,male,23,NA,agent,MC,D,NA,GI,Y,nullsub,DE_WR_37_23_4_14_RG,86,No,19,4,No,15,Outsideclassroom,No,English,36_20,hablar,simple-finite
Al final Chaplin lleva el bebé otra vez,31,21,2018,Dresden,UI,4,male,23,PRE,pacient,MC,D,DEF,GI,N,dp,DE_WR_37_23_4_14_RG,86,No,19,4,No,15,Outsideclassroom,No,English,36_21,llevar,simple-finite
que dice,32,23,2018,Dresden,UI,4,male,23,PRE,agent,SC,D,DEF,GI,N,pron,DE_WR_37_23_4_14_RG,86,No,19,4,No,15,Outsideclassroom,No,English,36_23,decir,simple-finite
que la persona […] debería ayudar.,32,24,2018,Dresden,UI,4,male,23,PRE,agent,SC,D,DEF,GI,N,dp,DE_WR_37_23_4_14_RG,86,No,19,4,No,15,Outsideclassroom,No,English,36_24,ayudar,modal
que encuentra a esto bebé,32,25,2018,Dresden,UI,4,male,23,PRE,agent,SC,D,DEF,GI,Y,pron,DE_WR_37_23_4_14_RG,86,No,19,4,No,15,Outsideclassroom,No,English,36_25,encontrar,simple-finite
y busca a su mujer.,32,26,2018,Dresden,UI,4,male,23,NA,agent,MC,D,NA,GI,Y,nullsub,DE_WR_37_23_4_14_RG,86,No,19,4,No,15,Outsideclassroom,No,English,36_26,buscar,simple-finite
cuando algunas piedras caen de un techo.,32,3,2018,Dresden,UI,4,male,23,PRE,pacient,SC,D,INDEF,NE,N,dp,DE_WR_37_23_4_14_RG,86,No,19,4,No,15,Outsideclassroom,No,English,36_3,caer,simple-finite
Él no está muy contento,32,4,2018,Dresden,UI,4,male,23,PRE,pacient,MC,D,DEF,GI,N,pron,DE_WR_37_23_4_14_RG,86,No,19,4,No,15,Outsideclassroom,No,English,36_4,estar,simple-finite
y empieza a fumar un cigarro.,32,5,2018,Dresden,UI,4,male,23,NA,agent,MC,D,NA,GI,Y,nullsub,DE_WR_37_23_4_14_RG,86,No,19,4,No,15,Outsideclassroom,No,English,36_5,empezar,simple-finite
Entonces Chaplin se encuentra un bebé en la calle,32,6,2018,Dresden,UI,4,male,23,PRE,pacient,MC,D,DEF,GI,Y,dp,DE_WR_37_23_4_14_RG,86,No,19,4,No,15,Outsideclassroom,No,English,36_6,encontrarse,simple-finite
Cuando ve a una mujer con otro bebé,32,7,2018,Dresden,UI,4,male,23,NA,pacient,SC,D,NA,GI,Y,nullsub,DE_WR_37_23_4_14_RG,86,No,19,4,No,15,Outsideclassroom,No,English,36_7,ver,simple-finite
Chaplin lo da a la mujer,32,8,2018,Dresden,UI,4,male,23,PRE,agent,MC,D,DEF,GI,Y,dp,DE_WR_37_23_4_14_RG,86,No,19,4,No,15,Outsideclassroom,No,English,36_8,dar,simple-finite
pero el bebé no es de ella.,32,9,2018,Dresden,UI,4,male,23,PRE,pacient,MC,D,DEF,GI,N,dp,DE_WR_37_23_4_14_RG,86,No,19,4,No,15,Outsideclassroom,No,English,36_9,ser,simple-finite
Lo pone en el brazo,32,10,2018,Hamburg,LA,5,female,23,NA,agent,MC,D,NA,GI,N,nullsub,DE_WR_37_23_8_14_KJ,86,No,15,8,Yes,40,Outsideclassroom,No,English,37_10,poner,simple-finite
y justo pasa una mujer con su bebé en el cochecito.,32,11,2018,Hamburg,LA,5,female,23,POST,pacient,MC,D,INDEF,NE,N,dp,DE_WR_37_23_8_14_KJ,86,No,15,8,Yes,40,Outsideclassroom,No,English,37_11,pasar,simple-finite
que está buscando algo o alguien.,32,13,2018,Hamburg,LA,5,female,23,PRE,agent,SC,D,DEF,GI,Y,pron,DE_WR_37_23_8_14_KJ,86,No,15,8,Yes,40,Outsideclassroom,No,English,37_13,buscar,periphrasis-gerund
Deja el cochecito solo a fuera,32,14,2018,Hamburg,LA,5,female,23,NA,agent,MC,D,NA,GI,N,nullsub,DE_WR_37_23_8_14_KJ,86,No,15,8,Yes,40,Outsideclassroom,No,English,37_14,dejar,simple-finite
Quizas está buscadno al otro bebé?,32,15,2018,Hamburg,LA,5,female,23,NA,agent,MC,I,NA,GI,Y,nullsub,DE_WR_37_23_8_14_KJ,86,No,15,8,Yes,40,Outsideclassroom,No,English,37_15,buscar,periphrasis-gerund
mientras pasa a la casa.,32,15,2018,Hamburg,LA,5,female,23,NA,pacient,MC,D,NA,GI,Y,nullsub,DE_WR_37_23_8_14_KJ,86,No,15,8,Yes,40,Outsideclassroom,No,English,37_15,pasar,simple-finite
Entonces Chaplin quiere dejar el bebé,32,16,2018,Hamburg,LA,5,female,23,PRE,agent,MC,D,DEF,GI,Y,dp,DE_WR_37_23_8_14_KJ,86,No,15,8,Yes,40,Outsideclassroom,No,English,37_16,dejar,modal
que ha encontrado al lado del otro en el cochcito.,32,17,2018,Hamburg,LA,5,female,23,NA,agent,SC,D,NA,GI,N,nullsub,DE_WR_37_23_8_14_KJ,86,No,15,8,Yes,40,Outsideclassroom,No,English,37_17,encontrar,simple-finite
La mujer vuelve y se enoja.,32,18,2018,Hamburg,LA,5,female,23,PRE,agent,MC,D,DEF,GI,N,dp,DE_WR_37_23_8_14_KJ,86,No,15,8,Yes,40,Outsideclassroom,No,English,37_18,volver,simple-finite
como Charly Chaplin está caminando frente a una casa.,32,2,2018,Hamburg,LA,5,female,23,PRE,agent,SC,I,DEF,NE,N,dp,DE_WR_37_23_8_14_KJ,86,No,15,8,Yes,40,Outsideclassroom,No,English,37_2,caminar,periphrasis-gerund
que no estaba buscando al bebé..,32,20,2018,Hamburg,LA,5,female,23,PRE,agent,SC,D,DEF,GI,Y,pron,DE_WR_37_23_8_14_KJ,86,No,15,8,Yes,40,Outsideclassroom,No,English,37_20,buscar,periphrasis-gerund
Entonces Chaplin vuelve el bebé a su lugar al suelo,32,21,2018,Hamburg,LA,5,female,23,PRE,agent,MC,D,DEF,GI,N,dp,DE_WR_37_23_8_14_KJ,86,No,15,8,Yes,40,Outsideclassroom,No,English,37_21,volver,simple-finite
donde lo ha encontrado.,32,22,2018,Hamburg,LA,5,female,23,NA,agent,SC,D,NA,GI,Y,nullsub,DE_WR_37_23_8_14_KJ,86,No,15,8,Yes,40,Outsideclassroom,No,English,37_22,encontrar,simple-finite
Pero justo en este momento viene un policía,32,23,2018,Hamburg,LA,5,female,23,POST,pacient,MC,D,INDEF,NE,N,dp,DE_WR_37_23_8_14_KJ,86,No,15,8,Yes,40,Outsideclassroom,No,English,37_23,venir,simple-finite
y obvío que no puede dejar el bebé ahí.,32,24,2018,Hamburg,LA,5,female,23,NA,agent,MC,D,NA,GI,N,nullsub,DE_WR_37_23_8_14_KJ,86,No,15,8,Yes,40,Outsideclassroom,No,English,37_24,dejar,modal
Entonces lo pone,32,25,2018,Hamburg,LA,5,female,23,NA,agent,MC,D,NA,GI,Y,nullsub,DE_WR_37_23_8_14_KJ,86,No,15,8,Yes,40,Outsideclassroom,No,English,37_25,poner,simple-finite
y va a la calle.,32,26,2018,Hamburg,LA,5,female,23,NA,agent,MC,D,NA,GI,Y,nullsub,DE_WR_37_23_8_14_KJ,86,No,15,8,Yes,40,Outsideclassroom,No,English,37_26,ir,simple-finite
Deja el bebé en los brazos de un viejo,32,27,2018,Hamburg,LA,5,female,23,NA,agent,MC,D,NA,GI,Y,nullsub,DE_WR_37_23_8_14_KJ,86,No,15,8,Yes,40,Outsideclassroom,No,English,37_27,dejar,simple-finite
y en el momento correcto huye.,32,29,2018,Hamburg,LA,5,female,23,NA,agent,MC,D,NA,GI,Y,nullsub,DE_WR_37_23_8_14_KJ,86,No,15,8,Yes,40,Outsideclassroom,No,English,37_29,huír,simple-finite
Todo parece muy sucio,32,3,2018,Hamburg,LA,5,female,23,PRE,pacient,MC,D,INDEF,NE,N,pron,DE_WR_37_23_8_14_KJ,86,No,15,8,Yes,40,Outsideclassroom,No,English,37_3,parecer,simple-finite
El hombre y el bebé le siguen.,32,30,2018,Hamburg,LA,5,female,23,PRE,agent,MC,D,DEF,GI,N,dp,DE_WR_37_23_8_14_KJ,86,No,15,8,Yes,40,Outsideclassroom,No,English,37_30,seguir,simple-finite
Corren,32,31,2018,Hamburg,LA,5,female,23,NA,agent,MC,D,NA,GI,Y,nullsub,DE_WR_37_23_8_14_KJ,86,No,15,8,Yes,40,Outsideclassroom,No,English,37_31,correr,simple-finite
y de repente el viejo ve el cochecito con el otro bebé.,32,32,2018,Hamburg,LA,5,female,23,PRE,pacient,MC,D,DEF,GI,N,dp,DE_WR_37_23_8_14_KJ,86,No,15,8,Yes,40,Outsideclassroom,No,English,37_32,ver,simple-finite
Tiene la misma idea como Chaplin,32,33,2018,Hamburg,LA,5,female,23,NA,pacient,MC,D,NA,GI,Y,nullsub,DE_WR_37_23_8_14_KJ,86,No,15,8,Yes,40,Outsideclassroom,No,English,37_33,tener,simple-finite
y deja el bebé ahí y se va corriendo.,32,34,2018,Hamburg,LA,5,female,23,NA,agent,MC,D,NA,GI,Y,nullsub,DE_WR_37_23_8_14_KJ,86,No,15,8,Yes,40,Outsideclassroom,No,English,37_34,dejar,simple-finite
en que la mujer vuelve a su cochecito,32,36,2018,Hamburg,LA,5,female,23,PRE,agent,SC,D,DEF,GI,N,dp,DE_WR_37_23_8_14_KJ,86,No,15,8,Yes,40,Outsideclassroom,No,English,37_36,volver,simple-finite
que está pasiando por la calle.,32,39,2018,Hamburg,LA,5,female,23,PRE,agent,SC,D,DEF,GI,Y,pron,DE_WR_37_23_8_14_KJ,86,No,15,8,Yes,40,Outsideclassroom,No,English,37_39,pasar,periphrasis-gerund
"y alguien está botando basura o algo parecido de la ventana, encima de Chaplin.",32,4,2018,Hamburg,LA,5,female,23,PRE,agent,MC,D,INDEF,NE,N,pron,DE_WR_37_23_8_14_KJ,86,No,15,8,Yes,40,Outsideclassroom,No,English,37_4,botar,periphrasis-gerund
Lo pega con el paraguas,32,40,2018,Hamburg,LA,5,female,23,NA,agent,MC,D,NA,GI,N,nullsub,DE_WR_37_23_8_14_KJ,86,No,15,8,Yes,40,Outsideclassroom,No,English,37_40,pegar,simple-finite
y grita,33,41,2018,Hamburg,LA,5,female,23,NA,agent,MC,D,NA,GI,Y,nullsub,DE_WR_37_23_8_14_KJ,86,No,15,8,Yes,40,Outsideclassroom,No,English,37_41,gritar,simple-finite
y después un rato también viene el policía,33,42,2018,Hamburg,LA,5,female,23,POST,pacient,MC,D,DEF,GI,N,dp,DE_WR_37_23_8_14_KJ,86,No,15,8,Yes,40,Outsideclassroom,No,English,37_42,venir,simple-finite
y lo forcan,33,43,2018,Hamburg,LA,5,female,23,NA,agent,MC,D,NA,GI,N,nullsub,DE_WR_37_23_8_14_KJ,86,No,15,8,Yes,40,Outsideclassroom,No,English,37_43,forzar,simple-finite
para que ponga el bebé.,33,44,2018,Hamburg,LA,5,female,23,NA,agent,SC,D,NA,GI,N,nullsub,DE_WR_37_23_8_14_KJ,86,No,15,8,Yes,40,Outsideclassroom,No,English,37_44,poner,simple-finite
Entonces Chaplin se siente ahí en la calle,33,45,2018,Hamburg,LA,5,female,23,PRE,agent,MC,D,DEF,GI,Y,dp,DE_WR_37_23_8_14_KJ,86,No,15,8,Yes,40,Outsideclassroom,No,English,37_45,sentirse,simple-finite
que hacer.,33,47,2018,Hamburg,LA,5,female,23,NA,agent,SC,I,NA,NA,NA,nullsub,DE_WR_37_23_8_14_KJ,86,No,15,8,Yes,40,Outsideclassroom,No,English,37_47,hacer,simple-finite
Mira al bebé,33,48,2018,Hamburg,LA,5,female,23,NA,agent,MC,D,NA,GI,Y,nullsub,DE_WR_37_23_8_14_KJ,86,No,15,8,Yes,40,Outsideclassroom,No,English,37_48,mirar,simple-finite
y encuentra un nota,33,49,2018,Hamburg,LA,5,female,23,NA,agent,MC,D,NA,GI,Y,nullsub,DE_WR_37_23_8_14_KJ,86,No,15,8,Yes,40,Outsideclassroom,No,English,37_49,encontrar,simple-finite
Empieza a fumar,33,5,2018,Hamburg,LA,5,female,23,NA,agent,MC,D,NA,GI,N,nullsub,DE_WR_37_23_8_14_KJ,86,No,15,8,Yes,40,Outsideclassroom,No,English,37_5,fumar,periphrasis-lexical
que dice:,33,50,2018,Hamburg,LA,5,female,23,PRE,agent,SC,D,DEF,GI,N,pron,DE_WR_37_23_8_14_KJ,86,No,15,8,Yes,40,Outsideclassroom,No,English,37_50,decir,simple-finite
"Y Chaplin ya lo ama,",33,52,2018,Hamburg,LA,5,female,23,PRE,agent,MC,D,DEF,GI,N,dp,DE_WR_37_23_8_14_KJ,86,No,15,8,Yes,40,Outsideclassroom,No,English,37_52,amar,simple-finite
tan dulce que es.,33,53,2018,Hamburg,LA,5,female,23,NA,pacient,SC,D,NA,GI,N,nullsub,DE_WR_37_23_8_14_KJ,86,No,15,8,Yes,40,Outsideclassroom,No,English,37_53,ser,simple-finite
y por algun razòn tira sus guantes en la basura.,33,6,2018,Hamburg,LA,5,female,23,NA,agent,MC,D,NA,GI,Y,nullsub,DE_WR_37_23_8_14_KJ,86,No,15,8,Yes,40,Outsideclassroom,No,English,37_6,tirar,simple-finite
En este momento su mirada ecuentra el bebé,33,7,2018,Hamburg,LA,5,female,23,NA,agent,MC,D,NA,NE,N,nullsub,DE_WR_37_23_8_14_KJ,86,No,15,8,Yes,40,Outsideclassroom,No,English,37_7,encontrar,simple-finite
"que está al lado de la basura,",33,8,2018,Hamburg,LA,5,female,23,PRE,pacient,SC,D,DEF,GI,N,pron,DE_WR_37_23_8_14_KJ,86,No,15,8,Yes,40,Outsideclassroom,No,English,37_8,estar,simple-finite
"Chaplina esta paseando por una calle vacia,",33,1,2018,Hamburg,UI,4,female,25,PRE,agent,MC,D,DEF,NE,N,dp,DE_WR_37_25_12_14_LL,86,No,13,12,Yes,15,Outsideclassroom,Yes,Italian,38_1,pasear,periphrasis-gerund
y se gira,33,10,2018,Hamburg,UI,4,female,25,NA,agent,MC,D,NA,GI,Y,nullsub,DE_WR_37_25_12_14_LL,86,No,13,12,Yes,15,Outsideclassroom,Yes,Italian,38_10,girarse,simple-finite
Cuando pasa una mujer con un coche.,33,12,2018,Hamburg,UI,4,female,25,POST,pacient,SC,D,INDEF,GI,N,dp,DE_WR_37_25_12_14_LL,86,No,13,12,Yes,15,Outsideclassroom,Yes,Italian,38_12,pasar,simple-finite
"Tiene la idea de dejar el bebe en ese coche,",33,13,2018,Hamburg,UI,4,female,25,NA,pacient,MC,D,NA,GI,N,nullsub,DE_WR_37_25_12_14_LL,86,No,13,12,Yes,15,Outsideclassroom,Yes,Italian,38_13,tener,simple-finite
pero cuando la mama sale de la casa,33,14,2018,Hamburg,UI,4,female,25,PRE,agent,SC,D,DEF,GI,N,dp,DE_WR_37_25_12_14_LL,86,No,13,12,Yes,15,Outsideclassroom,Yes,Italian,38_14,salir,simple-finite
se enoje tanto,33,15,2018,Hamburg,UI,4,female,25,NA,agent,MC,D,NA,GI,Y,nullsub,DE_WR_37_25_12_14_LL,86,No,13,12,Yes,15,Outsideclassroom,Yes,Italian,38_15,enojarse,simple-finite
que Chaplin lo toma en sus brazos otra vez.,33,16,2018,Hamburg,UI,4,female,25,PRE,agent,SC,D,DEF,GI,N,dp,DE_WR_37_25_12_14_LL,86,No,13,12,Yes,15,Outsideclassroom,Yes,Italian,38_16,tomar,simple-finite
"Se va detras de la esquina,",33,17,2018,Hamburg,UI,4,female,25,NA,agent,MC,D,NA,GI,Y,nullsub,DE_WR_37_25_12_14_LL,86,No,13,12,Yes,15,Outsideclassroom,Yes,Italian,38_17,irse,simple-finite
cuando pasa el policia.,33,19,2018,Hamburg,UI,4,female,25,POST,pacient,SC,D,DEF,NE,N,dp,DE_WR_37_25_12_14_LL,86,No,13,12,Yes,15,Outsideclassroom,Yes,Italian,38_19,pasar,simple-finite
Le dice,34,20,2018,Hamburg,UI,4,female,25,NA,agent,MC,D,NA,GI,Y,nullsub,DE_WR_37_25_12_14_LL,86,No,13,12,Yes,15,Outsideclassroom,Yes,Italian,38_20,decir,simple-finite
asi que se lo lleva otra vez.,34,22,2018,Hamburg,UI,4,female,25,NA,agent,MC,D,NA,GI,N,nullsub,DE_WR_37_25_12_14_LL,86,No,13,12,Yes,15,Outsideclassroom,Yes,Italian,38_22,llevarse,simple-finite
qie Chaplin no tiene buena suerte.,34,24,2018,Hamburg,UI,4,female,25,PRE,pacient,SC,D,DEF,GI,Y,dp,DE_WR_37_25_12_14_LL,86,No,13,12,Yes,15,Outsideclassroom,Yes,Italian,38_24,tener,simple-finite
Derepente pasa un hombre,34,25,2018,Hamburg,UI,4,female,25,POST,pacient,MC,D,INDEF,NE,N,dp,DE_WR_37_25_12_14_LL,86,No,13,12,Yes,15,Outsideclassroom,Yes,Italian,38_25,caer,simple-finite
"y Chaplin intenta a dejar el bebe con el,",34,26,2018,Hamburg,UI,4,female,25,PRE,agent,MC,D,DEF,GI,N,dp,DE_WR_37_25_12_14_LL,86,No,13,12,Yes,15,Outsideclassroom,Yes,Italian,38_26,intentar,infinitive
que el bebe llega otra vez en sus brazos.,34,28,2018,Hamburg,UI,4,female,25,PRE,pacient,SC,D,DEF,GI,N,dp,DE_WR_37_25_12_14_LL,86,No,13,12,Yes,15,Outsideclassroom,Yes,Italian,38_28,llegar,simple-finite
"Se siente en la marchapiede,",34,29,2018,Hamburg,UI,4,female,25,NA,agent,MC,D,NA,GI,N,nullsub,DE_WR_37_25_12_14_LL,86,No,13,12,Yes,15,Outsideclassroom,Yes,Italian,38_29,sentarse,simple-finite
"De repente le calle basura encima,",34,3,2018,Hamburg,UI,4,female,25,POST,pacient,MC,D,INDEF,NE,N,dp,DE_WR_37_25_12_14_LL,86,No,13,12,Yes,15,Outsideclassroom,Yes,Italian,38_3,caer,simple-finite
Chaplin no se atreve,34,31,2018,Hamburg,UI,4,female,25,PRE,agent,MC,D,DEF,GI,Y,dp,DE_WR_37_25_12_14_LL,86,No,13,12,Yes,15,Outsideclassroom,Yes,Italian,38_31,atreverse,simple-finite
saca una letra.,34,33,2018,Hamburg,UI,4,female,25,NA,agent,MC,D,NA,GI,Y,nullsub,DE_WR_37_25_12_14_LL,86,No,13,12,Yes,15,Outsideclassroom,Yes,Italian,38_33,sacar,simple-finite
Ese mismo bebe es un orfanato,34,34,2018,Hamburg,UI,4,female,25,PRE,pacient,MC,D,DEF,GI,N,dp,DE_WR_37_25_12_14_LL,86,No,13,12,Yes,15,Outsideclassroom,Yes,Italian,38_34,ser,simple-finite
que alguien esta tirando de una ventana.,34,4,2018,Hamburg,UI,4,female,25,PRE,agent,SC,D,INDEF,NE,N,pron,DE_WR_37_25_12_14_LL,86,No,13,12,Yes,15,Outsideclassroom,Yes,Italian,38_4,tirar,periphrasis-gerund
Cuando Chaplon quiere fumar una cigara,34,5,2018,Hamburg,UI,4,female,25,PRE,agent,SC,D,DEF,GI,N,dp,DE_WR_37_25_12_14_LL,86,No,13,12,Yes,15,Outsideclassroom,Yes,Italian,38_5,fumar,modal
"y esta buscando el encendedor,",34,6,2018,Hamburg,UI,4,female,25,NA,agent,MC,D,NA,GI,Y,nullsub,DE_WR_37_25_12_14_LL,86,No,13,12,Yes,15,Outsideclassroom,Yes,Italian,38_6,buscar,periphrasis-gerund
ve,34,7,2018,Hamburg,UI,4,female,25,NA,pacient,MC,D,NA,GI,Y,nullsub,DE_WR_37_25_12_14_LL,86,No,13,12,Yes,15,Outsideclassroom,Yes,Italian,38_7,ver,simple-finite
Lo toma en sus brazos,34,9,2018,Hamburg,UI,4,female,25,NA,agent,MC,D,NA,GI,N,nullsub,DE_WR_37_25_12_14_LL,86,No,13,12,Yes,15,Outsideclassroom,Yes,Italian,38_9,tomar,simple-finite
Charly Chaplin fue de paseo en una calle.,34,1,2019,Lisbon,UI,4,female,26,PRE,pacient,MC,D,DEF,NE,N,dp,DE_WR_37_26_3_14_JH,86,No,16,3,Yes,5,Outsideclassroom,No,French,39_1,ser,simple-finite
pero un guardia lo vio.,34,10,2019,Lisbon,UI,4,female,26,PRE,pacient,MC,D,INDEF,NE,N,dp,DE_WR_37_26_3_14_JH,86,No,16,3,Yes,5,Outsideclassroom,No,French,39_10,ver,simple-finite
"Despues de un rato, Charly Chaplin encontró un papel en la ropa del bebe",34,11,2019,Lisbon,UI,4,female,26,PRE,agent,MC,D,DEF,GI,N,dp,DE_WR_37_26_3_14_JH,86,No,16,3,Yes,5,Outsideclassroom,No,French,39_11,encontrar,simple-finite
que dice,34,12,2019,Lisbon,UI,4,female,26,PRE,agent,SC,D,DEF,GI,N,pron,DE_WR_37_26_3_14_JH,86,No,16,3,Yes,5,Outsideclassroom,No,French,39_12,decir,simple-finite
que este bebe es un huerfano,34,13,2019,Lisbon,UI,4,female,26,PRE,pacient,SC,D,DEF,GI,N,dp,DE_WR_37_26_3_14_JH,86,No,16,3,Yes,5,Outsideclassroom,No,French,39_13,ser,simple-finite
y pide,34,14,2019,Lisbon,UI,4,female,26,NA,agent,MC,D,NA,GI,N,nullsub,DE_WR_37_26_3_14_JH,86,No,16,3,Yes,5,Outsideclassroom,No,French,39_14,pedir,simple-finite
que la persona […] lo ame,34,15,2019,Lisbon,UI,4,female,26,PRE,agent,SC,IM,DEF,GI,N,dp,DE_WR_37_26_3_14_JH,86,No,16,3,Yes,5,Outsideclassroom,No,French,39_15,amar,simple-finite
que encuentra al bebe,34,16,2019,Lisbon,UI,4,female,26,PRE,agent,SC,D,DEF,GI,Y,pron,DE_WR_37_26_3_14_JH,86,No,16,3,Yes,5,Outsideclassroom,No,French,39_16,encontrar,simple-finite
y se preocupe.,34,17,2019,Lisbon,UI,4,female,26,NA,agent,MC,D,NA,GI,Y,nullsub,DE_WR_37_26_3_14_JH,86,No,16,3,Yes,5,Outsideclassroom,No,French,39_17,preocuparse,simple-finite
Charly Chaplin decide guardar al bebe.,34,18,2019,Lisbon,UI,4,female,26,PRE,agent,MC,D,DEF,GI,N,dp,DE_WR_37_26_3_14_JH,86,No,16,3,Yes,5,Outsideclassroom,No,French,39_18,decidir,simple-finite
Encontró a un bebe,34,2,2019,Lisbon,UI,4,female,26,NA,agent,MC,D,NA,GI,Y,nullsub,DE_WR_37_26_3_14_JH,86,No,16,3,Yes,5,Outsideclassroom,No,French,39_2,encontrar,simple-finite
y no sabia,34,3,2019,Lisbon,UI,4,female,26,NA,agent,MC,D,NA,GI,Y,nullsub,DE_WR_37_26_3_14_JH,86,No,16,3,Yes,5,Outsideclassroom,No,French,39_3,saber,simple-finite
lo que podría hacer con el nino.,34,4,2019,Lisbon,UI,4,female,26,NA,agent,SC,I,NA,GI,Y,nullsub,DE_WR_37_26_3_14_JH,86,No,16,3,Yes,5,Outsideclassroom,No,French,39_4,hacer,modal
Vio a una mujer con un cochecito para ninos con un bebe por dentro,34,5,2019,Lisbon,UI,4,female,26,NA,pacient,MC,D,NA,GI,Y,nullsub,DE_WR_37_26_3_14_JH,86,No,16,3,Yes,5,Outsideclassroom,No,French,39_5,ver,simple-finite
y tenía la idea de darla el bebe,35,6,2019,Lisbon,UI,4,female,26,NA,pacient,MC,D,NA,GI,Y,nullsub,DE_WR_37_26_3_14_JH,86,No,16,3,Yes,5,Outsideclassroom,No,French,39_6,tener,simple-finite
que había encontrado.,35,7,2019,Lisbon,UI,4,female,26,PRE,agent,SC,D,DEF,GI,N,pron,DE_WR_37_26_3_14_JH,86,No,16,3,Yes,5,Outsideclassroom,No,French,39_7,encontrar,simple-finite
Pero la mujer no quería guardar al bebe.,35,8,2019,Lisbon,UI,4,female,26,PRE,agent,MC,D,DEF,GI,N,dp,DE_WR_37_26_3_14_JH,86,No,16,3,Yes,5,Outsideclassroom,No,French,39_8,guardar,modal
"Charly Chaplin quería dejar el bebe en la calle,",35,9,2019,Lisbon,UI,4,female,26,PRE,agent,MC,D,DEF,GI,N,dp,DE_WR_37_26_3_14_JH,86,No,16,3,Yes,5,Outsideclassroom,No,French,39_9,dejar,modal
No tengo tiempo ni  dinero para ir al exzranjero por varios meses.,35,10,2018,NA,LB,1,male,50,NA,pacient,MC,D,NA,GI,N,nullsub,DE_WR_20_50_2_14_HO,46.5,No,48,2,No,20,Outsideclassroom,Yes,"English, Italian",4_10,tener,simple-finite
"Habo italiano,",35,11,2018,NA,LB,1,male,50,NA,agent,MC,D,NA,GI,Y,nullsub,DE_WR_20_50_2_14_HO,46.5,No,48,2,No,20,Outsideclassroom,Yes,"English, Italian",4_11,hablar,simple-finite
"entiendo un poco,",35,12,2018,NA,LB,1,male,50,NA,agent,MC,D,NA,GI,Y,nullsub,DE_WR_20_50_2_14_HO,46.5,No,48,2,No,20,Outsideclassroom,Yes,"English, Italian",4_12,entender,simple-finite
hago muchos fallos,35,13,2018,NA,LB,1,male,50,NA,agent,MC,D,NA,GI,Y,nullsub,DE_WR_20_50_2_14_HO,46.5,No,48,2,No,20,Outsideclassroom,Yes,"English, Italian",4_13,hacer,simple-finite
No me averguenzo...,35,14,2018,NA,LB,1,male,50,NA,agent,MC,D,NA,GI,Y,nullsub,DE_WR_20_50_2_14_HO,46.5,No,48,2,No,20,Outsideclassroom,Yes,"English, Italian",4_14,avergonzarse,simple-finite
he estado de vacaziones en paìses de habla hispana varias veces.,35,15,2018,NA,LB,1,male,50,NA,pacient,MC,D,NA,GI,Y,nullsub,DE_WR_20_50_2_14_HO,46.5,No,48,2,No,20,Outsideclassroom,Yes,"English, Italian",4_15,estar,simple-finite
"Construí una casa,",35,16,2018,NA,LB,1,male,50,NA,agent,MC,D,NA,GI,Y,nullsub,DE_WR_20_50_2_14_HO,46.5,No,48,2,No,20,Outsideclassroom,Yes,"English, Italian",4_16,construir,simple-finite
tengo que pagar unos años màs.,35,17,2018,NA,LB,1,male,50,NA,agent,MC,D,NA,GI,Y,nullsub,DE_WR_20_50_2_14_HO,46.5,No,48,2,No,20,Outsideclassroom,Yes,"English, Italian",4_17,pagar,simple-finite
"Si puedo ir a la pension,",35,18,2018,NA,LB,1,male,50,NA,agent,MC,D,NA,GI,Y,nullsub,DE_WR_20_50_2_14_HO,46.5,No,48,2,No,20,Outsideclassroom,Yes,"English, Italian",4_18,ir,modal
seria un deseo y un sueño emigrar en España.,35,19,2018,NA,LB,1,male,50,POST,pacient,MC,D,INDEF,NE,N,dp,DE_WR_20_50_2_14_HO,46.5,No,48,2,No,20,Outsideclassroom,Yes,"English, Italian",4_19,ser,simple-finite
Nunca aprendì espanol.,35,2,2018,NA,LB,1,male,50,NA,agent,MC,D,NA,GI,N,nullsub,DE_WR_20_50_2_14_HO,46.5,No,48,2,No,20,Outsideclassroom,Yes,"English, Italian",4_2,aprender,simple-finite
Entonces estoy seguro,35,20,2018,NA,LB,1,male,50,NA,pacient,MC,D,NA,GI,N,nullsub,DE_WR_20_50_2_14_HO,46.5,No,48,2,No,20,Outsideclassroom,Yes,"English, Italian",4_20,estar,simple-finite
de que puedo aprender este hermoso lenguaje ràpidamente.,35,21,2018,NA,LB,1,male,50,NA,pacient,MC,D,NA,GI,Y,nullsub,DE_WR_20_50_2_14_HO,46.5,No,48,2,No,20,Outsideclassroom,Yes,"English, Italian",4_21,aprender,modal
Mi español es absolutamente malo.,35,22,2018,NA,LB,1,male,50,PRE,pacient,MC,D,DEF,GI,N,dp,DE_WR_20_50_2_14_HO,46.5,No,48,2,No,20,Outsideclassroom,Yes,"English, Italian",4_22,ser,simple-finite
Quiero,35,23,2018,NA,LB,1,male,50,NA,agent,MC,D,NA,GI,N,nullsub,DE_WR_20_50_2_14_HO,46.5,No,48,2,No,20,Outsideclassroom,Yes,"English, Italian",4_23,querer,simple-finite
y lo aprenderè.,36,24,2018,NA,LB,1,male,50,NA,agent,MC,D,NA,GI,Y,nullsub,DE_WR_20_50_2_14_HO,46.5,No,48,2,No,20,Outsideclassroom,Yes,"English, Italian",4_24,aprender,simple-finite
Vamos a ver,36,25,2018,NA,LB,1,male,50,NA,pacient,MC,D,NA,GI,N,nullsub,DE_WR_20_50_2_14_HO,46.5,No,48,2,No,20,Outsideclassroom,Yes,"English, Italian",4_25,ver,simple-finite
Quiero aprender esta lengua.,36,3,2018,NA,LB,1,male,50,NA,agent,MC,D,NA,GI,Y,nullsub,DE_WR_20_50_2_14_HO,46.5,No,48,2,No,20,Outsideclassroom,Yes,"English, Italian",4_3,aprender,simple-finite
Me gusta mucho la gente...la tradición...la musica.,36,4,2018,NA,LB,1,male,50,POST,pacient,MC,D,DEF,GI,N,dp,DE_WR_20_50_2_14_HO,46.5,No,48,2,No,20,Outsideclassroom,Yes,"English, Italian",4_4,gustar,simple-finite
Soy un miembro de algunos grupos .,36,6,2018,NA,LB,1,male,50,NA,pacient,MC,D,NA,NE,N,nullsub,DE_WR_20_50_2_14_HO,46.5,No,48,2,No,20,Outsideclassroom,Yes,"English, Italian",4_6,ser,simple-finite
oigo musuca latinoamericana,36,7,2018,NA,LB,1,male,50,NA,pacient,MC,D,NA,GI,Y,nullsub,DE_WR_20_50_2_14_HO,46.5,No,48,2,No,20,Outsideclassroom,Yes,"English, Italian",4_7,oír,simple-finite
y tambien hago algunas esercicios en internet.,36,8,2018,NA,LB,1,male,50,NA,agent,MC,D,NA,GI,Y,nullsub,DE_WR_20_50_2_14_HO,46.5,No,48,2,No,20,Outsideclassroom,Yes,"English, Italian",4_8,hacer,simple-finite
Es un sueńo de mi aprender màs..mucho màs.,36,9,2018,NA,LB,1,male,50,POST,pacient,MC,D,INDEF,NE,N,dp,DE_WR_20_50_2_14_HO,46.5,No,48,2,No,20,Outsideclassroom,Yes,"English, Italian",4_9,ser,simple-finite
que lo dejo en el suelo.,36,10,2018,Granada,UI,4,male,21,PRE,agent,SC,D,DEF,GI,N,pron,DE_WR_38_21_10_14_HYR,88.4,No,11,10,Yes,900,Insideclassroom,No,Hebrew,40_10,dejar,simple-finite
Va trás una mujer con coche,36,11,2018,Granada,UI,4,male,21,NA,agent,MC,D,NA,GI,N,nullsub,DE_WR_38_21_10_14_HYR,88.4,No,11,10,Yes,900,Insideclassroom,No,Hebrew,40_11,ir,simple-finite
y pone el bebé adentro.,36,12,2018,Granada,UI,4,male,21,NA,agent,MC,D,DEF,GI,Y,nullsub,DE_WR_38_21_10_14_HYR,88.4,No,11,10,Yes,900,Insideclassroom,No,Hebrew,40_12,poner,simple-finite
"Ella se enfada,",36,13,2018,Granada,UI,4,male,21,PRE,agent,MC,D,DEF,GI,N,pron,DE_WR_38_21_10_14_HYR,88.4,No,11,10,Yes,900,Insideclassroom,No,Hebrew,40_13,enfadarse,simple-finite
así que regcoge otra vez al bebé,36,14,2018,Granada,UI,4,male,21,NA,agent,MC,D,NA,GI,N,nullsub,DE_WR_38_21_10_14_HYR,88.4,No,11,10,Yes,900,Insideclassroom,No,Hebrew,40_14,recoger,simple-finite
y se lo da a un viejito.,36,15,2018,Granada,UI,4,male,21,NA,agent,MC,D,NA,GI,Y,nullsub,DE_WR_38_21_10_14_HYR,88.4,No,11,10,Yes,900,Insideclassroom,No,Hebrew,40_15,dar,simple-finite
Este tampoco quiere quedarse con el bebé,36,16,2018,Granada,UI,4,male,21,PRE,pacient,MC,D,DEF,GI,N,pron,DE_WR_38_21_10_14_HYR,88.4,No,11,10,Yes,900,Insideclassroom,No,Hebrew,40_16,quedarse,modal
y lo devuelva a Charlie.,36,17,2018,Granada,UI,4,male,21,NA,agent,MC,D,NA,GI,Y,nullsub,DE_WR_38_21_10_14_HYR,88.4,No,11,10,Yes,900,Insideclassroom,No,Hebrew,40_17,devolver,simple-finite
Un policiaco está por allí,36,18,2018,Granada,UI,4,male,21,PRE,pacient,MC,D,INDEF,NE,N,dp,DE_WR_38_21_10_14_HYR,88.4,No,11,10,Yes,900,Insideclassroom,No,Hebrew,40_18,estar,simple-finite
Charlie se sienta al suelo,36,21,2018,Granada,UI,4,male,21,PRE,agent,MC,D,DEF,GI,N,dp,DE_WR_38_21_10_14_HYR,88.4,No,11,10,Yes,900,Insideclassroom,No,Hebrew,40_21,sentarse,simple-finite
y encuentra un papelito dentro de las telas,36,22,2018,Granada,UI,4,male,21,NA,agent,MC,D,NA,GI,Y,nullsub,DE_WR_38_21_10_14_HYR,88.4,No,11,10,Yes,900,Insideclassroom,No,Hebrew,40_22,encontrar,simple-finite
que enrollan al bebé.,36,23,2018,Granada,UI,4,male,21,PRE,agent,SC,D,DEF,GI,N,pron,DE_WR_38_21_10_14_HYR,88.4,No,11,10,Yes,900,Insideclassroom,No,Hebrew,40_23,envolver,simple-finite
que la persona […]  tiene que cuidar al órfano.,36,25,2018,Granada,UI,4,male,21,PRE,agent,SC,D,DEF,GI,N,dp,DE_WR_38_21_10_14_HYR,88.4,No,11,10,Yes,900,Insideclassroom,No,Hebrew,40_25,cuidar,modal
que encuentre al bebé,36,26,2018,Granada,UI,4,male,21,PRE,agent,SC,D,DEF,GI,Y,pron,DE_WR_38_21_10_14_HYR,88.4,No,11,10,Yes,900,Insideclassroom,No,Hebrew,40_26,encontrar,simple-finite
Al final Charlie se levanta,36,27,2018,Granada,UI,4,male,21,PRE,agent,MC,D,DEF,GI,N,dp,DE_WR_38_21_10_14_HYR,88.4,No,11,10,Yes,900,Insideclassroom,No,Hebrew,40_27,levantarse,simple-finite
y sale de la pantalla con el bebé en sus brazos.,36,28,2018,Granada,UI,4,male,21,NA,agent,MC,D,NA,GI,Y,nullsub,DE_WR_38_21_10_14_HYR,88.4,No,11,10,Yes,900,Insideclassroom,No,Hebrew,40_28,salir,simple-finite
Muchos basureros están por allí.,36,3,2018,Granada,UI,4,male,21,PRE,pacient,MC,D,INDEF,NE,N,dp,DE_WR_38_21_10_14_HYR,88.4,No,11,10,Yes,900,Insideclassroom,No,Hebrew,40_3,estar,simple-finite
de repente cae basura desde arriba al hombro de Charlie.,37,4,2018,Granada,UI,4,male,21,POST,pacient,MC,D,INDEF,NE,N,dp,DE_WR_38_21_10_14_HYR,88.4,No,11,10,Yes,900,Insideclassroom,No,Hebrew,40_4,ser,simple-finite
Este bota sus guantes al basurero,37,5,2018,Granada,UI,4,male,21,PRE,agent,MC,D,DEF,GI,N,pron,DE_WR_38_21_10_14_HYR,88.4,No,11,10,Yes,900,Insideclassroom,No,Hebrew,40_5,botar,simple-finite
y se entera,37,6,2018,Granada,UI,4,male,21,NA,agent,MC,D,NA,GI,Y,nullsub,DE_WR_38_21_10_14_HYR,88.4,No,11,10,Yes,900,Insideclassroom,No,Hebrew,40_6,enterarse,simple-finite
de que un bebé está al lado del basurero.,37,7,2018,Granada,UI,4,male,21,PRE,pacient,MC,D,INDEF,NE,N,dp,DE_WR_38_21_10_14_HYR,88.4,No,11,10,Yes,900,Insideclassroom,No,Hebrew,40_7,estar,simple-finite
Lo recoge,37,8,2018,Granada,UI,4,male,21,NA,agent,MC,D,NA,GI,N,nullsub,DE_WR_38_21_10_14_HYR,88.4,No,11,10,Yes,900,Insideclassroom,No,Hebrew,40_8,recoger,simple-finite
y busca a la persona,37,9,2018,Granada,UI,4,male,21,PRE,agent,MC,D,DEF,GI,Y,pron,DE_WR_38_21_10_14_HYR,88.4,No,11,10,Yes,900,Insideclassroom,No,Hebrew,40_9,buscar,simple-finite
Un hombre anda en una calle,37,1,2018,Hamburg,LA,5,female,21,PRE,agent,MC,D,INDEF,NE,N,dp,DE_WR_38_21_7_14_CW,88.4,No,14,7,Yes,5,Insideclassroom,Yes,English,41_1,andar,simple-finite
"Desgraciadamente, la mujer está muy argumentativa",37,10,2018,Hamburg,LA,5,female,21,PRE,pacient,MC,D,DEF,GI,Y,dp,DE_WR_38_21_7_14_CW,88.4,No,14,7,Yes,5,Insideclassroom,Yes,English,41_10,estar,simple-finite
porque el bebé no es suya.,37,11,2018,Hamburg,LA,5,female,21,PRE,pacient,SC,D,DEF,GI,N,dp,DE_WR_38_21_7_14_CW,88.4,No,14,7,Yes,5,Insideclassroom,Yes,English,41_11,ser,simple-finite
"Entonces, el hombre trata de dar el bebé a otro hombre",37,12,2018,Hamburg,LA,5,female,21,PRE,agent,MC,D,DEF,GI,N,dp,DE_WR_38_21_7_14_CW,88.4,No,14,7,Yes,5,Insideclassroom,Yes,English,41_12,tratar,periphrasis-lexical
y se va rápidamente.,37,13,2018,Hamburg,LA,5,female,21,NA,agent,MC,D,NA,GI,Y,nullsub,DE_WR_38_21_7_14_CW,88.4,No,14,7,Yes,5,Insideclassroom,Yes,English,41_13,irse,simple-finite
"Como el primer hombre, este hombre piensa también",37,14,2018,Hamburg,LA,5,female,21,PRE,agent,MC,D,DEF,GI,N,dp,DE_WR_38_21_7_14_CW,88.4,No,14,7,Yes,5,Insideclassroom,Yes,English,41_14,pensar,simple-finite
que es el bebé de la madre de la niña,37,15,2018,Hamburg,LA,5,female,21,POST,pacient,SC,D,DEF,GI,N,dp,DE_WR_38_21_7_14_CW,88.4,No,14,7,Yes,5,Insideclassroom,Yes,English,41_15,ser,simple-finite
y pone el bebé cerca de la niña.,37,16,2018,Hamburg,LA,5,female,21,NA,agent,MC,D,NA,GI,N,nullsub,DE_WR_38_21_7_14_CW,88.4,No,14,7,Yes,5,Insideclassroom,Yes,English,41_16,poner,simple-finite
"Cuando la mujer vuelve a su hija,",37,17,2018,Hamburg,LA,5,female,21,PRE,agent,MC,D,DEF,GI,N,dp,DE_WR_38_21_7_14_CW,88.4,No,14,7,Yes,5,Insideclassroom,Yes,English,41_17,volver,simple-finite
solamente ve el primer hombre,37,18,2018,Hamburg,LA,5,female,21,NA,pacient,MC,D,NA,GI,Y,nullsub,DE_WR_38_21_7_14_CW,88.4,No,14,7,Yes,5,Insideclassroom,Yes,English,41_18,ver,simple-finite
y encuentra a un bebé,37,2,2018,Hamburg,LA,5,female,21,NA,agent,MC,D,NA,GI,Y,nullsub,DE_WR_38_21_7_14_CW,88.4,No,14,7,Yes,5,Insideclassroom,Yes,English,41_2,encontrar,simple-finite
y le da el bebé otra vez.,37,20,2018,Hamburg,LA,5,female,21,NA,agent,MC,D,NA,GI,N,nullsub,DE_WR_38_21_7_14_CW,88.4,No,14,7,Yes,5,Insideclassroom,Yes,English,41_20,dar,simple-finite
"Después, el hombre lee una carta",37,21,2018,Hamburg,LA,5,female,21,PRE,agent,MC,D,DEF,GI,N,dp,DE_WR_38_21_7_14_CW,88.4,No,14,7,Yes,5,Insideclassroom,Yes,English,41_21,leer,simple-finite
que el bebé es un órfano,37,23,2018,Hamburg,LA,5,female,21,PRE,pacient,SC,D,DEF,GI,N,dp,DE_WR_38_21_7_14_CW,88.4,No,14,7,Yes,5,Insideclassroom,Yes,English,41_23,ser,simple-finite
y que la persona […] debe cuidarlo.,37,24,2018,Hamburg,LA,5,female,21,PRE,agent,MC,D,DEF,NE,N,dp,DE_WR_38_21_7_14_CW,88.4,No,14,7,Yes,5,Insideclassroom,Yes,English,41_24,cuidar,modal
que encuentre al bebé,37,25,2018,Hamburg,LA,5,female,21,PRE,agent,SC,D,DEF,GI,Y,pron,DE_WR_38_21_7_14_CW,88.4,No,14,7,Yes,5,Insideclassroom,Yes,English,41_25,encontrar,simple-finite
"Por eso, el hombre decide",37,26,2018,Hamburg,LA,5,female,21,PRE,agent,MC,D,DEF,GI,N,dp,DE_WR_38_21_7_14_CW,88.4,No,14,7,Yes,5,Insideclassroom,Yes,English,41_26,decidir,simple-finite
que quiere cuidar al bebé.,37,27,2018,Hamburg,LA,5,female,21,NA,agent,SC,D,NA,GI,Y,nullsub,DE_WR_38_21_7_14_CW,88.4,No,14,7,Yes,5,Insideclassroom,Yes,English,41_27,cuidar,modal
que está en la basura.,37,3,2018,Hamburg,LA,5,female,21,PRE,pacient,SC,D,DEF,GI,N,pron,DE_WR_38_21_7_14_CW,88.4,No,14,7,Yes,5,Insideclassroom,Yes,English,41_3,estar,simple-finite
El hombre toma el bebé,37,5,2018,Hamburg,LA,5,female,21,PRE,agent,MC,D,DEF,GI,N,dp,DE_WR_38_21_7_14_CW,88.4,No,14,7,Yes,5,Insideclassroom,Yes,English,41_5,tomar,simple-finite
para que vuelva a su familia.,37,6,2018,Hamburg,LA,5,female,21,NA,agent,SC,D,NA,GI,N,nullsub,DE_WR_38_21_7_14_CW,88.4,No,14,7,Yes,5,Insideclassroom,Yes,English,41_6,volver,simple-finite
"Cuando ve una mujer con una niña pequeña,",37,7,2018,Hamburg,LA,5,female,21,NA,pacient,MC,D,NA,GI,N,nullsub,DE_WR_38_21_7_14_CW,88.4,No,14,7,Yes,5,Insideclassroom,Yes,English,41_7,ver,simple-finite
el hombre piensa,37,8,2018,Hamburg,LA,5,female,21,PRE,agent,MC,D,DEF,GI,Y,dp,DE_WR_38_21_7_14_CW,88.4,No,14,7,Yes,5,Insideclassroom,Yes,English,41_8,pensar,simple-finite
que la mujer es la madre del bebé también.,37,9,2018,Hamburg,LA,5,female,21,PRE,pacient,SC,D,DEF,GI,N,dp,DE_WR_38_21_7_14_CW,88.4,No,14,7,Yes,5,Insideclassroom,Yes,English,41_9,ser,simple-finite
El video es una pelicuala selencia [...] en negro y blanco,37,1,2018,Granada,UI,4,female,21,PRE,pacient,MC,D,DEF,NE,N,dp,DE_WR_38_21_8_14_NP,88.4,No,13,8,No,17,Outsideclassroom,No,English,42_1,ser,simple-finite
Charlie Chaplin ve a un bebé abandonado en el piso.,37,10,2018,Granada,UI,4,female,21,PRE,pacient,MC,D,DEF,GI,Y,dp,DE_WR_38_21_8_14_NP,88.4,No,13,8,No,17,Outsideclassroom,No,English,42_10,ver,simple-finite
Lo tome en su abrazo,37,11,2018,Granada,UI,4,female,21,NA,agent,MC,D,NA,GI,Y,nullsub,DE_WR_38_21_8_14_NP,88.4,No,13,8,No,17,Outsideclassroom,No,English,42_11,tomar,simple-finite
y busca a un lugar para ponerlo.,37,12,2018,Granada,UI,4,female,21,NA,agent,MC,D,NA,GI,Y,nullsub,DE_WR_38_21_8_14_NP,88.4,No,13,8,No,17,Outsideclassroom,No,English,42_12,buscar,simple-finite
Una mujer pasa con su bebé,37,13,2018,Granada,UI,4,female,21,PRE,pacient,MC,D,INDEF,NE,N,dp,DE_WR_38_21_8_14_NP,88.4,No,13,8,No,17,Outsideclassroom,No,English,42_13,pasar,simple-finite
y él decide ponerlo con su bebé.,37,14,2018,Granada,UI,4,female,21,PRE,agent,MC,D,DEF,GI,N,pron,DE_WR_38_21_8_14_NP,88.4,No,13,8,No,17,Outsideclassroom,No,English,42_14,decidir,infinitive
Ella se enfadada,37,15,2018,Granada,UI,4,female,21,PRE,agent,MC,D,DEF,GI,N,pron,DE_WR_38_21_8_14_NP,88.4,No,13,8,No,17,Outsideclassroom,No,English,42_15,enfadarse,simple-finite
y por eso Chaplin tiene que buscar otra solucion.,37,16,2018,Granada,UI,4,female,21,PRE,agent,MC,D,DEF,GI,N,dp,DE_WR_38_21_8_14_NP,88.4,No,13,8,No,17,Outsideclassroom,No,English,42_16,buscar,modal
El video continua con la busca de una person,37,17,2018,Granada,UI,4,female,21,PRE,agent,MC,D,DEF,GI,N,dp,DE_WR_38_21_8_14_NP,88.4,No,13,8,No,17,Outsideclassroom,No,English,42_17,continuar,simple-finite
que puede cuidar al bebé.,37,18,2018,Granada,UI,4,female,21,NA,agent,SC,D,NA,GI,N,nullsub,DE_WR_38_21_8_14_NP,88.4,No,13,8,No,17,Outsideclassroom,No,English,42_18,cuidar,modal
"Al finales, Charlie Chaplin encuentra",37,19,2018,Granada,UI,4,female,21,PRE,agent,MC,D,DEF,GI,N,dp,DE_WR_38_21_8_14_NP,88.4,No,13,8,No,17,Outsideclassroom,No,English,42_19,encontrar,simple-finite
(sólo tiene musica),37,2,2018,Granada,UI,4,female,21,NA,pacient,MC,D,NA,GI,Y,nullsub,DE_WR_38_21_8_14_NP,88.4,No,13,8,No,17,Outsideclassroom,No,English,42_2,tener,simple-finite
que el bebé tiene una carta,37,20,2018,Granada,UI,4,female,21,PRE,pacient,SC,D,DEF,GI,N,dp,DE_WR_38_21_8_14_NP,88.4,No,13,8,No,17,Outsideclassroom,No,English,42_20,tener,simple-finite
que pide a la persona,37,21,2018,Granada,UI,4,female,21,PRE,agent,SC,D,DEF,GI,N,pron,DE_WR_38_21_8_14_NP,88.4,No,13,8,No,17,Outsideclassroom,No,English,42_21,pedir,simple-finite
que lo encuentre,38,22,2018,Granada,UI,4,female,21,NA,agent,SC,IM,NA,GI,N,nullsub,DE_WR_38_21_8_14_NP,88.4,No,13,8,No,17,Outsideclassroom,No,English,42_22,encontrar,simple-finite
que cuide al bebé,38,23,2018,Granada,UI,4,female,21,NA,agent,SC,IM,NA,GI,Y,nullsub,DE_WR_38_21_8_14_NP,88.4,No,13,8,No,17,Outsideclassroom,No,English,42_23,cuidar,simple-finite
Charlie Chaplin sale con el bebé.,38,25,2018,Granada,UI,4,female,21,PRE,agent,MC,D,DEF,GI,Y,dp,DE_WR_38_21_8_14_NP,88.4,No,13,8,No,17,Outsideclassroom,No,English,42_25,salir,simple-finite
que cuenta la historia de,38,3,2018,Granada,UI,4,female,21,PRE,agent,SC,D,DEF,GI,Y,pron,DE_WR_38_21_8_14_NP,88.4,No,13,8,No,17,Outsideclassroom,No,English,42_3,contar,simple-finite
como el personaje Charlie Chaplin descubró a un bebé abandonado en una calle.,38,4,2018,Granada,UI,4,female,21,PRE,pacient,MC,D,DEF,NE,N,dp,DE_WR_38_21_8_14_NP,88.4,No,13,8,No,17,Outsideclassroom,No,English,42_4,descubrir,simple-finite
"Al principios, Charlie Chaplin camina fumando en una calle sucia,",38,5,2018,Granada,UI,4,female,21,PRE,agent,MC,D,DEF,GI,Y,dp,DE_WR_38_21_8_14_NP,88.4,No,13,8,No,17,Outsideclassroom,No,English,42_5,caminar,simple-finite
donde callan cosas de los edificios a la calle debajo.,38,6,2018,Granada,UI,4,female,21,POST,pacient,SC,D,INDEF,NE,N,dp,DE_WR_38_21_8_14_NP,88.4,No,13,8,No,17,Outsideclassroom,No,English,42_6,caer,simple-finite
Algo calle encima de él,38,7,2018,Granada,UI,4,female,21,PRE,pacient,MC,D,INDEF,NE,N,pron,DE_WR_38_21_8_14_NP,88.4,No,13,8,No,17,Outsideclassroom,No,English,42_7,caer,simple-finite
y por eso tiene que buscar una nueva cigarra.,38,8,2018,Granada,UI,4,female,21,NA,agent,MC,D,NA,GI,N,nullsub,DE_WR_38_21_8_14_NP,88.4,No,13,8,No,17,Outsideclassroom,No,English,42_8,buscar,modal
Chaplin está caminando por la calle,38,1,2019,Cologne,LA,5,male,23,PRE,agent,MC,D,DEF,NE,N,dp,DE_WR_38_23_6_14_RS,88.4,No,16,6,Yes,6,Insideclassroom,No,English,43_1,caminar,periphrasis-gerund
pero no le partenece.,38,10,2019,Cologne,LA,5,male,23,NA,pacient,MC,D,NA,GI,N,nullsub,DE_WR_38_23_6_14_RS,88.4,No,16,6,Yes,6,Insideclassroom,No,English,43_10,pertenecer,simple-finite
Después quiere ponerlo en la calle,38,11,2019,Cologne,LA,5,male,23,NA,agent,MC,D,NA,GI,N,nullsub,DE_WR_38_23_6_14_RS,88.4,No,16,6,Yes,6,Insideclassroom,No,English,43_11,poner,modal
pero un policía viene,38,12,2019,Cologne,LA,5,male,23,PRE,pacient,MC,D,INDEF,NE,N,dp,DE_WR_38_23_6_14_RS,88.4,No,16,6,Yes,6,Insideclassroom,No,English,43_12,venir,simple-finite
y Chaplin se va con el bebé.,38,13,2019,Cologne,LA,5,male,23,PRE,agent,MC,D,DEF,GI,N,dp,DE_WR_38_23_6_14_RS,88.4,No,16,6,Yes,6,Insideclassroom,No,English,43_13,irse,simple-finite
Encuentra a un hombre,38,14,2019,Cologne,LA,5,male,23,NA,agent,MC,D,NA,GI,Y,nullsub,DE_WR_38_23_6_14_RS,88.4,No,16,6,Yes,6,Insideclassroom,No,English,43_14,encontrar,simple-finite
y le da el bebé,38,15,2019,Cologne,LA,5,male,23,NA,agent,MC,D,NA,GI,Y,nullsub,DE_WR_38_23_6_14_RS,88.4,No,16,6,Yes,6,Insideclassroom,No,English,43_15,dar,simple-finite
porque hace una trampa,38,16,2019,Cologne,LA,5,male,23,NA,agent,SC,D,NA,GI,Y,nullsub,DE_WR_38_23_6_14_RS,88.4,No,16,6,Yes,6,Insideclassroom,No,English,43_16,hacer,simple-finite
y empieza a correr.,38,17,2019,Cologne,LA,5,male,23,NA,agent,MC,D,NA,GI,Y,nullsub,DE_WR_38_23_6_14_RS,88.4,No,16,6,Yes,6,Insideclassroom,No,English,43_17,correr,periphrasis-lexical
El hombre lo persigue,38,18,2019,Cologne,LA,5,male,23,PRE,agent,MC,D,DEF,GI,N,dp,DE_WR_38_23_6_14_RS,88.4,No,16,6,Yes,6,Insideclassroom,No,English,43_18,perseguir,simple-finite
pero no le encuentra,38,19,2019,Cologne,LA,5,male,23,NA,agent,MC,D,NA,GI,Y,nullsub,DE_WR_38_23_6_14_RS,88.4,No,16,6,Yes,6,Insideclassroom,No,English,43_19,encontrar,simple-finite
hasta que caiga algo en su cabeza.,38,2,2019,Cologne,LA,5,male,23,PRE,pacient,SC,D,INDEF,NE,N,pron,DE_WR_38_23_6_14_RS,88.4,No,16,6,Yes,6,Insideclassroom,No,English,43_2,caer,simple-finite
y pone el bebé en el cochecito.,38,20,2019,Cologne,LA,5,male,23,NA,agent,MC,D,NA,GI,Y,nullsub,DE_WR_38_23_6_14_RS,88.4,No,16,6,Yes,6,Insideclassroom,No,English,43_20,poner,simple-finite
La madre encuentra su cochecito con otro bebé,38,21,2019,Cologne,LA,5,male,23,PRE,agent,MC,D,DEF,GI,N,dp,DE_WR_38_23_6_14_RS,88.4,No,16,6,Yes,6,Insideclassroom,No,English,43_21,encontrar,simple-finite
y ve a Chaplin,38,22,2019,Cologne,LA,5,male,23,NA,pacient,MC,D,NA,GI,Y,nullsub,DE_WR_38_23_6_14_RS,88.4,No,16,6,Yes,6,Insideclassroom,No,English,43_22,ver,simple-finite
y empieza a pegarle con su paragua,38,23,2019,Cologne,LA,5,male,23,NA,agent,MC,D,NA,GI,Y,nullsub,DE_WR_38_23_6_14_RS,88.4,No,16,6,Yes,6,Insideclassroom,No,English,43_23,pegar,simple-finite
hasta que tome el bebé.,39,24,2019,Cologne,LA,5,male,23,NA,agent,SC,D,NA,GI,N,nullsub,DE_WR_38_23_6_14_RS,88.4,No,16,6,Yes,6,Insideclassroom,No,English,43_24,tomar,simple-finite
La policía viene otra vez,39,25,2019,Cologne,LA,5,male,23,PRE,pacient,MC,D,DEF,GI,N,dp,DE_WR_38_23_6_14_RS,88.4,No,16,6,Yes,6,Insideclassroom,No,English,43_25,venir,simple-finite
y Chaplin lo toma otra vez.,39,26,2019,Cologne,LA,5,male,23,PRE,agent,MC,D,DEF,GI,N,dp,DE_WR_38_23_6_14_RS,88.4,No,16,6,Yes,6,Insideclassroom,No,English,43_26,tomar,simple-finite
Al final Chaplin cuida al bebé.,39,27,2019,Cologne,LA,5,male,23,PRE,agent,MC,D,DEF,GI,Y,dp,DE_WR_38_23_6_14_RS,88.4,No,16,6,Yes,6,Insideclassroom,No,English,43_27,cuidar,simple-finite
Después para,39,3,2019,Cologne,LA,5,male,23,NA,agent,MC,D,NA,GI,N,nullsub,DE_WR_38_23_6_14_RS,88.4,No,16,6,Yes,6,Insideclassroom,No,English,43_3,parar,simple-finite
y coge un cigarillo,39,4,2019,Cologne,LA,5,male,23,NA,agent,MC,D,NA,GI,Y,nullsub,DE_WR_38_23_6_14_RS,88.4,No,16,6,Yes,6,Insideclassroom,No,English,43_4,coger,simple-finite
y lo enciende.,39,5,2019,Cologne,LA,5,male,23,NA,agent,MC,D,NA,GI,Y,nullsub,DE_WR_38_23_6_14_RS,88.4,No,16,6,Yes,6,Insideclassroom,No,English,43_5,encender,simple-finite
Èl encuentra un bebé en la calle,39,6,2019,Cologne,LA,5,male,23,PRE,agent,MC,D,DEF,GI,Y,pron,DE_WR_38_23_6_14_RS,88.4,No,16,6,Yes,6,Insideclassroom,No,English,43_6,encontrar,simple-finite
y lo recoge.,39,7,2019,Cologne,LA,5,male,23,NA,agent,MC,D,NA,GI,Y,nullsub,DE_WR_38_23_6_14_RS,88.4,No,16,6,Yes,6,Insideclassroom,No,English,43_7,recoger,simple-finite
Después porsigue una mujer,39,8,2019,Cologne,LA,5,male,23,NA,agent,MC,D,NA,GI,Y,nullsub,DE_WR_38_23_6_14_RS,88.4,No,16,6,Yes,6,Insideclassroom,No,English,43_8,proseguir,simple-finite
El  vídeo trata de un hombre,39,1,2018,Hamburg,UI,4,female,23,PRE,agent,MC,D,DEF,NE,N,dp,DE_WR_38_23_7_14_LKM,88.4,No,16,7,Yes,15,Outsideclassroom,No,English,44_1,tratar,periphrasis-lexical
así pues el hombre se queda con el bebé.,39,10,2018,Hamburg,UI,4,female,23,PRE,agent,MC,D,DEF,GI,N,dp,DE_WR_38_23_7_14_LKM,88.4,No,16,7,Yes,15,Outsideclassroom,No,English,44_10,quedarse,simple-finite
Después de su último ensayo el decide guardar el bebé.,39,11,2018,Hamburg,UI,4,female,23,PRE,agent,MC,D,DEF,GI,Y,pron,DE_WR_38_23_7_14_LKM,88.4,No,16,7,Yes,15,Outsideclassroom,No,English,44_11,decidir,simple-finite
que está caminando por una obra.,39,2,2018,Hamburg,UI,4,female,23,PRE,agent,SC,D,DEF,GI,N,pron,DE_WR_38_23_7_14_LKM,88.4,No,16,7,Yes,15,Outsideclassroom,No,English,44_2,caminar,periphrasis-gerund
Encuentra a un bebé abandonado.,39,3,2018,Hamburg,UI,4,female,23,NA,agent,MC,D,NA,GI,Y,nullsub,DE_WR_38_23_7_14_LKM,88.4,No,16,7,Yes,15,Outsideclassroom,No,English,44_3,encontrar,simple-finite
Lo levanta de la calle,39,4,2018,Hamburg,UI,4,female,23,NA,agent,MC,D,NA,GI,Y,nullsub,DE_WR_38_23_7_14_LKM,88.4,No,16,7,Yes,15,Outsideclassroom,No,English,44_4,levantar,simple-finite
y intenta ponerlo en el cochecito de una mujer.,39,5,2018,Hamburg,UI,4,female,23,NA,agent,MC,D,NA,GI,Y,nullsub,DE_WR_38_23_7_14_LKM,88.4,No,16,7,Yes,15,Outsideclassroom,No,English,44_5,intentar,infinitive
"Sin embargo, ella lo atrapa",39,6,2018,Hamburg,UI,4,female,23,PRE,agent,MC,D,DEF,GI,N,pron,DE_WR_38_23_7_14_LKM,88.4,No,16,7,Yes,15,Outsideclassroom,No,English,44_6,atrapar,simple-finite
así que él se queda con el bebé.,40,7,2018,Hamburg,UI,4,female,23,PRE,agent,MC,D,DEF,GI,N,pron,DE_WR_38_23_7_14_LKM,88.4,No,16,7,Yes,15,Outsideclassroom,No,English,44_7,quedarse,simple-finite
"Después quiere ponerlo a la calle de nuevo,",40,8,2018,Hamburg,UI,4,female,23,NA,agent,MC,D,NA,GI,Y,nullsub,DE_WR_38_23_7_14_LKM,88.4,No,16,7,Yes,15,Outsideclassroom,No,English,44_8,poner,modal
pero de repente un policía aparece,40,9,2018,Hamburg,UI,4,female,23,PRE,pacient,MC,D,INDEF,NE,N,dp,DE_WR_38_23_7_14_LKM,88.4,No,16,7,Yes,15,Outsideclassroom,No,English,44_9,aparecer,simple-finite
"Esta película se llama ""El niño""",40,1,2018,Barcelona,UI,4,female,24,PRE,agent,MC,D,DEF,NE,N,dp,DE_WR_38_24_7_14_RP,88.4,No,17,7,Yes,10,Outsideclassroom,No,French,45_1,llamarse,simple-finite
que Charlie pone el niño en su cochecito,40,10,2018,Barcelona,UI,4,female,24,PRE,agent,SC,D,DEF,GI,N,dp,DE_WR_38_24_7_14_RP,88.4,No,17,7,Yes,10,Outsideclassroom,No,French,45_10,poner,simple-finite
que vigila Charlie,40,13,2018,Barcelona,UI,4,female,24,PRE,agent,SC,D,DEF,GI,Y,pron,DE_WR_38_24_7_14_RP,88.4,No,17,7,Yes,10,Outsideclassroom,No,French,45_13,vigilar,simple-finite
porque sospecha,40,14,2018,Barcelona,UI,4,female,24,NA,agent,MC,D,NA,GI,Y,nullsub,DE_WR_38_24_7_14_RP,88.4,No,17,7,Yes,10,Outsideclassroom,No,French,45_14,sospechar,simple-finite
que él haga una tontería con el niño.,40,15,2018,Barcelona,UI,4,female,24,PRE,agent,SC,D,DEF,GI,N,pron,DE_WR_38_24_7_14_RP,88.4,No,17,7,Yes,10,Outsideclassroom,No,French,45_15,hacer,simple-finite
Al final Charlie encuentra un pequeño papelito en el bolsillo del niño,40,16,2018,Barcelona,UI,4,female,24,PRE,agent,MC,D,DEF,GI,Y,dp,DE_WR_38_24_7_14_RP,88.4,No,17,7,Yes,10,Outsideclassroom,No,French,45_16,encontrar,simple-finite
que […] debe cuidarlo y amarlo.,40,18,2018,Barcelona,UI,4,female,24,NA,agent,SC,D,NA,GI,N,nullsub,DE_WR_38_24_7_14_RP,88.4,No,17,7,Yes,10,Outsideclassroom,No,French,45_18,cuidar,modal
lo quien encuentre este huerfano,40,19,2018,Barcelona,UI,4,female,24,PRE,agent,SC,D,DEF,GI,Y,pron,DE_WR_38_24_7_14_RP,88.4,No,17,7,Yes,10,Outsideclassroom,No,French,45_19,encontrar,simple-finite
y es una de las mas famosas de Charlie Chaplin,40,2,2018,Barcelona,UI,4,female,24,NA,pacient,MC,D,NA,GI,Y,nullsub,DE_WR_38_24_7_14_RP,88.4,No,17,7,Yes,10,Outsideclassroom,No,French,45_2,ser,simple-finite
Charlie decide de llevar el niño a su casa,40,20,2018,Barcelona,UI,4,female,24,PRE,agent,MC,D,DEF,GI,N,dp,DE_WR_38_24_7_14_RP,88.4,No,17,7,Yes,10,Outsideclassroom,No,French,45_20,decidir,infinitive
y el nene crece con el.,40,21,2018,Barcelona,UI,4,female,24,PRE,agent,MC,D,DEF,GI,N,dp,DE_WR_38_24_7_14_RP,88.4,No,17,7,Yes,10,Outsideclassroom,No,French,45_21,crecer,simple-finite
quien era un gran actor de las pelis mudas.,40,3,2018,Barcelona,UI,4,female,24,POST,pacient,SC,D,DEF,GI,N,pron,DE_WR_38_24_7_14_RP,88.4,No,17,7,Yes,10,Outsideclassroom,No,French,45_3,ser,simple-finite
cuando Charlie encuentra el huerfano putativo.,40,5,2018,Barcelona,UI,4,female,24,PRE,agent,SC,D,DEF,GI,Y,dp,DE_WR_38_24_7_14_RP,88.4,No,17,7,Yes,10,Outsideclassroom,No,French,45_5,encontrar,simple-finite
Lo encuentra en la calle a lado de la basura,40,6,2018,Barcelona,UI,4,female,24,NA,agent,MC,D,NA,GI,Y,nullsub,DE_WR_38_24_7_14_RP,88.4,No,17,7,Yes,10,Outsideclassroom,No,French,45_6,encontrar,simple-finite
y primero intenta de quitarselo de encima.,40,7,2018,Barcelona,UI,4,female,24,NA,agent,MC,D,NA,GI,Y,nullsub,DE_WR_38_24_7_14_RP,88.4,No,17,7,Yes,10,Outsideclassroom,No,French,45_7,intentar,simple-finite
Estos intentos siempre fallan por una mujer,40,8,2018,Barcelona,UI,4,female,24,PRE,pacient,MC,D,DEF,NE,N,dp,DE_WR_38_24_7_14_RP,88.4,No,17,7,Yes,10,Outsideclassroom,No,French,45_8,fallar,simple-finite
que no accepta,40,9,2018,Barcelona,UI,4,female,24,PRE,agent,SC,D,DEF,GI,N,pron,DE_WR_38_24_7_14_RP,88.4,No,17,7,Yes,10,Outsideclassroom,No,French,45_9,aceptar,simple-finite
Charlie Chaplin está andando en la calle,40,1,2018,Bonn,LI,3,female,25,PRE,agent,MC,D,DEF,NE,N,dp,DE_WR_38_25_7_14_CR,88.4,No,18,7,Yes,8,Outsideclassroom,No,French,46_1,andar,simple-finite
"que pasa por la calle,",40,10,2018,Bonn,LI,3,female,25,PRE,pacient,SC,D,DEF,GI,N,pron,DE_WR_38_25_7_14_CR,88.4,No,18,7,Yes,8,Outsideclassroom,No,French,46_10,pasar,simple-finite
y se esconde detrás de un muro.,40,11,2018,Bonn,LI,3,female,25,NA,agent,MC,D,NA,GI,N,nullsub,DE_WR_38_25_7_14_CR,88.4,No,18,7,Yes,8,Outsideclassroom,No,French,46_11,esconder,simple-finite
El otro hombre pasa a una tienda,41,12,2018,Bonn,LI,3,female,25,PRE,pacient,MC,D,DEF,GI,N,dp,DE_WR_38_25_7_14_CR,88.4,No,18,7,Yes,8,Outsideclassroom,No,French,46_12,pasar,simple-finite
delante de que la dicha mujer ha dejado su bebé.,41,13,2018,Bonn,LI,3,female,25,PRE,agent,SC,D,DEF,GI,N,dp,DE_WR_38_25_7_14_CR,88.4,No,18,7,Yes,8,Outsideclassroom,No,French,46_13,dejar,simple-finite
El hombre tiene la misma idea como Charlie,41,14,2018,Bonn,LI,3,female,25,PRE,pacient,MC,D,DEF,GI,N,dp,DE_WR_38_25_7_14_CR,88.4,No,18,7,Yes,8,Outsideclassroom,No,French,46_14,tener,simple-finite
y pone a 'su' bebé al lado de este bebé,41,15,2018,Bonn,LI,3,female,25,NA,agent,MC,D,NA,GI,Y,nullsub,DE_WR_38_25_7_14_CR,88.4,No,18,7,Yes,8,Outsideclassroom,No,French,46_15,poner,simple-finite
antes de que vuelva la mujer enfada,41,16,2018,Bonn,LI,3,female,25,PRE,agent,SC,D,DEF,GI,N,dp,DE_WR_38_25_7_14_CR,88.4,No,18,7,Yes,8,Outsideclassroom,No,French,46_16,volver,simple-finite
que está quejándose.,41,17,2018,Bonn,LI,3,female,25,PRE,agent,SC,D,DEF,GI,Y,pron,DE_WR_38_25_7_14_CR,88.4,No,18,7,Yes,8,Outsideclassroom,No,French,46_17,quejarse,simple-finite
Aparece un policía,41,18,2018,Bonn,LI,3,female,25,POST,pacient,MC,D,INDEF,NE,N,dp,DE_WR_38_25_7_14_CR,88.4,No,18,7,Yes,8,Outsideclassroom,No,French,46_18,aparecer,simple-finite
que arregla la situación,41,19,2018,Bonn,LI,3,female,25,PRE,agent,SC,D,DEF,GI,Y,pron,DE_WR_38_25_7_14_CR,88.4,No,18,7,Yes,8,Outsideclassroom,No,French,46_19,arreglar,simple-finite
así que Charlie pone al bebé en sus brazos.,41,20,2018,Bonn,LI,3,female,25,PRE,agent,MC,D,DEF,GI,N,dp,DE_WR_38_25_7_14_CR,88.4,No,18,7,Yes,8,Outsideclassroom,No,French,46_20,poner,simple-finite
encuentra un papel en la ropa del bebé con el mensage de cuidarse de él.,41,22,2018,Bonn,LI,3,female,25,NA,agent,MC,D,NA,GI,Y,nullsub,DE_WR_38_25_7_14_CR,88.4,No,18,7,Yes,8,Outsideclassroom,No,French,46_22,encontrar,simple-finite
que caen abajo de una casa,41,3,2018,Bonn,LI,3,female,25,PRE,pacient,SC,D,DEF,GI,N,pron,DE_WR_38_25_7_14_CR,88.4,No,18,7,Yes,8,Outsideclassroom,No,French,46_3,caer,simple-finite
cuando encuentra un bebé.,41,4,2018,Bonn,LI,3,female,25,NA,agent,SC,D,NA,GI,N,nullsub,DE_WR_38_25_7_14_CR,88.4,No,18,7,Yes,8,Outsideclassroom,No,French,46_4,encontrar,simple-finite
Pasa una mujer con otro bebé.,41,5,2018,Bonn,LI,3,female,25,PRE,pacient,MC,D,INDEF,NE,N,dp,DE_WR_38_25_7_14_CR,88.4,No,18,7,Yes,8,Outsideclassroom,No,French,46_5,pasar,simple-finite
Charlie pone al bebé encontrado al lado de este bebé,41,6,2018,Bonn,LI,3,female,25,PRE,agent,MC,D,DEF,GI,N,dp,DE_WR_38_25_7_14_CR,88.4,No,18,7,Yes,8,Outsideclassroom,No,French,46_6,poner,simple-finite
por lo cual a mujer está enfadada.,41,7,2018,Bonn,LI,3,female,25,PRE,pacient,SC,D,DEF,GI,N,dp,DE_WR_38_25_7_14_CR,88.4,No,18,7,Yes,8,Outsideclassroom,No,French,46_7,estar,simple-finite
"le da a un hombre,",41,9,2018,Bonn,LI,3,female,25,NA,agent,MC,D,NA,GI,Y,nullsub,DE_WR_38_25_7_14_CR,88.4,No,18,7,Yes,8,Outsideclassroom,No,French,46_9,dar,simple-finite
"También intenta en meter el bebé en otro carro,",41,10,2018,Hamburg,UI,4,female,28,NA,agent,MC,D,NA,GI,Y,nullsub,DE_WR_38_28_28_14_LBK,88.4,No,1,28,Yes,3,Outsideclassroom,No,English,47_10,intentar,infinitive
pero la madre se da cuenta,41,11,2018,Hamburg,UI,4,female,28,PRE,pacient,MC,D,DEF,NE,N,dp,DE_WR_38_28_28_14_LBK,88.4,No,1,28,Yes,3,Outsideclassroom,No,English,47_11,darse,periphrasis-lexical
y se enfada.,41,12,2018,Hamburg,UI,4,female,28,NA,agent,MC,D,NA,GI,Y,nullsub,DE_WR_38_28_28_14_LBK,88.4,No,1,28,Yes,3,Outsideclassroom,No,English,47_12,enfadarse,simple-finite
Al final se sienta,41,13,2018,Hamburg,UI,4,female,28,NA,agent,MC,D,NA,GI,N,nullsub,DE_WR_38_28_28_14_LBK,88.4,No,1,28,Yes,3,Outsideclassroom,No,English,47_13,sentarse,simple-finite
"y encuentra una carta,",41,14,2018,Hamburg,UI,4,female,28,NA,agent,MC,D,NA,GI,Y,nullsub,DE_WR_38_28_28_14_LBK,88.4,No,1,28,Yes,3,Outsideclassroom,No,English,47_14,encontrar,simple-finite
que la persona […]   Le cuide,41,16,2018,Hamburg,UI,4,female,28,PRE,agent,SC,IM,DEF,NE,N,dp,DE_WR_38_28_28_14_LBK,88.4,No,1,28,Yes,3,Outsideclassroom,No,English,47_16,cuidar,simple-finite
y le dé amor y una casa cariñosa.,41,17,2018,Hamburg,UI,4,female,28,NA,agent,SC,IM,NA,GI,Y,nullsub,DE_WR_38_28_28_14_LBK,88.4,No,1,28,Yes,3,Outsideclassroom,No,English,47_17,dar,simple-finite
que encuentre al bebé,41,18,2018,Hamburg,UI,4,female,28,NA,agent,SC,IM,NA,GI,Y,nullsub,DE_WR_38_28_28_14_LBK,88.4,No,1,28,Yes,3,Outsideclassroom,No,English,47_18,encontrar,simple-finite
Charlie le mira al bebé con mucho cariño.,42,19,2018,Hamburg,UI,4,female,28,PRE,agent,MC,D,DEF,GI,N,dp,DE_WR_38_28_28_14_LBK,88.4,No,1,28,Yes,3,Outsideclassroom,No,English,47_19,mirar,simple-finite
quien encuentra una bebé en un callejon.,42,2,2018,Hamburg,UI,4,female,28,PRE,agent,SC,D,DEF,GI,N,pron,DE_WR_38_28_28_14_LBK,88.4,No,1,28,Yes,3,Outsideclassroom,No,English,47_2,encontrar,simple-finite
El bebé está tirado al lado de una basura.,42,3,2018,Hamburg,UI,4,female,28,PRE,pacient,MC,D,DEF,GI,N,dp,DE_WR_38_28_28_14_LBK,88.4,No,1,28,Yes,3,Outsideclassroom,No,English,47_3,estar,simple-finite
Cuándo pasa,42,4,2018,Hamburg,UI,4,female,28,NA,pacient,SC,D,NA,GI,N,nullsub,DE_WR_38_28_28_14_LBK,88.4,No,1,28,Yes,3,Outsideclassroom,No,English,47_4,pasar,simple-finite
"y lo ve,",42,5,2018,Hamburg,UI,4,female,28,NA,pacient,MC,D,NA,GI,Y,nullsub,DE_WR_38_28_28_14_LBK,88.4,No,1,28,Yes,3,Outsideclassroom,No,English,47_5,ver,simple-finite
lo coje,42,6,2018,Hamburg,UI,4,female,28,NA,agent,MC,D,NA,GI,Y,nullsub,DE_WR_38_28_28_14_LBK,88.4,No,1,28,Yes,3,Outsideclassroom,No,English,47_6,coger,simple-finite
y intenta de dárselo a otras personas.,42,7,2018,Hamburg,UI,4,female,28,NA,agent,MC,D,NA,GI,Y,nullsub,DE_WR_38_28_28_14_LBK,88.4,No,1,28,Yes,3,Outsideclassroom,No,English,47_7,intentar,infinitive
Un policía se da cuenta,42,8,2018,Hamburg,UI,4,female,28,PRE,pacient,MC,D,INDEF,NE,N,dp,DE_WR_38_28_28_14_LBK,88.4,No,1,28,Yes,3,Outsideclassroom,No,English,47_8,darse,periphrasis-lexical
y por eso se lo tiene que quedar.,42,9,2018,Hamburg,UI,4,female,28,NA,pacient,MC,D,NA,GI,N,nullsub,DE_WR_38_28_28_14_LBK,88.4,No,1,28,Yes,3,Outsideclassroom,No,English,47_9,quedar,modal
si alguién lo había botado allá.,42,10,2019,NA,LA,5,female,32,PRE,agent,SC,I,INDEF,NE,N,pron,DE_WR_38_32_13_14_KK,88.4,No,17,13,Yes,15,Outsideclassroom,No,English,48_10,botar,simple-finite
Toma el hijo en sus brazos,42,11,2019,NA,LA,5,female,32,NA,agent,MC,D,NA,GI,N,nullsub,DE_WR_38_32_13_14_KK,88.4,No,17,13,Yes,15,Outsideclassroom,No,English,48_11,tomar,simple-finite
y busca a alguién,42,12,2019,NA,LA,5,female,32,NA,agent,MC,D,NA,GI,Y,nullsub,DE_WR_38_32_13_14_KK,88.4,No,17,13,Yes,15,Outsideclassroom,No,English,48_12,buscar,simple-finite
a quien podría permanecer.,42,13,2019,NA,LA,5,female,32,NA,pacient,SC,D,NA,GI,N,nullsub,DE_WR_38_32_13_14_KK,88.4,No,17,13,Yes,15,Outsideclassroom,No,English,48_13,permenacer,modal
En este momento viene una mujer con su hijo en un cochecito.,42,14,2019,NA,LA,5,female,32,POST,pacient,MC,D,INDEF,NE,N,dp,DE_WR_38_32_13_14_KK,88.4,No,17,13,Yes,15,Outsideclassroom,No,English,48_14,venir,simple-finite
Chaplin piensa,42,15,2019,NA,LA,5,female,32,PRE,agent,MC,D,DEF,GI,N,dp,DE_WR_38_32_13_14_KK,88.4,No,17,13,Yes,15,Outsideclassroom,No,English,48_15,pensar,simple-finite
que esto podría ser la mamá,42,16,2019,NA,LA,5,female,32,NA,pacient,SC,D,NA,GI,N,nullsub,DE_WR_38_32_13_14_KK,88.4,No,17,13,Yes,15,Outsideclassroom,No,English,48_16,ser,modal
y deja el bebé en su cochecito.,42,17,2019,NA,LA,5,female,32,NA,agent,MC,D,NA,GI,N,nullsub,DE_WR_38_32_13_14_KK,88.4,No,17,13,Yes,15,Outsideclassroom,No,English,48_17,dejar,simple-finite
Pero la mujer rápidamente se da cuenta,42,18,2019,NA,LA,5,female,32,PRE,pacient,MC,D,DEF,GI,N,dp,DE_WR_38_32_13_14_KK,88.4,No,17,13,Yes,15,Outsideclassroom,No,English,48_18,darse,periphrasis-lexical
Alguna gente tira basura en el patio,42,2,2019,NA,LA,5,female,32,PRE,agent,MC,D,INDEF,NE,N,dp,DE_WR_38_32_13_14_KK,88.4,No,17,13,Yes,15,Outsideclassroom,No,English,48_2,tirar,simple-finite
y lo reclama al Chaplin.,42,20,2019,NA,LA,5,female,32,NA,agent,MC,D,NA,GI,N,nullsub,DE_WR_38_32_13_14_KK,88.4,No,17,13,Yes,15,Outsideclassroom,No,English,48_20,reclamar,simple-finite
Entonces él toma de vuelta al bebé,42,21,2019,NA,LA,5,female,32,PRE,agent,MC,D,DEF,GI,N,pron,DE_WR_38_32_13_14_KK,88.4,No,17,13,Yes,15,Outsideclassroom,No,English,48_21,tomar,simple-finite
y intenta de dejarlo al lado de los cubos en el patio.,42,22,2019,NA,LA,5,female,32,NA,agent,MC,D,NA,GI,Y,nullsub,DE_WR_38_32_13_14_KK,88.4,No,17,13,Yes,15,Outsideclassroom,No,English,48_22,intentar,infinitive
Pero justamente en este momento viene la policía,42,23,2019,NA,LA,5,female,32,POST,pacient,MC,D,DEF,NE,N,dp,DE_WR_38_32_13_14_KK,88.4,No,17,13,Yes,15,Outsideclassroom,No,English,48_23,venir,simple-finite
y rápidamente Chaplin sube al bebé,43,24,2019,NA,LA,5,female,32,PRE,agent,MC,D,DEF,GI,N,dp,DE_WR_38_32_13_14_KK,88.4,No,17,13,Yes,15,Outsideclassroom,No,English,48_24,subir,simple-finite
y se esconde.,43,25,2019,NA,LA,5,female,32,NA,agent,MC,D,NA,GI,Y,nullsub,DE_WR_38_32_13_14_KK,88.4,No,17,13,Yes,15,Outsideclassroom,No,English,48_25,esconderse,simple-finite
Después intenta de dejar el bebé con otro caballero en la calle.,43,26,2019,NA,LA,5,female,32,NA,agent,MC,D,NA,GI,Y,nullsub,DE_WR_38_32_13_14_KK,88.4,No,17,13,Yes,15,Outsideclassroom,No,English,48_26,intentar,infinitive
Le da al hijo en sus manos,43,27,2019,NA,LA,5,female,32,NA,agent,MC,D,NA,GI,Y,nullsub,DE_WR_38_32_13_14_KK,88.4,No,17,13,Yes,15,Outsideclassroom,No,English,48_27,dar,simple-finite
y corre para escapar.,43,28,2019,NA,LA,5,female,32,NA,agent,MC,D,NA,GI,Y,nullsub,DE_WR_38_32_13_14_KK,88.4,No,17,13,Yes,15,Outsideclassroom,No,English,48_28,correr,simple-finite
El caballero no sabe,43,29,2019,NA,LA,5,female,32,PRE,agent,MC,D,DEF,GI,N,dp,DE_WR_38_32_13_14_KK,88.4,No,17,13,Yes,15,Outsideclassroom,No,English,48_29,saber,simple-finite
y Chaplin se asusta un poco de esto.,43,3,2019,NA,LA,5,female,32,PRE,pacient,MC,D,DEF,GI,N,dp,DE_WR_38_32_13_14_KK,88.4,No,17,13,Yes,15,Outsideclassroom,No,English,48_3,asustarse,simple-finite
y anda un poco por la calle.,43,31,2019,NA,LA,5,female,32,NA,agent,MC,D,NA,GI,Y,nullsub,DE_WR_38_32_13_14_KK,88.4,No,17,13,Yes,15,Outsideclassroom,No,English,48_31,andar,simple-finite
Ve el cochecito otra vez,43,32,2019,NA,LA,5,female,32,NA,pacient,MC,D,NA,GI,Y,nullsub,DE_WR_38_32_13_14_KK,88.4,No,17,13,Yes,15,Outsideclassroom,No,English,48_32,ver,simple-finite
y pone el bebé otra vez dentro para huir.,43,33,2019,NA,LA,5,female,32,NA,agent,MC,D,NA,GI,Y,nullsub,DE_WR_38_32_13_14_KK,88.4,No,17,13,Yes,15,Outsideclassroom,No,English,48_33,poner,simple-finite
Justamente en el momento […] Chaplin pasa por la calle.,43,34,2019,NA,LA,5,female,32,PRE,pacient,MC,D,DEF,GI,N,dp,DE_WR_38_32_13_14_KK,88.4,No,17,13,Yes,15,Outsideclassroom,No,English,48_34,pasar,simple-finite
cuando vuelve la mamá,43,35,2019,NA,LA,5,female,32,POST,pacient,SC,D,DEF,GI,N,dp,DE_WR_38_32_13_14_KK,88.4,No,17,13,Yes,15,Outsideclassroom,No,English,48_35,volver,simple-finite
y lo devuelve al Chaplin.,43,36,2019,NA,LA,5,female,32,NA,agent,MC,D,NA,GI,Y,nullsub,DE_WR_38_32_13_14_KK,88.4,No,17,13,Yes,15,Outsideclassroom,No,English,48_36,devolver,simple-finite
Ahora Chaplin está desecepcionado.,43,37,2019,NA,LA,5,female,32,PRE,pacient,MC,D,DEF,GI,N,dp,DE_WR_38_32_13_14_KK,88.4,No,17,13,Yes,15,Outsideclassroom,No,English,48_37,estar,simple-finite
Con el bebé se siente en la calle,43,38,2019,NA,LA,5,female,32,NA,agent,MC,D,NA,GI,Y,nullsub,DE_WR_38_32_13_14_KK,88.4,No,17,13,Yes,15,Outsideclassroom,No,English,48_38,sentare,simple-finite
y piensa.,43,39,2019,NA,LA,5,female,32,NA,agent,MC,D,NA,GI,Y,nullsub,DE_WR_38_32_13_14_KK,88.4,No,17,13,Yes,15,Outsideclassroom,No,English,48_39,pensar,simple-finite
Después se acerca un poco más,43,4,2019,NA,LA,5,female,32,NA,agent,MC,D,NA,GI,Y,nullsub,DE_WR_38_32_13_14_KK,88.4,No,17,13,Yes,15,Outsideclassroom,No,English,48_4,acercarse,simple-finite
Por un corto momento se le ocurre,43,40,2019,NA,LA,5,female,32,NA,pacient,MC,D,NA,NA,NA,nullsub,DE_WR_38_32_13_14_KK,88.4,No,17,13,Yes,15,Outsideclassroom,No,English,48_40,ocurrirse,simple-finite
Pero finalmente encuentra un papelito cerca del hijo.,43,42,2019,NA,LA,5,female,32,NA,agent,MC,D,NA,GI,Y,nullsub,DE_WR_38_32_13_14_KK,88.4,No,17,13,Yes,15,Outsideclassroom,No,English,48_42,encontrar,simple-finite
Por allá está escrito lo siguiente:,43,43,2019,NA,LA,5,female,32,POST,pacient,MC,D,DEF,GI,N,pron,DE_WR_38_32_13_14_KK,88.4,No,17,13,Yes,15,Outsideclassroom,No,English,48_43,estar,simple-finite
Chaplin está feliz,43,45,2019,NA,LA,5,female,32,PRE,pacient,MC,D,DEF,GI,N,dp,DE_WR_38_32_13_14_KK,88.4,No,17,13,Yes,15,Outsideclassroom,No,English,48_45,estar,simple-finite
y se va con el bebé.,43,46,2019,NA,LA,5,female,32,NA,agent,MC,D,NA,GI,Y,nullsub,DE_WR_38_32_13_14_KK,88.4,No,17,13,Yes,15,Outsideclassroom,No,English,48_46,irse,simple-finite
y enciende un cigarillo.,43,5,2019,NA,LA,5,female,32,NA,agent,MC,D,NA,GI,Y,nullsub,DE_WR_38_32_13_14_KK,88.4,No,17,13,Yes,15,Outsideclassroom,No,English,48_5,encender,simple-finite
De repente se da cuenta,43,6,2019,NA,LA,5,female,32,NA,pacient,MC,D,NA,GI,Y,nullsub,DE_WR_38_32_13_14_KK,88.4,No,17,13,Yes,15,Outsideclassroom,No,English,48_6,darse,periphrasis-lexical
que está llorando.,43,8,2019,NA,LA,5,female,32,PRE,agent,SC,D,DEF,GI,Y,pron,DE_WR_38_32_13_14_KK,88.4,No,17,13,Yes,15,Outsideclassroom,No,English,48_8,llorar,periphrasis-gerund
Chaplin se pregunta,43,9,2019,NA,LA,5,female,32,PRE,agent,MC,D,DEF,GI,N,dp,DE_WR_38_32_13_14_KK,88.4,No,17,13,Yes,15,Outsideclassroom,No,English,48_9,preguntar,simple-finite
Esta es la historia de una relación entre Charles Chaplin y un bebé desconocido.,44,1,2018,Hamburg,LA,5,female,20,NA,pacient,MC,D,DEF,NE,N,dp,DE_WR_39_20_5_14_LW,90.7,No,14,5,Yes,15,Outsideclassroom,No,English,49_1,ser,simple-finite
que ya tiene otro bebé,44,10,2018,Hamburg,LA,5,female,20,NA,pacient,MC,D,NA,GI,N,nullsub,DE_WR_39_20_5_14_LW,90.7,No,14,5,Yes,15,Outsideclassroom,No,English,49_10,tener,simple-finite
y pone el su niño allí también.,44,11,2018,Hamburg,LA,5,female,20,NA,agent,MC,D,NA,GI,N,nullsub,DE_WR_39_20_5_14_LW,90.7,No,14,5,Yes,15,Outsideclassroom,No,English,49_11,poner,simple-finite
"En cuanto viene la madre,",44,12,2018,Hamburg,LA,5,female,20,POST,pacient,SC,D,DEF,GI,N,dp,DE_WR_39_20_5_14_LW,90.7,No,14,5,Yes,15,Outsideclassroom,No,English,49_12,venir,simple-finite
le da una hostia,44,13,2018,Hamburg,LA,5,female,20,NA,agent,MC,D,NA,GI,Y,nullsub,DE_WR_39_20_5_14_LW,90.7,No,14,5,Yes,15,Outsideclassroom,No,English,49_13,dar,simple-finite
y Chaplin huye con el bebé.   .,44,14,2018,Hamburg,LA,5,female,20,PRE,agent,MC,D,DEF,GI,N,dp,DE_WR_39_20_5_14_LW,90.7,No,14,5,Yes,15,Outsideclassroom,No,English,49_14,huír,simple-finite
Su siguiente opción para deshacerse del pequeñito es,44,15,2018,Hamburg,LA,5,female,20,PRE,pacient,MC,D,DEF,NE,N,dp,DE_WR_39_20_5_14_LW,90.7,No,14,5,Yes,15,Outsideclassroom,No,English,49_15,deshacerse,simple-finite
Esto tampoco funciona,44,18,2018,Hamburg,LA,5,female,20,PRE,agent,MC,D,DEF,GI,N,pron,DE_WR_39_20_5_14_LW,90.7,No,14,5,Yes,15,Outsideclassroom,No,English,49_18,funcionar,simple-finite
porqué el viejo le encuentra en su escondite,44,19,2018,Hamburg,LA,5,female,20,PRE,agent,SC,D,DEF,GI,N,dp,DE_WR_39_20_5_14_LW,90.7,No,14,5,Yes,15,Outsideclassroom,No,English,49_19,encontrar,simple-finite
"Cuando Chaplin se quiere fumar un cigarro tranquilamente,",44,2,2018,Hamburg,LA,5,female,20,PRE,agent,SC,D,DEF,GI,N,dp,DE_WR_39_20_5_14_LW,90.7,No,14,5,Yes,15,Outsideclassroom,No,English,49_2,fumar,modal
y llama a la policía.,44,20,2018,Hamburg,LA,5,female,20,NA,agent,MC,D,NA,GI,Y,nullsub,DE_WR_39_20_5_14_LW,90.7,No,14,5,Yes,15,Outsideclassroom,No,English,49_20,llamar,simple-finite
"que más puede hacer,",45,22,2018,Hamburg,LA,5,female,20,NA,agent,SC,I,NA,GI,Y,nullsub,DE_WR_39_20_5_14_LW,90.7,No,14,5,Yes,15,Outsideclassroom,No,English,49_22,hacer,modal
encuentra una nota,45,24,2018,Hamburg,LA,5,female,20,NA,agent,MC,D,NA,GI,Y,nullsub,DE_WR_39_20_5_14_LW,90.7,No,14,5,Yes,15,Outsideclassroom,No,English,49_24,encontrar,simple-finite
que dice,45,25,2018,Hamburg,LA,5,female,20,PRE,agent,SC,D,DEF,GI,N,pron,DE_WR_39_20_5_14_LW,90.7,No,14,5,Yes,15,Outsideclassroom,No,English,49_25,decir,simple-finite
Chaplin sonríe,45,27,2018,Hamburg,LA,5,female,20,PRE,agent,MC,D,DEF,GI,N,dp,DE_WR_39_20_5_14_LW,90.7,No,14,5,Yes,15,Outsideclassroom,No,English,49_27,sonreír,simple-finite
y uno sabe,45,28,2018,Hamburg,LA,5,female,20,PRE,agent,MC,D,DEF,NE,N,pron,DE_WR_39_20_5_14_LW,90.7,No,14,5,Yes,15,Outsideclassroom,No,English,49_28,saber,simple-finite
que le ha cogido cariño.,45,29,2018,Hamburg,LA,5,female,20,NA,agent,SC,D,NA,GI,N,nullsub,DE_WR_39_20_5_14_LW,90.7,No,14,5,Yes,15,Outsideclassroom,No,English,49_29,coger,simple-finite
un bebé […]  llama su atención.,45,3,2018,Hamburg,LA,5,female,20,PRE,agent,MC,D,INDEF,NE,N,dp,DE_WR_39_20_5_14_LW,90.7,No,14,5,Yes,15,Outsideclassroom,No,English,49_3,llamar,periphrasis-lexical
Se van juntos.,45,30,2018,Hamburg,LA,5,female,20,NA,agent,MC,D,NA,GI,N,nullsub,DE_WR_39_20_5_14_LW,90.7,No,14,5,Yes,15,Outsideclassroom,No,English,49_30,irse,simple-finite
que esta llorando,45,4,2018,Hamburg,LA,5,female,20,PRE,agent,SC,D,DEF,GI,Y,pron,DE_WR_39_20_5_14_LW,90.7,No,14,5,Yes,15,Outsideclassroom,No,English,49_4,llorar,periphrasis-gerund
Como él no sabe,45,5,2018,Hamburg,LA,5,female,20,PRE,agent,MC,D,DEF,GI,N,pron,DE_WR_39_20_5_14_LW,90.7,No,14,5,Yes,15,Outsideclassroom,No,English,49_5,saber,simple-finite
coge el infantil,45,7,2018,Hamburg,LA,5,female,20,NA,agent,MC,D,NA,GI,Y,nullsub,DE_WR_39_20_5_14_LW,90.7,No,14,5,Yes,15,Outsideclassroom,No,English,49_7,coger,simple-finite
y busca a la madre.,45,8,2018,Hamburg,LA,5,female,20,NA,agent,MC,D,NA,GI,Y,nullsub,DE_WR_39_20_5_14_LW,90.7,No,14,5,Yes,15,Outsideclassroom,No,English,49_8,buscar,simple-finite
Solo encuentra un carrito,45,9,2018,Hamburg,LA,5,female,20,NA,agent,MC,D,NA,GI,Y,nullsub,DE_WR_39_20_5_14_LW,90.7,No,14,5,Yes,15,Outsideclassroom,No,English,49_9,encontrar,simple-finite
Charles Chaplin va a la calle,45,1,2019,NA,UB,2,female,25,PRE,agent,MC,D,DEF,NE,N,dp,DE_WR_22_25_5_14_AKK,51.2,No,20,5,No,15,Outsideclassroom,Yes,Portuguese,5_1,ir,simple-finite
"El pone el bebe en la calle,",45,10,2019,NA,UB,2,female,25,PRE,agent,MC,D,DEF,GI,Y,pron,DE_WR_22_25_5_14_AKK,51.2,No,20,5,No,15,Outsideclassroom,Yes,Portuguese,5_10,poner,simple-finite
perro la policia le ve,45,11,2019,NA,UB,2,female,25,PRE,pacient,MC,D,DEF,NE,N,dp,DE_WR_22_25_5_14_AKK,51.2,No,20,5,No,15,Outsideclassroom,Yes,Portuguese,5_11,ver,simple-finite
y Charles otra vez pone el bebe.,45,12,2019,NA,UB,2,female,25,PRE,agent,MC,D,DEF,GI,N,dp,DE_WR_22_25_5_14_AKK,51.2,No,20,5,No,15,Outsideclassroom,Yes,Portuguese,5_12,poner,simple-finite
Despues el pone el bebe a un hombre vejo,46,13,2019,NA,UB,2,female,25,PRE,agent,MC,D,DEF,GI,Y,pron,DE_WR_22_25_5_14_AKK,51.2,No,20,5,No,15,Outsideclassroom,Yes,Portuguese,5_13,poner,simple-finite
y corre.,46,14,2019,NA,UB,2,female,25,NA,agent,MC,D,NA,GI,Y,nullsub,DE_WR_22_25_5_14_AKK,51.2,No,20,5,No,15,Outsideclassroom,Yes,Portuguese,5_14,correr,simple-finite
El hombre vejo pone el bebe a la senora.,46,15,2019,NA,UB,2,female,25,PRE,agent,MC,D,DEF,GI,N,pron,DE_WR_22_25_5_14_AKK,51.2,No,20,5,No,15,Outsideclassroom,Yes,Portuguese,5_15,poner,simple-finite
"Quando la senora sale una tienda,",46,16,2019,NA,UB,2,female,25,PRE,agent,MC,D,DEF,GI,N,dp,DE_WR_22_25_5_14_AKK,51.2,No,20,5,No,15,Outsideclassroom,Yes,Portuguese,5_16,salir,simple-finite
ve Chaplin,46,17,2019,NA,UB,2,female,25,NA,pacient,MC,D,NA,GI,Y,nullsub,DE_WR_22_25_5_14_AKK,51.2,No,20,5,No,15,Outsideclassroom,Yes,Portuguese,5_17,ver,simple-finite
y cree,46,18,2019,NA,UB,2,female,25,NA,agent,MC,D,NA,GI,Y,nullsub,DE_WR_22_25_5_14_AKK,51.2,No,20,5,No,15,Outsideclassroom,Yes,Portuguese,5_18,creer,simple-finite
que el ha pongo el bebe allí.,46,19,2019,NA,UB,2,female,25,PRE,agent,SC,D,DEF,GI,N,pron,DE_WR_22_25_5_14_AKK,51.2,No,20,5,No,15,Outsideclassroom,Yes,Portuguese,5_19,poner,simple-finite
"y qando quiere fumar,",46,2,2019,NA,UB,2,female,25,NA,agent,SC,D,NA,GI,Y,nullsub,DE_WR_22_25_5_14_AKK,51.2,No,20,5,No,15,Outsideclassroom,Yes,Portuguese,5_2,fumar,modal
Ella va furioso  .,46,20,2019,NA,UB,2,female,25,PRE,agent,MC,D,DEF,GI,N,pron,DE_WR_22_25_5_14_AKK,51.2,No,20,5,No,15,Outsideclassroom,Yes,Portuguese,5_20,ir,simple-finite
y pone el bebe a Chaplin.,46,21,2019,NA,UB,2,female,25,NA,agent,MC,D,NA,GI,Y,nullsub,DE_WR_22_25_5_14_AKK,51.2,No,20,5,No,15,Outsideclassroom,Yes,Portuguese,5_21,poner,simple-finite
En el fin Chaplin encontre una papel con una mensaje,46,22,2019,NA,UB,2,female,25,PRE,agent,MC,D,DEF,GI,N,dp,DE_WR_22_25_5_14_AKK,51.2,No,20,5,No,15,Outsideclassroom,Yes,Portuguese,5_22,encontrar,simple-finite
El lleve el bebe.,46,23,2019,NA,UB,2,female,25,NA,pacient,MC,D,NA,GI,Y,nullsub,DE_WR_22_25_5_14_AKK,51.2,No,20,5,No,15,Outsideclassroom,Yes,Portuguese,5_23,llevar,simple-finite
encontre un bebe.,46,3,2019,NA,UB,2,female,25,NA,agent,MC,D,NA,GI,Y,nullsub,DE_WR_22_25_5_14_AKK,51.2,No,20,5,No,15,Outsideclassroom,Yes,Portuguese,5_3,encontrar,simple-finite
El no sabe,46,4,2019,NA,UB,2,female,25,PRE,agent,MC,D,DEF,GI,Y,pron,DE_WR_22_25_5_14_AKK,51.2,No,20,5,No,15,Outsideclassroom,Yes,Portuguese,5_4,saber,simple-finite
que fazer,46,5,2019,NA,UB,2,female,25,NA,agent,SC,I,NA,NA,NA,nullsub,DE_WR_22_25_5_14_AKK,51.2,No,20,5,No,15,Outsideclassroom,Yes,Portuguese,5_5,hacer,simple-finite
y decide de poner el bebe a una senora.,46,6,2019,NA,UB,2,female,25,NA,agent,MC,D,NA,GI,Y,nullsub,DE_WR_22_25_5_14_AKK,51.2,No,20,5,No,15,Outsideclassroom,Yes,Portuguese,5_6,decidir,infinitive
La senora no quiere el bebe.,46,7,2019,NA,UB,2,female,25,PRE,agent,MC,D,DEF,GI,N,dp,DE_WR_22_25_5_14_AKK,51.2,No,20,5,No,15,Outsideclassroom,Yes,Portuguese,5_7,querer,simple-finite
Ella va muy furioso,46,8,2019,NA,UB,2,female,25,PRE,agent,MC,D,DEF,GI,Y,pron,DE_WR_22_25_5_14_AKK,51.2,No,20,5,No,15,Outsideclassroom,Yes,Portuguese,5_8,ir,simple-finite
aunque Chaplin já pone el bebe.,46,9,2019,NA,UB,2,female,25,PRE,agent,SC,D,DEF,GI,N,dp,DE_WR_22_25_5_14_AKK,51.2,No,20,5,No,15,Outsideclassroom,Yes,Portuguese,5_9,poner,simple-finite
"El vídeo trata del famoso personaje Charles Chaplin,",47,1,2019,Erlangen,LI,3,female,20,PRE,agent,MC,D,DEF,NE,N,dp,DE_WR_39_20_7_14_HP,90.7,No,13,7,No,15,Insideclassroom,No,English,50_1,tratar,periphrasis-lexical
cuando Charles pasea por la calle,47,10,2019,Erlangen,LI,3,female,20,PRE,agent,SC,D,DEF,GI,N,dp,DE_WR_39_20_7_14_HP,90.7,No,13,7,No,15,Insideclassroom,No,English,50_10,pasear,simple-finite
oye y ve a un bebé en la calle.,47,13,2019,Erlangen,LI,3,female,20,NA,pacient,MC,D,NA,GI,Y,nullsub,DE_WR_39_20_7_14_HP,90.7,No,13,7,No,15,Insideclassroom,No,English,50_13,oír,simple-finite
Lleva al bebé,47,14,2019,Erlangen,LI,3,female,20,NA,pacient,MC,D,NA,GI,Y,nullsub,DE_WR_39_20_7_14_HP,90.7,No,13,7,No,15,Insideclassroom,No,English,50_14,llevar,simple-finite
y mira por la calle,47,15,2019,Erlangen,LI,3,female,20,NA,agent,MC,D,NA,GI,Y,nullsub,DE_WR_39_20_7_14_HP,90.7,No,13,7,No,15,Insideclassroom,No,English,50_15,mirar,simple-finite
De repente aparece una mujer con un cochecito,47,17,2019,Erlangen,LI,3,female,20,POST,pacient,MC,D,INDEF,NE,N,dp,DE_WR_39_20_7_14_HP,90.7,No,13,7,No,15,Insideclassroom,No,English,50_17,aparecer,simple-finite
que va por la calle hacia una tienda.,47,18,2019,Erlangen,LI,3,female,20,PRE,agent,SC,D,DEF,GI,Y,pron,DE_WR_39_20_7_14_HP,90.7,No,13,7,No,15,Insideclassroom,No,English,50_18,ir,simple-finite
"Mientras ella entra en la tienda,",47,19,2019,Erlangen,LI,3,female,20,PRE,agent,MC,D,DEF,GI,Y,pron,DE_WR_39_20_7_14_HP,90.7,No,13,7,No,15,Insideclassroom,No,English,50_19,entrar,simple-finite
que aparece en películas sin sonido.,47,2,2019,Erlangen,LI,3,female,20,PRE,pacient,SC,D,DEF,GI,N,pron,DE_WR_39_20_7_14_HP,90.7,No,13,7,No,15,Insideclassroom,No,English,50_2,aparecer,simple-finite
él mete el bebé en el cochecito.,47,20,2019,Erlangen,LI,3,female,20,PRE,agent,MC,D,DEF,GI,N,pron,DE_WR_39_20_7_14_HP,90.7,No,13,7,No,15,Insideclassroom,No,English,50_20,meter,simple-finite
La mujer lo vea,47,21,2019,Erlangen,LI,3,female,20,PRE,pacient,MC,D,DEF,GI,N,dp,DE_WR_39_20_7_14_HP,90.7,No,13,7,No,15,Insideclassroom,No,English,50_21,ver,simple-finite
y pega con su paraguas a Charles.,47,22,2019,Erlangen,LI,3,female,20,NA,agent,MC,D,NA,GI,Y,nullsub,DE_WR_39_20_7_14_HP,90.7,No,13,7,No,15,Insideclassroom,No,English,50_22,golpear,simple-finite
Entonces él tiene la idea de llevar al bebé al mismo sitio,47,23,2019,Erlangen,LI,3,female,20,PRE,pacient,MC,D,DEF,GI,N,pron,DE_WR_39_20_7_14_HP,90.7,No,13,7,No,15,Insideclassroom,No,English,50_23,tener,simple-finite
donde lo ha encontrado antes.,47,24,2019,Erlangen,LI,3,female,20,NA,agent,SC,D,NA,GI,Y,nullsub,DE_WR_39_20_7_14_HP,90.7,No,13,7,No,15,Insideclassroom,No,English,50_24,encontrar,simple-finite
aparece un policía,47,26,2019,Erlangen,LI,3,female,20,POST,pacient,MC,D,INDEF,NE,N,dp,DE_WR_39_20_7_14_HP,90.7,No,13,7,No,15,Insideclassroom,No,English,50_26,aparecer,simple-finite
Entonces engaña a un hombre,47,28,2019,Erlangen,LI,3,female,20,NA,agent,MC,D,NA,GI,N,nullsub,DE_WR_39_20_7_14_HP,90.7,No,13,7,No,15,Insideclassroom,No,English,50_28,engañar,simple-finite
y le da a él el bebé.,47,29,2019,Erlangen,LI,3,female,20,NA,agent,MC,D,NA,GI,Y,nullsub,DE_WR_39_20_7_14_HP,90.7,No,13,7,No,15,Insideclassroom,No,English,50_29,dar,simple-finite
Él sale de una casa,48,3,2019,Erlangen,LI,3,female,20,PRE,agent,MC,D,DEF,GI,Y,pron,DE_WR_39_20_7_14_HP,90.7,No,13,7,No,15,Insideclassroom,No,English,50_3,salir,simple-finite
Este hombre tampoco sabe,48,30,2019,Erlangen,LI,3,female,20,PRE,agent,MC,D,DEF,GI,N,dp,DE_WR_39_20_7_14_HP,90.7,No,13,7,No,15,Insideclassroom,No,English,50_30,saber,simple-finite
y mete el bebé al mismo cochecito,48,32,2019,Erlangen,LI,3,female,20,NA,agent,MC,D,NA,GI,Y,nullsub,DE_WR_39_20_7_14_HP,90.7,No,13,7,No,15,Insideclassroom,No,English,50_32,meter,simple-finite
Este intento también fracasa,48,34,2019,Erlangen,LI,3,female,20,PRE,agent,MC,D,DEF,NE,N,dp,DE_WR_39_20_7_14_HP,90.7,No,13,7,No,15,Insideclassroom,No,English,50_34,intentar,simple-finite
y al final Charles Chaplin se queda con el bebé en la calle,48,35,2019,Erlangen,LI,3,female,20,PRE,agent,MC,D,DEF,GI,N,dp,DE_WR_39_20_7_14_HP,90.7,No,13,7,No,15,Insideclassroom,No,English,50_35,quedar,simple-finite
que parecen ser de la madre del bebé.,48,37,2019,Erlangen,LI,3,female,20,PRE,pacient,SC,D,DEF,GI,N,pron,DE_WR_39_20_7_14_HP,90.7,No,13,7,No,15,Insideclassroom,No,English,50_37,parecer,simple-finite
Al principio de esta historia suceden dos incidentes,48,5,2019,Erlangen,LI,3,female,20,POST,pacient,MC,D,DEF,NE,N,dp,DE_WR_39_20_7_14_HP,90.7,No,13,7,No,15,Insideclassroom,No,English,50_5,suceder,simple-finite
una vez una persona de una casa tira cosas desde una ventana a él,48,7,2019,Erlangen,LI,3,female,20,PRE,agent,MC,D,INDEF,NE,N,dp,DE_WR_39_20_7_14_HP,90.7,No,13,7,No,15,Insideclassroom,No,English,50_7,tirar,simple-finite
y la otra vez es otra persona,48,8,2019,Erlangen,LI,3,female,20,POST,pacient,MC,D,INDEF,NE,N,dp,DE_WR_39_20_7_14_HP,90.7,No,13,7,No,15,Insideclassroom,No,English,50_8,ser,simple-finite
"que casi tira su basura a él,",48,9,2019,Erlangen,LI,3,female,20,NA,agent,SC,D,NA,GI,Y,nullsub,DE_WR_39_20_7_14_HP,90.7,No,13,7,No,15,Insideclassroom,No,English,50_9,tirar,simple-finite
El vídeo trata de Charlie Chaplin,48,1,2018,Hamburg,LI,3,female,21,PRE,pacient,MC,D,DEF,NE,N,dp,DE_WR_39_21_11_14_JM,90.7,No,10,11,Yes,4,Insideclassroom,No,English,51_1,tratar,simple-finite
y se enfadó.,48,10,2018,Hamburg,LI,3,female,21,NA,agent,MC,D,NA,GI,Y,nullsub,DE_WR_39_21_11_14_JM,90.7,No,10,11,Yes,4,Insideclassroom,No,English,51_10,enfadarse,simple-finite
Pues Charlie tuvo que irse con el bebé.,48,11,2018,Hamburg,LI,3,female,21,PRE,agent,MC,D,DEF,GI,N,dp,DE_WR_39_21_11_14_JM,90.7,No,10,11,Yes,4,Insideclassroom,No,English,51_11,irse,modal
Desde este momento intentó de dejar el bebé con otras personas,48,12,2018,Hamburg,LI,3,female,21,NA,agent,MC,D,NA,GI,Y,nullsub,DE_WR_39_21_11_14_JM,90.7,No,10,11,Yes,4,Insideclassroom,No,English,51_12,intentar,infinitive
Esa intención no salió,48,15,2018,Hamburg,LI,3,female,21,PRE,agent,MC,D,DEF,NE,N,dp,DE_WR_39_21_11_14_JM,90.7,No,10,11,Yes,4,Insideclassroom,No,English,51_15,salir,simple-finite
hasta que Charlie leó una carta,48,16,2018,Hamburg,LI,3,female,21,PRE,agent,SC,D,DEF,GI,N,dp,DE_WR_39_21_11_14_JM,90.7,No,10,11,Yes,4,Insideclassroom,No,English,51_16,leer,simple-finite
que estaba dentro de la chaqueta de este niño.,48,17,2018,Hamburg,LI,3,female,21,PRE,pacient,SC,D,DEF,GI,N,pron,DE_WR_39_21_11_14_JM,90.7,No,10,11,Yes,4,Insideclassroom,No,English,51_17,estar,simple-finite
que por favor amen a este huérfano.,48,19,2018,Hamburg,LI,3,female,21,NA,agent,SC,IM,NA,NE,N,nullsub,DE_WR_39_21_11_14_JM,90.7,No,10,11,Yes,4,Insideclassroom,No,English,51_19,amar,simple-finite
como se encontró su bebé en la calle.,48,2,2018,Hamburg,LI,3,female,21,NA,pacient,SC,D,NA,GI,N,nullsub,DE_WR_39_21_11_14_JM,90.7,No,10,11,Yes,4,Insideclassroom,No,English,51_2,encontrarse,simple-finite
Charlie estuvo feliz,48,20,2018,Hamburg,LI,3,female,21,PRE,pacient,MC,D,DEF,GI,N,dp,DE_WR_39_21_11_14_JM,90.7,No,10,11,Yes,4,Insideclassroom,No,English,51_20,estar,simple-finite
y se fue con su bebé.,48,21,2018,Hamburg,LI,3,female,21,NA,pacient,MC,D,NA,GI,Y,nullsub,DE_WR_39_21_11_14_JM,90.7,No,10,11,Yes,4,Insideclassroom,No,English,51_21,ser,simple-finite
Estaba caminando por la calle,48,3,2018,Hamburg,LI,3,female,21,NA,agent,MC,D,NA,GI,Y,nullsub,DE_WR_39_21_11_14_JM,90.7,No,10,11,Yes,4,Insideclassroom,No,English,51_3,caminar,periphrasis-gerund
cuando de repente alguien tiró algo del techo.,48,4,2018,Hamburg,LI,3,female,21,PRE,agent,SC,D,INDEF,NE,N,pron,DE_WR_39_21_11_14_JM,90.7,No,10,11,Yes,4,Insideclassroom,No,English,51_4,tirar,simple-finite
Charlie estuvo confundido y un poco enfadado,48,5,2018,Hamburg,LI,3,female,21,PRE,pacient,MC,D,DEF,GI,N,dp,DE_WR_39_21_11_14_JM,90.7,No,10,11,Yes,4,Insideclassroom,No,English,51_5,estar,simple-finite
cuando vió un bebé gritando y solito en una esquina.,48,6,2018,Hamburg,LI,3,female,21,NA,pacient,SC,D,NA,GI,Y,nullsub,DE_WR_39_21_11_14_JM,90.7,No,10,11,Yes,4,Insideclassroom,No,English,51_6,ver,simple-finite
Lo quizo poner en una carreta para bebés,48,7,2018,Hamburg,LI,3,female,21,NA,agent,MC,D,NA,GI,Y,nullsub,DE_WR_39_21_11_14_JM,90.7,No,10,11,Yes,4,Insideclassroom,No,English,51_7,poner,modal
que estaba al lado de él.,48,8,2018,Hamburg,LI,3,female,21,PRE,pacient,SC,D,DEF,GI,N,pron,DE_WR_39_21_11_14_JM,90.7,No,10,11,Yes,4,Insideclassroom,No,English,51_8,estar,simple-finite
La mamá del bebé a dentro de la carreta volvió,48,9,2018,Hamburg,LI,3,female,21,PRE,agent,MC,D,DEF,NE,N,dp,DE_WR_39_21_11_14_JM,90.7,No,10,11,Yes,4,Insideclassroom,No,English,51_9,volver,simple-finite
Chaplin está caminando por la calle,48,1,2019,Cologne,LA,5,female,21,PRE,agent,MC,D,DEF,NE,N,dp,DE_WR_39_21_5_14_JR,90.7,No,16,5,Yes,11,Outsideclassroom,No,English,52_1,caminar,periphrasis-gerund
"Cuando quiere deshacerse del niño,",48,10,2019,Cologne,LA,5,female,21,NA,pacient,SC,D,NA,GI,N,nullsub,DE_WR_39_21_5_14_JR,90.7,No,16,5,Yes,11,Outsideclassroom,No,English,52_10,deshacerse,modal
la policía le pare.,48,11,2019,Cologne,LA,5,female,21,PRE,agent,MC,D,DEF,GI,N,dp,DE_WR_39_21_5_14_JR,90.7,No,16,5,Yes,11,Outsideclassroom,No,English,52_11,parar,simple-finite
"Ve a un hombre,",48,12,2019,Cologne,LA,5,female,21,NA,pacient,MC,D,NA,GI,N,nullsub,DE_WR_39_21_5_14_JR,90.7,No,16,5,Yes,11,Outsideclassroom,No,English,52_12,ver,simple-finite
le da el niño,48,13,2019,Cologne,LA,5,female,21,NA,agent,MC,D,NA,GI,Y,nullsub,DE_WR_39_21_5_14_JR,90.7,No,16,5,Yes,11,Outsideclassroom,No,English,52_13,dar,simple-finite
y empieza a correr.,48,14,2019,Cologne,LA,5,female,21,NA,agent,MC,D,NA,GI,Y,nullsub,DE_WR_39_21_5_14_JR,90.7,No,16,5,Yes,11,Outsideclassroom,No,English,52_14,correr,periphrasis-lexical
"Este hombre da el niño a la mujer de antes, de coincidencia.",48,15,2019,Cologne,LA,5,female,21,PRE,agent,MC,D,DEF,GI,N,dp,DE_WR_39_21_5_14_JR,90.7,No,16,5,Yes,11,Outsideclassroom,No,English,52_15,dar,simple-finite
Cuando la mujer lo ve,48,16,2019,Cologne,LA,5,female,21,PRE,pacient,SC,D,DEF,GI,N,dp,DE_WR_39_21_5_14_JR,90.7,No,16,5,Yes,11,Outsideclassroom,No,English,52_16,ver,simple-finite
también ve a Chaplin,48,17,2019,Cologne,LA,5,female,21,NA,pacient,MC,D,NA,GI,Y,nullsub,DE_WR_39_21_5_14_JR,90.7,No,16,5,Yes,11,Outsideclassroom,No,English,52_17,ver,simple-finite
y lo dice a la policía.,48,18,2019,Cologne,LA,5,female,21,NA,agent,MC,D,NA,GI,Y,nullsub,DE_WR_39_21_5_14_JR,90.7,No,16,5,Yes,11,Outsideclassroom,No,English,52_18,decir,simple-finite
Chaplin otra vez tiene que cuidar el niño.,48,19,2019,Cologne,LA,5,female,21,PRE,agent,MC,D,DEF,GI,N,dp,DE_WR_39_21_5_14_JR,90.7,No,16,5,Yes,11,Outsideclassroom,No,English,52_19,cuidar,modal
y una mujer echa unas cosas a su cabeza.,48,2,2019,Cologne,LA,5,female,21,PRE,agent,MC,D,INDEF,NE,N,dp,DE_WR_39_21_5_14_JR,90.7,No,16,5,Yes,11,Outsideclassroom,No,English,52_2,echar,simple-finite
Está pensando en dejarlo en la calle,49,20,2019,Cologne,LA,5,female,21,NA,agent,MC,D,NA,GI,Y,nullsub,DE_WR_39_21_5_14_JR,90.7,No,16,5,Yes,11,Outsideclassroom,No,English,52_20,pensar,periphrasis-gerund
pero no puede.,49,21,2019,Cologne,LA,5,female,21,NA,agent,MC,D,NA,GI,Y,nullsub,DE_WR_39_21_5_14_JR,90.7,No,16,5,Yes,11,Outsideclassroom,No,English,52_21,poder,simple-finite
Encuentra una letra,49,22,2019,Cologne,LA,5,female,21,NA,agent,MC,D,NA,GI,Y,nullsub,DE_WR_39_21_5_14_JR,90.7,No,16,5,Yes,11,Outsideclassroom,No,English,52_22,encontrar,simple-finite
lo que dice,49,23,2019,Cologne,LA,5,female,21,PRE,agent,SC,D,DEF,GI,N,pron,DE_WR_39_21_5_14_JR,90.7,No,16,5,Yes,11,Outsideclassroom,No,English,52_23,decir,simple-finite
que alguien debe cuidar a este niño,49,24,2019,Cologne,LA,5,female,21,PRE,agent,SC,D,INDEF,NE,N,pron,DE_WR_39_21_5_14_JR,90.7,No,16,5,Yes,11,Outsideclassroom,No,English,52_24,cuidar,modal
y Chaplin empieza a enamorarse del niño.,49,25,2019,Cologne,LA,5,female,21,PRE,agent,MC,D,DEF,GI,N,dp,DE_WR_39_21_5_14_JR,90.7,No,16,5,Yes,11,Outsideclassroom,No,English,52_25,enamorarse,periphrasis-lexical
Después sale con él.,49,26,2019,Cologne,LA,5,female,21,NA,agent,MC,D,NA,GI,Y,nullsub,DE_WR_39_21_5_14_JR,90.7,No,16,5,Yes,11,Outsideclassroom,No,English,52_26,salir,simple-finite
Después para,49,3,2019,Cologne,LA,5,female,21,NA,agent,MC,D,NA,GI,N,nullsub,DE_WR_39_21_5_14_JR,90.7,No,16,5,Yes,11,Outsideclassroom,No,English,52_3,parar,simple-finite
y busca por otro cigarillo.,49,4,2019,Cologne,LA,5,female,21,NA,agent,MC,D,NA,GI,Y,nullsub,DE_WR_39_21_5_14_JR,90.7,No,16,5,Yes,11,Outsideclassroom,No,English,52_4,buscar,simple-finite
Encuentra un bebé en la calle,49,5,2019,Cologne,LA,5,female,21,NA,agent,MC,D,NA,GI,Y,nullsub,DE_WR_39_21_5_14_JR,90.7,No,16,5,Yes,11,Outsideclassroom,No,English,52_5,encontrar,simple-finite
y ve a una mujer con otro niño.,49,6,2019,Cologne,LA,5,female,21,NA,pacient,MC,D,NA,GI,Y,nullsub,DE_WR_39_21_5_14_JR,90.7,No,16,5,Yes,11,Outsideclassroom,No,English,52_6,ver,simple-finite
Quiere,49,7,2019,Cologne,LA,5,female,21,NA,agent,MC,D,NA,GI,Y,nullsub,DE_WR_39_21_5_14_JR,90.7,No,16,5,Yes,11,Outsideclassroom,No,English,52_7,querer,simple-finite
que la mujer tome este bebé igual,49,8,2019,Cologne,LA,5,female,21,PRE,agent,SC,D,DEF,GI,N,dp,DE_WR_39_21_5_14_JR,90.7,No,16,5,Yes,11,Outsideclassroom,No,English,52_8,tomar,simple-finite
pero ella dice que no.,49,9,2019,Cologne,LA,5,female,21,PRE,agent,MC,D,DEF,GI,Y,pron,DE_WR_39_21_5_14_JR,90.7,No,16,5,Yes,11,Outsideclassroom,No,English,52_9,decir,simple-finite
pero el hombre tiene la misma idea,49,10,2019,Frankfurt,LA,5,female,22,PRE,pacient,MC,D,DEF,GI,N,dp,DE_WR_39_22_2_14_KP,90.7,No,20,2,Yes,10,Outsideclassroom,No,English,53_10,tener,simple-finite
y también deja el bebé en el carro.,49,11,2019,Frankfurt,LA,5,female,22,NA,agent,MC,D,NA,GI,Y,nullsub,DE_WR_39_22_2_14_KP,90.7,No,20,2,Yes,10,Outsideclassroom,No,English,53_11,dejar,simple-finite
"Cuando Cc pasa,",49,12,2019,Frankfurt,LA,5,female,22,PRE,pacient,SC,D,DEF,GI,N,dp,DE_WR_39_22_2_14_KP,90.7,No,20,2,Yes,10,Outsideclassroom,No,English,53_12,pasar,simple-finite
la mujercita empiaza a golpearle,49,13,2019,Frankfurt,LA,5,female,22,PRE,agent,MC,D,DEF,GI,N,dp,DE_WR_39_22_2_14_KP,90.7,No,20,2,Yes,10,Outsideclassroom,No,English,53_13,golpear,periphrasis-lexical
y le devuelve el bebé.,49,14,2019,Frankfurt,LA,5,female,22,NA,agent,MC,D,NA,GI,Y,nullsub,DE_WR_39_22_2_14_KP,90.7,No,20,2,Yes,10,Outsideclassroom,No,English,53_14,devolver,simple-finite
Al final CC encuentra un mensaje en la ropa del bebé,49,15,2019,Frankfurt,LA,5,female,22,PRE,agent,MC,D,DEF,GI,N,dp,DE_WR_39_22_2_14_KP,90.7,No,20,2,Yes,10,Outsideclassroom,No,English,53_15,encontrar,simple-finite
que pone:,49,16,2019,Frankfurt,LA,5,female,22,PRE,agent,SC,D,DEF,GI,N,pron,DE_WR_39_22_2_14_KP,90.7,No,20,2,Yes,10,Outsideclassroom,No,English,53_16,poner,simple-finite
Se va con el bebé entre los brazos.,49,18,2019,Frankfurt,LA,5,female,22,NA,agent,MC,D,NA,GI,N,nullsub,DE_WR_39_22_2_14_KP,90.7,No,20,2,Yes,10,Outsideclassroom,No,English,53_18,irse,simple-finite
que encuentra a un bebé en una esquina.,49,2,2019,Frankfurt,LA,5,female,22,PRE,agent,SC,D,DEF,GI,N,pron,DE_WR_39_22_2_14_KP,90.7,No,20,2,Yes,10,Outsideclassroom,No,English,53_2,encontrar,simple-finite
El intenta de maneras diferentes deshacerse del bebé.,49,3,2019,Frankfurt,LA,5,female,22,PRE,agent,MC,D,DEF,GI,Y,pron,DE_WR_39_22_2_14_KP,90.7,No,20,2,Yes,10,Outsideclassroom,No,English,53_3,intentar,infinitive
Intenta meterlo con otro bebé en un carro,50,4,2019,Frankfurt,LA,5,female,22,NA,agent,MC,D,NA,GI,Y,nullsub,DE_WR_39_22_2_14_KP,90.7,No,20,2,Yes,10,Outsideclassroom,No,English,53_4,intentar,infinitive
pero la madre del bebé le sigue,50,5,2019,Frankfurt,LA,5,female,22,PRE,agent,MC,D,DEF,NE,N,dp,DE_WR_39_22_2_14_KP,90.7,No,20,2,Yes,10,Outsideclassroom,No,English,53_5,seguir,simple-finite
y se lo devuelve.,50,6,2019,Frankfurt,LA,5,female,22,NA,agent,MC,D,NA,GI,Y,nullsub,DE_WR_39_22_2_14_KP,90.7,No,20,2,Yes,10,Outsideclassroom,No,English,53_6,devolver,simple-finite
Después deja el bebé con otro hombre,50,7,2019,Frankfurt,LA,5,female,22,NA,agent,MC,D,NA,GI,N,nullsub,DE_WR_39_22_2_14_KP,90.7,No,20,2,Yes,10,Outsideclassroom,No,English,53_7,dejar,simple-finite
que por fin consiguió deshacerse del bebé,50,9,2019,Frankfurt,LA,5,female,22,NA,agent,SC,D,NA,GI,Y,nullsub,DE_WR_39_22_2_14_KP,90.7,No,20,2,Yes,10,Outsideclassroom,No,English,53_9,conseguir,simple-finite
"Chaplin encuentra un bebé en la calle,",50,1,2019,Frankfurt,LA,5,female,22,PRE,agent,MC,D,DEF,NE,N,dp,DE_WR_39_22_5_14_SH,90.7,No,14,5,Yes,5,Outsideclassroom,No,English,54_1,encontrar,simple-finite
y corre.,50,10,2019,Frankfurt,LA,5,female,22,NA,agent,MC,D,NA,GI,Y,nullsub,DE_WR_39_22_5_14_SH,90.7,No,14,5,Yes,5,Outsideclassroom,No,English,54_10,correr,simple-finite
El hombre pone el bebé otra vez en el carrito de la mujer.,50,11,2019,Frankfurt,LA,5,female,22,PRE,agent,MC,D,DEF,GI,N,dp,DE_WR_39_22_5_14_SH,90.7,No,14,5,Yes,5,Outsideclassroom,No,English,54_11,poner,simple-finite
Lo encuentra,50,12,2019,Frankfurt,LA,5,female,22,NA,agent,MC,D,NA,GI,N,nullsub,DE_WR_39_22_5_14_SH,90.7,No,14,5,Yes,5,Outsideclassroom,No,English,54_12,encontrar,simple-finite
cuando Chaplin la está pasando.,50,13,2019,Frankfurt,LA,5,female,22,PRE,agent,SC,D,DEF,GI,N,dp,DE_WR_39_22_5_14_SH,90.7,No,14,5,Yes,5,Outsideclassroom,No,English,54_13,pasar,periphrasis-gerund
Le pega con su bastón,50,14,2019,Frankfurt,LA,5,female,22,NA,agent,MC,D,NA,GI,N,nullsub,DE_WR_39_22_5_14_SH,90.7,No,14,5,Yes,5,Outsideclassroom,No,English,54_14,pegar,simple-finite
y le acusa al policía.,50,15,2019,Frankfurt,LA,5,female,22,NA,agent,MC,D,NA,GI,Y,nullsub,DE_WR_39_22_5_14_SH,90.7,No,14,5,Yes,5,Outsideclassroom,No,English,54_15,acusar,simple-finite
Champlin toma el bebé,50,16,2019,Frankfurt,LA,5,female,22,PRE,agent,MC,D,DEF,GI,N,dp,DE_WR_39_22_5_14_SH,90.7,No,14,5,Yes,5,Outsideclassroom,No,English,54_16,tomar,simple-finite
y se va.,50,17,2019,Frankfurt,LA,5,female,22,NA,agent,MC,D,NA,GI,Y,nullsub,DE_WR_39_22_5_14_SH,90.7,No,14,5,Yes,5,Outsideclassroom,No,English,54_17,irse,simple-finite
Encuentra una letra,50,18,2019,Frankfurt,LA,5,female,22,NA,agent,MC,D,NA,GI,N,nullsub,DE_WR_39_22_5_14_SH,90.7,No,14,5,Yes,5,Outsideclassroom,No,English,54_18,encontrar,simple-finite
que dice,50,19,2019,Frankfurt,LA,5,female,22,PRE,agent,SC,D,DEF,GI,N,pron,DE_WR_39_22_5_14_SH,90.7,No,14,5,Yes,5,Outsideclassroom,No,English,54_19,decir,simple-finite
lo coge,50,2,2019,Frankfurt,LA,5,female,22,NA,agent,MC,D,NA,GI,Y,nullsub,DE_WR_39_22_5_14_SH,90.7,No,14,5,Yes,5,Outsideclassroom,No,English,54_2,coger,simple-finite
que el niño es un orfan,50,20,2019,Frankfurt,LA,5,female,22,NA,pacient,SC,D,DEF,GI,N,dp,DE_WR_39_22_5_14_SH,90.7,No,14,5,Yes,5,Outsideclassroom,No,English,54_20,ser,simple-finite
y debe ser amado.,50,21,2019,Frankfurt,LA,5,female,22,NA,pacient,MC,D,NA,GI,Y,nullsub,DE_WR_39_22_5_14_SH,90.7,No,14,5,Yes,5,Outsideclassroom,No,English,54_21,ser,modal
Champlin se va con el Bebé el los brazos.,50,22,2019,Frankfurt,LA,5,female,22,PRE,agent,MC,D,DEF,GI,N,dp,DE_WR_39_22_5_14_SH,90.7,No,14,5,Yes,5,Outsideclassroom,No,English,54_22,irse,simple-finite
y lo pone en el carrito de una mujer.,50,3,2019,Frankfurt,LA,5,female,22,NA,agent,MC,D,NA,GI,Y,nullsub,DE_WR_39_22_5_14_SH,90.7,No,14,5,Yes,5,Outsideclassroom,No,English,54_3,poner,simple-finite
La mujer se enfada,50,4,2019,Frankfurt,LA,5,female,22,PRE,agent,MC,D,DEF,GI,N,dp,DE_WR_39_22_5_14_SH,90.7,No,14,5,Yes,5,Outsideclassroom,No,English,54_4,enfadarse,simple-finite
y Chaplin lo retira,50,5,2019,Frankfurt,LA,5,female,22,PRE,agent,MC,D,DEF,GI,N,dp,DE_WR_39_22_5_14_SH,90.7,No,14,5,Yes,5,Outsideclassroom,No,English,54_5,retira,simple-finite
y quiere ponerlo otra vez en la calle.,50,6,2019,Frankfurt,LA,5,female,22,NA,agent,MC,D,NA,GI,Y,nullsub,DE_WR_39_22_5_14_SH,90.7,No,14,5,Yes,5,Outsideclassroom,No,English,54_6,poner,modal
Pero un policía le está mirando.,50,7,2019,Frankfurt,LA,5,female,22,PRE,agent,MC,D,INDEF,NE,N,dp,DE_WR_39_22_5_14_SH,90.7,No,14,5,Yes,5,Outsideclassroom,No,English,54_7,mirar,periphrasis-gerund
Por eso coge el bebé de nuevo,50,8,2019,Frankfurt,LA,5,female,22,NA,agent,MC,D,NA,GI,N,nullsub,DE_WR_39_22_5_14_SH,90.7,No,14,5,Yes,5,Outsideclassroom,No,English,54_8,coger,simple-finite
y lo da a un hombre viejo,50,9,2019,Frankfurt,LA,5,female,22,NA,agent,MC,D,NA,GI,Y,nullsub,DE_WR_39_22_5_14_SH,90.7,No,14,5,Yes,5,Outsideclassroom,No,English,54_9,dar,simple-finite
La historia trata de un hombre en los años 60,51,1,2019,Frankfurt,LA,5,female,22,PRE,agent,MC,D,DEF,NE,N,dp,DE_WR_39_22_6_14_VM,90.7,No,16,6,Yes,10,Outsideclassroom,No,English,55_1,tratar,periphrasis-lexical
por lo tanto el protagonista quiere dejarlo de vuelta en la esquina,51,10,2019,Frankfurt,LA,5,female,22,PRE,agent,SC,D,DEF,GI,N,dp,DE_WR_39_22_6_14_VM,90.7,No,16,6,Yes,10,Outsideclassroom,No,English,55_10,dejar,modal
dónde lo encontró.,51,11,2019,Frankfurt,LA,5,female,22,NA,agent,SC,D,NA,GI,Y,nullsub,DE_WR_39_22_6_14_VM,90.7,No,16,6,Yes,10,Outsideclassroom,No,English,55_11,encontrar,simple-finite
Justo en ese momento pasa un policía,51,12,2019,Frankfurt,LA,5,female,22,POST,pacient,MC,D,INDEF,NE,N,dp,DE_WR_39_22_6_14_VM,90.7,No,16,6,Yes,10,Outsideclassroom,No,English,55_12,pasar,simple-finite
y debajo de sus ojos vigilosos se lo lleva consigo otra vez.,51,13,2019,Frankfurt,LA,5,female,22,NA,agent,MC,D,NA,GI,N,nullsub,DE_WR_39_22_6_14_VM,90.7,No,16,6,Yes,10,Outsideclassroom,No,English,55_13,llevarse,simple-finite
Cuando ve a un hombre judío,51,14,2019,Frankfurt,LA,5,female,22,NA,pacient,SC,D,NA,GI,Y,nullsub,DE_WR_39_22_6_14_VM,90.7,No,16,6,Yes,10,Outsideclassroom,No,English,55_14,ver,simple-finite
se lo da a él,51,15,2019,Frankfurt,LA,5,female,22,NA,agent,SC,D,NA,GI,Y,nullsub,DE_WR_39_22_6_14_VM,90.7,No,16,6,Yes,10,Outsideclassroom,No,English,55_15,dar,simple-finite
y luego se escapa.,51,16,2019,Frankfurt,LA,5,female,22,NA,agent,MC,D,NA,GI,Y,nullsub,DE_WR_39_22_6_14_VM,90.7,No,16,6,Yes,10,Outsideclassroom,No,English,55_16,escaparse,simple-finite
que el problema está solucionado.,51,18,2019,Frankfurt,LA,5,female,22,PRE,pacient,SC,D,DEF,NE,N,dp,DE_WR_39_22_6_14_VM,90.7,No,16,6,Yes,10,Outsideclassroom,No,English,55_18,estar,simple-finite
Pero la mala suerte le parece seguir,51,19,2019,Frankfurt,LA,5,female,22,PRE,pacient,MC,D,DEF,NE,N,dp,DE_WR_39_22_6_14_VM,90.7,No,16,6,Yes,10,Outsideclassroom,No,English,55_19,parecer,infinitive
que anda caminando por una calle.,51,2,2019,Frankfurt,LA,5,female,22,PRE,agent,SC,D,DEF,GI,N,pron,DE_WR_39_22_6_14_VM,90.7,No,16,6,Yes,10,Outsideclassroom,No,English,55_2,caminar,periphrasis-gerund
porque el hombre judío deja el bebé con la mujer,51,20,2019,Frankfurt,LA,5,female,22,PRE,agent,MC,D,DEF,GI,N,dp,DE_WR_39_22_6_14_VM,90.7,No,16,6,Yes,10,Outsideclassroom,No,English,55_20,dejar,simple-finite
al que el protagonista anteriormente ha intentado darlo.,51,21,2019,Frankfurt,LA,5,female,22,PRE,agent,SC,D,DEF,GI,N,dp,DE_WR_39_22_6_14_VM,90.7,No,16,6,Yes,10,Outsideclassroom,No,English,55_21,intentar,infinitive
"Cuando ella se da cuenta de eso,",51,22,2019,Frankfurt,LA,5,female,22,PRE,pacient,SC,D,DEF,GI,N,pron,DE_WR_39_22_6_14_VM,90.7,No,16,6,Yes,10,Outsideclassroom,No,English,55_22,darse,periphrasis-lexical
el protagonista justo está pasando al lado de la mujer.,51,23,2019,Frankfurt,LA,5,female,22,PRE,agent,MC,D,DEF,GI,N,dp,DE_WR_39_22_6_14_VM,90.7,No,16,6,Yes,10,Outsideclassroom,No,English,55_23,pasar,periphrasis-gerund
Obviamente piensa,51,24,2019,Frankfurt,LA,5,female,22,NA,agent,MC,D,NA,GI,N,nullsub,DE_WR_39_22_6_14_VM,90.7,No,16,6,Yes,10,Outsideclassroom,No,English,55_24,pensar,simple-finite
"que fue él,",51,25,2019,Frankfurt,LA,5,female,22,POST,pacient,SC,D,DEF,GI,N,pron,DE_WR_39_22_6_14_VM,90.7,No,16,6,Yes,10,Outsideclassroom,No,English,55_25,ser,simple-finite
"quien se lo había dejado de vuelta,",51,26,2019,Frankfurt,LA,5,female,22,PRE,agent,SC,D,DEF,GI,Y,pron,DE_WR_39_22_6_14_VM,90.7,No,16,6,Yes,10,Outsideclassroom,No,English,55_26,dejar,simple-finite
y empieza a gritarle.,52,27,2019,Frankfurt,LA,5,female,22,NA,agent,MC,D,NA,GI,N,nullsub,DE_WR_39_22_6_14_VM,90.7,No,16,6,Yes,10,Outsideclassroom,No,English,55_27,gritar,periphrasis-lexical
A causa del quilombo […] viene el policía,52,28,2019,Frankfurt,LA,5,female,22,POST,pacient,MC,D,DEF,NE,N,dp,DE_WR_39_22_6_14_VM,90.7,No,16,6,Yes,10,Outsideclassroom,No,English,55_28,venir,simple-finite
que provoca,52,29,2019,Frankfurt,LA,5,female,22,PRE,agent,SC,D,DEF,GI,Y,pron,DE_WR_39_22_6_14_VM,90.7,No,16,6,Yes,10,Outsideclassroom,No,English,55_29,provocar,simple-finite
En una esquina encuentra a un bebé,52,3,2019,Frankfurt,LA,5,female,22,NA,agent,MC,D,NA,GI,Y,nullsub,DE_WR_39_22_6_14_VM,90.7,No,16,6,Yes,10,Outsideclassroom,No,English,55_3,encontrar,simple-finite
y el protagonista se va con el bebé.,52,30,2019,Frankfurt,LA,5,female,22,PRE,agent,MC,D,DEF,GI,N,dp,DE_WR_39_22_6_14_VM,90.7,No,16,6,Yes,10,Outsideclassroom,No,English,55_30,irse,simple-finite
"que estaba en la ropa del bebé,",52,32,2019,Frankfurt,LA,5,female,22,PRE,pacient,SC,D,DEF,GI,N,pron,DE_WR_39_22_6_14_VM,90.7,No,16,6,Yes,10,Outsideclassroom,No,English,55_32,estar,simple-finite
decide quedarse con el orfano.,52,33,2019,Frankfurt,LA,5,female,22,NA,agent,MC,D,NA,GI,Y,nullsub,DE_WR_39_22_6_14_VM,90.7,No,16,6,Yes,10,Outsideclassroom,No,English,55_33,decidir,infinitive
que está solito.,52,4,2019,Frankfurt,LA,5,female,22,PRE,pacient,SC,D,DEF,GI,N,pron,DE_WR_39_22_6_14_VM,90.7,No,16,6,Yes,10,Outsideclassroom,No,English,55_4,estar,simple-finite
quien se quedara con el bebé,52,6,2019,Frankfurt,LA,5,female,22,PRE,agent,SC,D,DEF,GI,Y,pron,DE_WR_39_22_6_14_VM,90.7,No,16,6,Yes,10,Outsideclassroom,No,English,55_6,quedar,simple-finite
lo da primero a una mujer,52,7,2019,Frankfurt,LA,5,female,22,NA,agent,MC,D,NA,GI,N,nullsub,DE_WR_39_22_6_14_VM,90.7,No,16,6,Yes,10,Outsideclassroom,No,English,55_7,dar,simple-finite
que está paseando con el suyo.,52,8,2019,Frankfurt,LA,5,female,22,PRE,agent,SC,D,DEF,GI,N,pron,DE_WR_39_22_6_14_VM,90.7,No,16,6,Yes,10,Outsideclassroom,No,English,55_8,pasear,periphrasis-gerund
"Ella no lo quiere tener,",52,9,2019,Frankfurt,LA,5,female,22,PRE,pacient,MC,D,DEF,GI,Y,pron,DE_WR_39_22_6_14_VM,90.7,No,16,6,Yes,10,Outsideclassroom,No,English,55_9,tener,modal
Charlie Chaplin está caminando por un barrio pobre con casas,52,1,2018,Hamburg,LA,5,female,29,PRE,agent,MC,D,DEF,NE,N,dp,DE_WR_39_29_13_14_JL,90.7,No,16,13,Yes,4,Outsideclassroom,No,English,56_1,caminar,periphrasis-gerund
Charlie está asustado,52,10,2018,Hamburg,LA,5,female,29,PRE,pacient,MC,D,DEF,GI,N,dp,DE_WR_39_29_13_14_JL,90.7,No,16,13,Yes,4,Outsideclassroom,No,English,56_10,estar,simple-finite
y no sabe realmente,52,11,2018,Hamburg,LA,5,female,29,NA,agent,MC,D,NA,GI,Y,nullsub,DE_WR_39_29_13_14_JL,90.7,No,16,13,Yes,4,Outsideclassroom,No,English,56_11,saber,simple-finite
Charlie se decide de recoger el bebe,52,14,2018,Hamburg,LA,5,female,29,PRE,agent,MC,D,DEF,GI,Y,dp,DE_WR_39_29_13_14_JL,90.7,No,16,13,Yes,4,Outsideclassroom,No,English,56_14,decidirse,infinitive
pero no quiere tomar la responsabilidad,52,15,2018,Hamburg,LA,5,female,29,NA,agent,MC,D,NA,GI,Y,nullsub,DE_WR_39_29_13_14_JL,90.7,No,16,13,Yes,4,Outsideclassroom,No,English,56_15,tomar,simple-finite
e intenta a deshacerse del bebe.,52,16,2018,Hamburg,LA,5,female,29,NA,agent,MC,D,NA,GI,Y,nullsub,DE_WR_39_29_13_14_JL,90.7,No,16,13,Yes,4,Outsideclassroom,No,English,56_16,intentar,infinitive
"Primero, intenta de meter el bebe al carrito de una madre",52,17,2018,Hamburg,LA,5,female,29,NA,agent,MC,D,NA,GI,Y,nullsub,DE_WR_39_29_13_14_JL,90.7,No,16,13,Yes,4,Outsideclassroom,No,English,56_17,intentar,infinitive
"que también anda con su bebe,",52,18,2018,Hamburg,LA,5,female,29,PRE,agent,SC,D,DEF,GI,N,pron,DE_WR_39_29_13_14_JL,90.7,No,16,13,Yes,4,Outsideclassroom,No,English,56_18,andar,simple-finite
pero ella no lo acepta.,52,19,2018,Hamburg,LA,5,female,29,PRE,agent,MC,D,DEF,GI,Y,pron,DE_WR_39_29_13_14_JL,90.7,No,16,13,Yes,4,Outsideclassroom,No,English,56_19,aceptar,simple-finite
que parecen a ruinas.,52,2,2018,Hamburg,LA,5,female,29,PRE,pacient,SC,D,DEF,GI,N,pron,DE_WR_39_29_13_14_JL,90.7,No,16,13,Yes,4,Outsideclassroom,No,English,56_2,parecer,simple-finite
"Después, Charlie sigue haciendo vueltas",52,20,2018,Hamburg,LA,5,female,29,PRE,agent,MC,D,DEF,GI,N,dp,DE_WR_39_29_13_14_JL,90.7,No,16,13,Yes,4,Outsideclassroom,No,English,56_20,hacer,periphrasis-gerund
y hace varios intentos,52,21,2018,Hamburg,LA,5,female,29,NA,agent,MC,D,NA,GI,Y,nullsub,DE_WR_39_29_13_14_JL,90.7,No,16,13,Yes,4,Outsideclassroom,No,English,56_21,hacer,simple-finite
"Sin embargo, el bebe siempre termina de nuevo con é",52,23,2018,Hamburg,LA,5,female,29,PRE,pacient,MC,D,DEF,GI,N,dp,DE_WR_39_29_13_14_JL,90.7,No,16,13,Yes,4,Outsideclassroom,No,English,56_23,terminar,simple-finite
y nadie quiere llevarselo,52,24,2018,Hamburg,LA,5,female,29,PRE,pacient,MC,D,INDEF,NE,N,pron,DE_WR_39_29_13_14_JL,90.7,No,16,13,Yes,4,Outsideclassroom,No,English,56_24,llevar,modal
"Al final, Charlie está desesperado",53,26,2018,Hamburg,LA,5,female,29,PRE,pacient,MC,D,DEF,GI,N,dp,DE_WR_39_29_13_14_JL,90.7,No,16,13,Yes,4,Outsideclassroom,No,English,56_26,estar,simple-finite
y se sienta con el bebe en el peatonal,53,27,2018,Hamburg,LA,5,female,29,NA,agent,MC,D,NA,GI,Y,nullsub,DE_WR_39_29_13_14_JL,90.7,No,16,13,Yes,4,Outsideclassroom,No,English,56_27,sentarse,simple-finite
"La primera idea […] es meter el bebe al alcantarrillo,",53,29,2018,Hamburg,LA,5,female,29,PRE,agent,MC,D,DEF,NE,N,dp,DE_WR_39_29_13_14_JL,90.7,No,16,13,Yes,4,Outsideclassroom,No,English,56_29,meter,simple-finite
Aparentemente ya no vive gente en este barrio.,53,3,2018,Hamburg,LA,5,female,29,POST,pacient,MC,D,INDEF,NE,N,dp,DE_WR_39_29_13_14_JL,90.7,No,16,13,Yes,4,Outsideclassroom,No,English,56_3,vivir,simple-finite
que le ocurre,53,30,2018,Hamburg,LA,5,female,29,PRE,pacient,SC,D,DEF,GI,Y,pron,DE_WR_39_29_13_14_JL,90.7,No,16,13,Yes,4,Outsideclassroom,No,English,56_30,ocurrir,simple-finite
pero no lo hace,53,31,2018,Hamburg,LA,5,female,29,NA,agent,MC,D,NA,GI,N,nullsub,DE_WR_39_29_13_14_JL,90.7,No,16,13,Yes,4,Outsideclassroom,No,English,56_31,hacer,simple-finite
porque su conciencia no se lo permite.,53,32,2018,Hamburg,LA,5,female,29,PRE,agent,MC,D,DEF,NE,N,dp,DE_WR_39_29_13_14_JL,90.7,No,16,13,Yes,4,Outsideclassroom,No,English,56_32,permitir,simple-finite
Cuando encuentra una nota debajo de las telas,53,33,2018,Hamburg,LA,5,female,29,NA,agent,SC,D,NA,GI,N,nullsub,DE_WR_39_29_13_14_JL,90.7,No,16,13,Yes,4,Outsideclassroom,No,English,56_33,encontrar,simple-finite
que amarran el bebe,53,34,2018,Hamburg,LA,5,female,29,PRE,agent,SC,D,DEF,GI,N,pron,DE_WR_39_29_13_14_JL,90.7,No,16,13,Yes,4,Outsideclassroom,No,English,56_34,amarrar,simple-finite
que dice,53,35,2018,Hamburg,LA,5,female,29,PRE,agent,SC,D,DEF,GI,N,pron,DE_WR_39_29_13_14_JL,90.7,No,16,13,Yes,4,Outsideclassroom,No,English,56_35,decir,simple-finite
que el bebe es un huerfano,53,36,2018,Hamburg,LA,5,female,29,NA,pacient,SC,D,DEF,GI,N,dp,DE_WR_39_29_13_14_JL,90.7,No,16,13,Yes,4,Outsideclassroom,No,English,56_36,ser,simple-finite
que necesita alguien,53,37,2018,Hamburg,LA,5,female,29,NA,agent,SC,D,NA,GI,Y,nullsub,DE_WR_39_29_13_14_JL,90.7,No,16,13,Yes,4,Outsideclassroom,No,English,56_37,necesitar,simple-finite
"que le cuida,",53,38,2018,Hamburg,LA,5,female,29,NA,agent,SC,D,NA,GI,N,nullsub,DE_WR_39_29_13_14_JL,90.7,No,16,13,Yes,4,Outsideclassroom,No,English,56_38,cuidar,simple-finite
Charlie decide de un momento al otro quedarse con el bebe,53,39,2018,Hamburg,LA,5,female,29,PRE,agent,MC,D,DEF,GI,N,dp,DE_WR_39_29_13_14_JL,90.7,No,16,13,Yes,4,Outsideclassroom,No,English,56_39,decidir,infinitive
y se pone feliz.,53,40,2018,Hamburg,LA,5,female,29,NA,agent,MC,D,NA,GI,Y,nullsub,DE_WR_39_29_13_14_JL,90.7,No,16,13,Yes,4,Outsideclassroom,No,English,56_40,ponerse,simple-finite
y obreros desechan piedras rotas por las ventanas.,54,5,2018,Hamburg,LA,5,female,29,PRE,agent,MC,D,INDEF,NE,N,dp,DE_WR_39_29_13_14_JL,90.7,No,16,13,Yes,4,Outsideclassroom,No,English,56_5,desechar,simple-finite
"De repente, Charlie Chaplin encuentra un paquete bien amarrado en el suelo al lado de un basurero.",54,6,2018,Hamburg,LA,5,female,29,PRE,agent,MC,D,DEF,GI,N,dp,DE_WR_39_29_13_14_JL,90.7,No,16,13,Yes,4,Outsideclassroom,No,English,56_6,encontrar,simple-finite
"Acercándose, Charlie Chaplin nota",54,7,2018,Hamburg,LA,5,female,29,PRE,pacient,MC,D,DEF,GI,Y,dp,DE_WR_39_29_13_14_JL,90.7,No,16,13,Yes,4,Outsideclassroom,No,English,56_7,notar,simple-finite
que el paquete es una bebe,54,8,2018,Hamburg,LA,5,female,29,NA,pacient,SC,D,DEF,NE,N,dp,DE_WR_39_29_13_14_JL,90.7,No,16,13,Yes,4,Outsideclassroom,No,English,56_8,ser,simple-finite
que ha sido dejado en la calle.,54,9,2018,Hamburg,LA,5,female,29,PRE,pacient,SC,D,DEF,GI,N,pron,DE_WR_39_29_13_14_JL,90.7,No,16,13,Yes,4,Outsideclassroom,No,English,56_9,dejar,passive
"Un hombre (Charlie) está paseando por una callecita,",54,1,2018,Frankfurt,LA,5,female,46,PRE,agent,MC,D,INDEF,NE,N,dp,DE_WR_39_46_30_14_IK,90.7,No,16,30,Yes,45,Outsideclassroom,Yes,"French, English, Hungarian",57_1,pasear,periphrasis-gerund
la mujer le explica,54,11,2018,Frankfurt,LA,5,female,46,PRE,agent,MC,D,DEF,GI,Y,dp,DE_WR_39_46_30_14_IK,90.7,No,16,30,Yes,45,Outsideclassroom,Yes,"French, English, Hungarian",57_11,explicar,simple-finite
"que se ha equivocado,",54,12,2018,Frankfurt,LA,5,female,46,NA,agent,SC,D,NA,GI,N,nullsub,DE_WR_39_46_30_14_IK,90.7,No,16,30,Yes,45,Outsideclassroom,Yes,"French, English, Hungarian",57_12,equivocarse,simple-finite
y Charlie se va con el bebé en sus brazos.,54,13,2018,Frankfurt,LA,5,female,46,PRE,agent,MC,D,DEF,GI,Y,dp,DE_WR_39_46_30_14_IK,90.7,No,16,30,Yes,45,Outsideclassroom,Yes,"French, English, Hungarian",57_13,irse,simple-finite
Deja al bebé en el rincón,54,14,2018,Frankfurt,LA,5,female,46,NA,agent,MC,D,NA,GI,Y,nullsub,DE_WR_39_46_30_14_IK,90.7,No,16,30,Yes,45,Outsideclassroom,Yes,"French, English, Hungarian",57_14,dejar,simple-finite
donde lo ha encontrado,54,15,2018,Frankfurt,LA,5,female,46,NA,agent,SC,D,NA,GI,Y,nullsub,DE_WR_39_46_30_14_IK,90.7,No,16,30,Yes,45,Outsideclassroom,Yes,"French, English, Hungarian",57_15,encontrar,simple-finite
porque viene un policía,54,17,2018,Frankfurt,LA,5,female,46,POST,pacient,SC,D,INDEF,NE,N,dp,DE_WR_39_46_30_14_IK,90.7,No,16,30,Yes,45,Outsideclassroom,Yes,"French, English, Hungarian",57_17,venir,simple-finite
que la criatura es su responsabilidad.,54,19,2018,Frankfurt,LA,5,female,46,PRE,pacient,SC,D,DEF,GI,N,dp,DE_WR_39_46_30_14_IK,90.7,No,16,30,Yes,45,Outsideclassroom,Yes,"French, English, Hungarian",57_19,ser,simple-finite
"Charlie le pasa el bebé,",54,22,2018,Frankfurt,LA,5,female,46,PRE,pacient,MC,D,DEF,GI,N,dp,DE_WR_39_46_30_14_IK,90.7,No,16,30,Yes,45,Outsideclassroom,Yes,"French, English, Hungarian",57_22,pasar,simple-finite
que quiere ajustarse los zapatos.,54,24,2018,Frankfurt,LA,5,female,46,NA,agent,SC,D,NA,GI,Y,nullsub,DE_WR_39_46_30_14_IK,90.7,No,16,30,Yes,45,Outsideclassroom,Yes,"French, English, Hungarian",57_24,ajustarse,simple-finite
Se va corriendo,54,25,2018,Frankfurt,LA,5,female,46,NA,agent,MC,D,NA,GI,Y,nullsub,DE_WR_39_46_30_14_IK,90.7,No,16,30,Yes,45,Outsideclassroom,Yes,"French, English, Hungarian",57_25,correr,periphrasis-gerund
y se esconde.,54,26,2018,Frankfurt,LA,5,female,46,NA,agent,MC,D,NA,GI,Y,nullsub,DE_WR_39_46_30_14_IK,90.7,No,16,30,Yes,45,Outsideclassroom,Yes,"French, English, Hungarian",57_26,esconderse,simple-finite
"El otro hombre busca a Charlie,",54,27,2018,Frankfurt,LA,5,female,46,PRE,agent,MC,D,DEF,GI,N,dp,DE_WR_39_46_30_14_IK,90.7,No,16,30,Yes,45,Outsideclassroom,Yes,"French, English, Hungarian",57_27,buscar,simple-finite
pero como no lo encuentra,54,28,2018,Frankfurt,LA,5,female,46,NA,agent,SC,D,NA,GI,Y,nullsub,DE_WR_39_46_30_14_IK,90.7,No,16,30,Yes,45,Outsideclassroom,Yes,"French, English, Hungarian",57_28,encontrar,simple-finite
"y que nota el coche de bebé aparcado delante de una tienda,",54,29,2018,Frankfurt,LA,5,female,46,NA,pacient,SC,D,NA,GI,Y,nullsub,DE_WR_39_46_30_14_IK,90.7,No,16,30,Yes,45,Outsideclassroom,Yes,"French, English, Hungarian",57_29,notar,simple-finite
cuando encuentra a un bebé abandonado en un rincón de la calle.,54,3,2018,Frankfurt,LA,5,female,46,NA,agent,SC,D,NA,GI,Y,nullsub,DE_WR_39_46_30_14_IK,90.7,No,16,30,Yes,45,Outsideclassroom,Yes,"French, English, Hungarian",57_3,encontrar,simple-finite
deja el bebé en el coche.,54,30,2018,Frankfurt,LA,5,female,46,NA,agent,MC,D,NA,GI,Y,nullsub,DE_WR_39_46_30_14_IK,90.7,No,16,30,Yes,45,Outsideclassroom,Yes,"French, English, Hungarian",57_30,dejar,simple-finite
"Charlie sale de su rincón,",55,31,2018,Frankfurt,LA,5,female,46,PRE,agent,MC,D,DEF,GI,N,dp,DE_WR_39_46_30_14_IK,90.7,No,16,30,Yes,45,Outsideclassroom,Yes,"French, English, Hungarian",57_31,salir,simple-finite
"encuentra al policía,",55,32,2018,Frankfurt,LA,5,female,46,NA,agent,MC,D,NA,GI,Y,nullsub,DE_WR_39_46_30_14_IK,90.7,No,16,30,Yes,45,Outsideclassroom,Yes,"French, English, Hungarian",57_32,encontrar,simple-finite
torna,55,33,2018,Frankfurt,LA,5,female,46,NA,agent,MC,D,NA,GI,Y,nullsub,DE_WR_39_46_30_14_IK,90.7,No,16,30,Yes,45,Outsideclassroom,Yes,"French, English, Hungarian",57_33,tornar,simple-finite
y se va en otra dirección,55,34,2018,Frankfurt,LA,5,female,46,NA,agent,MC,D,NA,GI,Y,nullsub,DE_WR_39_46_30_14_IK,90.7,No,16,30,Yes,45,Outsideclassroom,Yes,"French, English, Hungarian",57_34,irse,simple-finite
que es exactamente,55,35,2018,Frankfurt,LA,5,female,46,PRE,pacient,SC,D,DEF,GI,N,pron,DE_WR_39_46_30_14_IK,90.7,No,16,30,Yes,45,Outsideclassroom,Yes,"French, English, Hungarian",57_35,ser,simple-finite
dónde está el coche de bebé.,55,36,2018,Frankfurt,LA,5,female,46,POST,pacient,SC,D,DEF,GI,N,dp,DE_WR_39_46_30_14_IK,90.7,No,16,30,Yes,45,Outsideclassroom,Yes,"French, English, Hungarian",57_36,estar,simple-finite
"Sale la mujer de la tienda,",55,37,2018,Frankfurt,LA,5,female,46,POST,agent,MC,D,DEF,GI,N,dp,DE_WR_39_46_30_14_IK,90.7,No,16,30,Yes,45,Outsideclassroom,Yes,"French, English, Hungarian",57_37,salir,simple-finite
"y cuando ve a Charlie pasando,",55,38,2018,Frankfurt,LA,5,female,46,NA,pacient,SC,D,NA,GI,Y,nullsub,DE_WR_39_46_30_14_IK,90.7,No,16,30,Yes,45,Outsideclassroom,Yes,"French, English, Hungarian",57_38,ver,simple-finite
piensa,55,39,2018,Frankfurt,LA,5,female,46,NA,agent,MC,D,NA,GI,Y,nullsub,DE_WR_39_46_30_14_IK,90.7,No,16,30,Yes,45,Outsideclassroom,Yes,"French, English, Hungarian",57_39,pensar,simple-finite
"Pasa una mujer con coche de bebé,",55,4,2018,Frankfurt,LA,5,female,46,POST,pacient,MC,D,INDEF,NE,N,dp,DE_WR_39_46_30_14_IK,90.7,No,16,30,Yes,45,Outsideclassroom,Yes,"French, English, Hungarian",57_4,pasar,simple-finite
que otra vez fue él,55,40,2018,Frankfurt,LA,5,female,46,POST,pacient,SC,D,DEF,GI,N,pron,DE_WR_39_46_30_14_IK,90.7,No,16,30,Yes,45,Outsideclassroom,Yes,"French, English, Hungarian",57_40,ser,simple-finite
que le puso el bebé en el coche.,55,41,2018,Frankfurt,LA,5,female,46,PRE,agent,SC,D,DEF,GI,Y,pron,DE_WR_39_46_30_14_IK,90.7,No,16,30,Yes,45,Outsideclassroom,Yes,"French, English, Hungarian",57_41,poner,simple-finite
Empieza un disputo,55,42,2018,Frankfurt,LA,5,female,46,POST,pacient,MC,D,INDEF,NE,N,dp,DE_WR_39_46_30_14_IK,90.7,No,16,30,Yes,45,Outsideclassroom,Yes,"French, English, Hungarian",57_42,empezar,simple-finite
que atrae al policía.,55,43,2018,Frankfurt,LA,5,female,46,PRE,agent,SC,D,DEF,GI,Y,pron,DE_WR_39_46_30_14_IK,90.7,No,16,30,Yes,45,Outsideclassroom,Yes,"French, English, Hungarian",57_43,atraer,simple-finite
Así Charlie se va otra vez con la criatura en sus brazos.,55,44,2018,Frankfurt,LA,5,female,46,PRE,agent,MC,D,DEF,GI,N,dp,DE_WR_39_46_30_14_IK,90.7,No,16,30,Yes,45,Outsideclassroom,Yes,"French, English, Hungarian",57_44,irse,simple-finite
piensa en alguna solución.,55,46,2018,Frankfurt,LA,5,female,46,NA,agent,MC,D,NA,GI,Y,nullsub,DE_WR_39_46_30_14_IK,90.7,No,16,30,Yes,45,Outsideclassroom,Yes,"French, English, Hungarian",57_46,pensar,simple-finite
Al final encuentra una noticia dejada en las ropas del bebé.,55,47,2018,Frankfurt,LA,5,female,46,NA,agent,MC,D,NA,GI,Y,nullsub,DE_WR_39_46_30_14_IK,90.7,No,16,30,Yes,45,Outsideclassroom,Yes,"French, English, Hungarian",57_47,encontrar,simple-finite
Charlie se deja mover de esas palabras,55,50,2018,Frankfurt,LA,5,female,46,PRE,agent,MC,D,DEF,GI,Y,dp,DE_WR_39_46_30_14_IK,90.7,No,16,30,Yes,45,Outsideclassroom,Yes,"French, English, Hungarian",57_50,mover,modal
y acepta el bebé como el suyo.,55,51,2018,Frankfurt,LA,5,female,46,NA,agent,MC,D,NA,GI,Y,nullsub,DE_WR_39_46_30_14_IK,90.7,No,16,30,Yes,45,Outsideclassroom,Yes,"French, English, Hungarian",57_51,aceptar,simple-finite
"que el bebé sea él de la mujer,",55,6,2018,Frankfurt,LA,5,female,46,PRE,pacient,SC,D,DEF,GI,N,dp,DE_WR_39_46_30_14_IK,90.7,No,16,30,Yes,45,Outsideclassroom,Yes,"French, English, Hungarian",57_6,ser,simple-finite
"o al menos que ella pueda cuidar del bebé mejor que él,",55,7,2018,Frankfurt,LA,5,female,46,PRE,agent,SC,D,DEF,GI,N,pron,DE_WR_39_46_30_14_IK,90.7,No,16,30,Yes,45,Outsideclassroom,Yes,"French, English, Hungarian",57_7,cuidar,modal
la llama,55,8,2018,Frankfurt,LA,5,female,46,NA,agent,MC,D,NA,GI,N,nullsub,DE_WR_39_46_30_14_IK,90.7,No,16,30,Yes,45,Outsideclassroom,Yes,"French, English, Hungarian",57_8,llamar,simple-finite
y le pone el bebé en el coche.,55,9,2018,Frankfurt,LA,5,female,46,NA,agent,MC,D,NA,GI,Y,nullsub,DE_WR_39_46_30_14_IK,90.7,No,16,30,Yes,45,Outsideclassroom,Yes,"French, English, Hungarian",57_9,poner,simple-finite
El vídeo empieza con Charlie Chaplin,55,1,2018,Bonn,LA,5,male,19,PRE,agent,MC,D,DEF,NE,N,dp,DE_WR_40_19_4_14_MS,93,No,15,4,Yes,15,Insideclassroom,No,English,58_1,empezar,simple-finite
y se acerca a élla,55,10,2018,Bonn,LA,5,male,19,NA,agent,MC,D,NA,GI,N,nullsub,DE_WR_40_19_4_14_MS,93,No,15,4,Yes,15,Insideclassroom,No,English,58_10,acercarse,simple-finite
"que ha encontrado él,",55,12,2018,Bonn,LA,5,male,19,POST,agent,SC,D,DEF,GI,Y,pron,DE_WR_40_19_4_14_MS,93,No,15,4,Yes,15,Insideclassroom,No,English,58_12,encontrar,simple-finite
porque supone,55,13,2018,Bonn,LA,5,male,19,NA,agent,SC,D,NA,GI,Y,nullsub,DE_WR_40_19_4_14_MS,93,No,15,4,Yes,15,Insideclassroom,No,English,58_13,suponer,simple-finite
que es el bebé de la mujer.,55,14,2018,Bonn,LA,5,male,19,NA,pacient,SC,D,DEF,GI,N,dp,DE_WR_40_19_4_14_MS,93,No,15,4,Yes,15,Insideclassroom,No,English,58_14,ser,simple-finite
ésta se enfada con Chaplin,55,16,2018,Bonn,LA,5,male,19,PRE,agent,MC,D,DEF,GI,N,pron,DE_WR_40_19_4_14_MS,93,No,15,4,Yes,15,Insideclassroom,No,English,58_16,enfadarse,simple-finite
"ya que, […] el niño […] no es suya.",55,17,2018,Bonn,LA,5,male,19,PRE,pacient,MC,D,DEF,GI,N,dp,DE_WR_40_19_4_14_MS,93,No,15,4,Yes,15,Insideclassroom,No,English,58_17,ser,simple-finite
que ha encontrado él,56,19,2018,Bonn,LA,5,male,19,POST,agent,SC,D,DEF,GI,N,pron,DE_WR_40_19_4_14_MS,93,No,15,4,Yes,15,Insideclassroom,No,English,58_19,encontrar,simple-finite
Por eso él se queda con el bebé,56,20,2018,Bonn,LA,5,male,19,PRE,agent,MC,D,DEF,GI,Y,pron,DE_WR_40_19_4_14_MS,93,No,15,4,Yes,15,Insideclassroom,No,English,58_20,quedarse,simple-finite
y sigue buscando un lugar,56,21,2018,Bonn,LA,5,male,19,NA,agent,MC,D,NA,GI,Y,nullsub,DE_WR_40_19_4_14_MS,93,No,15,4,Yes,15,Insideclassroom,No,English,58_21,buscar,periphrasis-gerund
"Cuando ve a otro hombre,",56,23,2018,Bonn,LA,5,male,19,NA,pacient,SC,D,NA,GI,Y,nullsub,DE_WR_40_19_4_14_MS,93,No,15,4,Yes,15,Insideclassroom,No,English,58_23,ver,simple-finite
finge,56,24,2018,Bonn,LA,5,male,19,NA,agent,MC,D,NA,GI,Y,nullsub,DE_WR_40_19_4_14_MS,93,No,15,4,Yes,15,Insideclassroom,No,English,58_24,fingir,simple-finite
que tenga una piedra en su zapato,56,25,2018,Bonn,LA,5,male,19,NA,pacient,SC,D,NA,GI,Y,nullsub,DE_WR_40_19_4_14_MS,93,No,15,4,Yes,15,Insideclassroom,No,English,58_25,tener,simple-finite
y pide al hombre,56,26,2018,Bonn,LA,5,male,19,NA,agent,MC,D,NA,GI,Y,nullsub,DE_WR_40_19_4_14_MS,93,No,15,4,Yes,15,Insideclassroom,No,English,58_26,pedir,simple-finite
que él cuidara al bebé,56,27,2018,Bonn,LA,5,male,19,PRE,agent,SC,IM,DEF,GI,N,pron,DE_WR_40_19_4_14_MS,93,No,15,4,Yes,15,Insideclassroom,No,English,58_27,cuidar,simple-finite
mientras que saque la piedra d e su zapato.,56,28,2018,Bonn,LA,5,male,19,NA,agent,SC,D,NA,GI,N,nullsub,DE_WR_40_19_4_14_MS,93,No,15,4,Yes,15,Insideclassroom,No,English,58_28,sacar,simple-finite
Cuando el otro hombre tiene al bebé en sus manos,56,29,2018,Bonn,LA,5,male,19,PRE,pacient,SC,D,DEF,GI,N,dp,DE_WR_40_19_4_14_MS,93,No,15,4,Yes,15,Insideclassroom,No,English,58_29,tener,simple-finite
cuando encuentra a un bebé,56,3,2018,Bonn,LA,5,male,19,NA,agent,SC,D,NA,GI,Y,nullsub,DE_WR_40_19_4_14_MS,93,No,15,4,Yes,15,Insideclassroom,No,English,58_3,encontrar,simple-finite
Chaplin se da la fuga.,56,30,2018,Bonn,LA,5,male,19,PRE,agent,MC,D,DEF,GI,N,dp,DE_WR_40_19_4_14_MS,93,No,15,4,Yes,15,Insideclassroom,No,English,58_30,darse,periphrasis-lexical
Ahora el aludido hombre busca un lugar,56,31,2018,Bonn,LA,5,male,19,PRE,agent,MC,D,DEF,GI,N,dp,DE_WR_40_19_4_14_MS,93,No,15,4,Yes,15,Insideclassroom,No,English,58_31,buscar,simple-finite
encuentra la carra para niños de la mujer del inicio del vídeo.,56,34,2018,Bonn,LA,5,male,19,NA,agent,MC,D,NA,GI,Y,nullsub,DE_WR_40_19_4_14_MS,93,No,15,4,Yes,15,Insideclassroom,No,English,58_34,encontrar,simple-finite
Deja al bebé en la carra,56,35,2018,Bonn,LA,5,male,19,NA,agent,MC,D,NA,GI,Y,nullsub,DE_WR_40_19_4_14_MS,93,No,15,4,Yes,15,Insideclassroom,No,English,58_35,dejar,simple-finite
y se va.,56,36,2018,Bonn,LA,5,male,19,NA,agent,MC,D,NA,GI,Y,nullsub,DE_WR_40_19_4_14_MS,93,No,15,4,Yes,15,Insideclassroom,No,English,58_36,irse,simple-finite
Luego Chaplin pasa la carra,56,37,2018,Bonn,LA,5,male,19,PRE,pacient,MC,D,DEF,GI,N,dp,DE_WR_40_19_4_14_MS,93,No,15,4,Yes,15,Insideclassroom,No,English,58_37,pasar,simple-finite
cuando la mujer vuelve,56,38,2018,Bonn,LA,5,male,19,PRE,agent,SC,D,DEF,GI,N,dp,DE_WR_40_19_4_14_MS,93,No,15,4,Yes,15,Insideclassroom,No,English,58_38,volver,simple-finite
"y lo encuentra junto a la carra,",56,39,2018,Bonn,LA,5,male,19,NA,agent,MC,D,NA,GI,Y,nullsub,DE_WR_40_19_4_14_MS,93,No,15,4,Yes,15,Insideclassroom,No,English,58_39,encontrar,simple-finite
"en la que yacen los dos bebés, el suyo y él",56,40,2018,Bonn,LA,5,male,19,POST,pacient,SC,D,DEF,NE,N,dp,DE_WR_40_19_4_14_MS,93,No,15,4,Yes,15,Insideclassroom,No,English,58_40,yacer,simple-finite
que Chaplin ha encontrado al principio del vídeo.,56,41,2018,Bonn,LA,5,male,19,PRE,agent,SC,D,DEF,GI,N,dp,DE_WR_40_19_4_14_MS,93,No,15,4,Yes,15,Insideclassroom,No,English,58_41,encontrar,simple-finite
Se enfada de nuevo con él,56,42,2018,Bonn,LA,5,male,19,NA,agent,MC,D,NA,GI,N,nullsub,DE_WR_40_19_4_14_MS,93,No,15,4,Yes,15,Insideclassroom,No,English,58_42,enfadarse,simple-finite
y revuelve el bebé a Chaplin.,56,43,2018,Bonn,LA,5,male,19,NA,agent,MC,D,NA,GI,Y,nullsub,DE_WR_40_19_4_14_MS,93,No,15,4,Yes,15,Insideclassroom,No,English,58_43,devolver,simple-finite
Después él se va a buscar otro lugar.,56,44,2018,Bonn,LA,5,male,19,PRE,agent,MC,D,DEF,GI,N,pron,DE_WR_40_19_4_14_MS,93,No,15,4,Yes,15,Insideclassroom,No,English,58_44,irse,periphrasis-lexical
Buscando se sienta en la acera con el bebé,56,45,2018,Bonn,LA,5,male,19,NA,agent,SC,D,NA,GI,Y,nullsub,DE_WR_40_19_4_14_MS,93,No,15,4,Yes,15,Insideclassroom,No,English,58_45,sentarse,simple-finite
y encuentra una nota en la manta,56,46,2018,Bonn,LA,5,male,19,NA,agent,MC,D,NA,GI,Y,nullsub,DE_WR_40_19_4_14_MS,93,No,15,4,Yes,15,Insideclassroom,No,English,58_46,encontrar,simple-finite
en la que está el bebé.,56,47,2018,Bonn,LA,5,male,19,POST,pacient,SC,D,DEF,GI,N,dp,DE_WR_40_19_4_14_MS,93,No,15,4,Yes,15,Insideclassroom,No,English,58_47,estar,simple-finite
La nota dice,56,48,2018,Bonn,LA,5,male,19,PRE,agent,MC,D,DEF,GI,Y,dp,DE_WR_40_19_4_14_MS,93,No,15,4,Yes,15,Insideclassroom,No,English,58_48,decir,simple-finite
que cuide al niño,56,49,2018,Bonn,LA,5,male,19,NA,agent,SC,IM,NA,GI,N,nullsub,DE_WR_40_19_4_14_MS,93,No,15,4,Yes,15,Insideclassroom,No,English,58_49,cuidar,simple-finite
Él pone al bebé en sus manos,56,5,2018,Bonn,LA,5,male,19,PRE,agent,MC,D,DEF,GI,N,pron,DE_WR_40_19_4_14_MS,93,No,15,4,Yes,15,Insideclassroom,No,English,58_5,poner,simple-finite
porque éste sea huérfano.,56,50,2018,Bonn,LA,5,male,19,PRE,pacient,SC,D,DEF,GI,N,pron,DE_WR_40_19_4_14_MS,93,No,15,4,Yes,15,Insideclassroom,No,English,58_50,ser,simple-finite
Champlin se queda con el niño,56,52,2018,Bonn,LA,5,male,19,PRE,agent,MC,D,DEF,GI,N,dp,DE_WR_40_19_4_14_MS,93,No,15,4,Yes,15,Insideclassroom,No,English,58_52,quedarse,simple-finite
y sigue pasando por la calle con él.,56,53,2018,Bonn,LA,5,male,19,NA,agent,MC,D,NA,GI,Y,nullsub,DE_WR_40_19_4_14_MS,93,No,15,4,Yes,15,Insideclassroom,No,English,58_53,pasar,periphrasis-gerund
Así acaba el vídeo.,56,54,2018,Bonn,LA,5,male,19,POST,pacient,MC,D,DEF,GI,N,dp,DE_WR_40_19_4_14_MS,93,No,15,4,Yes,15,Insideclassroom,No,English,58_54,acabar,simple-finite
y se da la vuelta para averiguar,57,6,2018,Bonn,LA,5,male,19,NA,agent,MC,D,NA,GI,Y,nullsub,DE_WR_40_19_4_14_MS,93,No,15,4,Yes,15,Insideclassroom,No,English,58_6,darse,simple-finite
a quién pertenece el bebé.,57,7,2018,Bonn,LA,5,male,19,POST,pacient,SC,D,DEF,GI,N,dp,DE_WR_40_19_4_14_MS,93,No,15,4,Yes,15,Insideclassroom,No,English,58_7,pertenecer,simple-finite
Ve a una mujer con otro bebé,57,8,2018,Bonn,LA,5,male,19,NA,pacient,MC,D,NA,GI,N,nullsub,DE_WR_40_19_4_14_MS,93,No,15,4,Yes,15,Insideclassroom,No,English,58_8,ver,simple-finite
"Un hombre llevando traje y sombrero, con un bigote especial, está andando por una calleja",57,1,2018,Bremen,LA,5,female,20,PRE,agent,MC,D,INDEF,NE,N,dp,DE_WR_40_20_9_14_SK,93,No,11,9,No,15,Outsideclassroom,No,English,59_1,andar,periphrasis-gerund
"que el bebé no pertenece a la mujer,",57,11,2018,Bremen,LA,5,female,20,PRE,pacient,SC,D,DEF,GI,N,dp,DE_WR_40_20_9_14_SK,93,No,11,9,No,15,Outsideclassroom,No,English,59_11,pertenecer,simple-finite
porque se pone enfadada,57,12,2018,Bremen,LA,5,female,20,NA,agent,SC,D,NA,GI,N,nullsub,DE_WR_40_20_9_14_SK,93,No,11,9,No,15,Outsideclassroom,No,English,59_12,ponerse,simple-finite
y se marcha.,57,13,2018,Bremen,LA,5,female,20,NA,agent,MC,D,NA,GI,Y,nullsub,DE_WR_40_20_9_14_SK,93,No,11,9,No,15,Outsideclassroom,No,English,59_13,marcharse,simple-finite
"después, el hombre quiere devolver el bebé al suelo",57,14,2018,Bremen,LA,5,female,20,PRE,agent,MC,D,DEF,GI,N,dp,DE_WR_40_20_9_14_SK,93,No,11,9,No,15,Outsideclassroom,No,English,59_14,devolver,simple-finite
cuando un guardia aparece.,57,15,2018,Bremen,LA,5,female,20,PRE,pacient,SC,D,INDEF,NE,N,dp,DE_WR_40_20_9_14_SK,93,No,11,9,No,15,Outsideclassroom,No,English,59_15,aparecer,simple-finite
"Entonces sigue andando con el bebé,",57,16,2018,Bremen,LA,5,female,20,NA,agent,MC,D,NA,GI,N,nullsub,DE_WR_40_20_9_14_SK,93,No,11,9,No,15,Outsideclassroom,No,English,59_16,andar,periphrasis-gerund
le da a cualquier hombre,57,17,2018,Bremen,LA,5,female,20,NA,agent,MC,D,NA,GI,Y,nullsub,DE_WR_40_20_9_14_SK,93,No,11,9,No,15,Outsideclassroom,No,English,59_17,dar,simple-finite
y sale corriendo.,57,18,2018,Bremen,LA,5,female,20,NA,agent,MC,D,NA,GI,Y,nullsub,DE_WR_40_20_9_14_SK,93,No,11,9,No,15,Outsideclassroom,No,English,59_18,salir,periphrasis-gerund
"El extraño le sigue a él,",57,19,2018,Bremen,LA,5,female,20,PRE,agent,MC,D,DEF,GI,N,dp,DE_WR_40_20_9_14_SK,93,No,11,9,No,15,Outsideclassroom,No,English,59_19,seguir,simple-finite
"y está fumando,",57,2,2018,Bremen,LA,5,female,20,NA,agent,MC,D,NA,GI,Y,nullsub,DE_WR_40_20_9_14_SK,93,No,11,9,No,15,Outsideclassroom,No,English,59_2,fumar,periphrasis-gerund
pero no le puede encontrar.,57,20,2018,Bremen,LA,5,female,20,NA,agent,MC,D,NA,GI,Y,nullsub,DE_WR_40_20_9_14_SK,93,No,11,9,No,15,Outsideclassroom,No,English,59_20,encontrar,modal
"Descubre un cochecito de niños delante de una tienda,",57,21,2018,Bremen,LA,5,female,20,NA,pacient,MC,D,NA,GI,Y,nullsub,DE_WR_40_20_9_14_SK,93,No,11,9,No,15,Outsideclassroom,No,English,59_21,descubrir,simple-finite
depone el bebé allí,57,22,2018,Bremen,LA,5,female,20,NA,agent,MC,D,NA,GI,Y,nullsub,DE_WR_40_20_9_14_SK,93,No,11,9,No,15,Outsideclassroom,No,English,59_22,deponer,simple-finite
y se va.,57,23,2018,Bremen,LA,5,female,20,NA,agent,MC,D,NA,GI,Y,nullsub,DE_WR_40_20_9_14_SK,93,No,11,9,No,15,Outsideclassroom,No,English,59_23,irse,simple-finite
"Cuando la mujer del cochecito sale de la tienda,",57,24,2018,Bremen,LA,5,female,20,PRE,agent,SC,D,DEF,GI,N,dp,DE_WR_40_20_9_14_SK,93,No,11,9,No,15,Outsideclassroom,No,English,59_24,salir,simple-finite
el hombre […] pasa por la tienda,57,25,2018,Bremen,LA,5,female,20,PRE,pacient,MC,D,DEF,GI,N,dp,DE_WR_40_20_9_14_SK,93,No,11,9,No,15,Outsideclassroom,No,English,59_25,pasar,simple-finite
"que encontró el bebé en el suelo,",57,26,2018,Bremen,LA,5,female,20,PRE,agent,SC,D,DEF,GI,Y,pron,DE_WR_40_20_9_14_SK,93,No,11,9,No,15,Outsideclassroom,No,English,59_26,encontrar,simple-finite
y la mujer […]  empieza a golpearle con su paraguas.,57,27,2018,Bremen,LA,5,female,20,PRE,agent,MC,D,DEF,GI,N,dp,DE_WR_40_20_9_14_SK,93,No,11,9,No,15,Outsideclassroom,No,English,59_27,golpear,periphrasis-lexical
que le reconoce,57,28,2018,Bremen,LA,5,female,20,PRE,agent,SC,D,DEF,GI,Y,pron,DE_WR_40_20_9_14_SK,93,No,11,9,No,15,Outsideclassroom,No,English,59_28,reconocer,simple-finite
"Por obligación, el hombre coge el bebé",57,29,2018,Bremen,LA,5,female,20,PRE,agent,MC,D,DEF,GI,N,dp,DE_WR_40_20_9_14_SK,93,No,11,9,No,15,Outsideclassroom,No,English,59_29,coger,simple-finite
"cuando de repente encuentra a un bebé,",57,3,2018,Bremen,LA,5,female,20,NA,agent,SC,D,NA,GI,Y,nullsub,DE_WR_40_20_9_14_SK,93,No,11,9,No,15,Outsideclassroom,No,English,59_3,encontrar,simple-finite
y se siente en una acera.,57,30,2018,Bremen,LA,5,female,20,NA,agent,MC,D,NA,GI,Y,nullsub,DE_WR_40_20_9_14_SK,93,No,11,9,No,15,Outsideclassroom,No,English,59_30,sentarse,simple-finite
Por un momento pequeño piensa en tirar el bebé en la canalización,57,31,2018,Bremen,LA,5,female,20,NA,agent,MC,D,NA,GI,Y,nullsub,DE_WR_40_20_9_14_SK,93,No,11,9,No,15,Outsideclassroom,No,English,59_31,pensar,simple-finite
pero lo deja.,57,32,2018,Bremen,LA,5,female,20,NA,agent,MC,D,NA,GI,Y,nullsub,DE_WR_40_20_9_14_SK,93,No,11,9,No,15,Outsideclassroom,No,English,59_32,dejar,simple-finite
Encuentra en la ropa del bebé un papel,57,33,2018,Bremen,LA,5,female,20,NA,agent,MC,D,NA,GI,Y,nullsub,DE_WR_40_20_9_14_SK,93,No,11,9,No,15,Outsideclassroom,No,English,59_33,encontrar,simple-finite
que dice:,57,34,2018,Bremen,LA,5,female,20,PRE,agent,SC,D,DEF,GI,N,pron,DE_WR_40_20_9_14_SK,93,No,11,9,No,15,Outsideclassroom,No,English,59_34,decir,simple-finite
"Al final, el hombre sonríe",57,36,2018,Bremen,LA,5,female,20,PRE,agent,MC,D,DEF,GI,N,dp,DE_WR_40_20_9_14_SK,93,No,11,9,No,15,Outsideclassroom,No,English,59_36,sonreír,simple-finite
y se va con el bebé en sus brazos.,57,37,2018,Bremen,LA,5,female,20,NA,agent,MC,D,NA,GI,Y,nullsub,DE_WR_40_20_9_14_SK,93,No,11,9,No,15,Outsideclassroom,No,English,59_37,irse,simple-finite
Mira a una mujer,57,5,2018,Bremen,LA,5,female,20,NA,agent,MC,D,NA,GI,N,nullsub,DE_WR_40_20_9_14_SK,93,No,11,9,No,15,Outsideclassroom,No,English,59_5,mirar,simple-finite
"que está cerca con un cochecito de niños,",57,6,2018,Bremen,LA,5,female,20,PRE,pacient,SC,D,DEF,GI,N,pron,DE_WR_40_20_9_14_SK,93,No,11,9,No,15,Outsideclassroom,No,English,59_6,estar,simple-finite
se acerca a ella,57,7,2018,Bremen,LA,5,female,20,NA,agent,MC,D,NA,GI,N,nullsub,DE_WR_40_20_9_14_SK,93,No,11,9,No,15,Outsideclassroom,No,English,59_7,acercarse,simple-finite
y le dice:,57,8,2018,Bremen,LA,5,female,20,NA,agent,MC,D,NA,GI,Y,nullsub,DE_WR_40_20_9_14_SK,93,No,11,9,No,15,Outsideclassroom,No,English,59_8,decir,simple-finite
"""Perdón, usted dejó caer algo"".",57,9,2018,Bremen,LA,5,female,20,PRE,pacient,MC,D,DEF,GI,N,pron,DE_WR_40_20_9_14_SK,93,No,11,9,No,15,Outsideclassroom,No,English,59_9,caer,modal
El video es sobre un hombre,57,1,2018,NA,UB,2,female,20,PRE,pacient,MC,D,DEF,NE,N,dp,DE_WR_23_20_3_14_SH,53.5,No,16,3,Yes,8,Outsideclassroom,No,English,6_1,ser,simple-finite
"El baby es muy pequena,",57,10,2018,NA,UB,2,female,20,PRE,pacient,MC,D,DEF,GI,N,dp,DE_WR_23_20_3_14_SH,53.5,No,16,3,Yes,8,Outsideclassroom,No,English,6_10,ser,simple-finite
creo que no mayor de un ano.,57,11,2018,NA,UB,2,female,20,NA,agent,MC,D,NA,GI,N,nullsub,DE_WR_23_20_3_14_SH,53.5,No,16,3,Yes,8,Outsideclassroom,No,English,6_11,creer,simple-finite
que fuma en una calle.,58,2,2018,NA,UB,2,female,20,PRE,agent,MC,D,DEF,GI,N,pron,DE_WR_23_20_3_14_SH,53.5,No,16,3,Yes,8,Outsideclassroom,No,English,6_2,fumar,simple-finite
De repente el hombre lo ha visto un baby,58,3,2018,NA,UB,2,female,20,PRE,pacient,MC,D,DEF,GI,Y,dp,DE_WR_23_20_3_14_SH,53.5,No,16,3,Yes,8,Outsideclassroom,No,English,6_3,ver,simple-finite
que esta en el suelo.,58,4,2018,NA,UB,2,female,20,PRE,pacient,SC,D,DEF,GI,N,pron,DE_WR_23_20_3_14_SH,53.5,No,16,3,Yes,8,Outsideclassroom,No,English,6_4,estar,simple-finite
La madre del baby no lo quiere.,58,5,2018,NA,UB,2,female,20,PRE,agent,MC,D,DEF,NE,N,dp,DE_WR_23_20_3_14_SH,53.5,No,16,3,Yes,8,Outsideclassroom,No,English,6_5,querer,simple-finite
"Por eso el hombre trata en otro hombre,",58,6,2018,NA,UB,2,female,20,PRE,agent,MC,D,DEF,GI,N,dp,DE_WR_23_20_3_14_SH,53.5,No,16,3,Yes,8,Outsideclassroom,No,English,6_6,tratar,simple-finite
pero el también no lo quiere.,58,7,2018,NA,UB,2,female,20,PRE,agent,MC,D,DEF,GI,N,pron,DE_WR_23_20_3_14_SH,53.5,No,16,3,Yes,8,Outsideclassroom,No,English,6_7,querer,simple-finite
Al fin el hombre lo quiere,58,8,2018,NA,UB,2,female,20,PRE,agent,MC,D,DEF,GI,N,dp,DE_WR_23_20_3_14_SH,53.5,No,16,3,Yes,8,Outsideclassroom,No,English,6_8,querer,simple-finite
y el es muy alegre sobre el baby.,58,9,2018,NA,UB,2,female,20,PRE,pacient,MC,D,DEF,GI,Y,pron,DE_WR_23_20_3_14_SH,53.5,No,16,3,Yes,8,Outsideclassroom,No,English,6_9,ser,simple-finite
"El título del video es ""The Kid""",58,1,2018,Granada,UI,4,female,21,PRE,pacient,MC,D,DEF,NE,N,dp,DE_WR_40_21_3_14_KK,93,No,14,3,Yes,20,Insideclassroom,No,English,60_1,ser,simple-finite
Está muy sorprendiente,58,10,2018,Granada,UI,4,female,21,NA,pacient,MC,D,NA,GI,Y,nullsub,DE_WR_40_21_3_14_KK,93,No,14,3,Yes,20,Insideclassroom,No,English,60_10,estar,simple-finite
y busca a un respnsable por la area.,58,11,2018,Granada,UI,4,female,21,NA,agent,MC,D,NA,GI,Y,nullsub,DE_WR_40_21_3_14_KK,93,No,14,3,Yes,20,Insideclassroom,No,English,60_11,buscar,simple-finite
Entonces quiere metir el niño al coche de bébes de una mujer,58,12,2018,Granada,UI,4,female,21,NA,agent,MC,D,NA,GI,Y,nullsub,DE_WR_40_21_3_14_KK,93,No,14,3,Yes,20,Insideclassroom,No,English,60_12,meter,simple-finite
que ella haya perdido algo.,58,14,2018,Granada,UI,4,female,21,PRE,agent,SC,D,DEF,GI,N,pron,DE_WR_40_21_3_14_KK,93,No,14,3,Yes,20,Insideclassroom,No,English,60_14,perder,simple-finite
Ella actua muy enfadada,58,15,2018,Granada,UI,4,female,21,PRE,agent,MC,D,DEF,GI,Y,pron,DE_WR_40_21_3_14_KK,93,No,14,3,Yes,20,Insideclassroom,No,English,60_15,actuar,simple-finite
cuando le da cuenta,58,16,2018,Granada,UI,4,female,21,NA,pacient,SC,D,NA,GI,Y,nullsub,DE_WR_40_21_3_14_KK,93,No,14,3,Yes,20,Insideclassroom,No,English,60_16,darse,periphrasis-lexical
porque no es su bébe,58,17,2018,Granada,UI,4,female,21,POST,pacient,SC,D,DEF,GI,N,dp,DE_WR_40_21_3_14_KK,93,No,14,3,Yes,20,Insideclassroom,No,English,60_17,ser,simple-finite
y entonces Chaplin tiene que seguir con el bébe en sus brazos.,58,18,2018,Granada,UI,4,female,21,PRE,agent,MC,D,DEF,GI,N,dp,DE_WR_40_21_3_14_KK,93,No,14,3,Yes,20,Insideclassroom,No,English,60_18,seguir,modal
Vuelve al sitio,58,19,2018,Granada,UI,4,female,21,NA,agent,MC,D,NA,GI,Y,nullsub,DE_WR_40_21_3_14_KK,93,No,14,3,Yes,20,Insideclassroom,No,English,60_19,volver,simple-finite
y fue hecho por Charlie Chaplin.,58,2,2018,Granada,UI,4,female,21,NA,pacient,MC,D,NA,GI,Y,nullsub,DE_WR_40_21_3_14_KK,93,No,14,3,Yes,20,Insideclassroom,No,English,60_2,hacer,passive
donde encontró el niño,58,20,2018,Granada,UI,4,female,21,NA,agent,SC,D,NA,GI,Y,nullsub,DE_WR_40_21_3_14_KK,93,No,14,3,Yes,20,Insideclassroom,No,English,60_20,encontrar,simple-finite
Pero de repente aparace un hombre de la policia,58,22,2018,Granada,UI,4,female,21,POST,pacient,MC,D,INDEF,NE,Y,dp,DE_WR_40_21_3_14_KK,93,No,14,3,Yes,20,Insideclassroom,No,English,60_22,aparecer,simple-finite
asi que tiene que quedarse con el bébe en sus brazos.,58,23,2018,Granada,UI,4,female,21,NA,pacient,MC,D,NA,GI,N,nullsub,DE_WR_40_21_3_14_KK,93,No,14,3,Yes,20,Insideclassroom,No,English,60_23,quedarse,modal
Lleva caminando con el niño,58,24,2018,Granada,UI,4,female,21,NA,pacient,MC,D,NA,GI,Y,nullsub,DE_WR_40_21_3_14_KK,93,No,14,3,Yes,20,Insideclassroom,No,English,60_24,caminar,periphrasis-gerund
cuando encuentra otro hombre.,58,25,2018,Granada,UI,4,female,21,NA,agent,SC,D,NA,GI,Y,nullsub,DE_WR_40_21_3_14_KK,93,No,14,3,Yes,20,Insideclassroom,No,English,60_25,encontrar,simple-finite
Le da el bébe con el motivo de arreglar sus zapatos,58,26,2018,Granada,UI,4,female,21,NA,agent,MC,D,NA,GI,Y,nullsub,DE_WR_40_21_3_14_KK,93,No,14,3,Yes,20,Insideclassroom,No,English,60_26,dar,simple-finite
y empieza a correr,58,27,2018,Granada,UI,4,female,21,NA,agent,MC,D,NA,GI,Y,nullsub,DE_WR_40_21_3_14_KK,93,No,14,3,Yes,20,Insideclassroom,No,English,60_27,correr,periphrasis-lexical
para que el otro hombre se quede con el niño.,58,28,2018,Granada,UI,4,female,21,PRE,agent,SC,D,DEF,GI,N,dp,DE_WR_40_21_3_14_KK,93,No,14,3,Yes,20,Insideclassroom,No,English,60_28,quedarse,simple-finite
El mismo hombre sigue a Chaplin corriendo,58,29,2018,Granada,UI,4,female,21,PRE,agent,MC,D,DEF,GI,Y,dp,DE_WR_40_21_3_14_KK,93,No,14,3,Yes,20,Insideclassroom,No,English,60_29,seguir,simple-finite
porque tampoco quiere quedarse con el bébe.,58,30,2018,Granada,UI,4,female,21,NA,pacient,SC,D,NA,GI,Y,nullsub,DE_WR_40_21_3_14_KK,93,No,14,3,Yes,20,Insideclassroom,No,English,60_30,quedarse,modal
encuentra dicha mujer con el coche para niños del principio.,58,32,2018,Granada,UI,4,female,21,NA,agent,MC,D,NA,GI,Y,nullsub,DE_WR_40_21_3_14_KK,93,No,14,3,Yes,20,Insideclassroom,No,English,60_32,encontrar,simple-finite
Mete el bébe por dentro,58,33,2018,Granada,UI,4,female,21,NA,agent,MC,D,NA,GI,Y,nullsub,DE_WR_40_21_3_14_KK,93,No,14,3,Yes,20,Insideclassroom,No,English,60_33,meter,simple-finite
y abandona el sitio.,58,34,2018,Granada,UI,4,female,21,NA,agent,MC,D,NA,GI,Y,nullsub,DE_WR_40_21_3_14_KK,93,No,14,3,Yes,20,Insideclassroom,No,English,60_34,abandonar,simple-finite
"Chaplin, […] cruza por esa calle",58,35,2018,Granada,UI,4,female,21,PRE,agent,MC,D,DEF,GI,N,dp,DE_WR_40_21_3_14_KK,93,No,14,3,Yes,20,Insideclassroom,No,English,60_35,cruzar,simple-finite
"que ahora se siente muy libre y seguro,",58,36,2018,Granada,UI,4,female,21,PRE,agent,SC,D,DEF,GI,Y,pron,DE_WR_40_21_3_14_KK,93,No,14,3,Yes,20,Insideclassroom,No,English,60_36,sentarse,simple-finite
donde en el mismo momento […] aprace la señora del principio.,58,37,2018,Granada,UI,4,female,21,POST,pacient,SC,D,DEF,GI,N,dp,DE_WR_40_21_3_14_KK,93,No,14,3,Yes,20,Insideclassroom,No,English,60_37,aparecer,simple-finite
Cuando ve el otro niño en su carril,58,38,2018,Granada,UI,4,female,21,NA,pacient,SC,D,NA,GI,Y,nullsub,DE_WR_40_21_3_14_KK,93,No,14,3,Yes,20,Insideclassroom,No,English,60_38,ver,simple-finite
se enfada,58,39,2018,Granada,UI,4,female,21,NA,agent,MC,D,NA,GI,Y,nullsub,DE_WR_40_21_3_14_KK,93,No,14,3,Yes,20,Insideclassroom,No,English,60_39,enfadarse,simple-finite
y empieza a pegarle a Chaplin,58,40,2018,Granada,UI,4,female,21,NA,agent,MC,D,NA,GI,Y,nullsub,DE_WR_40_21_3_14_KK,93,No,14,3,Yes,20,Insideclassroom,No,English,60_40,pegar,periphrasis-lexical
porque piensa,58,41,2018,Granada,UI,4,female,21,NA,agent,SC,D,NA,GI,Y,nullsub,DE_WR_40_21_3_14_KK,93,No,14,3,Yes,20,Insideclassroom,No,English,60_41,pensar,simple-finite
que el ha puesto el niño de nuevo.,58,42,2018,Granada,UI,4,female,21,PRE,agent,SC,D,DEF,GI,N,pron,DE_WR_40_21_3_14_KK,93,No,14,3,Yes,20,Insideclassroom,No,English,60_42,poner,simple-finite
Así que Chaplin tiene que quedarse otra vez con el niño.,58,43,2018,Granada,UI,4,female,21,PRE,pacient,MC,D,DEF,GI,N,dp,DE_WR_40_21_3_14_KK,93,No,14,3,Yes,20,Insideclassroom,No,English,60_43,quedarse,modal
"Para un momento está pensando en poner el bébe a la canalisación,",58,44,2018,Granada,UI,4,female,21,NA,agent,MC,D,NA,GI,Y,nullsub,DE_WR_40_21_3_14_KK,93,No,14,3,Yes,20,Insideclassroom,No,English,60_44,pensar,periphrasis-gerund
pero se lo lamenta,58,45,2018,Granada,UI,4,female,21,NA,agent,MC,D,NA,GI,Y,nullsub,DE_WR_40_21_3_14_KK,93,No,14,3,Yes,20,Insideclassroom,No,English,60_45,lamentar,simple-finite
y entonces no lo hace.,58,46,2018,Granada,UI,4,female,21,NA,agent,MC,D,NA,GI,Y,nullsub,DE_WR_40_21_3_14_KK,93,No,14,3,Yes,20,Insideclassroom,No,English,60_46,hacer,simple-finite
Descubre una carta escrita por dentro de las ropas del bébe,59,47,2018,Granada,UI,4,female,21,NA,pacient,MC,D,NA,GI,Y,nullsub,DE_WR_40_21_3_14_KK,93,No,14,3,Yes,20,Insideclassroom,No,English,60_47,descubrir,simple-finite
que pide,59,48,2018,Granada,UI,4,female,21,PRE,agent,SC,D,DEF,GI,N,pron,DE_WR_40_21_3_14_KK,93,No,14,3,Yes,20,Insideclassroom,No,English,60_48,pedir,simple-finite
que alguien le ame y cuide al niño.,59,49,2018,Granada,UI,4,female,21,PRE,agent,SC,D,INDEF,NE,N,pron,DE_WR_40_21_3_14_KK,93,No,14,3,Yes,20,Insideclassroom,No,English,60_49,amar,simple-finite
Lleva un traje,59,5,2018,Granada,UI,4,female,21,NA,pacient,MC,D,NA,GI,Y,nullsub,DE_WR_40_21_3_14_KK,93,No,14,3,Yes,20,Insideclassroom,No,English,60_5,llevar,simple-finite
y se quede con ello.,59,52,2018,Granada,UI,4,female,21,NA,agent,MC,D,NA,GI,Y,nullsub,DE_WR_40_21_3_14_KK,93,No,14,3,Yes,20,Insideclassroom,No,English,60_52,quedarse,simple-finite
y fuma,59,6,2018,Granada,UI,4,female,21,NA,agent,MC,D,NA,GI,Y,nullsub,DE_WR_40_21_3_14_KK,93,No,14,3,Yes,20,Insideclassroom,No,English,60_6,fumar,simple-finite
mientras la gente tira basura desde su ventanas.,59,7,2018,Granada,UI,4,female,21,PRE,agent,SC,D,DEF,NE,N,dp,DE_WR_40_21_3_14_KK,93,No,14,3,Yes,20,Insideclassroom,No,English,60_7,tirar,simple-finite
Empieza a fumar un cigarillo,59,8,2018,Granada,UI,4,female,21,NA,agent,MC,D,NA,GI,N,nullsub,DE_WR_40_21_3_14_KK,93,No,14,3,Yes,20,Insideclassroom,No,English,60_8,fumar,periphrasis-lexical
cuando de repente encuentra un bébe en el suelo.,59,9,2018,Granada,UI,4,female,21,NA,agent,SC,D,NA,GI,Y,nullsub,DE_WR_40_21_3_14_KK,93,No,14,3,Yes,20,Insideclassroom,No,English,60_9,encontrar,simple-finite
Al principio del vídeo Chaplin está caminando en una callejón del fondo hacia adelante,59,1,2018,Bremen,UI,4,female,22,PRE,agent,MC,D,DEF,NE,N,dp,DE_WR_40_22_6_14_SK,93,No,16,6,Yes,18,Outsideclassroom,No,English,61_1,caminar,periphrasis-gerund
intenta meter el bebé junto con el otro bebé en el carrito,59,10,2018,Bremen,UI,4,female,22,NA,agent,MC,D,NA,GI,N,nullsub,DE_WR_40_22_6_14_SK,93,No,16,6,Yes,18,Outsideclassroom,No,English,61_10,intentar,infinitive
"pero la mujer se da cuenta,",59,11,2018,Bremen,UI,4,female,22,PRE,pacient,MC,D,DEF,GI,N,dp,DE_WR_40_22_6_14_SK,93,No,16,6,Yes,18,Outsideclassroom,No,English,61_11,darse,periphrasis-lexical
se enfada,59,12,2018,Bremen,UI,4,female,22,NA,agent,MC,D,NA,GI,Y,nullsub,DE_WR_40_22_6_14_SK,93,No,16,6,Yes,18,Outsideclassroom,No,English,61_12,enfadarse,simple-finite
y Chaplin vuelve a coger el bebé.,59,13,2018,Bremen,UI,4,female,22,PRE,agent,MC,D,DEF,GI,N,dp,DE_WR_40_22_6_14_SK,93,No,16,6,Yes,18,Outsideclassroom,No,English,61_13,coger,periphrasis-lexical
Depués quiere dejarlo en el lugar,59,14,2018,Bremen,UI,4,female,22,NA,agent,MC,D,NA,GI,Y,nullsub,DE_WR_40_22_6_14_SK,93,No,16,6,Yes,18,Outsideclassroom,No,English,61_14,dejar,modal
donde lo encontró,59,15,2018,Bremen,UI,4,female,22,NA,agent,SC,D,NA,GI,Y,nullsub,DE_WR_40_22_6_14_SK,93,No,16,6,Yes,18,Outsideclassroom,No,English,61_15,encontrar,simple-finite
pero no puede hacerlo,59,16,2018,Bremen,UI,4,female,22,NA,agent,MC,D,NA,GI,Y,nullsub,DE_WR_40_22_6_14_SK,93,No,16,6,Yes,18,Outsideclassroom,No,English,61_16,hacer,modal
dado que viene un policía,59,17,2018,Bremen,UI,4,female,22,POST,pacient,SC,D,INDEF,NE,N,dp,DE_WR_40_22_6_14_SK,93,No,16,6,Yes,18,Outsideclassroom,No,English,61_17,venir,simple-finite
que está observando la escena.,59,18,2018,Bremen,UI,4,female,22,PRE,agent,SC,D,DEF,GI,Y,pron,DE_WR_40_22_6_14_SK,93,No,16,6,Yes,18,Outsideclassroom,No,English,61_18,observar,periphrasis-gerund
"Pues, camina unos metros",59,19,2018,Bremen,UI,4,female,22,NA,agent,MC,D,NA,GI,N,nullsub,DE_WR_40_22_6_14_SK,93,No,16,6,Yes,18,Outsideclassroom,No,English,61_19,caminar,simple-finite
mientras la gente tira basura por la ventana a la calle.,59,2,2018,Bremen,UI,4,female,22,PRE,agent,SC,D,DEF,NE,N,dp,DE_WR_40_22_6_14_SK,93,No,16,6,Yes,18,Outsideclassroom,No,English,61_2,tirar,simple-finite
hasta que se encuentra con un hombre un poco cojo.,59,20,2018,Bremen,UI,4,female,22,NA,pacient,SC,D,NA,GI,Y,nullsub,DE_WR_40_22_6_14_SK,93,No,16,6,Yes,18,Outsideclassroom,No,English,61_20,encontrarse,simple-finite
Chaplin finge,59,21,2018,Bremen,UI,4,female,22,PRE,agent,MC,D,DEF,GI,Y,dp,DE_WR_40_22_6_14_SK,93,No,16,6,Yes,18,Outsideclassroom,No,English,61_21,fingir,simple-finite
que tiene que atarse los zapatos de nuevo,59,22,2018,Bremen,UI,4,female,22,NA,agent,SC,D,NA,GI,Y,nullsub,DE_WR_40_22_6_14_SK,93,No,16,6,Yes,18,Outsideclassroom,No,English,61_22,atarse,modal
y pide al otro hobre,59,23,2018,Bremen,UI,4,female,22,NA,agent,MC,D,NA,GI,Y,nullsub,DE_WR_40_22_6_14_SK,93,No,16,6,Yes,18,Outsideclassroom,No,English,61_23,pedir,simple-finite
que coja el bebé durante un momento.,59,24,2018,Bremen,UI,4,female,22,NA,agent,SC,D,NA,GI,N,nullsub,DE_WR_40_22_6_14_SK,93,No,16,6,Yes,18,Outsideclassroom,No,English,61_24,coger,simple-finite
Cuando lo hace,59,25,2018,Bremen,UI,4,female,22,NA,agent,SC,D,NA,GI,Y,nullsub,DE_WR_40_22_6_14_SK,93,No,16,6,Yes,18,Outsideclassroom,No,English,61_25,hacer,simple-finite
Chaplin huye rápidamente,59,26,2018,Bremen,UI,4,female,22,PRE,agent,MC,D,DEF,GI,N,dp,DE_WR_40_22_6_14_SK,93,No,16,6,Yes,18,Outsideclassroom,No,English,61_26,huír,simple-finite
y cree,59,27,2018,Bremen,UI,4,female,22,NA,agent,MC,D,NA,GI,Y,nullsub,DE_WR_40_22_6_14_SK,93,No,16,6,Yes,18,Outsideclassroom,No,English,61_27,creer,simple-finite
que por fin se pude deshacer del bebé.,59,28,2018,Bremen,UI,4,female,22,NA,pacient,SC,D,NA,GI,Y,nullsub,DE_WR_40_22_6_14_SK,93,No,16,6,Yes,18,Outsideclassroom,No,English,61_28,deshacerse,modal
El hombre cojo en busca de Chaplin e encuentra por casualidad con el carrito de da mujer de antes,59,29,2018,Bremen,UI,4,female,22,PRE,agent,MC,D,DEF,GI,N,dp,DE_WR_40_22_6_14_SK,93,No,16,6,Yes,18,Outsideclassroom,No,English,61_29,encontrar,simple-finite
Algo de la basura le cae encima a Chaplin.,59,3,2018,Bremen,UI,4,female,22,PRE,pacient,MC,D,INDEF,NE,N,pron,DE_WR_40_22_6_14_SK,93,No,16,6,Yes,18,Outsideclassroom,No,English,61_3,caer,simple-finite
y mete el bebé dentro.,59,30,2018,Bremen,UI,4,female,22,NA,agent,MC,D,NA,GI,Y,nullsub,DE_WR_40_22_6_14_SK,93,No,16,6,Yes,18,Outsideclassroom,No,English,61_30,meter,simple-finite
Justo en el momento […] Chaplin pasa a su lado.,59,31,2018,Bremen,UI,4,female,22,PRE,pacient,MC,D,DEF,GI,N,dp,DE_WR_40_22_6_14_SK,93,No,16,6,Yes,18,Outsideclassroom,No,English,61_31,pasar,simple-finite
"en el que la mujer sale de la tiende,",60,32,2018,Bremen,UI,4,female,22,PRE,agent,SC,D,DEF,GI,N,dp,DE_WR_40_22_6_14_SK,93,No,16,6,Yes,18,Outsideclassroom,No,English,61_32,salir,simple-finite
"Evidentemente, la mujer piensa",60,33,2018,Bremen,UI,4,female,22,PRE,agent,MC,D,DEF,GI,Y,dp,DE_WR_40_22_6_14_SK,93,No,16,6,Yes,18,Outsideclassroom,No,English,61_33,pensar,simple-finite
que Chaplin ha intentado meter el bebé de nuevo en su carrito.,60,34,2018,Bremen,UI,4,female,22,PRE,agent,SC,D,DEF,GI,N,dp,DE_WR_40_22_6_14_SK,93,No,16,6,Yes,18,Outsideclassroom,No,English,61_34,intentar,simple-finite
"Se enfada aún más,",60,35,2018,Bremen,UI,4,female,22,NA,agent,MC,D,NA,GI,N,nullsub,DE_WR_40_22_6_14_SK,93,No,16,6,Yes,18,Outsideclassroom,No,English,61_35,enfadarse,simple-finite
corre detrás de Chaplin,60,36,2018,Bremen,UI,4,female,22,NA,agent,MC,D,NA,GI,Y,nullsub,DE_WR_40_22_6_14_SK,93,No,16,6,Yes,18,Outsideclassroom,No,English,61_36,correr,simple-finite
y le da una buena leche con un paraguas.,60,37,2018,Bremen,UI,4,female,22,NA,agent,MC,D,NA,GI,Y,nullsub,DE_WR_40_22_6_14_SK,93,No,16,6,Yes,18,Outsideclassroom,No,English,61_37,dar,simple-finite
Chaplin se ocupa de nuevo del bebé,60,38,2018,Bremen,UI,4,female,22,PRE,agent,MC,D,DEF,GI,N,dp,DE_WR_40_22_6_14_SK,93,No,16,6,Yes,18,Outsideclassroom,No,English,61_38,ocuparse,simple-finite
Está pensando en tirarlo en las alcanterías,60,39,2018,Bremen,UI,4,female,22,NA,agent,MC,D,NA,GI,Y,nullsub,DE_WR_40_22_6_14_SK,93,No,16,6,Yes,18,Outsideclassroom,No,English,61_39,pensar,periphrasis-gerund
pero el bebé le da pena.,60,40,2018,Bremen,UI,4,female,22,PRE,agent,MC,D,DEF,GI,N,dp,DE_WR_40_22_6_14_SK,93,No,16,6,Yes,18,Outsideclassroom,No,English,61_40,dar,simple-finite
Cuando lee el papelito,60,41,2018,Bremen,UI,4,female,22,NA,agent,SC,D,NA,GI,N,nullsub,DE_WR_40_22_6_14_SK,93,No,16,6,Yes,18,Outsideclassroom,No,English,61_41,leer,simple-finite
que llevo el bebé consigo,60,42,2018,Bremen,UI,4,female,22,PRE,pacient,SC,D,DEF,GI,N,dp,DE_WR_40_22_6_14_SK,93,No,16,6,Yes,18,Outsideclassroom,No,English,61_42,llevar,simple-finite
decide a quedarselo.,60,43,2018,Bremen,UI,4,female,22,NA,agent,MC,D,NA,GI,N,nullsub,DE_WR_40_22_6_14_SK,93,No,16,6,Yes,18,Outsideclassroom,No,English,61_43,decidir,simple-finite
enciende,60,5,2018,Bremen,UI,4,female,22,NA,agent,MC,D,NA,GI,N,nullsub,DE_WR_40_22_6_14_SK,93,No,16,6,Yes,18,Outsideclassroom,No,English,61_5,encender,simple-finite
y empieza a fumar.,60,6,2018,Bremen,UI,4,female,22,NA,agent,MC,D,NA,GI,Y,nullsub,DE_WR_40_22_6_14_SK,93,No,16,6,Yes,18,Outsideclassroom,No,English,61_6,fumar,periphrasis-gerund
De repente se fija de un bebé  envuelto en mantal en el suelo.,60,7,2018,Bremen,UI,4,female,22,NA,agent,MC,D,NA,GI,Y,nullsub,DE_WR_40_22_6_14_SK,93,No,16,6,Yes,18,Outsideclassroom,No,English,61_7,fijarse,simple-finite
Lo coge aúpa,60,8,2018,Bremen,UI,4,female,22,NA,agent,MC,D,NA,GI,Y,nullsub,DE_WR_40_22_6_14_SK,93,No,16,6,Yes,18,Outsideclassroom,No,English,61_8,coger,simple-finite
Cuando pasa una mujer con un carrito,60,9,2018,Bremen,UI,4,female,22,POST,pacient,SC,D,INDEF,NE,N,dp,DE_WR_40_22_6_14_SK,93,No,16,6,Yes,18,Outsideclassroom,No,English,61_9,pasar,simple-finite
Al principio Charlie Chaplin está caminando por la calle.,60,1,2018,Bremen,LA,5,female,23,PRE,agent,MC,D,DEF,NE,N,dp,DE_WR_40_23_22_14_JR,93,No,1,22,Yes,25,Outsideclassroom,No,English,62_1,caminar,periphrasis-gerund
Así se lo traye.,60,10,2018,Bremen,LA,5,female,23,NA,agent,MC,D,NA,GI,Y,nullsub,DE_WR_40_23_22_14_JR,93,No,1,22,Yes,25,Outsideclassroom,No,English,62_10,traer,simple-finite
"Dado que la mujer,[…] está enfadada",60,11,2018,Bremen,LA,5,female,23,PRE,pacient,SC,D,DEF,GI,N,dp,DE_WR_40_23_22_14_JR,93,No,1,22,Yes,25,Outsideclassroom,No,English,62_11,estar,simple-finite
"que ya tiene un bébé,",60,12,2018,Bremen,LA,5,female,23,PRE,pacient,SC,D,DEF,GI,Y,pron,DE_WR_40_23_22_14_JR,93,No,1,22,Yes,25,Outsideclassroom,No,English,62_12,tener,simple-finite
"porque el traido niño no es suyo,",60,13,2018,Bremen,LA,5,female,23,PRE,pacient,SC,D,DEF,GI,N,dp,DE_WR_40_23_22_14_JR,93,No,1,22,Yes,25,Outsideclassroom,No,English,62_13,ser,simple-finite
Charlie vuelve a poner el recién nacido al lugar,60,14,2018,Bremen,LA,5,female,23,PRE,agent,MC,D,DEF,GI,N,dp,DE_WR_40_23_22_14_JR,93,No,1,22,Yes,25,Outsideclassroom,No,English,62_14,poner,periphrasis-lexical
donde lo encontró.,60,15,2018,Bremen,LA,5,female,23,NA,agent,SC,D,NA,GI,Y,nullsub,DE_WR_40_23_22_14_JR,93,No,1,22,Yes,25,Outsideclassroom,No,English,62_15,encontrar,simple-finite
Pero lo tiene que recoger,60,16,2018,Bremen,LA,5,female,23,NA,agent,MC,D,NA,GI,Y,nullsub,DE_WR_40_23_22_14_JR,93,No,1,22,Yes,25,Outsideclassroom,No,English,62_16,recoger,modal
porque ya viene la policía,60,17,2018,Bremen,LA,5,female,23,POST,pacient,SC,D,DEF,NE,N,dp,DE_WR_40_23_22_14_JR,93,No,1,22,Yes,25,Outsideclassroom,No,English,62_17,venir,simple-finite
y Chaplin se lo da a otro hombre,60,18,2018,Bremen,LA,5,female,23,PRE,agent,MC,D,DEF,GI,N,dp,DE_WR_40_23_22_14_JR,93,No,1,22,Yes,25,Outsideclassroom,No,English,62_18,dar,simple-finite
En un momento algo […] Le caye de una casa sobre su espalda.,60,2,2018,Bremen,LA,5,female,23,PRE,pacient,MC,D,INDEF,NE,N,pron,DE_WR_40_23_22_14_JR,93,No,1,22,Yes,25,Outsideclassroom,No,English,62_2,caer,simple-finite
Charlie se va corriendo.,60,20,2018,Bremen,LA,5,female,23,PRE,agent,MC,D,DEF,GI,Y,dp,DE_WR_40_23_22_14_JR,93,No,1,22,Yes,25,Outsideclassroom,No,English,62_20,irse,periphrasis-gerund
El otro hombre […] mete el bébé en el cochecito de la mujer con el otro niño.,60,21,2018,Bremen,LA,5,female,23,PRE,agent,MC,D,DEF,GI,N,dp,DE_WR_40_23_22_14_JR,93,No,1,22,Yes,25,Outsideclassroom,No,English,62_21,meter,simple-finite
que no sabe,60,22,2018,Bremen,LA,5,female,23,PRE,agent,SC,D,DEF,GI,Y,pron,DE_WR_40_23_22_14_JR,93,No,1,22,Yes,25,Outsideclassroom,No,English,62_22,saber,simple-finite
Cuando la madre lo ve en combinación con Charlie,60,24,2018,Bremen,LA,5,female,23,PRE,pacient,SC,D,DEF,GI,N,dp,DE_WR_40_23_22_14_JR,93,No,1,22,Yes,25,Outsideclassroom,No,English,62_24,ver,simple-finite
"que está pasando contento,",60,25,2018,Bremen,LA,5,female,23,PRE,agent,SC,D,DEF,GI,N,pron,DE_WR_40_23_22_14_JR,93,No,1,22,Yes,25,Outsideclassroom,No,English,62_25,pasar,periphrasis-gerund
le pega con sus paraguas.,60,26,2018,Bremen,LA,5,female,23,NA,agent,MC,D,NA,GI,N,nullsub,DE_WR_40_23_22_14_JR,93,No,1,22,Yes,25,Outsideclassroom,No,English,62_26,pegar,simple-finite
Luego Charlie toma el bébé de nuevo,60,27,2018,Bremen,LA,5,female,23,PRE,agent,MC,D,DEF,GI,N,dp,DE_WR_40_23_22_14_JR,93,No,1,22,Yes,25,Outsideclassroom,No,English,62_27,tomar,simple-finite
y desperado se siente al piso.,60,28,2018,Bremen,LA,5,female,23,NA,agent,MC,D,NA,GI,Y,nullsub,DE_WR_40_23_22_14_JR,93,No,1,22,Yes,25,Outsideclassroom,No,English,62_28,sentarse,simple-finite
Allí encuentra un papel,60,29,2018,Bremen,LA,5,female,23,NA,agent,MC,D,NA,GI,Y,nullsub,DE_WR_40_23_22_14_JR,93,No,1,22,Yes,25,Outsideclassroom,No,English,62_29,encontrar,simple-finite
que parece a basura,60,3,2018,Bremen,LA,5,female,23,NA,pacient,SC,D,DEF,GI,Y,nullsub,DE_WR_40_23_22_14_JR,93,No,1,22,Yes,25,Outsideclassroom,No,English,62_3,parecer,simple-finite
cuyos padres perdieron la vida.,60,32,2018,Bremen,LA,5,female,23,PRE,agent,SC,D,DEF,GI,N,dp,DE_WR_40_23_22_14_JR,93,No,1,22,Yes,25,Outsideclassroom,No,English,62_32,perder,simple-finite
Después toma un cigarrillo de una caja,60,4,2018,Bremen,LA,5,female,23,NA,agent,MC,D,NA,GI,N,nullsub,DE_WR_40_23_22_14_JR,93,No,1,22,Yes,25,Outsideclassroom,No,English,62_4,tomar,simple-finite
y la encende.,60,5,2018,Bremen,LA,5,female,23,NA,agent,MC,D,NA,GI,Y,nullsub,DE_WR_40_23_22_14_JR,93,No,1,22,Yes,25,Outsideclassroom,No,English,62_5,encender,simple-finite
Las guantas las tira a la basura.,60,6,2018,Bremen,LA,5,female,23,NA,agent,MC,D,NA,GI,Y,nullsub,DE_WR_40_23_22_14_JR,93,No,1,22,Yes,25,Outsideclassroom,No,English,62_6,tirar,simple-finite
Charlie encuentra un bébé,60,7,2018,Bremen,LA,5,female,23,PRE,agent,MC,D,DEF,GI,Y,dp,DE_WR_40_23_22_14_JR,93,No,1,22,Yes,25,Outsideclassroom,No,English,62_7,encontrar,simple-finite
y cree,60,8,2018,Bremen,LA,5,female,23,NA,agent,MC,D,NA,GI,Y,nullsub,DE_WR_40_23_22_14_JR,93,No,1,22,Yes,25,Outsideclassroom,No,English,62_8,creer,simple-finite
que veía a la madre del niño.,60,9,2018,Bremen,LA,5,female,23,NA,pacient,SC,D,NA,GI,Y,nullsub,DE_WR_40_23_22_14_JR,93,No,1,22,Yes,25,Outsideclassroom,No,English,62_9,ver,simple-finite
"Al principio del video, Charles Chaplin está caminando en una calle.",61,1,2018,Hamburg,LA,5,female,25,PRE,agent,MC,D,DEF,NE,N,dp,DE_WR_40_25_11_14_LM,93,No,14,11,Yes,10,Outsideclassroom,No,English,63_1,caminar,periphrasis-gerund
y lo pone en un cochecito.,61,10,2018,Hamburg,LA,5,female,25,NA,agent,MC,D,NA,GI,Y,nullsub,DE_WR_40_25_11_14_LM,93,No,14,11,Yes,10,Outsideclassroom,No,English,63_10,ponerse,simple-finite
En aquel cochecito ya está leyendo otro bebé.,61,11,2018,Hamburg,LA,5,female,25,POST,pacient,MC,D,DEF,NE,N,dp,DE_WR_40_25_11_14_LM,93,No,14,11,Yes,10,Outsideclassroom,No,English,63_11,estar,simple-finite
"La mujer […] se enfada mucho con Charles,",61,12,2018,Hamburg,LA,5,female,25,PRE,agent,MC,D,DEF,GI,N,dp,DE_WR_40_25_11_14_LM,93,No,14,11,Yes,10,Outsideclassroom,No,English,63_12,enfadarse,simple-finite
que está manejando el cochecito,61,13,2018,Hamburg,LA,5,female,25,PRE,agent,SC,D,DEF,GI,Y,pron,DE_WR_40_25_11_14_LM,93,No,14,11,Yes,10,Outsideclassroom,No,English,63_13,manejar,periphrasis-gerund
entonces él coge el bebé,61,14,2018,Hamburg,LA,5,female,25,PRE,agent,MC,D,DEF,GI,N,pron,DE_WR_40_25_11_14_LM,93,No,14,11,Yes,10,Outsideclassroom,No,English,63_14,coger,simple-finite
y la mujer se va.,61,15,2018,Hamburg,LA,5,female,25,PRE,agent,MC,D,DEF,GI,N,dp,DE_WR_40_25_11_14_LM,93,No,14,11,Yes,10,Outsideclassroom,No,English,63_15,irse,simple-finite
que Charles no sabe,61,17,2018,Hamburg,LA,5,female,25,PRE,agent,SC,D,DEF,GI,N,dp,DE_WR_40_25_11_14_LM,93,No,14,11,Yes,10,Outsideclassroom,No,English,63_17,saber,simple-finite
"así que lo pone otra vez en el suelo en el lugar,",61,19,2018,Hamburg,LA,5,female,25,NA,agent,MC,D,NA,GI,Y,nullsub,DE_WR_40_25_11_14_LM,93,No,14,11,Yes,10,Outsideclassroom,No,English,63_19,ponerse,simple-finite
donde lo había descubierto antes.,61,20,2018,Hamburg,LA,5,female,25,NA,pacient,SC,D,NA,GI,Y,nullsub,DE_WR_40_25_11_14_LM,93,No,14,11,Yes,10,Outsideclassroom,No,English,63_20,descubrir,simple-finite
Justo en ese momento viene un policía,61,21,2018,Hamburg,LA,5,female,25,POST,pacient,MC,D,INDEF,NE,N,dp,DE_WR_40_25_11_14_LM,93,No,14,11,Yes,10,Outsideclassroom,No,English,63_21,venir,simple-finite
que se fija de Charles.,61,22,2018,Hamburg,LA,5,female,25,PRE,agent,SC,D,DEF,GI,Y,pron,DE_WR_40_25_11_14_LM,93,No,14,11,Yes,10,Outsideclassroom,No,English,63_22,fijarse,simple-finite
"Inmediatamente, Charles coge el bebé de nuevo",61,23,2018,Hamburg,LA,5,female,25,PRE,agent,MC,D,DEF,GI,N,dp,DE_WR_40_25_11_14_LM,93,No,14,11,Yes,10,Outsideclassroom,No,English,63_23,coger,simple-finite
y se va a otra calle.,61,24,2018,Hamburg,LA,5,female,25,NA,agent,MC,D,NA,GI,Y,nullsub,DE_WR_40_25_11_14_LM,93,No,14,11,Yes,10,Outsideclassroom,No,English,63_24,irse,simple-finite
Allí ve a un hombre mayor.,61,25,2018,Hamburg,LA,5,female,25,NA,pacient,MC,D,NA,GI,Y,nullsub,DE_WR_40_25_11_14_LM,93,No,14,11,Yes,10,Outsideclassroom,No,English,63_25,ver,simple-finite
Charles le da el bebé,61,26,2018,Hamburg,LA,5,female,25,PRE,agent,MC,D,DEF,GI,Y,dp,DE_WR_40_25_11_14_LM,93,No,14,11,Yes,10,Outsideclassroom,No,English,63_26,dar,simple-finite
porque simula hacerse un nudo en el zapato.,61,27,2018,Hamburg,LA,5,female,25,NA,agent,SC,D,NA,GI,Y,nullsub,DE_WR_40_25_11_14_LM,93,No,14,11,Yes,10,Outsideclassroom,No,English,63_27,simular,simple-finite
Charles se escapa.,61,29,2018,Hamburg,LA,5,female,25,PRE,agent,MC,D,DEF,GI,Y,dp,DE_WR_40_25_11_14_LM,93,No,14,11,Yes,10,Outsideclassroom,No,English,63_29,escaparse,simple-finite
que le tira piedras a su cabeza.,61,3,2018,Hamburg,LA,5,female,25,PRE,agent,SC,D,DEF,GI,Y,pron,DE_WR_40_25_11_14_LM,93,No,14,11,Yes,10,Outsideclassroom,No,English,63_3,tirar,simple-finite
El hombre mayor pone el bebé otra vez en en el cochecito,61,30,2018,Hamburg,LA,5,female,25,PRE,agent,MC,D,DEF,GI,N,dp,DE_WR_40_25_11_14_LM,93,No,14,11,Yes,10,Outsideclassroom,No,English,63_30,poner,simple-finite
y se va corriendo.,61,31,2018,Hamburg,LA,5,female,25,NA,agent,MC,D,NA,GI,Y,nullsub,DE_WR_40_25_11_14_LM,93,No,14,11,Yes,10,Outsideclassroom,No,English,63_31,irse,periphrasis-gerund
La madre se enfada de nuevo,61,32,2018,Hamburg,LA,5,female,25,PRE,agent,MC,D,DEF,GI,N,dp,DE_WR_40_25_11_14_LM,93,No,14,11,Yes,10,Outsideclassroom,No,English,63_32,enfadarse,simple-finite
"y cuando ve a Charles,",61,33,2018,Hamburg,LA,5,female,25,NA,pacient,SC,D,NA,GI,Y,nullsub,DE_WR_40_25_11_14_LM,93,No,14,11,Yes,10,Outsideclassroom,No,English,63_33,ver,simple-finite
le pega con su paraguas.,61,34,2018,Hamburg,LA,5,female,25,NA,agent,MC,D,NA,GI,Y,nullsub,DE_WR_40_25_11_14_LM,93,No,14,11,Yes,10,Outsideclassroom,No,English,63_34,pegar,simple-finite
El policía aparece otra vez,61,35,2018,Hamburg,LA,5,female,25,PRE,pacient,MC,D,DEF,GI,N,dp,DE_WR_40_25_11_14_LM,93,No,14,11,Yes,10,Outsideclassroom,No,English,63_35,aparecer,simple-finite
y ve,61,36,2018,Hamburg,LA,5,female,25,NA,pacient,MC,D,NA,GI,Y,nullsub,DE_WR_40_25_11_14_LM,93,No,14,11,Yes,10,Outsideclassroom,No,English,63_36,ver,simple-finite
cómo Charles y la madre están discutiendo.,61,37,2018,Hamburg,LA,5,female,25,PRE,agent,SC,D,DEF,GI,N,dp,DE_WR_40_25_11_14_LM,93,No,14,11,Yes,10,Outsideclassroom,No,English,63_37,discutir,periphrasis-gerund
Charles coge otra vez el bebé para salir de la situación.,61,38,2018,Hamburg,LA,5,female,25,PRE,agent,MC,D,DEF,GI,N,dp,DE_WR_40_25_11_14_LM,93,No,14,11,Yes,10,Outsideclassroom,No,English,63_38,coger,simple-finite
Charles se siente con el bebé en en suelo.,61,39,2018,Hamburg,LA,5,female,25,PRE,agent,MC,D,DEF,GI,Y,dp,DE_WR_40_25_11_14_LM,93,No,14,11,Yes,10,Outsideclassroom,No,English,63_39,sentarse,simple-finite
Charles sigue caminando por la calle,61,4,2018,Hamburg,LA,5,female,25,PRE,agent,MC,D,DEF,GI,N,dp,DE_WR_40_25_11_14_LM,93,No,14,11,Yes,10,Outsideclassroom,No,English,63_4,caminar,periphrasis-gerund
En el mantel del bebé descubre una nota,61,40,2018,Hamburg,LA,5,female,25,NA,pacient,MC,D,NA,GI,Y,nullsub,DE_WR_40_25_11_14_LM,93,No,14,11,Yes,10,Outsideclassroom,No,English,63_40,descubrir,simple-finite
que pone,61,41,2018,Hamburg,LA,5,female,25,PRE,agent,SC,D,DEF,GI,N,pron,DE_WR_40_25_11_14_LM,93,No,14,11,Yes,10,Outsideclassroom,No,English,63_41,poner,simple-finite
Charles le regala una sonrisa cariñosa al bebé,61,43,2018,Hamburg,LA,5,female,25,PRE,agent,MC,D,DEF,GI,N,dp,DE_WR_40_25_11_14_LM,93,No,14,11,Yes,10,Outsideclassroom,No,English,63_43,regalar,simple-finite
y se van.,61,44,2018,Hamburg,LA,5,female,25,NA,agent,MC,D,NA,GI,N,nullsub,DE_WR_40_25_11_14_LM,93,No,14,11,Yes,10,Outsideclassroom,No,English,63_44,irse,simple-finite
hasta que se para,61,5,2018,Hamburg,LA,5,female,25,NA,pacient,SC,D,NA,GI,Y,nullsub,DE_WR_40_25_11_14_LM,93,No,14,11,Yes,10,Outsideclassroom,No,English,63_5,pararse,simple-finite
"Un poquito más tarde, descubre un bebé",61,7,2018,Hamburg,LA,5,female,25,NA,pacient,MC,D,NA,GI,Y,nullsub,DE_WR_40_25_11_14_LM,93,No,14,11,Yes,10,Outsideclassroom,No,English,63_7,descubrir,simple-finite
que está leyendo en una esquina de la calle enfrente de una casa.,61,8,2018,Hamburg,LA,5,female,25,PRE,agent,SC,D,DEF,GI,N,pron,DE_WR_40_25_11_14_LM,93,No,14,11,Yes,10,Outsideclassroom,No,English,63_8,leer,periphrasis-gerund
Charles coge el bebé,61,9,2018,Hamburg,LA,5,female,25,PRE,agent,MC,D,DEF,GI,N,dp,DE_WR_40_25_11_14_LM,93,No,14,11,Yes,10,Outsideclassroom,No,English,63_9,coger,simple-finite
"La película,  [...] es de aproximadamente 4 minutos",61,1,2018,Würzburg,LA,5,female,26,PRE,pacient,MC,D,DEF,NE,N,dp,DE_WR_40_26_9_14_JB,93,No,17,9,Yes,5,Outsideclassroom,No,"English, French",64_1,ser,simple-finite
y tienen un palo de madera en la mano.,61,10,2018,Würzburg,LA,5,female,26,NA,pacient,MC,D,NA,GI,Y,nullsub,DE_WR_40_26_9_14_JB,93,No,17,9,Yes,5,Outsideclassroom,No,"English, French",64_10,tener,simple-finite
"En los primeros segundos, observamos",61,11,2018,Würzburg,LA,5,female,26,NA,agent,MC,D,NA,GI,N,nullsub,DE_WR_40_26_9_14_JB,93,No,17,9,Yes,5,Outsideclassroom,No,"English, French",64_11,observar,simple-finite
como algunas piedras caen de un techo,61,12,2018,Würzburg,LA,5,female,26,PRE,pacient,SC,D,INDEF,NE,N,dp,DE_WR_40_26_9_14_JB,93,No,17,9,Yes,5,Outsideclassroom,No,"English, French",64_12,caer,simple-finite
"y casi caen a la cabeza de Chaplin,",62,13,2018,Würzburg,LA,5,female,26,NA,pacient,MC,D,NA,GI,Y,nullsub,DE_WR_40_26_9_14_JB,93,No,17,9,Yes,5,Outsideclassroom,No,"English, French",64_13,caer,simple-finite
después de este choque coje un cigarro de su bolsillo,62,14,2018,Würzburg,LA,5,female,26,NA,agent,MC,D,NA,GI,N,nullsub,DE_WR_40_26_9_14_JB,93,No,17,9,Yes,5,Outsideclassroom,No,"English, French",64_14,cojer,simple-finite
y lo enciende.,62,15,2018,Würzburg,LA,5,female,26,NA,agent,MC,D,NA,GI,Y,nullsub,DE_WR_40_26_9_14_JB,93,No,17,9,Yes,5,Outsideclassroom,No,"English, French",64_15,encender,simple-finite
"Cuando sigue dando la vuelta,",62,16,2018,Würzburg,LA,5,female,26,NA,agent,SC,D,NA,GI,Y,nullsub,DE_WR_40_26_9_14_JB,93,No,17,9,Yes,5,Outsideclassroom,No,"English, French",64_16,seguir,simple-finite
mira al suelo,62,17,2018,Würzburg,LA,5,female,26,NA,agent,MC,D,NA,GI,Y,nullsub,DE_WR_40_26_9_14_JB,93,No,17,9,Yes,5,Outsideclassroom,No,"English, French",64_17,mirar,simple-finite
y se da cuenta,62,18,2018,Würzburg,LA,5,female,26,NA,pacient,MC,D,NA,GI,Y,nullsub,DE_WR_40_26_9_14_JB,93,No,17,9,Yes,5,Outsideclassroom,No,"English, French",64_18,darse ,periphrasis-lexical
"en la que aparece el famosos actor Charlie Chaplin,",62,2,2018,Würzburg,LA,5,female,26,POST,pacient,SC,D,DEF,NE,N,dp,DE_WR_40_26_9_14_JB,93,No,17,9,Yes,5,Outsideclassroom,No,"English, French",64_2,aparecer,simple-finite
que parece no tener madre,62,20,2018,Würzburg,LA,5,female,26,PRE,pacient,SC,D,DEF,GI,Y,pron,DE_WR_40_26_9_14_JB,93,No,17,9,Yes,5,Outsideclassroom,No,"English, French",64_20,parecer,infinitive
que se ocupe de ello.,62,21,2018,Würzburg,LA,5,female,26,PRE,agent,SC,D,DEF,GI,N,pron,DE_WR_40_26_9_14_JB,93,No,17,9,Yes,5,Outsideclassroom,No,"English, French",64_21,ocuparse,simple-finite
Chaplin coge el bebé a los brazos,62,22,2018,Würzburg,LA,5,female,26,PRE,agent,MC,D,DEF,GI,N,dp,DE_WR_40_26_9_14_JB,93,No,17,9,Yes,5,Outsideclassroom,No,"English, French",64_22,coger,simple-finite
y intenta encontrar  la madre,62,23,2018,Würzburg,LA,5,female,26,NA,agent,MC,D,NA,GI,Y,nullsub,DE_WR_40_26_9_14_JB,93,No,17,9,Yes,5,Outsideclassroom,No,"English, French",64_23,intentar,infinitive
"pero la mujer […] por fin no quiere el bebé,",62,25,2018,Würzburg,LA,5,female,26,PRE,agent,MC,D,DEF,GI,N,dp,DE_WR_40_26_9_14_JB,93,No,17,9,Yes,5,Outsideclassroom,No,"English, French",64_25,querer,simple-finite
que puede encontrar,62,26,2018,Würzburg,LA,5,female,26,PRE,agent,SC,D,DEF,GI,N,pron,DE_WR_40_26_9_14_JB,93,No,17,9,Yes,5,Outsideclassroom,No,"English, French",64_26,encontrar,simple-finite
ya tiene un hijo.,62,27,2018,Würzburg,LA,5,female,26,NA,pacient,MC,D,NA,NE,Y,nullsub,DE_WR_40_26_9_14_JB,93,No,17,9,Yes,5,Outsideclassroom,No,"English, French",64_27,tener,simple-finite
Siguen varias escenas,62,28,2018,Würzburg,LA,5,female,26,POST,pacient,MC,D,INDEF,NE,N,dp,DE_WR_40_26_9_14_JB,93,No,17,9,Yes,5,Outsideclassroom,No,"English, French",64_28,seguir,simple-finite
"en las que Chaplin trata de dejar el bebé en varios lugares,",62,29,2018,Würzburg,LA,5,female,26,PRE,agent,SC,D,DEF,GI,N,dp,DE_WR_40_26_9_14_JB,93,No,17,9,Yes,5,Outsideclassroom,No,"English, French",64_29,tratar,infinitive
y nos presenta la corta historia de un hombre (Chaplin),62,3,2018,Würzburg,LA,5,female,26,NA,agent,MC,D,NA,GI,Y,nullsub,DE_WR_40_26_9_14_JB,93,No,17,9,Yes,5,Outsideclassroom,No,"English, French",64_3,presentar,simple-finite
pero una vez un hombre de la policía interviene,62,30,2018,Würzburg,LA,5,female,26,PRE,agent,MC,D,INDEF,NE,N,dp,DE_WR_40_26_9_14_JB,93,No,17,9,Yes,5,Outsideclassroom,No,"English, French",64_30,intervenir,simple-finite
"y, otra vez, otro hombre, […]   lo pone en el carrito de niño de la mujer",62,31,2018,Würzburg,LA,5,female,26,PRE,agent,MC,D,INDEF,NE,N,dp,DE_WR_40_26_9_14_JB,93,No,17,9,Yes,5,Outsideclassroom,No,"English, French",64_31,poner,simple-finite
"a quien Chaplin ha dejado el bebé,",62,32,2018,Würzburg,LA,5,female,26,PRE,agent,SC,D,DEF,GI,N,dp,DE_WR_40_26_9_14_JB,93,No,17,9,Yes,5,Outsideclassroom,No,"English, French",64_32,dejar,simple-finite
que ya conocemos.,62,33,2018,Würzburg,LA,5,female,26,NA,agent,SC,D,NA,GI,N,nullsub,DE_WR_40_26_9_14_JB,93,No,17,9,Yes,5,Outsideclassroom,No,"English, French",64_33,conocer,simple-finite
"Por fin, Chaplin se da cuenta",62,34,2018,Würzburg,LA,5,female,26,PRE,pacient,MC,D,DEF,GI,N,dp,DE_WR_40_26_9_14_JB,93,No,17,9,Yes,5,Outsideclassroom,No,"English, French",64_34,darse ,periphrasis-lexical
"de que no puede soltar el bebé en ningún lugar,",62,35,2018,Würzburg,LA,5,female,26,NA,agent,SC,D,NA,GI,Y,nullsub,DE_WR_40_26_9_14_JB,93,No,17,9,Yes,5,Outsideclassroom,No,"English, French",64_35,soltar,modal
se sienta en la calle,62,36,2018,Würzburg,LA,5,female,26,NA,agent,MC,D,NA,GI,Y,nullsub,DE_WR_40_26_9_14_JB,93,No,17,9,Yes,5,Outsideclassroom,No,"English, French",64_36,sentarse,simple-finite
que está pensando sobre dejar el bebé caer en el sumidero de la calle.,62,38,2018,Würzburg,LA,5,female,26,NA,agent,SC,D,NA,GI,Y,nullsub,DE_WR_40_26_9_14_JB,93,No,17,9,Yes,5,Outsideclassroom,No,"English, French",64_38,pensar,periphrasis-gerund
"Sin embargo, por fin, descubre un papelito dentro del pañuelo de bebé",62,39,2018,Würzburg,LA,5,female,26,NA,pacient,MC,D,NA,GI,Y,nullsub,DE_WR_40_26_9_14_JB,93,No,17,9,Yes,5,Outsideclassroom,No,"English, French",64_39,descubrir,simple-finite
que encuentro a un bebé,62,4,2018,Würzburg,LA,5,female,26,NA,agent,SC,D,NA,GI,N,nullsub,DE_WR_40_26_9_14_JB,93,No,17,9,Yes,5,Outsideclassroom,No,"English, French",64_4,encontrar,simple-finite
en el que se ha escrito alguien,62,40,2018,Würzburg,LA,5,female,26,POST,agent,SC,D,INDEF,NE,N,pron,DE_WR_40_26_9_14_JB,93,No,17,9,Yes,5,Outsideclassroom,No,"English, French",64_40,escribir,simple-finite
coge el bebé con una risa intensa,63,42,2018,Würzburg,LA,5,female,26,NA,agent,MC,D,NA,GI,N,nullsub,DE_WR_40_26_9_14_JB,93,No,17,9,Yes,5,Outsideclassroom,No,"English, French",64_42,coger,simple-finite
"y sigue su camino,",63,43,2018,Würzburg,LA,5,female,26,NA,agent,MC,D,NA,GI,Y,nullsub,DE_WR_40_26_9_14_JB,93,No,17,9,Yes,5,Outsideclassroom,No,"English, French",64_43,seguir,simple-finite
y no sabe realmente,63,5,2018,Würzburg,LA,5,female,26,NA,agent,MC,D,NA,GI,Y,nullsub,DE_WR_40_26_9_14_JB,93,No,17,9,Yes,5,Outsideclassroom,No,"English, French",64_5,saber,simple-finite
qué hacer con él.,63,6,2018,Würzburg,LA,5,female,26,NA,agent,SC,I,NA,NA,NA,nullsub,DE_WR_40_26_9_14_JB,93,No,17,9,Yes,5,Outsideclassroom,No,"English, French",64_6,hacer,simple-finite
"Al principio, vemos a Chaplin",63,7,2018,Würzburg,LA,5,female,26,NA,pacient,MC,D,NA,NE,N,nullsub,DE_WR_40_26_9_14_JB,93,No,17,9,Yes,5,Outsideclassroom,No,"English, French",64_7,ver,simple-finite
"como está dando un paseo por una zona de  casas,",63,8,2018,Würzburg,LA,5,female,26,NA,agent,SC,D,NA,GI,N,nullsub,DE_WR_40_26_9_14_JB,93,No,17,9,Yes,5,Outsideclassroom,No,"English, French",64_8,dar,periphrasis-gerund
lleva el traje típico de los años 20,63,9,2018,Würzburg,LA,5,female,26,NA,pacient,MC,D,NA,GI,Y,nullsub,DE_WR_40_26_9_14_JB,93,No,17,9,Yes,5,Outsideclassroom,No,"English, French",64_9,llevar,simple-finite
"Chaplin se pasea por la calle,",63,1,2018,Bochum,LI,3,female,26,PRE,agent,MC,D,DEF,NE,N,dp,DE_WR_40_26_9_14_SJ,93,No,17,9,Yes,10,Outsideclassroom,No,English,65_1,pasear,simple-finite
y él tiene que retomar el bebé.,63,10,2018,Bochum,LI,3,female,26,PRE,agent,MC,D,DEF,GI,N,pron,DE_WR_40_26_9_14_SJ,93,No,17,9,Yes,10,Outsideclassroom,No,English,65_10,retomar,modal
Un hombre viejo pasa la calle,63,11,2018,Bochum,LI,3,female,26,PRE,pacient,MC,D,INDEF,NE,N,dp,DE_WR_40_26_9_14_SJ,93,No,17,9,Yes,10,Outsideclassroom,No,English,65_11,pasar,simple-finite
y Chaplin le da el bebé,63,12,2018,Bochum,LI,3,female,26,PRE,agent,MC,D,DEF,GI,N,dp,DE_WR_40_26_9_14_SJ,93,No,17,9,Yes,10,Outsideclassroom,No,English,65_12,dar,simple-finite
"y desaparece,",63,13,2018,Bochum,LI,3,female,26,NA,pacient,MC,D,NA,GI,Y,nullsub,DE_WR_40_26_9_14_SJ,93,No,17,9,Yes,10,Outsideclassroom,No,English,65_13,desaparecer,simple-finite
porque corre.,63,14,2018,Bochum,LI,3,female,26,NA,agent,SC,D,NA,GI,Y,nullsub,DE_WR_40_26_9_14_SJ,93,No,17,9,Yes,10,Outsideclassroom,No,English,65_14,correr,simple-finite
El hombre viejo deja el bebé en el coche para niños de la madre.,63,15,2018,Bochum,LI,3,female,26,PRE,agent,MC,D,DEF,GI,N,dp,DE_WR_40_26_9_14_SJ,93,No,17,9,Yes,10,Outsideclassroom,No,English,65_15,dejar,simple-finite
Chaplin pasa por la calle,63,16,2018,Bochum,LI,3,female,26,PRE,pacient,MC,D,DEF,GI,N,dp,DE_WR_40_26_9_14_SJ,93,No,17,9,Yes,10,Outsideclassroom,No,English,65_16,pasar,simple-finite
y la madre le reconoce.,63,17,2018,Bochum,LI,3,female,26,PRE,agent,MC,D,DEF,GI,N,dp,DE_WR_40_26_9_14_SJ,93,No,17,9,Yes,10,Outsideclassroom,No,English,65_17,reconocer,simple-finite
Lo está golpeando.,63,18,2018,Bochum,LI,3,female,26,NA,agent,MC,D,NA,GI,Y,nullsub,DE_WR_40_26_9_14_SJ,93,No,17,9,Yes,10,Outsideclassroom,No,English,65_18,golpear,periphrasis-gerund
Chaplin toma al bebé,63,19,2018,Bochum,LI,3,female,26,PRE,agent,MC,D,DEF,GI,N,dp,DE_WR_40_26_9_14_SJ,93,No,17,9,Yes,10,Outsideclassroom,No,English,65_19,tomar,simple-finite
"cuando una mujer echa basura, mejor piedras pequeñas, de la ventana.",63,2,2018,Bochum,LI,3,female,26,PRE,agent,SC,D,INDEF,NE,N,dp,DE_WR_40_26_9_14_SJ,93,No,17,9,Yes,10,Outsideclassroom,No,English,65_2,echar,simple-finite
y encuentra una carta,63,20,2018,Bochum,LI,3,female,26,NA,agent,MC,D,NA,GI,Y,nullsub,DE_WR_40_26_9_14_SJ,93,No,17,9,Yes,10,Outsideclassroom,No,English,65_20,encontrar,simple-finite
"El bebé es un pobre huérfano,",63,22,2018,Bochum,LI,3,female,26,PRE,pacient,MC,D,NA,GI,N,dp,DE_WR_40_26_9_14_SJ,93,No,17,9,Yes,10,Outsideclassroom,No,English,65_22,ser,simple-finite
por favor lo ame.,63,23,2018,Bochum,LI,3,female,26,NA,agent,MC,IM,NA,NA,NA,nullsub,DE_WR_40_26_9_14_SJ,93,No,17,9,Yes,10,Outsideclassroom,No,English,65_23,amar,simple-finite
Chaplin siempre tiene que tener cuiado.,63,3,2018,Bochum,LI,3,female,26,PRE,pacient,MC,D,DEF,GI,Y,dp,DE_WR_40_26_9_14_SJ,93,No,17,9,Yes,10,Outsideclassroom,No,English,65_3,tener,modal
Se halla un bebé al suelo de la calle.,63,4,2018,Bochum,LI,3,female,26,POST,pacient,MC,D,INDEF,NE,N,dp,DE_WR_40_26_9_14_SJ,93,No,17,9,Yes,10,Outsideclassroom,No,English,65_4,hallarse,simple-finite
"Quiere dejarlo en el suelo,",63,5,2018,Bochum,LI,3,female,26,NA,agent,MC,D,NA,GI,N,nullsub,DE_WR_40_26_9_14_SJ,93,No,17,9,Yes,10,Outsideclassroom,No,English,65_5,dejar,modal
pero llega un polícia,63,6,2018,Bochum,LI,3,female,26,POST,pacient,MC,D,INDEF,NE,N,dp,DE_WR_40_26_9_14_SJ,93,No,17,9,Yes,10,Outsideclassroom,No,English,65_6,llegar,simple-finite
que discute con él.,63,7,2018,Bochum,LI,3,female,26,PRE,agent,SC,D,DEF,GI,Y,pron,DE_WR_40_26_9_14_SJ,93,No,17,9,Yes,10,Outsideclassroom,No,English,65_7,discutir,simple-finite
Después intenta dejar el bebé en un coche para niños.,63,8,2018,Bochum,LI,3,female,26,NA,agent,MC,D,NA,GI,N,nullsub,DE_WR_40_26_9_14_SJ,93,No,17,9,Yes,10,Outsideclassroom,No,English,65_8,intentar,infinitive
La madre discute con Chaplin,63,9,2018,Bochum,LI,3,female,26,PRE,agent,MC,D,DEF,GI,N,dp,DE_WR_40_26_9_14_SJ,93,No,17,9,Yes,10,Outsideclassroom,No,English,65_9,discutir,simple-finite
Charlie Chaplin está de paseo.,63,1,2018,Santiago de Compostela,LA,5,female,31,PRE,pacient,MC,D,DEF,NE,N,dp,DE_WR_40_31_13_14_SM,93,No,18,13,Yes,10,Outsideclassroom,Yes,"English, Galician",66_1,estar,simple-finite
y se enciendo uno nuevo de una caja metálica de pitillos semifumados con una cerilla,63,10,2018,Santiago de Compostela,LA,5,female,31,NA,agent,MC,D,NA,GI,N,nullsub,DE_WR_40_31_13_14_SM,93,No,18,13,Yes,10,Outsideclassroom,Yes,"English, Galician",66_10,encender,simple-finite
que enciende en la suela del zapato.,63,11,2018,Santiago de Compostela,LA,5,female,31,NA,agent,SC,D,NA,GI,Y,nullsub,DE_WR_40_31_13_14_SM,93,No,18,13,Yes,10,Outsideclassroom,Yes,"English, Galician",66_11,encender,simple-finite
"A unos metros más, en la esquina de una casa encuentra a un bebé en el suelo.",63,12,2018,Santiago de Compostela,LA,5,female,31,NA,agent,MC,D,NA,GI,Y,nullsub,DE_WR_40_31_13_14_SM,93,No,18,13,Yes,10,Outsideclassroom,Yes,"English, Galician",66_12,encontrar,simple-finite
Lo sube a sus brazos,63,13,2018,Santiago de Compostela,LA,5,female,31,NA,agent,MC,D,NA,GI,Y,nullsub,DE_WR_40_31_13_14_SM,93,No,18,13,Yes,10,Outsideclassroom,Yes,"English, Galician",66_13,subir,simple-finite
"y empieza a mirar para ver,",63,14,2018,Santiago de Compostela,LA,5,female,31,NA,agent,MC,D,NA,GI,Y,nullsub,DE_WR_40_31_13_14_SM,93,No,18,13,Yes,10,Outsideclassroom,Yes,"English, Galician",66_14,mirar,periphrasis-lexical
dónde están los padres.,63,15,2018,Santiago de Compostela,LA,5,female,31,POST,pacient,SC,I,DEF,NE,N,dp,DE_WR_40_31_13_14_SM,93,No,18,13,Yes,10,Outsideclassroom,Yes,"English, Galician",66_15,estar,simple-finite
Ve a una señora con un bebé en un carrito,63,16,2018,Santiago de Compostela,LA,5,female,31,NA,pacient,MC,D,NA,GI,N,nullsub,DE_WR_40_31_13_14_SM,93,No,18,13,Yes,10,Outsideclassroom,Yes,"English, Galician",66_16,ver,simple-finite
y deja al bebé encontrado en el carrito.,63,17,2018,Santiago de Compostela,LA,5,female,31,NA,agent,MC,D,NA,GI,Y,nullsub,DE_WR_40_31_13_14_SM,93,No,18,13,Yes,10,Outsideclassroom,Yes,"English, Galician",66_17,dejar,simple-finite
Pero la mujer vuelve,64,18,2018,Santiago de Compostela,LA,5,female,31,PRE,agent,MC,D,DEF,GI,N,dp,DE_WR_40_31_13_14_SM,93,No,18,13,Yes,10,Outsideclassroom,Yes,"English, Galician",66_18,volver,simple-finite
y se enfada.,64,19,2018,Santiago de Compostela,LA,5,female,31,NA,agent,MC,D,NA,GI,Y,nullsub,DE_WR_40_31_13_14_SM,93,No,18,13,Yes,10,Outsideclassroom,Yes,"English, Galician",66_19,enfadarse,simple-finite
Entonces decide dejar al niño,64,20,2018,Santiago de Compostela,LA,5,female,31,NA,agent,MC,D,NA,GI,N,nullsub,DE_WR_40_31_13_14_SM,93,No,18,13,Yes,10,Outsideclassroom,Yes,"English, Galician",66_20,decidir,simple-finite
donde lo encontró -,64,21,2018,Santiago de Compostela,LA,5,female,31,NA,agent,SC,D,NA,GI,Y,nullsub,DE_WR_40_31_13_14_SM,93,No,18,13,Yes,10,Outsideclassroom,Yes,"English, Galician",66_21,encontrar,simple-finite
pero se enfrenta con un policía.,64,22,2018,Santiago de Compostela,LA,5,female,31,NA,agent,MC,D,NA,GI,Y,nullsub,DE_WR_40_31_13_14_SM,93,No,18,13,Yes,10,Outsideclassroom,Yes,"English, Galician",66_22,enfrentarse,simple-finite
se lleva el niño,64,24,2018,Santiago de Compostela,LA,5,female,31,NA,agent,MC,D,NA,GI,N,nullsub,DE_WR_40_31_13_14_SM,93,No,18,13,Yes,10,Outsideclassroom,Yes,"English, Galician",66_24,llevarse,simple-finite
"y lo deja en los brazos de un señor viejo barbudo,",64,25,2018,Santiago de Compostela,LA,5,female,31,NA,agent,MC,D,NA,GI,Y,nullsub,DE_WR_40_31_13_14_SM,93,No,18,13,Yes,10,Outsideclassroom,Yes,"English, Galician",66_25,dejar,simple-finite
y se va corriendo.,64,27,2018,Santiago de Compostela,LA,5,female,31,NA,agent,MC,D,NA,GI,Y,nullsub,DE_WR_40_31_13_14_SM,93,No,18,13,Yes,10,Outsideclassroom,Yes,"English, Galician",66_27,irse,periphrasis-gerund
El viejo lo busca,64,28,2018,Santiago de Compostela,LA,5,female,31,PRE,agent,MC,D,DEF,GI,N,dp,DE_WR_40_31_13_14_SM,93,No,18,13,Yes,10,Outsideclassroom,Yes,"English, Galician",66_28,buscar,simple-finite
"pero no le ve,",64,29,2018,Santiago de Compostela,LA,5,female,31,NA,pacient,MC,D,NA,GI,Y,nullsub,DE_WR_40_31_13_14_SM,93,No,18,13,Yes,10,Outsideclassroom,Yes,"English, Galician",66_29,ver,simple-finite
La zona de la ciudad parece muy pobre.,64,3,2018,Santiago de Compostela,LA,5,female,31,PRE,pacient,MC,D,DEF,NE,N,dp,DE_WR_40_31_13_14_SM,93,No,18,13,Yes,10,Outsideclassroom,Yes,"English, Galician",66_3,parecer,simple-finite
y deja el bebé en el mismo carrito de la misma señora de antes.,64,30,2018,Santiago de Compostela,LA,5,female,31,NA,agent,MC,D,NA,GI,Y,nullsub,DE_WR_40_31_13_14_SM,93,No,18,13,Yes,10,Outsideclassroom,Yes,"English, Galician",66_30,dejar,simple-finite
Charlie pensó,64,31,2018,Santiago de Compostela,LA,5,female,31,PRE,agent,MC,D,DEF,GI,N,dp,DE_WR_40_31_13_14_SM,93,No,18,13,Yes,10,Outsideclassroom,Yes,"English, Galician",66_31,pensar,simple-finite
que se salvó,64,32,2018,Santiago de Compostela,LA,5,female,31,NA,agent,SC,D,NA,GI,Y,nullsub,DE_WR_40_31_13_14_SM,93,No,18,13,Yes,10,Outsideclassroom,Yes,"English, Galician",66_32,salvarse,simple-finite
pero cuando pasa al carrito la mujer emocionada,64,33,2018,Santiago de Compostela,LA,5,female,31,NA,pacient,SC,D,NA,GI,Y,nullsub,DE_WR_40_31_13_14_SM,93,No,18,13,Yes,10,Outsideclassroom,Yes,"English, Galician",66_33,pasar,simple-finite
le ve,64,34,2018,Santiago de Compostela,LA,5,female,31,NA,pacient,MC,D,NA,GI,N,nullsub,DE_WR_40_31_13_14_SM,93,No,18,13,Yes,10,Outsideclassroom,Yes,"English, Galician",66_34,ver,simple-finite
y le devuelve el bebé otra vez con el policía,64,35,2018,Santiago de Compostela,LA,5,female,31,NA,agent,MC,D,NA,GI,Y,nullsub,DE_WR_40_31_13_14_SM,93,No,18,13,Yes,10,Outsideclassroom,Yes,"English, Galician",66_35,devolver,simple-finite
Entonces se sienta en el lado de la carretera,64,37,2018,Santiago de Compostela,LA,5,female,31,NA,agent,MC,D,NA,GI,N,nullsub,DE_WR_40_31_13_14_SM,93,No,18,13,Yes,10,Outsideclassroom,Yes,"English, Galician",66_37,sentarse,simple-finite
"y encuentra una carta,",64,38,2018,Santiago de Compostela,LA,5,female,31,NA,agent,MC,D,NA,GI,Y,nullsub,DE_WR_40_31_13_14_SM,93,No,18,13,Yes,10,Outsideclassroom,Yes,"English, Galician",66_38,encontrar,simple-finite
Algunas de las casas se están cayendo,64,4,2018,Santiago de Compostela,LA,5,female,31,PRE,pacient,MC,D,INDEF,NE,N,pron,DE_WR_40_31_13_14_SM,93,No,18,13,Yes,10,Outsideclassroom,Yes,"English, Galician",66_4,caer,simple-finite
que alguien se encarga del huérfano,64,40,2018,Santiago de Compostela,LA,5,female,31,PRE,agent,SC,IM,INDEF,NE,N,pron,DE_WR_40_31_13_14_SM,93,No,18,13,Yes,10,Outsideclassroom,Yes,"English, Galician",66_40,encargarse,simple-finite
Entonces se lleva al bebé.,64,42,2018,Santiago de Compostela,LA,5,female,31,NA,agent,MC,D,NA,GI,N,nullsub,DE_WR_40_31_13_14_SM,93,No,18,13,Yes,10,Outsideclassroom,Yes,"English, Galician",66_42,llevarse,simple-finite
y casi Le caen unos ladrillos.,64,5,2018,Santiago de Compostela,LA,5,female,31,POST,pacient,MC,D,INDEF,NE,N,dp,DE_WR_40_31_13_14_SM,93,No,18,13,Yes,10,Outsideclassroom,Yes,"English, Galician",66_5,caer,simple-finite
"Avanza algo más,",64,6,2018,Santiago de Compostela,LA,5,female,31,NA,agent,MC,D,NA,GI,N,nullsub,DE_WR_40_31_13_14_SM,93,No,18,13,Yes,10,Outsideclassroom,Yes,"English, Galician",66_6,avanzar,simple-finite
y le tiran basura.,64,8,2018,Santiago de Compostela,LA,5,female,31,NA,agent,MC,D,NA,NE,N,nullsub,DE_WR_40_31_13_14_SM,93,No,18,13,Yes,10,Outsideclassroom,Yes,"English, Galician",66_8,tirar,simple-finite
La basura también le apaga su cigarro,64,9,2018,Santiago de Compostela,LA,5,female,31,PRE,agent,MC,D,DEF,GI,N,dp,DE_WR_40_31_13_14_SM,93,No,18,13,Yes,10,Outsideclassroom,Yes,"English, Galician",66_9,apagar,simple-finite
En el videoclip vemos la historia de  Charles Chaplin,64,1,2018,Leipzig,LA,5,female,20,NA,pacient,MC,D,NA,NE,N,nullsub,DE_WR_41_20_6_14_AB,95.3,No,14,6,Yes,20,Outsideclassroom,No,English,67_1,ver,simple-finite
y le explica,64,10,2018,Leipzig,LA,5,female,20,NA,agent,MC,D,NA,GI,Y,nullsub,DE_WR_41_20_6_14_AB,95.3,No,14,6,Yes,20,Outsideclassroom,No,English,67_10,explicar,simple-finite
que este bebé no es el suyo.,64,11,2018,Leipzig,LA,5,female,20,PRE,pacient,SC,D,DEF,GI,N,dp,DE_WR_41_20_6_14_AB,95.3,No,14,6,Yes,20,Outsideclassroom,No,English,67_11,ser,simple-finite
Entonces Charly quiere poner el bebé en el lugar,64,12,2018,Leipzig,LA,5,female,20,PRE,agent,MC,D,DEF,GI,N,dp,DE_WR_41_20_6_14_AB,95.3,No,14,6,Yes,20,Outsideclassroom,No,English,67_12,poner,modal
"donde lo ha encontrado,",64,13,2018,Leipzig,LA,5,female,20,NA,agent,SC,D,NA,GI,Y,nullsub,DE_WR_41_20_6_14_AB,95.3,No,14,6,Yes,20,Outsideclassroom,No,English,67_13,encontrar,simple-finite
pero aparece un policía,64,14,2018,Leipzig,LA,5,female,20,POST,pacient,MC,D,INDEF,NE,N,dp,DE_WR_41_20_6_14_AB,95.3,No,14,6,Yes,20,Outsideclassroom,No,English,67_14,aparecer,simple-finite
y él tiene que llevárselo otra vez.,64,15,2018,Leipzig,LA,5,female,20,PRE,pacient,MC,D,DEF,GI,N,pron,DE_WR_41_20_6_14_AB,95.3,No,14,6,Yes,20,Outsideclassroom,No,English,67_15,llevarse,modal
Luego pide a un hombre,64,16,2018,Leipzig,LA,5,female,20,NA,agent,MC,D,NA,GI,Y,nullsub,DE_WR_41_20_6_14_AB,95.3,No,14,6,Yes,20,Outsideclassroom,No,English,67_16,pedir,simple-finite
que pasa por la calle,64,17,2018,Leipzig,LA,5,female,20,PRE,pacient,SC,D,DEF,GI,N,pron,DE_WR_41_20_6_14_AB,95.3,No,14,6,Yes,20,Outsideclassroom,No,English,67_17,pasar,simple-finite
que coja a bebé,64,18,2018,Leipzig,LA,5,female,20,NA,agent,SC,IM,NA,GI,N,nullsub,DE_WR_41_20_6_14_AB,95.3,No,14,6,Yes,20,Outsideclassroom,No,English,67_18,coger,simple-finite
porque se han abierto sus cordones.,64,19,2018,Leipzig,LA,5,female,20,POST,pacient,SC,D,DEF,NE,N,dp,DE_WR_41_20_6_14_AB,95.3,No,14,6,Yes,20,Outsideclassroom,No,English,67_19,abrir,simple-finite
que encuentra a un bebé en la calle a lado de un cubo de basura.,64,2,2018,Leipzig,LA,5,female,20,PRE,agent,SC,D,DEF,GI,N,pron,DE_WR_41_20_6_14_AB,95.3,No,14,6,Yes,20,Outsideclassroom,No,English,67_2,encontrar,simple-finite
Charly se va corriendo,64,20,2018,Leipzig,LA,5,female,20,PRE,agent,MC,D,DEF,GI,N,dp,DE_WR_41_20_6_14_AB,95.3,No,14,6,Yes,20,Outsideclassroom,No,English,67_20,correr,simple-finite
y el hombre se queda con el bebé.,65,21,2018,Leipzig,LA,5,female,20,PRE,agent,MC,D,DEF,GI,N,dp,DE_WR_41_20_6_14_AB,95.3,No,14,6,Yes,20,Outsideclassroom,No,English,67_21,quedarse,simple-finite
Por casualidad lo pone en el mismo cochecito como Charly,65,22,2018,Leipzig,LA,5,female,20,NA,agent,MC,D,NA,GI,Y,nullsub,DE_WR_41_20_6_14_AB,95.3,No,14,6,Yes,20,Outsideclassroom,No,English,67_22,poner,simple-finite
y se va.,65,23,2018,Leipzig,LA,5,female,20,NA,agent,MC,D,NA,GI,Y,nullsub,DE_WR_41_20_6_14_AB,95.3,No,14,6,Yes,20,Outsideclassroom,No,English,67_23,irse,simple-finite
Luego Charly pasa por el cochecito,65,24,2018,Leipzig,LA,5,female,20,PRE,pacient,MC,D,DEF,GI,N,dp,DE_WR_41_20_6_14_AB,95.3,No,14,6,Yes,20,Outsideclassroom,No,English,67_24,pasar,simple-finite
y la mujer se enfada otra vez con él.,65,25,2018,Leipzig,LA,5,female,20,PRE,agent,MC,D,DEF,GI,N,dp,DE_WR_41_20_6_14_AB,95.3,No,14,6,Yes,20,Outsideclassroom,No,English,67_25,enfadarse,simple-finite
el policía aparece,65,26,2018,Leipzig,LA,5,female,20,PRE,pacient,MC,D,DEF,GI,N,dp,DE_WR_41_20_6_14_AB,95.3,No,14,6,Yes,20,Outsideclassroom,No,English,67_26,aparecer,simple-finite
y le obligan  a llevárselo otra vez.,65,27,2018,Leipzig,LA,5,female,20,NA,agent,MC,D,NA,GI,N,nullsub,DE_WR_41_20_6_14_AB,95.3,No,14,6,Yes,20,Outsideclassroom,No,English,67_27,obligar,infinitive
Está pensando en tirar el bebé en un imbornal,65,28,2018,Leipzig,LA,5,female,20,NA,agent,MC,D,NA,GI,N,nullsub,DE_WR_41_20_6_14_AB,95.3,No,14,6,Yes,20,Outsideclassroom,No,English,67_28,pensar,periphrasis-gerund
", pero encuentra una notica",65,29,2018,Leipzig,LA,5,female,20,NA,agent,MC,D,NA,GI,Y,nullsub,DE_WR_41_20_6_14_AB,95.3,No,14,6,Yes,20,Outsideclassroom,No,English,67_29,encontrar,simple-finite
Charly no sabe,65,3,2018,Leipzig,LA,5,female,20,PRE,agent,MC,D,DEF,GI,Y,dp,DE_WR_41_20_6_14_AB,95.3,No,14,6,Yes,20,Outsideclassroom,No,English,67_3,saber,simple-finite
que dice,65,30,2018,Leipzig,LA,5,female,20,PRE,agent,SC,D,DEF,GI,N,pron,DE_WR_41_20_6_14_AB,95.3,No,14,6,Yes,20,Outsideclassroom,No,English,67_30,decir,simple-finite
que la persona debe preocuparse de él.,65,31,2018,Leipzig,LA,5,female,20,PRE,agent,SC,D,DEF,NE,N,dp,DE_WR_41_20_6_14_AB,95.3,No,14,6,Yes,20,Outsideclassroom,No,English,67_31,deber,simple-finite
que encuentra al bebé,65,32,2018,Leipzig,LA,5,female,20,PRE,agent,SC,D,DEF,GI,Y,pron,DE_WR_41_20_6_14_AB,95.3,No,14,6,Yes,20,Outsideclassroom,No,English,67_32,encontrar,simple-finite
"Así que, al final, Charly se lo lleva.",65,33,2018,Leipzig,LA,5,female,20,PRE,agent,MC,D,DEF,GI,N,dp,DE_WR_41_20_6_14_AB,95.3,No,14,6,Yes,20,Outsideclassroom,No,English,67_33,llevarse,simple-finite
"de quién es el bebé,",65,4,2018,Leipzig,LA,5,female,20,POST,pacient,SC,D,DEF,GI,N,dp,DE_WR_41_20_6_14_AB,95.3,No,14,6,Yes,20,Outsideclassroom,No,English,67_4,ser,simple-finite
pero supone,65,5,2018,Leipzig,LA,5,female,20,NA,agent,MC,D,NA,GI,N,nullsub,DE_WR_41_20_6_14_AB,95.3,No,14,6,Yes,20,Outsideclassroom,No,English,67_5,suponer,simple-finite
que es de una mujer,65,6,2018,Leipzig,LA,5,female,20,NA,pacient,SC,D,NA,GI,N,nullsub,DE_WR_41_20_6_14_AB,95.3,No,14,6,Yes,20,Outsideclassroom,No,English,67_6,ser,simple-finite
que pasa por la calle con un cochecito.,65,7,2018,Leipzig,LA,5,female,20,PRE,pacient,SC,D,DEF,GI,N,pron,DE_WR_41_20_6_14_AB,95.3,No,14,6,Yes,20,Outsideclassroom,No,English,67_7,pasar,simple-finite
Por eso pone el bebé en el cochecito.,65,8,2018,Leipzig,LA,5,female,20,NA,agent,MC,D,NA,GI,N,nullsub,DE_WR_41_20_6_14_AB,95.3,No,14,6,Yes,20,Outsideclassroom,No,English,67_8,ponerse,simple-finite
La mujer se enfada,65,9,2018,Leipzig,LA,5,female,20,PRE,agent,MC,D,DEF,GI,N,dp,DE_WR_41_20_6_14_AB,95.3,No,14,6,Yes,20,Outsideclassroom,No,English,67_9,enfadarse,simple-finite
se saca un cigarillo de una cajita,65,10,2019,Erlangen,UA,6,female,21,NA,agent,MC,D,NA,GI,Y,nullsub,DE_WR_41_21_2_14_CB,95.3,No,19,2,Yes,20,Insideclassroom,Yes,Italian,68_10,sacar,simple-finite
y lo enciende.,65,11,2019,Erlangen,UA,6,female,21,NA,agent,MC,D,NA,GI,Y,nullsub,DE_WR_41_21_2_14_CB,95.3,No,19,2,Yes,20,Insideclassroom,Yes,Italian,68_11,encender,simple-finite
"Un instante más tarde, ve a un bebé abandonado",66,12,2019,Erlangen,UA,6,female,21,NA,pacient,MC,D,NA,GI,Y,nullsub,DE_WR_41_21_2_14_CB,95.3,No,19,2,Yes,20,Insideclassroom,Yes,Italian,68_12,ver,simple-finite
que alguien había puesto por el suelo.,66,13,2019,Erlangen,UA,6,female,21,PRE,agent,SC,D,INDEF,NE,N,pron,DE_WR_41_21_2_14_CB,95.3,No,19,2,Yes,20,Insideclassroom,Yes,Italian,68_13,poner,simple-finite
"Él tome el bebé,",66,14,2019,Erlangen,UA,6,female,21,PRE,agent,MC,D,DEF,GI,N,pron,DE_WR_41_21_2_14_CB,95.3,No,19,2,Yes,20,Insideclassroom,Yes,Italian,68_14,tomar,simple-finite
pero se da cuenta,66,15,2019,Erlangen,UA,6,female,21,NA,pacient,MC,D,NA,GI,Y,nullsub,DE_WR_41_21_2_14_CB,95.3,No,19,2,Yes,20,Insideclassroom,Yes,Italian,68_15,darse ,periphrasis-lexical
de que no sabe,66,16,2019,Erlangen,UA,6,female,21,NA,agent,SC,D,NA,GI,Y,nullsub,DE_WR_41_21_2_14_CB,95.3,No,19,2,Yes,20,Insideclassroom,Yes,Italian,68_16,saber,simple-finite
Primero lo pone en el cochecito para niños de una mujer,66,18,2019,Erlangen,UA,6,female,21,NA,agent,MC,D,NA,GI,Y,nullsub,DE_WR_41_21_2_14_CB,95.3,No,19,2,Yes,20,Insideclassroom,Yes,Italian,68_18,poner,simple-finite
que lo había olvidado ella.,66,20,2019,Erlangen,UA,6,female,21,POST,pacient,SC,D,DEF,GI,N,pron,DE_WR_41_21_2_14_CB,95.3,No,19,2,Yes,20,Insideclassroom,Yes,Italian,68_20,olvidar,simple-finite
La mujer se enfada mucho,66,21,2019,Erlangen,UA,6,female,21,PRE,agent,MC,D,DEF,GI,Y,dp,DE_WR_41_21_2_14_CB,95.3,No,19,2,Yes,20,Insideclassroom,Yes,Italian,68_21,enfadarse,simple-finite
y él tiene que sacarlo del cochecito.,66,22,2019,Erlangen,UA,6,female,21,PRE,agent,MC,D,DEF,GI,N,pron,DE_WR_41_21_2_14_CB,95.3,No,19,2,Yes,20,Insideclassroom,Yes,Italian,68_22,sacar,modal
Después lo da a un anciano,66,23,2019,Erlangen,UA,6,female,21,NA,agent,MC,D,NA,GI,Y,nullsub,DE_WR_41_21_2_14_CB,95.3,No,19,2,Yes,20,Insideclassroom,Yes,Italian,68_23,darse ,simple-finite
En el momento […] empieza a cazar el hombre,66,25,2019,Erlangen,UA,6,female,21,NA,agent,MC,D,NA,GI,N,nullsub,DE_WR_41_21_2_14_CB,95.3,No,19,2,Yes,20,Insideclassroom,Yes,Italian,68_25,cazar,periphrasis-lexical
en el que el anciano entiende,66,26,2019,Erlangen,UA,6,female,21,PRE,agent,SC,D,DEF,GI,Y,dp,DE_WR_41_21_2_14_CB,95.3,No,19,2,Yes,20,Insideclassroom,Yes,Italian,68_26,entender,simple-finite
"lo que está pasando,",66,27,2019,Erlangen,UA,6,female,21,PRE,agent,SC,D,DEF,NE,N,pron,DE_WR_41_21_2_14_CB,95.3,No,19,2,Yes,20,Insideclassroom,Yes,Italian,68_27,pasar,periphrasis-gerund
"El hombre corre por toda la ciudad,",66,29,2019,Erlangen,UA,6,female,21,PRE,agent,MC,D,DEF,GI,N,dp,DE_WR_41_21_2_14_CB,95.3,No,19,2,Yes,20,Insideclassroom,Yes,Italian,68_29,correr,simple-finite
De las plantas superiores de una casa están cayendo bloques de ladrillo,66,3,2019,Erlangen,UA,6,female,21,POST,pacient,MC,D,NA,NE,N,dp,DE_WR_41_21_2_14_CB,95.3,No,19,2,Yes,20,Insideclassroom,Yes,Italian,68_3,caer,periphrasis-gerund
pero no lo consigue.,66,31,2019,Erlangen,UA,6,female,21,NA,agent,MC,D,NA,GI,Y,nullsub,DE_WR_41_21_2_14_CB,95.3,No,19,2,Yes,20,Insideclassroom,Yes,Italian,68_31,conseguir,simple-finite
"Otra vez intenta meterlo en el cochecito para niños de la mujer,",66,32,2019,Erlangen,UA,6,female,21,NA,agent,MC,D,NA,GI,Y,nullsub,DE_WR_41_21_2_14_CB,95.3,No,19,2,Yes,20,Insideclassroom,Yes,Italian,68_32,intentar,infinitive
pero cuando ella sale de una tienda,66,33,2019,Erlangen,UA,6,female,21,PRE,agent,SC,D,DEF,GI,N,pron,DE_WR_41_21_2_14_CB,95.3,No,19,2,Yes,20,Insideclassroom,Yes,Italian,68_33,salir,simple-finite
"y se da cuenta,",66,34,2019,Erlangen,UA,6,female,21,NA,pacient,MC,D,NA,GI,Y,nullsub,DE_WR_41_21_2_14_CB,95.3,No,19,2,Yes,20,Insideclassroom,Yes,Italian,68_34,darse ,periphrasis-lexical
golpea al hombre con su paraaguas.,66,35,2019,Erlangen,UA,6,female,21,NA,agent,MC,D,NA,GI,Y,nullsub,DE_WR_41_21_2_14_CB,95.3,No,19,2,Yes,20,Insideclassroom,Yes,Italian,68_35,golpear,simple-finite
Frustrado y desorientado el hombre se sienta al margen de la calle con el bebé en los brazos.,66,36,2019,Erlangen,UA,6,female,21,PRE,agent,MC,D,DEF,GI,N,dp,DE_WR_41_21_2_14_CB,95.3,No,19,2,Yes,20,Insideclassroom,Yes,Italian,68_36,sentarse,simple-finite
"En la ropa del bebé encuentra una carta,",66,37,2019,Erlangen,UA,6,female,21,NA,agent,MC,D,NA,GI,Y,nullsub,DE_WR_41_21_2_14_CB,95.3,No,19,2,Yes,20,Insideclassroom,Yes,Italian,68_37,encontrar,simple-finite
El hombre sonríe,66,41,2019,Erlangen,UA,6,female,21,PRE,agent,MC,D,DEF,GI,N,dp,DE_WR_41_21_2_14_CB,95.3,No,19,2,Yes,20,Insideclassroom,Yes,Italian,68_41,sonreír,simple-finite
y se va.,66,42,2019,Erlangen,UA,6,female,21,NA,agent,MC,D,NA,GI,Y,nullsub,DE_WR_41_21_2_14_CB,95.3,No,19,2,Yes,20,Insideclassroom,Yes,Italian,68_42,irse,simple-finite
El hombre se quita del polvo,66,5,2019,Erlangen,UA,6,female,21,PRE,agent,MC,D,DEF,GI,N,dp,DE_WR_41_21_2_14_CB,95.3,No,19,2,Yes,20,Insideclassroom,Yes,Italian,68_5,llevarse,simple-finite
que la caída de los bloques provocó,66,6,2019,Erlangen,UA,6,female,21,PRE,agent,SC,D,DEF,NE,N,dp,DE_WR_41_21_2_14_CB,95.3,No,19,2,Yes,20,Insideclassroom,Yes,Italian,68_6,provocar,simple-finite
y sigue andando.,66,7,2019,Erlangen,UA,6,female,21,NA,agent,MC,D,NA,GI,N,nullsub,DE_WR_41_21_2_14_CB,95.3,No,19,2,Yes,20,Insideclassroom,Yes,Italian,68_7,andar,periphrasis-gerund
Se pone los guantes,66,8,2019,Erlangen,UA,6,female,21,NA,agent,MC,D,NA,GI,Y,nullsub,DE_WR_41_21_2_14_CB,95.3,No,19,2,Yes,20,Insideclassroom,Yes,Italian,68_8,ponerse,simple-finite
"que ya tiene un bebé,",66,11,2018,Munich,LI,3,female,21,NA,pacient,SC,D,NA,GI,Y,nullsub,DE_WR_41_21_3_14_MP,95.3,No,18,3,Yes,15,Outsideclassroom,No,English,69_11,tener,simple-finite
pero la mujer no lo quiere,66,12,2018,Munich,LI,3,female,21,PRE,agent,MC,D,DEF,GI,Y,dp,DE_WR_41_21_3_14_MP,95.3,No,18,3,Yes,15,Outsideclassroom,No,English,69_12,querer,simple-finite
y rechaza el bebé.,66,13,2018,Munich,LI,3,female,21,NA,agent,MC,D,NA,GI,Y,nullsub,DE_WR_41_21_3_14_MP,95.3,No,18,3,Yes,15,Outsideclassroom,No,English,69_13,rechazar,simple-finite
Después Chaplin intenta dejar el bebé,66,14,2018,Munich,LI,3,female,21,PRE,agent,MC,D,DEF,GI,N,dp,DE_WR_41_21_3_14_MP,95.3,No,18,3,Yes,15,Outsideclassroom,No,English,69_14,intentar,infinitive
"donde lo encontró,",66,15,2018,Munich,LI,3,female,21,NA,agent,SC,D,NA,GI,Y,nullsub,DE_WR_41_21_3_14_MP,95.3,No,18,3,Yes,15,Outsideclassroom,No,English,69_15,encontrar,simple-finite
"pero le ve la policia,",66,16,2018,Munich,LI,3,female,21,POST,pacient,MC,D,DEF,NE,N,dp,DE_WR_41_21_3_14_MP,95.3,No,18,3,Yes,15,Outsideclassroom,No,English,69_16,ver,simple-finite
asi que se va,66,17,2018,Munich,LI,3,female,21,NA,agent,MC,D,NA,GI,N,nullsub,DE_WR_41_21_3_14_MP,95.3,No,18,3,Yes,15,Outsideclassroom,No,English,69_17,irse,simple-finite
Cuando encuentra otro hombre,67,19,2018,Munich,LI,3,female,21,NA,agent,SC,D,NA,GI,Y,nullsub,DE_WR_41_21_3_14_MP,95.3,No,18,3,Yes,15,Outsideclassroom,No,English,69_19,encontrar,simple-finite
intenta dejar el bebé con el,67,20,2018,Munich,LI,3,female,21,NA,agent,MC,D,NA,GI,Y,nullsub,DE_WR_41_21_3_14_MP,95.3,No,18,3,Yes,15,Outsideclassroom,No,English,69_20,intentar,infinitive
el otro hombre deja el bebé con la misma mujer,67,22,2018,Munich,LI,3,female,21,PRE,agent,MC,D,DEF,GI,N,dp,DE_WR_41_21_3_14_MP,95.3,No,18,3,Yes,15,Outsideclassroom,No,English,69_22,dejar,simple-finite
a la que antes había encontrado Chaplin,67,23,2018,Munich,LI,3,female,21,POST,agent,SC,D,DEF,GI,N,dp,DE_WR_41_21_3_14_MP,95.3,No,18,3,Yes,15,Outsideclassroom,No,English,69_23,encontrar,simple-finite
y que ya tiene un bebé.,67,24,2018,Munich,LI,3,female,21,PRE,pacient,MC,D,DEF,GI,N,pron,DE_WR_41_21_3_14_MP,95.3,No,18,3,Yes,15,Outsideclassroom,No,English,69_24,tener,simple-finite
Cuando la mujer se da cuenta de esto,67,25,2018,Munich,LI,3,female,21,PRE,pacient,SC,D,DEF,GI,N,dp,DE_WR_41_21_3_14_MP,95.3,No,18,3,Yes,15,Outsideclassroom,No,English,69_25,darse ,periphrasis-lexical
"ve a Chaplin,",67,26,2018,Munich,LI,3,female,21,NA,pacient,MC,D,NA,GI,Y,nullsub,DE_WR_41_21_3_14_MP,95.3,No,18,3,Yes,15,Outsideclassroom,No,English,69_26,ver,simple-finite
empieza a lamentar en alta voz,67,27,2018,Munich,LI,3,female,21,NA,agent,MC,D,NA,GI,Y,nullsub,DE_WR_41_21_3_14_MP,95.3,No,18,3,Yes,15,Outsideclassroom,No,English,69_27,lamentar,simple-finite
y la policia se acerca.,67,28,2018,Munich,LI,3,female,21,PRE,agent,MC,D,DEF,GI,N,dp,DE_WR_41_21_3_14_MP,95.3,No,18,3,Yes,15,Outsideclassroom,No,English,69_28,acercarse,simple-finite
"Por eso Chaplin se va con el bebé de nuevo,",67,29,2018,Munich,LI,3,female,21,PRE,agent,MC,D,DEF,GI,N,dp,DE_WR_41_21_3_14_MP,95.3,No,18,3,Yes,15,Outsideclassroom,No,English,69_29,irse,simple-finite
mientras que gente está echando basura,67,3,2018,Munich,LI,3,female,21,PRE,agent,SC,D,INDEF,NE,N,dp,DE_WR_41_21_3_14_MP,95.3,No,18,3,Yes,15,Outsideclassroom,No,English,69_3,echar,periphrasis-gerund
porque no quiere,67,30,2018,Munich,LI,3,female,21,NA,agent,SC,D,NA,GI,Y,nullsub,DE_WR_41_21_3_14_MP,95.3,No,18,3,Yes,15,Outsideclassroom,No,English,69_30,querer,simple-finite
que la policia le eche la bronca.,67,31,2018,Munich,LI,3,female,21,PRE,agent,SC,D,DEF,GI,N,dp,DE_WR_41_21_3_14_MP,95.3,No,18,3,Yes,15,Outsideclassroom,No,English,69_31,echar,simple-finite
Al final se sienta con el,67,32,2018,Munich,LI,3,female,21,NA,agent,MC,D,NA,GI,N,nullsub,DE_WR_41_21_3_14_MP,95.3,No,18,3,Yes,15,Outsideclassroom,No,English,69_32,sentarse,simple-finite
y aparece bastante contento.,67,33,2018,Munich,LI,3,female,21,NA,pacient,MC,D,NA,GI,Y,nullsub,DE_WR_41_21_3_14_MP,95.3,No,18,3,Yes,15,Outsideclassroom,No,English,69_33,aparecer,simple-finite
"Le gusta el bebé,",67,34,2018,Munich,LI,3,female,21,POST,pacient,MC,D,DEF,GI,N,dp,DE_WR_41_21_3_14_MP,95.3,No,18,3,Yes,15,Outsideclassroom,No,English,69_34,gustar,simple-finite
"empieza a sonreír,",67,35,2018,Munich,LI,3,female,21,NA,agent,MC,D,NA,GI,N,nullsub,DE_WR_41_21_3_14_MP,95.3,No,18,3,Yes,15,Outsideclassroom,No,English,69_35,sonreír,periphrasis-lexical
"y se va con el otra vez,",67,36,2018,Munich,LI,3,female,21,NA,agent,MC,D,NA,GI,Y,nullsub,DE_WR_41_21_3_14_MP,95.3,No,18,3,Yes,15,Outsideclassroom,No,English,69_36,irse,simple-finite
pero sin intentar dejarlo con alguien.,67,37,2018,Munich,LI,3,female,21,NA,agent,SC,D,NA,GI,Y,nullsub,DE_WR_41_21_3_14_MP,95.3,No,18,3,Yes,15,Outsideclassroom,No,English,69_37,intentar,infinitive
que hace sucio Chaplin tambien.,67,4,2018,Munich,LI,3,female,21,PRE,agent,SC,D,DEF,GI,N,pron,DE_WR_41_21_3_14_MP,95.3,No,18,3,Yes,15,Outsideclassroom,No,English,69_4,hacer,simple-finite
Mientras que está lamentando,67,5,2018,Munich,LI,3,female,21,NA,agent,SC,D,NA,GI,N,nullsub,DE_WR_41_21_3_14_MP,95.3,No,18,3,Yes,15,Outsideclassroom,No,English,69_5,lamentar,periphrasis-gerund
se da cuenta de,67,6,2018,Munich,LI,3,female,21,NA,pacient,MC,D,NA,GI,Y,nullsub,DE_WR_41_21_3_14_MP,95.3,No,18,3,Yes,15,Outsideclassroom,No,English,69_6,darse ,periphrasis-lexical
lo que alguien dejó su bebé en este patio.,67,7,2018,Munich,LI,3,female,21,PRE,agent,SC,D,INDEF,NE,N,pron,DE_WR_41_21_3_14_MP,95.3,No,18,3,Yes,15,Outsideclassroom,No,English,69_7,dejar,simple-finite
Al principio Chaplin piensa,67,8,2018,Munich,LI,3,female,21,PRE,agent,MC,D,DEF,GI,N,dp,DE_WR_41_21_3_14_MP,95.3,No,18,3,Yes,15,Outsideclassroom,No,English,69_8,pensar,simple-finite
que fue dejado por una mujar,67,9,2018,Munich,LI,3,female,21,NA,pacient,SC,D,NA,GI,N,nullsub,DE_WR_41_21_3_14_MP,95.3,No,18,3,Yes,15,Outsideclassroom,No,English,69_9,dejar,passive
Es un video con Charlie Chaplin.,67,1,2018,NA,UB,2,female,34,POST,pacient,MC,D,INDEF,NE,N,dp,DE_WR_24_34_4_14_SO,55.8,Yes,30,4,Yes,360,Outsideclassroom,Yes,English,7_1,ser,simple-finite
Charlie quiere poner el bebe en su coche con el otro bebe.,67,10,2018,NA,UB,2,female,34,PRE,agent,MC,D,DEF,GI,N,dp,DE_WR_24_34_4_14_SO,55.8,Yes,30,4,Yes,360,Outsideclassroom,Yes,English,7_10,poner,modal
Pero la mujer no se gusta,67,11,2018,NA,UB,2,female,34,NA,agent,MC,D,NA,GI,N,nullsub,DE_WR_24_34_4_14_SO,55.8,Yes,30,4,Yes,360,Outsideclassroom,Yes,English,7_11,gustar,simple-finite
y Charlie necesita,67,12,2018,NA,UB,2,female,34,PRE,agent,MC,D,DEF,GI,N,dp,DE_WR_24_34_4_14_SO,55.8,Yes,30,4,Yes,360,Outsideclassroom,Yes,English,7_12,necesitar,simple-finite
y pone el bebe otra vez.,67,13,2018,NA,UB,2,female,34,NA,agent,MC,D,NA,GI,Y,nullsub,DE_WR_24_34_4_14_SO,55.8,Yes,30,4,Yes,360,Outsideclassroom,Yes,English,7_13,poner,simple-finite
"Despues Charlie quiere pone el nino en la calle,",67,14,2018,NA,UB,2,female,34,PRE,agent,MC,D,DEF,GI,Y,dp,DE_WR_24_34_4_14_SO,55.8,Yes,30,4,Yes,360,Outsideclassroom,Yes,English,7_14,poner,modal
en este momento la policia esta alla,67,15,2018,NA,UB,2,female,34,PRE,pacient,MC,D,DEF,GI,N,dp,DE_WR_24_34_4_14_SO,55.8,Yes,30,4,Yes,360,Outsideclassroom,Yes,English,7_15,estar,simple-finite
y el plan esta rompio.,67,16,2018,NA,UB,2,female,34,PRE,pacient,MC,D,DEF,NE,N,dp,DE_WR_24_34_4_14_SO,55.8,Yes,30,4,Yes,360,Outsideclassroom,Yes,English,7_16,estar,simple-finite
Charlie pone el nino en los brazos de un otro senor en esta calle.,68,17,2018,NA,UB,2,female,34,PRE,agent,MC,D,DEF,GI,N,dp,DE_WR_24_34_4_14_SO,55.8,Yes,30,4,Yes,360,Outsideclassroom,Yes,English,7_17,poner,simple-finite
Ello traje el bebe,68,18,2018,NA,UB,2,female,34,PRE,agent,MC,D,DEF,GI,Y,pron,DE_WR_24_34_4_14_SO,55.8,Yes,30,4,Yes,360,Outsideclassroom,Yes,English,7_18,traer,simple-finite
y pone el en el coche de las senora.,68,19,2018,NA,UB,2,female,34,NA,agent,MC,D,NA,GI,Y,nullsub,DE_WR_24_34_4_14_SO,55.8,Yes,30,4,Yes,360,Outsideclassroom,Yes,English,7_19,poner,simple-finite
El esta caminando,68,2,2018,NA,UB,2,female,34,PRE,pacient,MC,D,DEF,GI,N,pron,DE_WR_24_34_4_14_SO,55.8,Yes,30,4,Yes,360,Outsideclassroom,Yes,English,7_2,estar,simple-finite
Cuando la senora ve Charlie,68,20,2018,NA,UB,2,female,34,PRE,pacient,MC,D,DEF,GI,N,dp,DE_WR_24_34_4_14_SO,55.8,Yes,30,4,Yes,360,Outsideclassroom,Yes,English,7_20,ver,simple-finite
pone la bebe en los brazos de ello.,68,21,2018,NA,UB,2,female,34,NA,agent,MC,D,NA,GI,Y,nullsub,DE_WR_24_34_4_14_SO,55.8,Yes,30,4,Yes,360,Outsideclassroom,Yes,English,7_21,poner,simple-finite
Charlie se sienta,68,22,2018,NA,UB,2,female,34,PRE,agent,MC,D,DEF,GI,N,dp,DE_WR_24_34_4_14_SO,55.8,Yes,30,4,Yes,360,Outsideclassroom,Yes,English,7_22,sentarse,simple-finite
y mire al nino.,68,23,2018,NA,UB,2,female,34,NA,agent,MC,D,NA,GI,Y,nullsub,DE_WR_24_34_4_14_SO,55.8,Yes,30,4,Yes,360,Outsideclassroom,Yes,English,7_23,mirar,simple-finite
Hay un papel en la camisa del bebe,68,24,2018,NA,UB,2,female,34,NA,pacient,MC,D,NA,NE,N,nullsub,DE_WR_24_34_4_14_SO,55.8,Yes,30,4,Yes,360,Outsideclassroom,Yes,English,7_24,haber,simple-finite
que dize:,68,25,2018,NA,UB,2,female,34,PRE,agent,MC,D,DEF,NE,Y,pron,DE_WR_24_34_4_14_SO,55.8,Yes,30,4,Yes,360,Outsideclassroom,Yes,English,7_25,decir,simple-finite
"""Necesito amor y abrazos por favor,",68,26,2018,NA,UB,2,female,34,NA,agent,MC,D,NA,GI,N,nullsub,DE_WR_24_34_4_14_SO,55.8,Yes,30,4,Yes,360,Outsideclassroom,Yes,English,7_26,necesitar,simple-finite
"no tengo madre ni padre!""",68,27,2018,NA,UB,2,female,34,NA,pacient,MC,D,NA,GI,Y,nullsub,DE_WR_24_34_4_14_SO,55.8,Yes,30,4,Yes,360,Outsideclassroom,Yes,English,7_27,tener,simple-finite
cuando piedras estan volando desde la casa.,68,3,2018,NA,UB,2,female,34,PRE,agent,SC,D,INDEF,NE,N,dp,DE_WR_24_34_4_14_SO,55.8,Yes,30,4,Yes,360,Outsideclassroom,Yes,English,7_3,volar,periphrasis-gerund
"Cuando mire,",68,4,2018,NA,UB,2,female,34,NA,agent,SC,D,NA,GI,N,nullsub,DE_WR_24_34_4_14_SO,55.8,Yes,30,4,Yes,360,Outsideclassroom,Yes,English,7_4,mirar,simple-finite
ve un bebe en la calle que sta solito.,68,5,2018,NA,UB,2,female,34,NA,pacient,MC,D,NA,GI,Y,nullsub,DE_WR_24_34_4_14_SO,55.8,Yes,30,4,Yes,360,Outsideclassroom,Yes,English,7_5,ver,simple-finite
Charlie pone el nino,68,6,2018,NA,UB,2,female,34,PRE,agent,MC,D,DEF,GI,Y,dp,DE_WR_24_34_4_14_SO,55.8,Yes,30,4,Yes,360,Outsideclassroom,Yes,English,7_6,poner,simple-finite
pero no se,68,7,2018,NA,UB,2,female,34,NA,agent,MC,D,NA,GI,Y,nullsub,DE_WR_24_34_4_14_SO,55.8,Yes,30,4,Yes,360,Outsideclassroom,Yes,English,7_7,saber,simple-finite
que lo que nesesita.,68,8,2018,NA,UB,2,female,34,NA,agent,SC,I,NA,GI,N,nullsub,DE_WR_24_34_4_14_SO,55.8,Yes,30,4,Yes,360,Outsideclassroom,Yes,English,7_8,necesitar,simple-finite
"Cuando una mujer con su nino camina en este calle,",68,9,2018,NA,UB,2,female,34,PRE,agent,MC,D,INDEF,NE,N,dp,DE_WR_24_34_4_14_SO,55.8,Yes,30,4,Yes,360,Outsideclassroom,Yes,English,7_9,caminar,simple-finite
Él intenta poner el bebé en su lugar original,68,10,2019,Erlangen,UA,6,female,21,PRE,agent,MC,D,DEF,GI,N,pron,DE_WR_41_21_5_14_HB,95.3,No,16,5,No,10,Insideclassroom,No,English,70_10,intentar,infinitive
pero un policía le ve,68,11,2019,Erlangen,UA,6,female,21,PRE,pacient,MC,D,INDEF,NE,N,dp,DE_WR_41_21_5_14_HB,95.3,No,16,5,No,10,Insideclassroom,No,English,70_11,ver,simple-finite
y por eso levanta al bebé otra vez,68,12,2019,Erlangen,UA,6,female,21,NA,agent,MC,D,NA,GI,N,nullsub,DE_WR_41_21_5_14_HB,95.3,No,16,5,No,10,Insideclassroom,No,English,70_12,levantar,simple-finite
y se va.,68,13,2019,Erlangen,UA,6,female,21,NA,agent,MC,D,NA,GI,Y,nullsub,DE_WR_41_21_5_14_HB,95.3,No,16,5,No,10,Insideclassroom,No,English,70_13,irse,simple-finite
Ve a un hombre,68,14,2019,Erlangen,UA,6,female,21,NA,pacient,MC,D,NA,GI,Y,nullsub,DE_WR_41_21_5_14_HB,95.3,No,16,5,No,10,Insideclassroom,No,English,70_14,ver,simple-finite
y decide darle el bebé sin decir algo y salir corriendo.,68,15,2019,Erlangen,UA,6,female,21,NA,agent,MC,D,NA,GI,Y,nullsub,DE_WR_41_21_5_14_HB,95.3,No,16,5,No,10,Insideclassroom,No,English,70_15,decidir,infinitive
El hombre está sorprendido,68,16,2019,Erlangen,UA,6,female,21,PRE,pacient,MC,D,DEF,GI,N,dp,DE_WR_41_21_5_14_HB,95.3,No,16,5,No,10,Insideclassroom,No,English,70_16,estar,simple-finite
y sigue a Charles.,68,17,2019,Erlangen,UA,6,female,21,NA,agent,MC,D,NA,GI,Y,nullsub,DE_WR_41_21_5_14_HB,95.3,No,16,5,No,10,Insideclassroom,No,English,70_17,seguir,simple-finite
No puede encontrarle,68,18,2019,Erlangen,UA,6,female,21,NA,agent,MC,D,NA,GI,Y,nullsub,DE_WR_41_21_5_14_HB,95.3,No,16,5,No,10,Insideclassroom,No,English,70_18,encontrar,modal
pero ve un cochecito enfrente de una tienda.,68,19,2019,Erlangen,UA,6,female,21,NA,pacient,MC,D,NA,GI,Y,nullsub,DE_WR_41_21_5_14_HB,95.3,No,16,5,No,10,Insideclassroom,No,English,70_19,ver,simple-finite
En ella encuentra a un bebé en la calle.,68,2,2019,Erlangen,UA,6,female,21,NA,agent,MC,D,NA,GI,N,nullsub,DE_WR_41_21_5_14_HB,95.3,No,16,5,No,10,Insideclassroom,No,English,70_2,encontrar,simple-finite
Pone el bebé en él,69,20,2019,Erlangen,UA,6,female,21,NA,agent,MC,D,NA,GI,Y,nullsub,DE_WR_41_21_5_14_HB,95.3,No,16,5,No,10,Insideclassroom,No,English,70_20,poner,simple-finite
y corre.,69,21,2019,Erlangen,UA,6,female,21,NA,agent,MC,D,NA,GI,Y,nullsub,DE_WR_41_21_5_14_HB,95.3,No,16,5,No,10,Insideclassroom,No,English,70_21,correr,simple-finite
La madre sale de la tienda,69,22,2019,Erlangen,UA,6,female,21,PRE,agent,MC,D,DEF,GI,N,dp,DE_WR_41_21_5_14_HB,95.3,No,16,5,No,10,Insideclassroom,No,English,70_22,salir,simple-finite
y ve primero al bebé,69,23,2019,Erlangen,UA,6,female,21,NA,pacient,MC,D,NA,GI,Y,nullsub,DE_WR_41_21_5_14_HB,95.3,No,16,5,No,10,Insideclassroom,No,English,70_23,ver,simple-finite
que está pasando por la tienda.,69,25,2019,Erlangen,UA,6,female,21,PRE,agent,SC,D,DEF,GI,N,pron,DE_WR_41_21_5_14_HB,95.3,No,16,5,No,10,Insideclassroom,No,English,70_25,pasar,periphrasis-gerund
Ella dice otra vez,69,26,2019,Erlangen,UA,6,female,21,PRE,agent,MC,D,DEF,GI,N,pron,DE_WR_41_21_5_14_HB,95.3,No,16,5,No,10,Insideclassroom,No,English,70_26,decir,simple-finite
que no es su bebé,69,27,2019,Erlangen,UA,6,female,21,POST,pacient,SC,D,DEF,GI,N,dp,DE_WR_41_21_5_14_HB,95.3,No,16,5,No,10,Insideclassroom,No,English,70_27,caer,simple-finite
y él le levanta,69,28,2019,Erlangen,UA,6,female,21,PRE,agent,MC,D,DEF,GI,N,pron,DE_WR_41_21_5_14_HB,95.3,No,16,5,No,10,Insideclassroom,No,English,70_28,levantar,simple-finite
y se va.,69,29,2019,Erlangen,UA,6,female,21,NA,agent,MC,D,NA,GI,Y,nullsub,DE_WR_41_21_5_14_HB,95.3,No,16,5,No,10,Insideclassroom,No,English,70_29,irse,simple-finite
Primero piensa,69,3,2019,Erlangen,UA,6,female,21,NA,agent,MC,D,NA,GI,Y,nullsub,DE_WR_41_21_5_14_HB,95.3,No,16,5,No,10,Insideclassroom,No,English,70_3,pensar,simple-finite
Luego encuentra un papel sujetado al bebé,69,30,2019,Erlangen,UA,6,female,21,NA,agent,MC,D,NA,GI,Y,nullsub,DE_WR_41_21_5_14_HB,95.3,No,16,5,No,10,Insideclassroom,No,English,70_30,encontrar,simple-finite
que dice,69,31,2019,Erlangen,UA,6,female,21,PRE,agent,SC,D,DEF,GI,N,pron,DE_WR_41_21_5_14_HB,95.3,No,16,5,No,10,Insideclassroom,No,English,70_31,decir,simple-finite
Charles sonríe,69,33,2019,Erlangen,UA,6,female,21,PRE,agent,MC,D,DEF,GI,N,dp,DE_WR_41_21_5_14_HB,95.3,No,16,5,No,10,Insideclassroom,No,English,70_33,sonreír,simple-finite
y se va junto con el bebé.,69,34,2019,Erlangen,UA,6,female,21,NA,agent,MC,D,NA,GI,Y,nullsub,DE_WR_41_21_5_14_HB,95.3,No,16,5,No,10,Insideclassroom,No,English,70_34,irse,simple-finite
"que ha entrado una casa cercana,",69,5,2019,Erlangen,UA,6,female,21,PRE,agent,SC,D,DEF,GI,N,pron,DE_WR_41_21_5_14_HB,95.3,No,16,5,No,10,Insideclassroom,No,English,70_5,entrar,simple-finite
la mujer sale del edificio,69,7,2019,Erlangen,UA,6,female,21,PRE,agent,MC,D,DEF,GI,N,dp,DE_WR_41_21_5_14_HB,95.3,No,16,5,No,10,Insideclassroom,No,English,70_7,salir,simple-finite
y dice,69,8,2019,Erlangen,UA,6,female,21,NA,agent,MC,D,NA,GI,Y,nullsub,DE_WR_41_21_5_14_HB,95.3,No,16,5,No,10,Insideclassroom,No,English,70_8,decir,simple-finite
que no es su bebé.,69,9,2019,Erlangen,UA,6,female,21,POST,pacient,SC,D,DEF,GI,N,dp,DE_WR_41_21_5_14_HB,95.3,No,16,5,No,10,Insideclassroom,No,English,70_9,ser,simple-finite
Charles Chaplin camina por la calle,69,1,2019,Wien,LA,5,female,22,PRE,agent,MC,D,DEF,NE,N,dp,DE_WR_41_22_8.5_14_AF,95.3,No,13,8.5,Yes,15,Insideclassroom,No,English,71_1,caminar,simple-finite
y lo pone en el sitio,69,10,2019,Wien,LA,5,female,22,NA,agent,MC,D,NA,GI,Y,nullsub,DE_WR_41_22_8.5_14_AF,95.3,No,13,8.5,Yes,15,Insideclassroom,No,English,71_10,poner,simple-finite
donde lo he encontrado.,69,11,2019,Wien,LA,5,female,22,NA,agent,SC,D,NA,GI,Y,nullsub,DE_WR_41_22_8.5_14_AF,95.3,No,13,8.5,Yes,15,Insideclassroom,No,English,71_11,encontrar,simple-finite
Cuando se da la vuelta al bebé,69,12,2019,Wien,LA,5,female,22,NA,pacient,SC,D,NA,GI,Y,nullsub,DE_WR_41_22_8.5_14_AF,95.3,No,13,8.5,Yes,15,Insideclassroom,No,English,71_12,darse ,periphrasis-lexical
encuentra con un policia,69,13,2019,Wien,LA,5,female,22,NA,agent,MC,D,NA,GI,Y,nullsub,DE_WR_41_22_8.5_14_AF,95.3,No,13,8.5,Yes,15,Insideclassroom,No,English,71_13,encontrar,simple-finite
"y por eso coge el bebé otra vez,",69,14,2019,Wien,LA,5,female,22,NA,agent,MC,D,NA,GI,Y,nullsub,DE_WR_41_22_8.5_14_AF,95.3,No,13,8.5,Yes,15,Insideclassroom,No,English,71_14,coger,simple-finite
para que no parezca como un criminal.,69,15,2019,Wien,LA,5,female,22,NA,pacient,SC,D,NA,GI,Y,nullsub,DE_WR_41_22_8.5_14_AF,95.3,No,13,8.5,Yes,15,Insideclassroom,No,English,71_15,parecer,simple-finite
Recoge el bebé de nuevo,69,16,2019,Wien,LA,5,female,22,NA,agent,MC,D,NA,GI,Y,nullsub,DE_WR_41_22_8.5_14_AF,95.3,No,13,8.5,Yes,15,Insideclassroom,No,English,71_16,recoger,simple-finite
y lo da a un hombre,69,17,2019,Wien,LA,5,female,22,NA,agent,MC,D,NA,GI,Y,nullsub,DE_WR_41_22_8.5_14_AF,95.3,No,13,8.5,Yes,15,Insideclassroom,No,English,71_17,dar,simple-finite
El hombre de la calle pone el bebé en el cochecito de la madre de antes.,69,19,2019,Wien,LA,5,female,22,PRE,agent,MC,D,DEF,GI,Y,dp,DE_WR_41_22_8.5_14_AF,95.3,No,13,8.5,Yes,15,Insideclassroom,No,English,71_19,poner,simple-finite
cuando se caen escombros de construcción.,69,2,2019,Wien,LA,5,female,22,POST,pacient,SC,D,INDEF,NE,N,dp,DE_WR_41_22_8.5_14_AF,95.3,No,13,8.5,Yes,15,Insideclassroom,No,English,71_2,caer,simple-finite
"Cuando Charles Chaplin pasa por el cochecito la madre,",69,20,2019,Wien,LA,5,female,22,PRE,pacient,SC,D,DEF,GI,N,dp,DE_WR_41_22_8.5_14_AF,95.3,No,13,8.5,Yes,15,Insideclassroom,No,English,71_20,pasar,simple-finite
ella piensa,69,21,2019,Wien,LA,5,female,22,PRE,agent,MC,D,DEF,GI,N,pron,DE_WR_41_22_8.5_14_AF,95.3,No,13,8.5,Yes,15,Insideclassroom,No,English,71_21,pensar,simple-finite
que ha sido él,69,22,2019,Wien,LA,5,female,22,POST,pacient,SC,D,DEF,GI,N,pron,DE_WR_41_22_8.5_14_AF,95.3,No,13,8.5,Yes,15,Insideclassroom,No,English,71_22,ser,simple-finite
que ha puesto el bebé allí otra vez.,70,23,2019,Wien,LA,5,female,22,PRE,agent,SC,D,DEF,GI,Y,pron,DE_WR_41_22_8.5_14_AF,95.3,No,13,8.5,Yes,15,Insideclassroom,No,English,71_23,poner,simple-finite
Lo pega con su paraguas,70,24,2019,Wien,LA,5,female,22,NA,agent,MC,D,NA,GI,N,nullsub,DE_WR_41_22_8.5_14_AF,95.3,No,13,8.5,Yes,15,Insideclassroom,No,English,71_24,pegar,simple-finite
y Charles Chaplin recoge el bebé.,70,25,2019,Wien,LA,5,female,22,PRE,agent,MC,D,DEF,GI,N,dp,DE_WR_41_22_8.5_14_AF,95.3,No,13,8.5,Yes,15,Insideclassroom,No,English,71_25,recoger,simple-finite
Mientras que se sienta con el bebé,70,26,2019,Wien,LA,5,female,22,NA,agent,SC,D,NA,GI,Y,nullsub,DE_WR_41_22_8.5_14_AF,95.3,No,13,8.5,Yes,15,Insideclassroom,No,English,71_26,sentarse,simple-finite
encuentra una hoja,70,27,2019,Wien,LA,5,female,22,NA,agent,MC,D,NA,GI,Y,nullsub,DE_WR_41_22_8.5_14_AF,95.3,No,13,8.5,Yes,15,Insideclassroom,No,English,71_27,encontrar,simple-finite
que por favor alguien debe cuidarse del bebé.,70,29,2019,Wien,LA,5,female,22,PRE,agent,SC,D,INDEF,NE,N,pron,DE_WR_41_22_8.5_14_AF,95.3,No,13,8.5,Yes,15,Insideclassroom,No,English,71_29,cuidarse,modal
De repente ve un pequeño bebé.,70,3,2019,Wien,LA,5,female,22,NA,pacient,MC,D,NA,GI,N,nullsub,DE_WR_41_22_8.5_14_AF,95.3,No,13,8.5,Yes,15,Insideclassroom,No,English,71_3,ver,simple-finite
Lo coge,70,4,2019,Wien,LA,5,female,22,NA,agent,MC,D,NA,GI,Y,nullsub,DE_WR_41_22_8.5_14_AF,95.3,No,13,8.5,Yes,15,Insideclassroom,No,English,71_4,coger,simple-finite
y quiere ponerlo en un sitio seguro.,70,5,2019,Wien,LA,5,female,22,NA,agent,MC,D,NA,GI,Y,nullsub,DE_WR_41_22_8.5_14_AF,95.3,No,13,8.5,Yes,15,Insideclassroom,No,English,71_5,poner,modal
Por eso lo pone en un cochecito con otro bebé.,70,6,2019,Wien,LA,5,female,22,NA,agent,MC,D,NA,GI,Y,nullsub,DE_WR_41_22_8.5_14_AF,95.3,No,13,8.5,Yes,15,Insideclassroom,No,English,71_6,poner,simple-finite
Cuando la madre del otro bebé vuelve de la tienda,70,7,2019,Wien,LA,5,female,22,PRE,agent,SC,D,DEF,NE,N,dp,DE_WR_41_22_8.5_14_AF,95.3,No,13,8.5,Yes,15,Insideclassroom,No,English,71_7,volver,simple-finite
grita a Charles Chaplin.,70,8,2019,Wien,LA,5,female,22,NA,agent,MC,D,NA,GI,Y,nullsub,DE_WR_41_22_8.5_14_AF,95.3,No,13,8.5,Yes,15,Insideclassroom,No,English,71_8,gritar,simple-finite
Él coge el bebé,70,9,2019,Wien,LA,5,female,22,PRE,agent,MC,D,DEF,GI,N,pron,DE_WR_41_22_8.5_14_AF,95.3,No,13,8.5,Yes,15,Insideclassroom,No,English,71_9,coger,simple-finite
"Un día un hombre elegante, concretamente Charles Chaplin, anduvo por las calles,",70,1,2018,Kiel,UI,4,female,23,PRE,agent,MC,D,DEF,NE,N,dp,DE_WR_41_23_5_14_PN,95.3,No,17,5,Yes,16,Outsideclassroom,No,English,72_1,andar,simple-finite
Charles Chaplin puso el bebé en el carro de la mujer,70,10,2018,Kiel,UI,4,female,23,PRE,agent,MC,D,DEF,GI,N,dp,DE_WR_41_23_5_14_PN,95.3,No,17,5,Yes,16,Outsideclassroom,No,English,72_10,poner,simple-finite
y la dijo en un inglés muy educado:,70,11,2018,Kiel,UI,4,female,23,NA,agent,MC,D,NA,GI,Y,nullsub,DE_WR_41_23_5_14_PN,95.3,No,17,5,Yes,16,Outsideclassroom,No,English,72_11,decir,simple-finite
Elle se enfadó,70,13,2018,Kiel,UI,4,female,23,PRE,agent,MC,D,DEF,GI,N,pron,DE_WR_41_23_5_14_PN,95.3,No,17,5,Yes,16,Outsideclassroom,No,English,72_13,enfadarse,simple-finite
y negó,70,14,2018,Kiel,UI,4,female,23,NA,agent,MC,D,NA,GI,Y,nullsub,DE_WR_41_23_5_14_PN,95.3,No,17,5,Yes,16,Outsideclassroom,No,English,72_14,negar,simple-finite
que el bebé no sea el suyo.,70,15,2018,Kiel,UI,4,female,23,PRE,pacient,SC,D,DEF,GI,N,dp,DE_WR_41_23_5_14_PN,95.3,No,17,5,Yes,16,Outsideclassroom,No,English,72_15,ser,simple-finite
Por eso Charles quería devolver el bebé exactamente,70,16,2018,Kiel,UI,4,female,23,PRE,agent,MC,D,DEF,GI,N,dp,DE_WR_41_23_5_14_PN,95.3,No,17,5,Yes,16,Outsideclassroom,No,English,72_16,devolver,modal
donde lo había encontrado antes.,70,17,2018,Kiel,UI,4,female,23,NA,agent,SC,D,NA,GI,Y,nullsub,DE_WR_41_23_5_14_PN,95.3,No,17,5,Yes,16,Outsideclassroom,No,English,72_17,encontrar,simple-finite
Desgraciadamente vino un hombre de la policía en el momento,70,18,2018,Kiel,UI,4,female,23,POST,pacient,MC,D,INDEF,NE,N,dp,DE_WR_41_23_5_14_PN,95.3,No,17,5,Yes,16,Outsideclassroom,No,English,72_18,venir,simple-finite
"en que Charles estaba poniendo el bebé al suelo,",70,19,2018,Kiel,UI,4,female,23,PRE,agent,SC,D,DEF,GI,N,dp,DE_WR_41_23_5_14_PN,95.3,No,17,5,Yes,16,Outsideclassroom,No,English,72_19,poner,periphrasis-gerund
se encendió un cigarrillo,70,2,2018,Kiel,UI,4,female,23,NA,agent,MC,D,NA,GI,Y,nullsub,DE_WR_41_23_5_14_PN,95.3,No,17,5,Yes,16,Outsideclassroom,No,English,72_2,encender,simple-finite
cuando él se giró casi se topó con este hombre,70,20,2018,Kiel,UI,4,female,23,PRE,agent,SC,D,DEF,GI,Y,pron,DE_WR_41_23_5_14_PN,95.3,No,17,5,Yes,16,Outsideclassroom,No,English,72_20,girarse,simple-finite
y reconoció,70,21,2018,Kiel,UI,4,female,23,NA,agent,MC,D,NA,GI,Y,nullsub,DE_WR_41_23_5_14_PN,95.3,No,17,5,Yes,16,Outsideclassroom,No,English,72_21,reconocer,simple-finite
que no debería dejar el bebé solo.,70,22,2018,Kiel,UI,4,female,23,NA,agent,SC,D,NA,GI,Y,nullsub,DE_WR_41_23_5_14_PN,95.3,No,17,5,Yes,16,Outsideclassroom,No,English,72_22,dejar,modal
De esta manera recogió al bebé otra vez,70,23,2018,Kiel,UI,4,female,23,NA,agent,MC,D,NA,GI,Y,nullsub,DE_WR_41_23_5_14_PN,95.3,No,17,5,Yes,16,Outsideclassroom,No,English,72_23,recoger,simple-finite
"y siguió andando por las calles con la intención de encontrar algún sitio,",70,24,2018,Kiel,UI,4,female,23,NA,agent,MC,D,NA,GI,Y,nullsub,DE_WR_41_23_5_14_PN,95.3,No,17,5,Yes,16,Outsideclassroom,No,English,72_24,andar,periphrasis-gerund
Unos segundos más tarde encontró a un hombre,71,26,2018,Kiel,UI,4,female,23,NA,agent,MC,D,NA,GI,Y,nullsub,DE_WR_41_23_5_14_PN,95.3,No,17,5,Yes,16,Outsideclassroom,No,English,72_26,encontrar,simple-finite
"que anduvo lentamente,",71,27,2018,Kiel,UI,4,female,23,PRE,agent,SC,D,DEF,GI,N,pron,DE_WR_41_23_5_14_PN,95.3,No,17,5,Yes,16,Outsideclassroom,No,English,72_27,andar,simple-finite
Charles pretendió,71,28,2018,Kiel,UI,4,female,23,PRE,agent,MC,D,DEF,GI,N,dp,DE_WR_41_23_5_14_PN,95.3,No,17,5,Yes,16,Outsideclassroom,No,English,72_28,pretender,simple-finite
que tuviera problemas con sus zapatos,71,29,2018,Kiel,UI,4,female,23,NA,pacient,SC,D,NA,GI,Y,nullsub,DE_WR_41_23_5_14_PN,95.3,No,17,5,Yes,16,Outsideclassroom,No,English,72_29,tener,simple-finite
y de repente encontró a un bebé,71,3,2018,Kiel,UI,4,female,23,NA,agent,MC,D,NA,GI,Y,nullsub,DE_WR_41_23_5_14_PN,95.3,No,17,5,Yes,16,Outsideclassroom,No,English,72_3,encontrar,simple-finite
y preguntó a este hombre,71,30,2018,Kiel,UI,4,female,23,NA,agent,MC,D,NA,GI,Y,nullsub,DE_WR_41_23_5_14_PN,95.3,No,17,5,Yes,16,Outsideclassroom,No,English,72_30,preguntar,simple-finite
si él pudiera coger al bebé por un breve momento.,71,31,2018,Kiel,UI,4,female,23,PRE,agent,SC,I,DEF,GI,N,dp,DE_WR_41_23_5_14_PN,95.3,No,17,5,Yes,16,Outsideclassroom,No,English,72_31,coger,modal
"Justamente en el momento cuando el bebé estaba en las manos de este hombre,",71,32,2018,Kiel,UI,4,female,23,PRE,pacient,SC,D,DEF,GI,N,dp,DE_WR_41_23_5_14_PN,95.3,No,17,5,Yes,16,Outsideclassroom,No,English,72_32,estar,simple-finite
Charles se estiró,71,33,2018,Kiel,UI,4,female,23,PRE,agent,MC,D,DEF,GI,N,dp,DE_WR_41_23_5_14_PN,95.3,No,17,5,Yes,16,Outsideclassroom,No,English,72_33,estirar,simple-finite
y empezó de correr a otro sitio para esconderse.,71,34,2018,Kiel,UI,4,female,23,NA,agent,MC,D,NA,GI,Y,nullsub,DE_WR_41_23_5_14_PN,95.3,No,17,5,Yes,16,Outsideclassroom,No,English,72_34,correr,periphrasis-lexical
En el mismo tiempo el hombre lento encontró el carro de la mujer,71,35,2018,Kiel,UI,4,female,23,PRE,agent,MC,D,DEF,GI,N,dp,DE_WR_41_23_5_14_PN,95.3,No,17,5,Yes,16,Outsideclassroom,No,English,72_35,encontrar,simple-finite
y entonces se deshizo del bebé.,71,36,2018,Kiel,UI,4,female,23,NA,pacient,MC,D,NA,GI,Y,nullsub,DE_WR_41_23_5_14_PN,95.3,No,17,5,Yes,16,Outsideclassroom,No,English,72_36,deshacerse,simple-finite
Un rato más tarde Charles salió de su escondite,71,37,2018,Kiel,UI,4,female,23,PRE,agent,MC,D,DEF,GI,N,dp,DE_WR_41_23_5_14_PN,95.3,No,17,5,Yes,16,Outsideclassroom,No,English,72_37,salir,simple-finite
"y, otra vez, casi se topó con el hombre de la policía.",71,38,2018,Kiel,UI,4,female,23,NA,agent,MC,D,NA,GI,Y,nullsub,DE_WR_41_23_5_14_PN,95.3,No,17,5,Yes,16,Outsideclassroom,No,English,72_38,toparse,simple-finite
Charles anduvo rápidamente en alguna dirección,71,39,2018,Kiel,UI,4,female,23,PRE,agent,MC,D,DEF,GI,Y,dp,DE_WR_41_23_5_14_PN,95.3,No,17,5,Yes,16,Outsideclassroom,No,English,72_39,andar,simple-finite
que estaba al suelo gritando.,71,4,2018,Kiel,UI,4,female,23,PRE,pacient,SC,D,DEF,GI,N,pron,DE_WR_41_23_5_14_PN,95.3,No,17,5,Yes,16,Outsideclassroom,No,English,72_4,estar,periphrasis-gerund
"y su camino se cruzaba con la mujer con el carro,",71,40,2018,Kiel,UI,4,female,23,PRE,agent,MC,D,DEF,NE,N,dp,DE_WR_41_23_5_14_PN,95.3,No,17,5,Yes,16,Outsideclassroom,No,English,72_40,cruzar,simple-finite
"cuando le vio,",71,41,2018,Kiel,UI,4,female,23,NA,pacient,SC,D,NA,GI,N,nullsub,DE_WR_41_23_5_14_PN,95.3,No,17,5,Yes,16,Outsideclassroom,No,English,72_41,ver,simple-finite
le golpeó muchas veces con sus paraguas,71,42,2018,Kiel,UI,4,female,23,NA,agent,MC,D,NA,GI,Y,nullsub,DE_WR_41_23_5_14_PN,95.3,No,17,5,Yes,16,Outsideclassroom,No,English,72_42,golpear,simple-finite
y Charles se veía otra vez con el bebé en las manos.,71,43,2018,Kiel,UI,4,female,23,PRE,pacient,MC,D,DEF,GI,N,dp,DE_WR_41_23_5_14_PN,95.3,No,17,5,Yes,16,Outsideclassroom,No,English,72_43,ver,simple-finite
"estaba pensando en ponerlo en la canalización,",71,45,2018,Kiel,UI,4,female,23,NA,agent,MC,D,NA,GI,Y,nullsub,DE_WR_41_23_5_14_PN,95.3,No,17,5,Yes,16,Outsideclassroom,No,English,72_45,pensar,periphrasis-gerund
pero cuando el encontró una carta,71,46,2018,Kiel,UI,4,female,23,PRE,agent,SC,D,DEF,GI,Y,pron,DE_WR_41_23_5_14_PN,95.3,No,17,5,Yes,16,Outsideclassroom,No,English,72_46,encontrar,simple-finite
"él empezó de sonreír,",71,49,2018,Kiel,UI,4,female,23,PRE,pacient,MC,D,DEF,GI,N,pron,DE_WR_41_23_5_14_PN,95.3,No,17,5,Yes,16,Outsideclassroom,No,English,72_49,empezar,simple-finite
Él miró hacia arriba  para ver,71,5,2018,Kiel,UI,4,female,23,PRE,agent,MC,D,DEF,GI,N,pron,DE_WR_41_23_5_14_PN,95.3,No,17,5,Yes,16,Outsideclassroom,No,English,72_5,mirar,simple-finite
se quedó con el bebé,71,50,2018,Kiel,UI,4,female,23,NA,agent,MC,D,NA,GI,Y,nullsub,DE_WR_41_23_5_14_PN,95.3,No,17,5,Yes,16,Outsideclassroom,No,English,72_50,quedarse,simple-finite
y se marchó.,71,51,2018,Kiel,UI,4,female,23,NA,agent,MC,D,NA,GI,Y,nullsub,DE_WR_41_23_5_14_PN,95.3,No,17,5,Yes,16,Outsideclassroom,No,English,72_51,marcharse,simple-finite
"de dónde había venido,",71,6,2018,Kiel,UI,4,female,23,NA,agent,SC,I,NA,GI,N,nullsub,DE_WR_41_23_5_14_PN,95.3,No,17,5,Yes,16,Outsideclassroom,No,English,72_6,venir,simple-finite
entonces cogió a este bebe,72,7,2018,Kiel,UI,4,female,23,NA,agent,MC,D,NA,GI,N,nullsub,DE_WR_41_23_5_14_PN,95.3,No,17,5,Yes,16,Outsideclassroom,No,English,72_7,coger,simple-finite
y la vio a una mujer con un carro con un bebé dentro.,72,8,2018,Kiel,UI,4,female,23,NA,pacient,MC,D,NA,GI,Y,nullsub,DE_WR_41_23_5_14_PN,95.3,No,17,5,Yes,16,Outsideclassroom,No,English,72_8,ver,simple-finite
"Cuando la mujer entraba en una casa,",72,9,2018,Kiel,UI,4,female,23,PRE,agent,SC,D,DEF,GI,N,dp,DE_WR_41_23_5_14_PN,95.3,No,17,5,Yes,16,Outsideclassroom,No,English,72_9,entrar,simple-finite
En el vídeo el hombre Charles Chaplin sale de una casa,72,1,2018,Bamberg,UA,6,female,23,PRE,agent,MC,D,DEF,NE,N,dp,DE_WR_41_23_7_14_ML,95.3,No,16,7,Yes,5,Outsideclassroom,No,English,73_1,salir,simple-finite
Lo toma en sus brazos,72,10,2018,Bamberg,UA,6,female,23,NA,agent,MC,D,NA,GI,N,nullsub,DE_WR_41_23_7_14_ML,95.3,No,16,7,Yes,5,Outsideclassroom,No,English,73_10,tomar,simple-finite
pero no sabe,72,11,2018,Bamberg,UA,6,female,23,NA,agent,MC,D,NA,GI,Y,nullsub,DE_WR_41_23_7_14_ML,95.3,No,16,7,Yes,5,Outsideclassroom,No,English,73_11,saber,simple-finite
Ve a una mujer,72,13,2018,Bamberg,UA,6,female,23,NA,pacient,MC,D,NA,GI,Y,nullsub,DE_WR_41_23_7_14_ML,95.3,No,16,7,Yes,5,Outsideclassroom,No,English,73_13,ver,simple-finite
que ya tiene un bebé,72,14,2018,Bamberg,UA,6,female,23,PRE,pacient,SC,D,DEF,GI,N,pron,DE_WR_41_23_7_14_ML,95.3,No,16,7,Yes,5,Outsideclassroom,No,English,73_14,tener,simple-finite
e intenta poner el bebé […],72,15,2018,Bamberg,UA,6,female,23,NA,agent,MC,D,NA,GI,N,nullsub,DE_WR_41_23_7_14_ML,95.3,No,16,7,Yes,5,Outsideclassroom,No,English,73_15,intentar,infinitive
que encontró al lado del bebé de la mujer,72,16,2018,Bamberg,UA,6,female,23,NA,agent,SC,D,NA,GI,Y,nullsub,DE_WR_41_23_7_14_ML,95.3,No,16,7,Yes,5,Outsideclassroom,No,English,73_16,encontrar,simple-finite
pero se enoja,72,17,2018,Bamberg,UA,6,female,23,NA,agent,MC,D,NA,GI,N,nullsub,DE_WR_41_23_7_14_ML,95.3,No,16,7,Yes,5,Outsideclassroom,No,English,73_17,enojarse,simple-finite
porque piensa,72,18,2018,Bamberg,UA,6,female,23,NA,agent,SC,D,NA,GI,Y,nullsub,DE_WR_41_23_7_14_ML,95.3,No,16,7,Yes,5,Outsideclassroom,No,English,73_18,pensar,simple-finite
que el es el padre.,72,19,2018,Bamberg,UA,6,female,23,PRE,pacient,SC,D,DEF,NE,N,pron,DE_WR_41_23_7_14_ML,95.3,No,16,7,Yes,5,Outsideclassroom,No,English,73_19,ser,simple-finite
en la que alguien de arriba tira cosas por la ventana afuera.,72,2,2018,Bamberg,UA,6,female,23,PRE,agent,SC,D,INDEF,NE,N,pron,DE_WR_41_23_7_14_ML,95.3,No,16,7,Yes,5,Outsideclassroom,No,English,73_2,tirar,simple-finite
Cuando entonces quiere acostar el bebé en el suelo,72,20,2018,Bamberg,UA,6,female,23,NA,agent,SC,D,NA,GI,Y,nullsub,DE_WR_41_23_7_14_ML,95.3,No,16,7,Yes,5,Outsideclassroom,No,English,73_20,acostar,modal
donde lo encontró,72,21,2018,Bamberg,UA,6,female,23,NA,agent,SC,D,NA,GI,Y,nullsub,DE_WR_41_23_7_14_ML,95.3,No,16,7,Yes,5,Outsideclassroom,No,English,73_21,encontrar,simple-finite
viene un policía,72,22,2018,Bamberg,UA,6,female,23,POST,pacient,MC,D,INDEF,NE,N,dp,DE_WR_41_23_7_14_ML,95.3,No,16,7,Yes,5,Outsideclassroom,No,English,73_22,venir,simple-finite
y Chaplin lo toma de nuevo al bebé.,72,23,2018,Bamberg,UA,6,female,23,PRE,agent,MC,D,DEF,GI,N,dp,DE_WR_41_23_7_14_ML,95.3,No,16,7,Yes,5,Outsideclassroom,No,English,73_23,tomar,simple-finite
Un anciano después también ve a la mujer,72,24,2018,Bamberg,UA,6,female,23,PRE,pacient,MC,D,INDEF,NE,N,dp,DE_WR_41_23_7_14_ML,95.3,No,16,7,Yes,5,Outsideclassroom,No,English,73_24,ver,simple-finite
al que Chaplin dio el bebé,72,25,2018,Bamberg,UA,6,female,23,PRE,agent,SC,D,DEF,GI,N,dp,DE_WR_41_23_7_14_ML,95.3,No,16,7,Yes,5,Outsideclassroom,No,English,73_25,dar,simple-finite
y pone el bebé en su carrillo al lado del otro bebé,72,26,2018,Bamberg,UA,6,female,23,NA,agent,MC,D,NA,GI,N,nullsub,DE_WR_41_23_7_14_ML,95.3,No,16,7,Yes,5,Outsideclassroom,No,English,73_26,poner,simple-finite
sin que elle se de cuenta.,72,27,2018,Bamberg,UA,6,female,23,PRE,pacient,SC,D,DEF,GI,N,pron,DE_WR_41_23_7_14_ML,95.3,No,16,7,Yes,5,Outsideclassroom,No,English,73_27,darse ,periphrasis-lexical
Pero cuando ella se da cuenta,72,28,2018,Bamberg,UA,6,female,23,PRE,pacient,SC,D,DEF,GI,N,pron,DE_WR_41_23_7_14_ML,95.3,No,16,7,Yes,5,Outsideclassroom,No,English,73_28,darse ,periphrasis-lexical
y ve a Chaplin,72,29,2018,Bamberg,UA,6,female,23,NA,pacient,MC,D,NA,GI,Y,nullsub,DE_WR_41_23_7_14_ML,95.3,No,16,7,Yes,5,Outsideclassroom,No,English,73_29,ver,simple-finite
Chaplin se enoja,72,3,2018,Bamberg,UA,6,female,23,PRE,agent,MC,D,DEF,GI,N,dp,DE_WR_41_23_7_14_ML,95.3,No,16,7,Yes,5,Outsideclassroom,No,English,73_3,enojar,simple-finite
lo pega,72,31,2018,Bamberg,UA,6,female,23,NA,agent,MC,D,NA,GI,N,nullsub,DE_WR_41_23_7_14_ML,95.3,No,16,7,Yes,5,Outsideclassroom,No,English,73_31,pegar,simple-finite
y viene la policía,72,32,2018,Bamberg,UA,6,female,23,POST,pacient,MC,D,DEF,GI,N,dp,DE_WR_41_23_7_14_ML,95.3,No,16,7,Yes,5,Outsideclassroom,No,English,73_32,venir,simple-finite
que causa,72,33,2018,Bamberg,UA,6,female,23,PRE,agent,SC,D,DEF,GI,Y,pron,DE_WR_41_23_7_14_ML,95.3,No,16,7,Yes,5,Outsideclassroom,No,English,73_33,causar,simple-finite
que Chaplin de nuevo toma el bebé,72,34,2018,Bamberg,UA,6,female,23,PRE,agent,SC,D,DEF,GI,N,dp,DE_WR_41_23_7_14_ML,95.3,No,16,7,Yes,5,Outsideclassroom,No,English,73_34,tomar,simple-finite
y se va.,72,35,2018,Bamberg,UA,6,female,23,NA,agent,MC,D,NA,GI,Y,nullsub,DE_WR_41_23_7_14_ML,95.3,No,16,7,Yes,5,Outsideclassroom,No,English,73_35,irse,simple-finite
Se siente en la calle con el bebé,72,36,2018,Bamberg,UA,6,female,23,NA,agent,MC,D,NA,GI,Y,nullsub,DE_WR_41_23_7_14_ML,95.3,No,16,7,Yes,5,Outsideclassroom,No,English,73_36,sentarse,simple-finite
y encuentra un papel en su ropa,72,37,2018,Bamberg,UA,6,female,23,NA,agent,MC,D,NA,GI,Y,nullsub,DE_WR_41_23_7_14_ML,95.3,No,16,7,Yes,5,Outsideclassroom,No,English,73_37,encontrar,simple-finite
que alguien ame y cuide a ese bebé huérfano.,72,39,2018,Bamberg,UA,6,female,23,PRE,agent,SC,IM,INDEF,NE,N,pron,DE_WR_41_23_7_14_ML,95.3,No,16,7,Yes,5,Outsideclassroom,No,English,73_39,amar,simple-finite
porque casi le pegó una planta,72,4,2018,Bamberg,UA,6,female,23,NA,agent,SC,D,NA,NE,N,nullsub,DE_WR_41_23_7_14_ML,95.3,No,16,7,Yes,5,Outsideclassroom,No,English,73_4,pegar,simple-finite
En este momento la música se pone más alegre,72,40,2018,Bamberg,UA,6,female,23,PRE,agent,MC,D,DEF,NE,N,dp,DE_WR_41_23_7_14_ML,95.3,No,16,7,Yes,5,Outsideclassroom,No,English,73_40,ponerse,simple-finite
y Chaplin por primera vez mira con cariño al bebé,72,41,2018,Bamberg,UA,6,female,23,PRE,agent,MC,D,DEF,GI,N,dp,DE_WR_41_23_7_14_ML,95.3,No,16,7,Yes,5,Outsideclassroom,No,English,73_41,mirar,simple-finite
que ahora lo acepta,72,44,2018,Bamberg,UA,6,female,23,NA,agent,SC,D,NA,GI,Y,nullsub,DE_WR_41_23_7_14_ML,95.3,No,16,7,Yes,5,Outsideclassroom,No,English,73_44,aceptar,simple-finite
y quiere cuidar por el,72,45,2018,Bamberg,UA,6,female,23,NA,agent,MC,D,NA,GI,Y,nullsub,DE_WR_41_23_7_14_ML,95.3,No,16,7,Yes,5,Outsideclassroom,No,English,73_45,cuidar,modal
que tiraron afuera.,72,5,2018,Bamberg,UA,6,female,23,PRE,agent,SC,D,DEF,NE,N,pron,DE_WR_41_23_7_14_ML,95.3,No,16,7,Yes,5,Outsideclassroom,No,English,73_5,tirar,simple-finite
Se pega un cigarrillo,72,6,2018,Bamberg,UA,6,female,23,NA,agent,MC,D,NA,GI,N,nullsub,DE_WR_41_23_7_14_ML,95.3,No,16,7,Yes,5,Outsideclassroom,No,English,73_6,pegar,simple-finite
y mientras está fumando,72,7,2018,Bamberg,UA,6,female,23,NA,agent,SC,D,NA,GI,Y,nullsub,DE_WR_41_23_7_14_ML,95.3,No,16,7,Yes,5,Outsideclassroom,No,English,73_7,fumar,periphrasis-gerund
ve a un bebé llorando.,72,8,2018,Bamberg,UA,6,female,23,NA,pacient,MC,D,NA,GI,Y,nullsub,DE_WR_41_23_7_14_ML,95.3,No,16,7,Yes,5,Outsideclassroom,No,English,73_8,ver,simple-finite
Ese bebé está acostado en el suelo de la calle al lado de la pared de la casa.,72,9,2018,Bamberg,UA,6,female,23,PRE,pacient,MC,D,DEF,GI,N,dp,DE_WR_41_23_7_14_ML,95.3,No,16,7,Yes,5,Outsideclassroom,No,English,73_9,estar,simple-finite
"En la pelicula ""the kid"" Charles Chaplin camina fumando",72,1,2019,Frankfurt,UA,6,female,25,PRE,agent,MC,D,DEF,NE,N,dp,DE_WR_41_25_6_14_SK,95.3,No,19,6,Yes,20,Outsideclassroom,No,English,74_1,caminar,periphrasis-gerund
se enfada con Chaplin.,72,10,2019,Frankfurt,UA,6,female,25,NA,agent,MC,D,NA,GI,Y,nullsub,DE_WR_41_25_6_14_SK,95.3,No,19,6,Yes,20,Outsideclassroom,No,English,74_10,enfadarse,simple-finite
Por eso toma al bébé,72,11,2019,Frankfurt,UA,6,female,25,NA,agent,MC,D,NA,GI,N,nullsub,DE_WR_41_25_6_14_SK,95.3,No,19,6,Yes,20,Outsideclassroom,No,English,74_11,tomar,simple-finite
y quire dejarlo al lado de la basura,73,12,2019,Frankfurt,UA,6,female,25,NA,agent,MC,D,NA,GI,Y,nullsub,DE_WR_41_25_6_14_SK,95.3,No,19,6,Yes,20,Outsideclassroom,No,English,74_12,querer,simple-finite
pero no puede,73,13,2019,Frankfurt,UA,6,female,25,NA,agent,MC,D,NA,GI,Y,nullsub,DE_WR_41_25_6_14_SK,95.3,No,19,6,Yes,20,Outsideclassroom,No,English,74_13,poder,simple-finite
porque aparece un policía.,73,14,2019,Frankfurt,UA,6,female,25,POST,pacient,SC,D,INDEF,NE,N,dp,DE_WR_41_25_6_14_SK,95.3,No,19,6,Yes,20,Outsideclassroom,No,English,74_14,aparecer,simple-finite
Busca otra solución,73,15,2019,Frankfurt,UA,6,female,25,NA,agent,MC,D,NA,GI,N,nullsub,DE_WR_41_25_6_14_SK,95.3,No,19,6,Yes,20,Outsideclassroom,No,English,74_15,buscar,simple-finite
El hombre mayor también quire quitarse del bébé,73,17,2019,Frankfurt,UA,6,female,25,PRE,agent,MC,D,DEF,GI,N,dp,DE_WR_41_25_6_14_SK,95.3,No,19,6,Yes,20,Outsideclassroom,No,English,74_17,quitarse,modal
Cuando la mujer regresa,73,19,2019,Frankfurt,UA,6,female,25,PRE,agent,SC,D,DEF,GI,N,dp,DE_WR_41_25_6_14_SK,95.3,No,19,6,Yes,20,Outsideclassroom,No,English,74_19,regresar,simple-finite
cuando encuentra a un bébé al lado de un cubo de basura.,73,2,2019,Frankfurt,UA,6,female,25,NA,agent,SC,D,NA,GI,Y,nullsub,DE_WR_41_25_6_14_SK,95.3,No,19,6,Yes,20,Outsideclassroom,No,English,74_2,encontrar,simple-finite
se enfada otra vez con Chaplin,73,20,2019,Frankfurt,UA,6,female,25,NA,agent,MC,D,NA,GI,Y,nullsub,DE_WR_41_25_6_14_SK,95.3,No,19,6,Yes,20,Outsideclassroom,No,English,74_20,enfadarse,simple-finite
y lo golpea con su paraguas,73,21,2019,Frankfurt,UA,6,female,25,NA,agent,MC,D,NA,GI,Y,nullsub,DE_WR_41_25_6_14_SK,95.3,No,19,6,Yes,20,Outsideclassroom,No,English,74_21,golpear,simple-finite
porque piensa,73,22,2019,Frankfurt,UA,6,female,25,NA,agent,SC,D,NA,GI,Y,nullsub,DE_WR_41_25_6_14_SK,95.3,No,19,6,Yes,20,Outsideclassroom,No,English,74_22,pensar,simple-finite
que es él,73,23,2019,Frankfurt,UA,6,female,25,POST,pacient,SC,D,DEF,GI,N,pron,DE_WR_41_25_6_14_SK,95.3,No,19,6,Yes,20,Outsideclassroom,No,English,74_23,ser,simple-finite
quién ha puesto el bébé en el cochecito otra vez.,73,24,2019,Frankfurt,UA,6,female,25,PRE,agent,SC,D,DEF,GI,Y,pron,DE_WR_41_25_6_14_SK,95.3,No,19,6,Yes,20,Outsideclassroom,No,English,74_24,poner,simple-finite
De nuevo aparece el policía,73,25,2019,Frankfurt,UA,6,female,25,POST,pacient,MC,D,DEF,GI,N,dp,DE_WR_41_25_6_14_SK,95.3,No,19,6,Yes,20,Outsideclassroom,No,English,74_25,aparecer,simple-finite
al que la mujer informa,73,26,2019,Frankfurt,UA,6,female,25,PRE,agent,SC,D,DEF,GI,N,dp,DE_WR_41_25_6_14_SK,95.3,No,19,6,Yes,20,Outsideclassroom,No,English,74_26,informar,simple-finite
que Chaplin ha dejado al bébé en el cochecito.,73,27,2019,Frankfurt,UA,6,female,25,PRE,agent,SC,D,DEF,GI,N,dp,DE_WR_41_25_6_14_SK,95.3,No,19,6,Yes,20,Outsideclassroom,No,English,74_27,dejar,simple-finite
El policía regaña a Chaplin,73,28,2019,Frankfurt,UA,6,female,25,PRE,agent,MC,D,DEF,GI,N,dp,DE_WR_41_25_6_14_SK,95.3,No,19,6,Yes,20,Outsideclassroom,No,English,74_28,regañar,simple-finite
y Chaplin toma al bébé otra vez.,73,29,2019,Frankfurt,UA,6,female,25,PRE,agent,MC,D,DEF,GI,N,dp,DE_WR_41_25_6_14_SK,95.3,No,19,6,Yes,20,Outsideclassroom,No,English,74_29,tomar,simple-finite
No sabe,73,3,2019,Frankfurt,UA,6,female,25,NA,agent,MC,D,NA,GI,Y,nullsub,DE_WR_41_25_6_14_SK,95.3,No,19,6,Yes,20,Outsideclassroom,No,English,74_3,saber,simple-finite
Después Chaplin quiere tirar al bébé en la canalización,73,30,2019,Frankfurt,UA,6,female,25,PRE,agent,MC,D,DEF,GI,Y,dp,DE_WR_41_25_6_14_SK,95.3,No,19,6,Yes,20,Outsideclassroom,No,English,74_30,tirar,modal
pero encuentra un papel,73,31,2019,Frankfurt,UA,6,female,25,NA,agent,MC,D,NA,GI,Y,nullsub,DE_WR_41_25_6_14_SK,95.3,No,19,6,Yes,20,Outsideclassroom,No,English,74_31,encontrar,simple-finite
Por eso Chaplin lo guarda.,73,33,2019,Frankfurt,UA,6,female,25,PRE,agent,MC,D,DEF,GI,Y,dp,DE_WR_41_25_6_14_SK,95.3,No,19,6,Yes,20,Outsideclassroom,No,English,74_33,guardar,simple-finite
y busca una solución para quitarse del bébé.,73,5,2019,Frankfurt,UA,6,female,25,NA,agent,MC,D,NA,GI,Y,nullsub,DE_WR_41_25_6_14_SK,95.3,No,19,6,Yes,20,Outsideclassroom,No,English,74_5,buscar,simple-finite
Ve a una mujer con un cochecito con otro bébé,73,6,2019,Frankfurt,UA,6,female,25,NA,pacient,MC,D,NA,GI,Y,nullsub,DE_WR_41_25_6_14_SK,95.3,No,19,6,Yes,20,Outsideclassroom,No,English,74_6,ver,simple-finite
que deja el cochecito un rato para entrar en una casa.,73,7,2019,Frankfurt,UA,6,female,25,PRE,agent,SC,D,DEF,GI,N,pron,DE_WR_41_25_6_14_SK,95.3,No,19,6,Yes,20,Outsideclassroom,No,English,74_7,dejar,simple-finite
Chaplin decide dejar al bébé en el cochecito.,73,8,2019,Frankfurt,UA,6,female,25,PRE,agent,MC,D,DEF,GI,N,dp,DE_WR_41_25_6_14_SK,95.3,No,19,6,Yes,20,Outsideclassroom,No,English,74_8,decidir,infinitive
Cuando la mujer regresa,73,9,2019,Frankfurt,UA,6,female,25,PRE,agent,SC,D,DEF,GI,N,dp,DE_WR_41_25_6_14_SK,95.3,No,19,6,Yes,20,Outsideclassroom,No,English,74_9,regresar,simple-finite
El video cuenta la historia,73,1,2018,Hamburg,UA,6,female,30,PRE,agent,MC,D,DEF,NE,N,dp,DE_WR_41_30_4_14_MS,95.3,Yes,6,4,Yes,10,Outsideclassroom,Yes,English,75_1,contar,simple-finite
En este momento descubre un bebé,73,10,2018,Hamburg,UA,6,female,30,NA,pacient,MC,D,NA,GI,Y,nullsub,DE_WR_41_30_4_14_MS,95.3,Yes,6,4,Yes,10,Outsideclassroom,Yes,English,75_10,descubrir,simple-finite
que lo habían dejado solo en la calle.,73,11,2018,Hamburg,UA,6,female,30,NA,agent,SC,D,NA,GI,N,nullsub,DE_WR_41_30_4_14_MS,95.3,Yes,6,4,Yes,10,Outsideclassroom,Yes,English,75_11,dejar,simple-finite
Lo recoge del suelo,73,12,2018,Hamburg,UA,6,female,30,NA,agent,SC,D,NA,GI,N,nullsub,DE_WR_41_30_4_14_MS,95.3,Yes,6,4,Yes,10,Outsideclassroom,Yes,English,75_12,recoger,simple-finite
"y intenta dejarlo varias veces con otra gente, como una senora",73,13,2018,Hamburg,UA,6,female,30,NA,agent,MC,D,NA,GI,Y,nullsub,DE_WR_41_30_4_14_MS,95.3,Yes,6,4,Yes,10,Outsideclassroom,Yes,English,75_13,intentar,infinitive
Tambien intenta dejarlo otra vez en el lugar,73,15,2018,Hamburg,UA,6,female,30,NA,agent,MC,D,NA,GI,Y,nullsub,DE_WR_41_30_4_14_MS,95.3,Yes,6,4,Yes,10,Outsideclassroom,Yes,English,75_15,intentar,infinitive
"en donde lo encontró,",73,16,2018,Hamburg,UA,6,female,30,NA,agent,SC,D,NA,GI,Y,nullsub,DE_WR_41_30_4_14_MS,95.3,Yes,6,4,Yes,10,Outsideclassroom,Yes,English,75_16,encontrar,simple-finite
como le está observando un policía,73,18,2018,Hamburg,UA,6,female,30,POST,agent,SC,D,INDEF,NE,N,dp,DE_WR_41_30_4_14_MS,95.3,Yes,6,4,Yes,10,Outsideclassroom,Yes,English,75_18,estar,simple-finite
Al final del video encuentra una carta metida en la sabana,73,19,2018,Hamburg,UA,6,female,30,NA,agent,MC,D,NA,GI,N,nullsub,DE_WR_41_30_4_14_MS,95.3,Yes,6,4,Yes,10,Outsideclassroom,Yes,English,75_19,encontrar,simple-finite
de cómo el Charles Chaplin encontró un bebé en la calle por coincidencia,73,2,2018,Hamburg,UA,6,female,30,PRE,agent,SC,D,DEF,NE,N,dp,DE_WR_41_30_4_14_MS,95.3,Yes,6,4,Yes,10,Outsideclassroom,Yes,English,75_2,encontrar,simple-finite
en que el bebé está envuelto .,73,20,2018,Hamburg,UA,6,female,30,PRE,pacient,SC,D,DEF,GI,N,dp,DE_WR_41_30_4_14_MS,95.3,Yes,6,4,Yes,10,Outsideclassroom,Yes,English,75_20,estar,simple-finite
que por favor amen y cuiden al bebé orfáno,73,22,2018,Hamburg,UA,6,female,30,NA,agent,SC,IM,NA,GI,N,nullsub,DE_WR_41_30_4_14_MS,95.3,Yes,6,4,Yes,10,Outsideclassroom,Yes,English,75_22,amar,simple-finite
Y asi vemos,73,23,2018,Hamburg,UA,6,female,30,NA,pacient,MC,D,NA,GI,N,nullsub,DE_WR_41_30_4_14_MS,95.3,Yes,6,4,Yes,10,Outsideclassroom,Yes,English,75_23,ver,simple-finite
como el Charles se va con el bebé en la mano y una mirada contenta.,73,24,2018,Hamburg,UA,6,female,30,PRE,agent,SC,D,DEF,GI,N,dp,DE_WR_41_30_4_14_MS,95.3,Yes,6,4,Yes,10,Outsideclassroom,Yes,English,75_24,irse,simple-finite
En el principio del video vemos a Charles,74,4,2018,Hamburg,UA,6,female,30,NA,pacient,MC,D,NA,NE,N,nullsub,DE_WR_41_30_4_14_MS,95.3,Yes,6,4,Yes,10,Outsideclassroom,Yes,English,75_4,ver,simple-finite
donde la gente parece botar basura de las ventanas.,74,6,2018,Hamburg,UA,6,female,30,PRE,pacient,SC,D,DEF,NE,N,dp,DE_WR_41_30_4_14_MS,95.3,Yes,6,4,Yes,10,Outsideclassroom,Yes,English,75_6,parecer,simple-finite
"Cuando se le está callendo algo por encima,",74,7,2018,Hamburg,UA,6,female,30,POST,pacient,SC,D,NA,NE,N,pron,DE_WR_41_30_4_14_MS,95.3,Yes,6,4,Yes,10,Outsideclassroom,Yes,English,75_7,caer,periphrasis-gerund
pierde su cigarrillo,74,8,2018,Hamburg,UA,6,female,30,NA,agent,MC,D,NA,GI,N,nullsub,DE_WR_41_30_4_14_MS,95.3,Yes,6,4,Yes,10,Outsideclassroom,Yes,English,75_8,perder,simple-finite
y tiene que parar para encenderse un nuevo.,74,9,2018,Hamburg,UA,6,female,30,NA,agent,MC,D,NA,GI,Y,nullsub,DE_WR_41_30_4_14_MS,95.3,Yes,6,4,Yes,10,Outsideclassroom,Yes,English,75_9,parar,modal
"en que lleva a su hijo,",74,10,2020,Granada,UA,6,female,55,NA,pacient,SC,D,NA,GI,N,nullsub,DE_WR_41_55_22_14_IRR,95.3,Yes,33,22,Yes,17,Outsideclassroom,Yes,English,76_10,llevar,simple-finite
"deja el bebé encontrado en el mismo carrito,",74,11,2020,Granada,UA,6,female,55,NA,agent,MC,D,NA,GI,N,nullsub,DE_WR_41_55_22_14_IRR,95.3,Yes,33,22,Yes,17,Outsideclassroom,Yes,English,76_11,dejar,simple-finite
pero la mujer no es la madre,74,12,2020,Granada,UA,6,female,55,NA,pacient,MC,D,DEF,NE,N,dp,DE_WR_41_55_22_14_IRR,95.3,Yes,33,22,Yes,17,Outsideclassroom,Yes,English,76_12,ser,simple-finite
y no quiere acoger al bebé encontrado.,74,13,2020,Granada,UA,6,female,55,NA,agent,MC,D,NA,GI,Y,nullsub,DE_WR_41_55_22_14_IRR,95.3,Yes,33,22,Yes,17,Outsideclassroom,Yes,English,76_13,acoger,simple-finite
"Después, intenta deshacerse del bebé en el mismo lugar",74,14,2020,Granada,UA,6,female,55,NA,agent,MC,D,NA,GI,N,nullsub,DE_WR_41_55_22_14_IRR,95.3,Yes,33,22,Yes,17,Outsideclassroom,Yes,English,76_14,intentar,infinitive
"donde lo había encontrado,",74,15,2020,Granada,UA,6,female,55,NA,agent,SC,D,NA,GI,Y,nullsub,DE_WR_41_55_22_14_IRR,95.3,Yes,33,22,Yes,17,Outsideclassroom,Yes,English,76_15,encontrar,simple-finite
pero en el momento de depositar al bebé en el suelo aparece un policía,74,16,2020,Granada,UA,6,female,55,POST,pacient,MC,D,DEF,NE,N,dp,DE_WR_41_55_22_14_IRR,95.3,Yes,33,22,Yes,17,Outsideclassroom,Yes,English,76_16,depositar,simple-finite
lo vuelve a coger en brazos.,74,18,2020,Granada,UA,6,female,55,NA,agent,MC,D,NA,GI,Y,nullsub,DE_WR_41_55_22_14_IRR,95.3,Yes,33,22,Yes,17,Outsideclassroom,Yes,English,76_18,coger,periphrasis-lexical
Charles Chaplin parece ser un hombre pobre.,74,2,2020,Granada,UA,6,female,55,NA,pacient,MC,D,DEF,NE,N,dp,DE_WR_41_55_22_14_IRR,95.3,Yes,33,22,Yes,17,Outsideclassroom,Yes,English,76_2,parecer,simple-finite
finge tener que atarse los cordones del zapato.,74,20,2020,Granada,UA,6,female,55,NA,agent,MC,D,NA,GI,Y,nullsub,DE_WR_41_55_22_14_IRR,95.3,Yes,33,22,Yes,17,Outsideclassroom,Yes,English,76_20,fingir,infinitive
Le deja al hombre el bebé,74,21,2020,Granada,UA,6,female,55,NA,agent,MC,D,NA,GI,Y,nullsub,DE_WR_41_55_22_14_IRR,95.3,Yes,33,22,Yes,17,Outsideclassroom,Yes,English,76_21,dejar,simple-finite
e intenta escaparse de la situación.,74,22,2020,Granada,UA,6,female,55,NA,agent,MC,D,NA,GI,Y,nullsub,DE_WR_41_55_22_14_IRR,95.3,Yes,33,22,Yes,17,Outsideclassroom,Yes,English,76_22,intentar,infinitive
El otro vuelve a dejar el bebé en el carrito de la misma mujer de antes,74,23,2020,Granada,UA,6,female,55,PRE,agent,MC,D,INDEF,GI,N,pron,DE_WR_41_55_22_14_IRR,95.3,Yes,33,22,Yes,17,Outsideclassroom,Yes,English,76_23,dejar,simple-finite
y casualmente Charles Chaplin pasa,74,24,2020,Granada,UA,6,female,55,PRE,pacient,MC,D,DEF,GI,N,dp,DE_WR_41_55_22_14_IRR,95.3,Yes,33,22,Yes,17,Outsideclassroom,Yes,English,76_24,pasar,simple-finite
"y mientras ella le acusa de haberle dejado de nuevo ""su bebé"",",74,25,2020,Granada,UA,6,female,55,PRE,agent,SC,D,DEF,GI,N,pron,DE_WR_41_55_22_14_IRR,95.3,Yes,33,22,Yes,17,Outsideclassroom,Yes,English,76_25,acusar,simple-finite
justo pasa el policía,74,26,2020,Granada,UA,6,female,55,POST,pacient,MC,D,DEF,GI,N,dp,DE_WR_41_55_22_14_IRR,95.3,Yes,33,22,Yes,17,Outsideclassroom,Yes,English,76_26,pasar,simple-finite
y se ve obligado a coger el bebé otra vez.,74,27,2020,Granada,UA,6,female,55,NA,pacient,MC,D,NA,GI,N,nullsub,DE_WR_41_55_22_14_IRR,95.3,Yes,33,22,Yes,17,Outsideclassroom,Yes,English,76_27,verse,simple-finite
Se sienta con el bebé en la acera,74,28,2020,Granada,UA,6,female,55,NA,agent,MC,D,NA,GI,Y,nullsub,DE_WR_41_55_22_14_IRR,95.3,Yes,33,22,Yes,17,Outsideclassroom,Yes,English,76_28,sentarse,simple-finite
y no sabe muy bien,74,29,2020,Granada,UA,6,female,55,NA,agent,MC,D,NA,GI,Y,nullsub,DE_WR_41_55_22_14_IRR,95.3,Yes,33,22,Yes,17,Outsideclassroom,Yes,English,76_29,saber,simple-finite
Va paseando por el barrio,74,3,2020,Granada,UA,6,female,55,NA,agent,MC,D,NA,GI,Y,nullsub,DE_WR_41_55_22_14_IRR,95.3,Yes,33,22,Yes,17,Outsideclassroom,Yes,English,76_3,pasear,periphrasis-gerund
Al final encuentra una nota junto al bebé.,74,31,2020,Granada,UA,6,female,55,NA,agent,MC,D,NA,GI,Y,nullsub,DE_WR_41_55_22_14_IRR,95.3,Yes,33,22,Yes,17,Outsideclassroom,Yes,English,76_31,encontrar,simple-finite
"Pone ""cuide de él con mucho amor"".",74,32,2020,Granada,UA,6,female,55,NA,agent,MC,IM,NA,GI,N,nullsub,DE_WR_41_55_22_14_IRR,95.3,Yes,33,22,Yes,17,Outsideclassroom,Yes,English,76_32,cuidar,simple-finite
Se enternece con el bebé en sus brazos,74,33,2020,Granada,UA,6,female,55,NA,agent,MC,D,NA,GI,N,nullsub,DE_WR_41_55_22_14_IRR,95.3,Yes,33,22,Yes,17,Outsideclassroom,Yes,English,76_33,enternecer,simple-finite
y decide quedárselo para cuidar de él.,74,34,2020,Granada,UA,6,female,55,NA,agent,MC,D,NA,GI,Y,nullsub,DE_WR_41_55_22_14_IRR,95.3,Yes,33,22,Yes,17,Outsideclassroom,Yes,English,76_34,decidir,infinitive
y se encuentra un bebé abandonado.,75,4,2020,Granada,UA,6,female,55,NA,agent,MC,D,NA,GI,Y,nullsub,DE_WR_41_55_22_14_IRR,95.3,Yes,33,22,Yes,17,Outsideclassroom,Yes,English,76_4,encontrar,simple-finite
Lo coge en brazos,75,5,2020,Granada,UA,6,female,55,NA,agent,MC,D,NA,GI,Y,nullsub,DE_WR_41_55_22_14_IRR,95.3,Yes,33,22,Yes,17,Outsideclassroom,Yes,English,76_5,coger,simple-finite
y mira a su alrededor  para averiguar,75,6,2020,Granada,UA,6,female,55,NA,agent,MC,D,NA,GI,Y,nullsub,DE_WR_41_55_22_14_IRR,95.3,Yes,33,22,Yes,17,Outsideclassroom,Yes,English,76_6,mirar,simple-finite
de dónde puede a haber aparecido,75,7,2020,Granada,UA,6,female,55,NA,pacient,SC,I,NA,GI,N,nullsub,DE_WR_41_55_22_14_IRR,95.3,Yes,33,22,Yes,17,Outsideclassroom,Yes,English,76_7,aparecer,modal
o a dónde puede pertenecer.,75,8,2020,Granada,UA,6,female,55,NA,pacient,SC,I,NA,GI,N,nullsub,DE_WR_41_55_22_14_IRR,95.3,Yes,33,22,Yes,17,Outsideclassroom,Yes,English,76_8,pertencer,modal
Chaplin estaba caminando por una calle pequeña,75,1,2019,Münster,UA,6,female,20,PRE,agent,MC,D,DEF,NE,N,dp,DE_WR_42_20_4_14_NA,97.7,No,16,4,No,10,Insideclassroom,Yes,Turkish,77_1,caminar,periphrasis-gerund
Pero ella no le quería,75,10,2019,Münster,UA,6,female,20,PRE,agent,MC,D,DEF,GI,N,pron,DE_WR_42_20_4_14_NA,97.7,No,16,4,No,10,Insideclassroom,Yes,Turkish,77_10,querer,simple-finite
y gritó al pobre Chuplin.,75,11,2019,Münster,UA,6,female,20,NA,agent,MC,D,NA,GI,Y,nullsub,DE_WR_42_20_4_14_NA,97.7,No,16,4,No,10,Insideclassroom,Yes,Turkish,77_11,gritar,simple-finite
"Luego, le puso en los brazos de un señor",75,12,2019,Münster,UA,6,female,20,NA,agent,MC,D,NA,GI,N,nullsub,DE_WR_42_20_4_14_NA,97.7,No,16,4,No,10,Insideclassroom,Yes,Turkish,77_12,poner,simple-finite
Pero el señor tambièn puso el bebe al cochecito de la mujer mencionada,75,15,2019,Münster,UA,6,female,20,PRE,agent,MC,D,DEF,GI,N,dp,DE_WR_42_20_4_14_NA,97.7,No,16,4,No,10,Insideclassroom,Yes,Turkish,77_15,poner,simple-finite
y ella fue a un policía,75,16,2019,Münster,UA,6,female,20,PRE,pacient,MC,D,DEF,GI,N,pron,DE_WR_42_20_4_14_NA,97.7,No,16,4,No,10,Insideclassroom,Yes,Turkish,77_16,ser,simple-finite
que dio el bebe de nuevo a Chuplin.,75,17,2019,Münster,UA,6,female,20,PRE,agent,SC,D,DEF,GI,N,pron,DE_WR_42_20_4_14_NA,97.7,No,16,4,No,10,Insideclassroom,Yes,Turkish,77_17,dar,simple-finite
Chuplin recogió el bebe,75,18,2019,Münster,UA,6,female,20,PRE,agent,MC,D,DEF,GI,N,dp,DE_WR_42_20_4_14_NA,97.7,No,16,4,No,10,Insideclassroom,Yes,Turkish,77_18,recoger,simple-finite
y se sentió al margen de la calle.,75,19,2019,Münster,UA,6,female,20,NA,agent,MC,D,NA,GI,Y,nullsub,DE_WR_42_20_4_14_NA,97.7,No,16,4,No,10,Insideclassroom,Yes,Turkish,77_19,sentarse,simple-finite
donde personas tiraron cosas por la ventana.,75,2,2019,Münster,UA,6,female,20,PRE,agent,SC,D,INDEF,NE,N,dp,DE_WR_42_20_4_14_NA,97.7,No,16,4,No,10,Insideclassroom,Yes,Turkish,77_2,tirar,simple-finite
Encontró un papel,75,20,2019,Münster,UA,6,female,20,NA,agent,MC,D,NA,GI,Y,nullsub,DE_WR_42_20_4_14_NA,97.7,No,16,4,No,10,Insideclassroom,Yes,Turkish,77_20,encontrar,simple-finite
y le da amor.,75,23,2019,Münster,UA,6,female,20,NA,agent,MC,D,NA,NA,NA,nullsub,DE_WR_42_20_4_14_NA,97.7,No,16,4,No,10,Insideclassroom,Yes,Turkish,77_23,dar,simple-finite
"Chuplin miró al niño,",75,24,2019,Münster,UA,6,female,20,PRE,agent,MC,D,DEF,GI,N,dp,DE_WR_42_20_4_14_NA,97.7,No,16,4,No,10,Insideclassroom,Yes,Turkish,77_24,mirar,simple-finite
sonrió,75,25,2019,Münster,UA,6,female,20,NA,agent,MC,D,NA,GI,Y,nullsub,DE_WR_42_20_4_14_NA,97.7,No,16,4,No,10,Insideclassroom,Yes,Turkish,77_25,sonreír,simple-finite
y se fue con el chiquito en sus brazos.,76,26,2019,Münster,UA,6,female,20,NA,agent,MC,D,NA,GI,Y,nullsub,DE_WR_42_20_4_14_NA,97.7,No,16,4,No,10,Insideclassroom,Yes,Turkish,77_26,irse,simple-finite
Dos veces casi le acertaron.,76,3,2019,Münster,UA,6,female,20,NA,agent,MC,D,NA,GI,N,nullsub,DE_WR_42_20_4_14_NA,97.7,No,16,4,No,10,Insideclassroom,Yes,Turkish,77_3,acertar,simple-finite
"Cuando buscaba un cigarro en la bolsa de su abrigo para fumar otra vez,",76,4,2019,Münster,UA,6,female,20,NA,agent,SC,D,NA,GI,N,nullsub,DE_WR_42_20_4_14_NA,97.7,No,16,4,No,10,Insideclassroom,Yes,Turkish,77_4,buscar,simple-finite
encontró un bebe,76,5,2019,Münster,UA,6,female,20,NA,agent,MC,D,NA,GI,Y,nullsub,DE_WR_42_20_4_14_NA,97.7,No,16,4,No,10,Insideclassroom,Yes,Turkish,77_5,encontrar,simple-finite
que estaba en la calle.,76,6,2019,Münster,UA,6,female,20,PRE,pacient,SC,D,DEF,GI,N,pron,DE_WR_42_20_4_14_NA,97.7,No,16,4,No,10,Insideclassroom,Yes,Turkish,77_6,estar,simple-finite
Él que no quería dejarle,76,7,2019,Münster,UA,6,female,20,PRE,agent,MC,D,DEF,GI,N,pron,DE_WR_42_20_4_14_NA,97.7,No,16,4,No,10,Insideclassroom,Yes,Turkish,77_7,dejar,modal
solo buscó su madre o un lugar para el niño chiquito.,76,8,2019,Münster,UA,6,female,20,NA,agent,MC,D,NA,GI,Y,nullsub,DE_WR_42_20_4_14_NA,97.7,No,16,4,No,10,Insideclassroom,Yes,Turkish,77_8,buscar,simple-finite
"Primero, le puso en el cochecito de una mujer.",76,9,2019,Münster,UA,6,female,20,NA,agent,MC,D,NA,GI,Y,nullsub,DE_WR_42_20_4_14_NA,97.7,No,16,4,No,10,Insideclassroom,Yes,Turkish,77_9,poner,simple-finite
Charlie Chaplin camina de manera despistada por un patio detrás de un edificio,76,1,2018,Hamburg,LA,5,female,23,PRE,agent,MC,D,DEF,NE,N,dp,DE_WR_42_24_11_14_MCC,97.7,Yes,13,11,Yes,65,Outsideclassroom,Yes,"Arabic, English",78_1,caminar,simple-finite
le cae una gran cantidad de escombros.,76,10,2018,Hamburg,LA,5,female,23,POST,pacient,MC,D,INDEF,NE,N,dp,DE_WR_42_24_11_14_MCC,97.7,Yes,13,11,Yes,65,Outsideclassroom,Yes,"Arabic, English",78_10,caer,simple-finite
"Por un momento se queda irritado,",76,11,2018,Hamburg,LA,5,female,23,NA,agent,MC,D,NA,GI,N,nullsub,DE_WR_42_24_11_14_MCC,97.7,Yes,13,11,Yes,65,Outsideclassroom,Yes,"Arabic, English",78_11,quedarse,simple-finite
pero despues enciende otro cigarillo.,76,12,2018,Hamburg,LA,5,female,23,NA,agent,MC,D,NA,GI,Y,nullsub,DE_WR_42_24_11_14_MCC,97.7,Yes,13,11,Yes,65,Outsideclassroom,Yes,"Arabic, English",78_12,encender,simple-finite
De repente encuentra en el suelo por los basureros un bebé envuelto en sábanas.,76,13,2018,Hamburg,LA,5,female,23,NA,agent,MC,D,NA,GI,Y,nullsub,DE_WR_42_24_11_14_MCC,97.7,Yes,13,11,Yes,65,Outsideclassroom,Yes,"Arabic, English",78_13,encontrar,simple-finite
Lo recoge,76,14,2018,Hamburg,LA,5,female,23,NA,agent,MC,D,NA,GI,Y,nullsub,DE_WR_42_24_11_14_MCC,97.7,Yes,13,11,Yes,65,Outsideclassroom,Yes,"Arabic, English",78_14,recoger,simple-finite
y mira hacia arriba,76,15,2018,Hamburg,LA,5,female,23,NA,agent,MC,D,NA,GI,Y,nullsub,DE_WR_42_24_11_14_MCC,97.7,Yes,13,11,Yes,65,Outsideclassroom,Yes,"Arabic, English",78_15,mirar,simple-finite
mientras al fondo una señora con un carro de bebé va pasando muy apurada.,76,16,2018,Hamburg,LA,5,female,23,PRE,agent,SC,D,INDEF,NE,N,dp,DE_WR_42_24_11_14_MCC,97.7,Yes,13,11,Yes,65,Outsideclassroom,Yes,"Arabic, English",78_16,ir,periphrasis-gerund
Charlie la llama,76,17,2018,Hamburg,LA,5,female,23,PRE,agent,MC,D,DEF,GI,N,dp,DE_WR_42_24_11_14_MCC,97.7,Yes,13,11,Yes,65,Outsideclassroom,Yes,"Arabic, English",78_17,llamar,simple-finite
"y se acerca a ella,",76,18,2018,Hamburg,LA,5,female,23,NA,agent,MC,D,NA,GI,Y,nullsub,DE_WR_42_24_11_14_MCC,97.7,Yes,13,11,Yes,65,Outsideclassroom,Yes,"Arabic, English",78_18,acercar,simple-finite
no obstante la señora se va,76,19,2018,Hamburg,LA,5,female,23,PRE,agent,MC,D,DEF,GI,N,dp,DE_WR_42_24_11_14_MCC,97.7,Yes,13,11,Yes,65,Outsideclassroom,Yes,"Arabic, English",78_19,irse,simple-finite
que está lleno de basura.,76,2,2018,Hamburg,LA,5,female,23,PRE,pacient,SC,D,DEF,GI,N,pron,DE_WR_42_24_11_14_MCC,97.7,Yes,13,11,Yes,65,Outsideclassroom,Yes,"Arabic, English",78_2,estar,simple-finite
y deja el carro un momento.,76,20,2018,Hamburg,LA,5,female,23,NA,agent,MC,D,NA,GI,Y,nullsub,DE_WR_42_24_11_14_MCC,97.7,Yes,13,11,Yes,65,Outsideclassroom,Yes,"Arabic, English",78_20,dejar,simple-finite
"Justo cuando regresa,",76,21,2018,Hamburg,LA,5,female,23,NA,agent,SC,D,NA,GI,N,nullsub,DE_WR_42_24_11_14_MCC,97.7,Yes,13,11,Yes,65,Outsideclassroom,Yes,"Arabic, English",78_21,regresar,simple-finite
Charlie le pone el bebé en el carrito,76,22,2018,Hamburg,LA,5,female,23,PRE,agent,MC,D,DEF,GI,N,dp,DE_WR_42_24_11_14_MCC,97.7,Yes,13,11,Yes,65,Outsideclassroom,Yes,"Arabic, English",78_22,poner,simple-finite
como si fuera de ella.,76,23,2018,Hamburg,LA,5,female,23,NA,pacient,SC,D,NA,GI,N,nullsub,DE_WR_42_24_11_14_MCC,97.7,Yes,13,11,Yes,65,Outsideclassroom,Yes,"Arabic, English",78_23,ser,simple-finite
La señora se queja,76,24,2018,Hamburg,LA,5,female,23,PRE,agent,MC,D,DEF,GI,N,dp,DE_WR_42_24_11_14_MCC,97.7,Yes,13,11,Yes,65,Outsideclassroom,Yes,"Arabic, English",78_24,quejarse,simple-finite
y le dice,76,25,2018,Hamburg,LA,5,female,23,NA,agent,MC,D,NA,GI,Y,nullsub,DE_WR_42_24_11_14_MCC,97.7,Yes,13,11,Yes,65,Outsideclassroom,Yes,"Arabic, English",78_25,decir,simple-finite
que se vaya en seguida.,76,26,2018,Hamburg,LA,5,female,23,NA,agent,SC,IM,NA,GI,N,nullsub,DE_WR_42_24_11_14_MCC,97.7,Yes,13,11,Yes,65,Outsideclassroom,Yes,"Arabic, English",78_26,irse,simple-finite
"Charlie muy nervioso casi se lleva el bebé de la señora por equivocación,",76,27,2018,Hamburg,LA,5,female,23,PRE,agent,MC,D,DEF,GI,Y,dp,DE_WR_42_24_11_14_MCC,97.7,Yes,13,11,Yes,65,Outsideclassroom,Yes,"Arabic, English",78_27,llevarse,simple-finite
pero finalmente regresa con el bebé al lugar,76,28,2018,Hamburg,LA,5,female,23,NA,agent,MC,D,NA,GI,Y,nullsub,DE_WR_42_24_11_14_MCC,97.7,Yes,13,11,Yes,65,Outsideclassroom,Yes,"Arabic, English",78_28,regresar,simple-finite
en el que lo ha encontrado.,77,29,2018,Hamburg,LA,5,female,23,NA,agent,SC,D,NA,GI,Y,nullsub,DE_WR_42_24_11_14_MCC,97.7,Yes,13,11,Yes,65,Outsideclassroom,Yes,"Arabic, English",78_29,encontrar,simple-finite
Desde uno de los pisos de arriba del edificio una persona está botando escombros,77,3,2018,Hamburg,LA,5,female,23,PRE,agent,MC,D,INDEF,NE,N,dp,DE_WR_42_24_11_14_MCC,97.7,Yes,13,11,Yes,65,Outsideclassroom,Yes,"Arabic, English",78_3,botar,periphrasis-gerund
"Cuando ya está a punto de dejar el bebé ahi mismo,",77,30,2018,Hamburg,LA,5,female,23,NA,NA,SC,D,NA,GI,Y,nullsub,DE_WR_42_24_11_14_MCC,97.7,Yes,13,11,Yes,65,Outsideclassroom,Yes,"Arabic, English",78_30,estar,periphrasis-lexical
se encuentra a un policía,77,31,2018,Hamburg,LA,5,female,23,NA,agent,MC,D,NA,GI,Y,nullsub,DE_WR_42_24_11_14_MCC,97.7,Yes,13,11,Yes,65,Outsideclassroom,Yes,"Arabic, English",78_31,encontrar,simple-finite
y rapidamente vuelve a recoger el bebé.,77,32,2018,Hamburg,LA,5,female,23,NA,agent,MC,D,NA,GI,Y,nullsub,DE_WR_42_24_11_14_MCC,97.7,Yes,13,11,Yes,65,Outsideclassroom,Yes,"Arabic, English",78_32,recoger,periphrasis-lexical
En su desesperación se lo entrega a un señor,77,33,2018,Hamburg,LA,5,female,23,NA,agent,MC,D,NA,GI,Y,nullsub,DE_WR_42_24_11_14_MCC,97.7,Yes,13,11,Yes,65,Outsideclassroom,Yes,"Arabic, English",78_33,entregar,simple-finite
que va caminando por las calles.,77,34,2018,Hamburg,LA,5,female,23,PRE,agent,SC,D,DEF,GI,N,pron,DE_WR_42_24_11_14_MCC,97.7,Yes,13,11,Yes,65,Outsideclassroom,Yes,"Arabic, English",78_34,ir,periphrasis-gerund
Charlie sale corriendo,77,35,2018,Hamburg,LA,5,female,23,PRE,agent,MC,D,DEF,GI,N,dp,DE_WR_42_24_11_14_MCC,97.7,Yes,13,11,Yes,65,Outsideclassroom,Yes,"Arabic, English",78_35,salir,periphrasis-gerund
y se esconde.,77,36,2018,Hamburg,LA,5,female,23,NA,agent,MC,D,NA,GI,Y,nullsub,DE_WR_42_24_11_14_MCC,97.7,Yes,13,11,Yes,65,Outsideclassroom,Yes,"Arabic, English",78_36,esconder,simple-finite
El señor busca un lugar,77,37,2018,Hamburg,LA,5,female,23,PRE,agent,MC,D,DEF,GI,N,dp,DE_WR_42_24_11_14_MCC,97.7,Yes,13,11,Yes,65,Outsideclassroom,Yes,"Arabic, English",78_37,buscar,simple-finite
y lo acuesta justo en el proximo carro de bebé,77,39,2018,Hamburg,LA,5,female,23,NA,agent,MC,D,NA,GI,Y,nullsub,DE_WR_42_24_11_14_MCC,97.7,Yes,13,11,Yes,65,Outsideclassroom,Yes,"Arabic, English",78_39,acostar,simple-finite
que se caen en Charlie.,77,4,2018,Hamburg,LA,5,female,23,PRE,pacient,SC,D,DEF,GI,N,pron,DE_WR_42_24_11_14_MCC,97.7,Yes,13,11,Yes,65,Outsideclassroom,Yes,"Arabic, English",78_4,caerse,simple-finite
"Mientras tanto, Charlie sale de su escondite",77,40,2018,Hamburg,LA,5,female,23,PRE,agent,MC,D,DEF,GI,N,dp,DE_WR_42_24_11_14_MCC,97.7,Yes,13,11,Yes,65,Outsideclassroom,Yes,"Arabic, English",78_40,salir,simple-finite
y como la señora ya lo conoce,77,41,2018,Hamburg,LA,5,female,23,PRE,agent,SC,D,DEF,GI,N,dp,DE_WR_42_24_11_14_MCC,97.7,Yes,13,11,Yes,65,Outsideclassroom,Yes,"Arabic, English",78_41,conocer,simple-finite
corre detrás de él,77,42,2018,Hamburg,LA,5,female,23,NA,agent,MC,D,NA,GI,Y,nullsub,DE_WR_42_24_11_14_MCC,97.7,Yes,13,11,Yes,65,Outsideclassroom,Yes,"Arabic, English",78_42,correr,simple-finite
y le pega con su sombrilla en cuanto lo ve.,77,43,2018,Hamburg,LA,5,female,23,NA,agent,MC,D,NA,GI,Y,nullsub,DE_WR_42_24_11_14_MCC,97.7,Yes,13,11,Yes,65,Outsideclassroom,Yes,"Arabic, English",78_43,pegar,simple-finite
Llega el policia,77,44,2018,Hamburg,LA,5,female,23,POST,pacient,MC,D,DEF,GI,N,dp,DE_WR_42_24_11_14_MCC,97.7,Yes,13,11,Yes,65,Outsideclassroom,Yes,"Arabic, English",78_44,llegar,simple-finite
que se da cuenta del ruido en la calle,77,45,2018,Hamburg,LA,5,female,23,PRE,pacient,SC,D,DEF,GI,Y,pron,DE_WR_42_24_11_14_MCC,97.7,Yes,13,11,Yes,65,Outsideclassroom,Yes,"Arabic, English",78_45,darse ,periphrasis-lexical
y la señora se queja,77,46,2018,Hamburg,LA,5,female,23,PRE,agent,MC,D,DEF,GI,N,dp,DE_WR_42_24_11_14_MCC,97.7,Yes,13,11,Yes,65,Outsideclassroom,Yes,"Arabic, English",78_46,quejarse,simple-finite
de que Charlie no deja de acostar un bebé extraño en su carrito.,77,47,2018,Hamburg,LA,5,female,23,PRE,agent,SC,D,DEF,GI,N,dp,DE_WR_42_24_11_14_MCC,97.7,Yes,13,11,Yes,65,Outsideclassroom,Yes,"Arabic, English",78_47,dejar,infinitive
Charlie no tiene otra opción,77,48,2018,Hamburg,LA,5,female,23,PRE,pacient,MC,D,DEF,GI,Y,dp,DE_WR_42_24_11_14_MCC,97.7,Yes,13,11,Yes,65,Outsideclassroom,Yes,"Arabic, English",78_48,tener,simple-finite
"Charlie voltea a ver,",77,5,2018,Hamburg,LA,5,female,23,PRE,agent,MC,D,DEF,GI,N,dp,DE_WR_42_24_11_14_MCC,97.7,Yes,13,11,Yes,65,Outsideclassroom,Yes,"Arabic, English",78_5,ver,periphrasis-lexical
que tomar el bebé e irse.,78,50,2018,Hamburg,LA,5,female,23,NA,agent,SC,D,NA,NA,NA,nullsub,DE_WR_42_24_11_14_MCC,97.7,Yes,13,11,Yes,65,Outsideclassroom,Yes,"Arabic, English",78_50,tomar,simple-finite
y por un momento toma en cuenta hacer desaparecer el bebé ahí mismo.,78,51,2018,Hamburg,LA,5,female,23,NA,agent,MC,D,NA,GI,Y,nullsub,DE_WR_42_24_11_14_MCC,97.7,Yes,13,11,Yes,65,Outsideclassroom,Yes,"Arabic, English",78_51,tomar,simple-finite
Lo queda viendo,78,52,2018,Hamburg,LA,5,female,23,NA,pacient,MC,D,NA,GI,Y,nullsub,DE_WR_42_24_11_14_MCC,97.7,Yes,13,11,Yes,65,Outsideclassroom,Yes,"Arabic, English",78_52,ver,simple-finite
y se da cuenta,78,53,2018,Hamburg,LA,5,female,23,NA,pacient,MC,D,NA,GI,Y,nullsub,DE_WR_42_24_11_14_MCC,97.7,Yes,13,11,Yes,65,Outsideclassroom,Yes,"Arabic, English",78_53,darse,periphrasis-lexical
Saca el papelito,78,55,2018,Hamburg,LA,5,female,23,NA,agent,MC,D,NA,GI,N,nullsub,DE_WR_42_24_11_14_MCC,97.7,Yes,13,11,Yes,65,Outsideclassroom,Yes,"Arabic, English",78_55,sacar,simple-finite
y lee:,78,56,2018,Hamburg,LA,5,female,23,NA,agent,MC,D,NA,GI,Y,nullsub,DE_WR_42_24_11_14_MCC,97.7,Yes,13,11,Yes,65,Outsideclassroom,Yes,"Arabic, English",78_56,leer,simple-finite
Charlie se sienta en la acera,78,59,2018,Hamburg,LA,5,female,23,PRE,agent,MC,D,DEF,GI,N,dp,DE_WR_42_24_11_14_MCC,97.7,Yes,13,11,Yes,65,Outsideclassroom,Yes,"Arabic, English",78_59,sentarse,simple-finite
"pero sin embargo, no se demuestra interesado en eso",78,6,2018,Hamburg,LA,5,female,23,NA,agent,MC,D,NA,GI,Y,nullsub,DE_WR_42_24_11_14_MCC,97.7,Yes,13,11,Yes,65,Outsideclassroom,Yes,"Arabic, English",78_6,demostrar,simple-finite
la actitud de Charlie hacia el bebé cambia completamente.,78,60,2018,Hamburg,LA,5,female,23,PRE,pacient,MC,D,DEF,NE,N,dp,DE_WR_42_24_11_14_MCC,97.7,Yes,13,11,Yes,65,Outsideclassroom,Yes,"Arabic, English",78_60,cambiar,simple-finite
Lo empieza a tratar con cariño,78,61,2018,Hamburg,LA,5,female,23,NA,agent,MC,D,NA,GI,N,nullsub,DE_WR_42_24_11_14_MCC,97.7,Yes,13,11,Yes,65,Outsideclassroom,Yes,"Arabic, English",78_61,empezar,simple-finite
y se lo lleva.,78,62,2018,Hamburg,LA,5,female,23,NA,pacient,MC,D,NA,GI,Y,nullsub,DE_WR_42_24_11_14_MCC,97.7,Yes,13,11,Yes,65,Outsideclassroom,Yes,"Arabic, English",78_62,llevar,simple-finite
y sigue caminando –,78,7,2018,Hamburg,LA,5,female,23,NA,agent,MC,D,NA,GI,Y,nullsub,DE_WR_42_24_11_14_MCC,97.7,Yes,13,11,Yes,65,Outsideclassroom,Yes,"Arabic, English",78_7,caminar,periphrasis-gerund
"Cuando toma su bastón listo para marcharse,",78,9,2018,Hamburg,LA,5,female,23,NA,agent,SC,D,NA,GI,Y,nullsub,DE_WR_42_24_11_14_MCC,97.7,Yes,13,11,Yes,65,Outsideclassroom,Yes,"Arabic, English",78_9,tomar,simple-finite
"El cortometraje ""The kid- The baby"" con Charly Chaplin como protagonista trata de un hombre",78,1,2018,Kiel,UA,6,female,24,PRE,agent,MC,D,DEF,NE,N,dp,DE_WR_42_24_14_14_ARUG,97.7,No,14,14,Yes,7,Outsideclassroom,No,English,79_1,tratar,periphrasis-lexical
que usa un bastón.,78,10,2018,Kiel,UA,6,female,24,PRE,agent,SC,D,DEF,GI,N,pron,DE_WR_42_24_14_14_ARUG,97.7,No,14,14,Yes,7,Outsideclassroom,No,English,79_10,usar,simple-finite
Pide al anciano,78,11,2018,Kiel,UA,6,female,24,NA,agent,MC,D,NA,GI,N,nullsub,DE_WR_42_24_14_14_ARUG,97.7,No,14,14,Yes,7,Outsideclassroom,No,English,79_11,pedir,simple-finite
que ataje al bebé,78,12,2018,Kiel,UA,6,female,24,PRE,pacient,SC,IM,DEF,GI,N,pron,DE_WR_42_24_14_14_ARUG,97.7,No,14,14,Yes,7,Outsideclassroom,No,English,79_12,atajar,simple-finite
mientras que se ata los cordones con la intención de salir corriendo.,78,13,2018,Kiel,UA,6,female,24,NA,agent,SC,D,NA,GI,N,nullsub,DE_WR_42_24_14_14_ARUG,97.7,No,14,14,Yes,7,Outsideclassroom,No,English,79_13,atarse,simple-finite
El anciano se queda con el bebé,78,14,2018,Kiel,UA,6,female,24,PRE,agent,MC,D,DEF,GI,N,dp,DE_WR_42_24_14_14_ARUG,97.7,No,14,14,Yes,7,Outsideclassroom,No,English,79_14,quedarse,simple-finite
e intenta sacarse el bebé del mismo modo,78,15,2018,Kiel,UA,6,female,24,NA,agent,MC,D,NA,GI,Y,nullsub,DE_WR_42_24_14_14_ARUG,97.7,No,14,14,Yes,7,Outsideclassroom,No,English,79_15,intentar,infinitive
que antes lo hizo el otro hombre.,78,16,2018,Kiel,UA,6,female,24,POST,agent,SC,D,DEF,NE,N,dp,DE_WR_42_24_14_14_ARUG,97.7,No,14,14,Yes,7,Outsideclassroom,No,English,79_16,hacer,simple-finite
Cuando el protagonista pasa por el carrito de la señora,78,17,2018,Kiel,UA,6,female,24,PRE,pacient,SC,D,DEF,GI,N,dp,DE_WR_42_24_14_14_ARUG,97.7,No,14,14,Yes,7,Outsideclassroom,No,English,79_17,pasar,simple-finite
ella se da cuenta,78,18,2018,Kiel,UA,6,female,24,PRE,pacient,MC,D,DEF,GI,N,pron,DE_WR_42_24_14_14_ARUG,97.7,No,14,14,Yes,7,Outsideclassroom,No,English,79_18,darse ,periphrasis-lexical
y grita,78,19,2018,Kiel,UA,6,female,24,NA,agent,MC,D,NA,GI,Y,nullsub,DE_WR_42_24_14_14_ARUG,97.7,No,14,14,Yes,7,Outsideclassroom,No,English,79_19,gritar,simple-finite
que encuentra a un bebé tirado en una calle de un barrio de pocos recursos.,78,2,2018,Kiel,UA,6,female,24,PRE,agent,SC,D,DEF,GI,N,pron,DE_WR_42_24_14_14_ARUG,97.7,No,14,14,Yes,7,Outsideclassroom,No,English,79_2,encontrar,simple-finite
hasta que viene el policía,78,20,2018,Kiel,UA,6,female,24,POST,pacient,SC,D,DEF,GI,N,dp,DE_WR_42_24_14_14_ARUG,97.7,No,14,14,Yes,7,Outsideclassroom,No,English,79_20,venir,simple-finite
y el protagonista se ve obligado a llevar al bebé consigo.,78,21,2018,Kiel,UA,6,female,24,PRE,pacient,MC,D,DEF,GI,N,dp,DE_WR_42_24_14_14_ARUG,97.7,No,14,14,Yes,7,Outsideclassroom,No,English,79_21,verse,simple-finite
Deprimido se sienta en la vereda,78,22,2018,Kiel,UA,6,female,24,NA,agent,MC,D,NA,GI,Y,nullsub,DE_WR_42_24_14_14_ARUG,97.7,No,14,14,Yes,7,Outsideclassroom,No,English,79_22,sentarse,simple-finite
y encuentra un papel envuelto la tela,78,23,2018,Kiel,UA,6,female,24,NA,agent,MC,D,NA,GI,Y,nullsub,DE_WR_42_24_14_14_ARUG,97.7,No,14,14,Yes,7,Outsideclassroom,No,English,79_23,encontrar,simple-finite
que cubre al bebé.,78,24,2018,Kiel,UA,6,female,24,PRE,agent,SC,D,DEF,GI,N,pron,DE_WR_42_24_14_14_ARUG,97.7,No,14,14,Yes,7,Outsideclassroom,No,English,79_24,cubrir,simple-finite
que el bebé es un huérfano,78,26,2018,Kiel,UA,6,female,24,PRE,pacient,SC,D,DEF,GI,N,dp,DE_WR_42_24_14_14_ARUG,97.7,No,14,14,Yes,7,Outsideclassroom,No,English,79_26,ser,simple-finite
"y que la persona […] se encargue, por favor, de él con mucho amor y cuidado.",78,27,2018,Kiel,UA,6,female,24,PRE,agent,SC,IM,DEF,NE,N,dp,DE_WR_42_24_14_14_ARUG,97.7,No,14,14,Yes,7,Outsideclassroom,No,English,79_27,encargarse,simple-finite
que lo encuentre,78,28,2018,Kiel,UA,6,female,24,PRE,agent,SC,D,DEF,GI,Y,pron,DE_WR_42_24_14_14_ARUG,97.7,No,14,14,Yes,7,Outsideclassroom,No,English,79_28,encontrar,simple-finite
Con este mensaje el protagonista al final se siente feliz,78,29,2018,Kiel,UA,6,female,24,PRE,agent,MC,D,DEF,GI,N,dp,DE_WR_42_24_14_14_ARUG,97.7,No,14,14,Yes,7,Outsideclassroom,No,English,79_29,sentirse,simple-finite
Primero el hombre intenta poner el bebé en el carrito de una señora,78,3,2018,Kiel,UA,6,female,24,PRE,agent,MC,D,DEF,GI,Y,dp,DE_WR_42_24_14_14_ARUG,97.7,No,14,14,Yes,7,Outsideclassroom,No,English,79_3,intentar,infinitive
que no tenga que seguir buscando a los padres,78,30,2018,Kiel,UA,6,female,24,NA,pacient,SC,D,NA,GI,Y,nullsub,DE_WR_42_24_14_14_ARUG,97.7,No,14,14,Yes,7,Outsideclassroom,No,English,79_30,tener,simple-finite
y cuida al bebé.,78,31,2018,Kiel,UA,6,female,24,NA,agent,MC,D,NA,GI,Y,nullsub,DE_WR_42_24_14_14_ARUG,97.7,No,14,14,Yes,7,Outsideclassroom,No,English,79_31,cuidar,simple-finite
pero ella se da cuenta.,78,4,2018,Kiel,UA,6,female,24,PRE,pacient,MC,D,DEF,GI,N,pron,DE_WR_42_24_14_14_ARUG,97.7,No,14,14,Yes,7,Outsideclassroom,No,English,79_4,darse ,periphrasis-lexical
Entonces el hombre piensa en dejar el bebé otra vez en el lugar,78,5,2018,Kiel,UA,6,female,24,PRE,agent,MC,D,DEF,GI,N,dp,DE_WR_42_24_14_14_ARUG,97.7,No,14,14,Yes,7,Outsideclassroom,No,English,79_5,pensar,simple-finite
"en el que lo encontró,",78,6,2018,Kiel,UA,6,female,24,NA,agent,SC,D,NA,GI,Y,nullsub,DE_WR_42_24_14_14_ARUG,97.7,No,14,14,Yes,7,Outsideclassroom,No,English,79_6,encontrar,simple-finite
pero aparece un policía,78,7,2018,Kiel,UA,6,female,24,POST,pacient,MC,D,INDEF,NE,N,dp,DE_WR_42_24_14_14_ARUG,97.7,No,14,14,Yes,7,Outsideclassroom,No,English,79_7,aparecer,simple-finite
y por eso lleva el bebé consigo,78,8,2018,Kiel,UA,6,female,24,NA,pacient,MC,D,NA,GI,N,nullsub,DE_WR_42_24_14_14_ARUG,97.7,No,14,14,Yes,7,Outsideclassroom,No,English,79_8,llevar,simple-finite
Chaplin es la calle.,78,1,2018,NA,LI,3,male,30,PRE,pacient,MC,D,DEF,NE,N,dp,DE_WR_25_30_5_14_SD,58.1,No,25,5,Yes,45,Outsideclassroom,No,NA,8_1,ser,simple-finite
Pero ella no quiere un bebé más.,78,10,2018,NA,LI,3,male,30,PRE,agent,MC,D,DEF,GI,Y,pron,DE_WR_25_30_5_14_SD,58.1,No,25,5,Yes,45,Outsideclassroom,No,NA,8_10,querer,simple-finite
Chaplin quería dejar el bebé en la calle.,78,11,2018,NA,LI,3,male,30,PRE,agent,MC,D,DEF,GI,N,dp,DE_WR_25_30_5_14_SD,58.1,No,25,5,Yes,45,Outsideclassroom,No,NA,8_11,dejar,modal
Pero la policia ha viste a el.,78,12,2018,NA,LI,3,male,30,PRE,pacient,MC,D,DEF,NE,N,dp,DE_WR_25_30_5_14_SD,58.1,No,25,5,Yes,45,Outsideclassroom,No,NA,8_12,ver,simple-finite
En el fin Chaplin quiere quedar con el bebé.,78,13,2018,NA,LI,3,male,30,PRE,pacient,MC,D,DEF,GI,N,dp,DE_WR_25_30_5_14_SD,58.1,No,25,5,Yes,45,Outsideclassroom,No,NA,8_13,quedar,modal
Porque el encontrar una letra con el bebé.,78,14,2018,NA,LI,3,male,30,NA,agent,SC,D,NA,GI,Y,nullsub,DE_WR_25_30_5_14_SD,58.1,No,25,5,Yes,45,Outsideclassroom,No,NA,8_14,encontrar,simple-finite
Basura se calló a su cabeza.,78,2,2018,NA,LI,3,male,30,PRE,pacient,MC,D,INDEF,NE,N,dp,DE_WR_25_30_5_14_SD,58.1,No,25,5,Yes,45,Outsideclassroom,No,NA,8_2,caer,simple-finite
Y el fuma una cigarra.,78,3,2018,NA,LI,3,male,30,PRE,agent,MC,D,DEF,GI,N,pron,DE_WR_25_30_5_14_SD,58.1,No,25,5,Yes,45,Outsideclassroom,No,NA,8_3,fumar,simple-finite
Después el encontrar un bebé.,78,4,2018,NA,LI,3,male,30,PRE,agent,MC,D,DEF,GI,Y,pron,DE_WR_25_30_5_14_SD,58.1,No,25,5,Yes,45,Outsideclassroom,No,NA,8_4,encontrar,simple-finite
El no sabe,78,5,2018,NA,LI,3,male,30,PRE,agent,MC,D,DEF,GI,Y,pron,DE_WR_25_30_5_14_SD,58.1,No,25,5,Yes,45,Outsideclassroom,No,NA,8_5,saber,simple-finite
dónde puede quedarse.,78,6,2018,NA,LI,3,male,30,NA,pacient,SC,I,NA,GI,Y,nullsub,DE_WR_25_30_5_14_SD,58.1,No,25,5,Yes,45,Outsideclassroom,No,NA,8_6,quedarse,modal
O de donde está.,78,7,2018,NA,LI,3,male,30,NA,pacient,SC,I,NA,GI,Y,nullsub,DE_WR_25_30_5_14_SD,58.1,No,25,5,Yes,45,Outsideclassroom,No,NA,8_7,estar,simple-finite
El pregunto una mujer con un bebé,78,8,2018,NA,LI,3,male,30,PRE,agent,MC,D,DEF,GI,Y,pron,DE_WR_25_30_5_14_SD,58.1,No,25,5,Yes,45,Outsideclassroom,No,NA,8_8,preguntar,simple-finite
que se puede quedar con ella.,78,9,2018,NA,LI,3,male,30,NA,pacient,SC,I,NA,GI,N,nullsub,DE_WR_25_30_5_14_SD,58.1,No,25,5,Yes,45,Outsideclassroom,No,NA,8_9,quedarse,modal
Chaplin le pide perdón,79,10,2018,Osnabrück,UA,6,female,26,PRE,agent,MC,D,DEF,GI,N,dp,DE_WR_42_26_9_14_SK,97.7,No,16,9,Yes,20,Outsideclassroom,No,English,80_10,pedir,simple-finite
que perdió al niño.,79,12,2018,Osnabrück,UA,6,female,26,NA,agent,SC,D,NA,GI,N,nullsub,DE_WR_42_26_9_14_SK,97.7,No,16,9,Yes,20,Outsideclassroom,No,English,80_12,perder,simple-finite
"Sin embargo, la señora le demanda coger al niño e irse con él.",79,13,2018,Osnabrück,UA,6,female,26,PRE,agent,MC,D,DEF,GI,N,dp,DE_WR_42_26_9_14_SK,97.7,No,16,9,Yes,20,Outsideclassroom,No,English,80_13,coger,simple-finite
Chaplin regresa al lugar,79,14,2018,Osnabrück,UA,6,female,26,PRE,agent,MC,D,DEF,GI,N,dp,DE_WR_42_26_9_14_SK,97.7,No,16,9,Yes,20,Outsideclassroom,No,English,80_14,regresar,simple-finite
donde encontró al niño para dejarlo allá.,79,15,2018,Osnabrück,UA,6,female,26,NA,agent,SC,D,NA,GI,Y,nullsub,DE_WR_42_26_9_14_SK,97.7,No,16,9,Yes,20,Outsideclassroom,No,English,80_15,encontrar,simple-finite
"En este momento, un policía le observa.",79,16,2018,Osnabrück,UA,6,female,26,PRE,agent,MC,D,INDEF,NE,N,dp,DE_WR_42_26_9_14_SK,97.7,No,16,9,Yes,20,Outsideclassroom,No,English,80_16,observar,simple-finite
"Chaplin lo ve,",79,18,2018,Osnabrück,UA,6,female,26,PRE,pacient,MC,D,DEF,GI,N,dp,DE_WR_42_26_9_14_SK,97.7,No,16,9,Yes,20,Outsideclassroom,No,English,80_18,ver,simple-finite
recoge al bebe  acuesta al bebe en el wagón,79,19,2018,Osnabrück,UA,6,female,26,NA,agent,MC,D,NA,GI,Y,nullsub,DE_WR_42_26_9_14_SK,97.7,No,16,9,Yes,20,Outsideclassroom,No,English,80_19,recoger,simple-finite
Chaplin halla a un bebe abandonado en la calle.,79,2,2018,Osnabrück,UA,6,female,26,PRE,agent,MC,D,DEF,NE,N,dp,DE_WR_42_26_9_14_SK,97.7,No,16,9,Yes,20,Outsideclassroom,No,English,80_2,hallar,simple-finite
y huye.,79,20,2018,Osnabrück,UA,6,female,26,NA,agent,MC,D,NA,GI,Y,nullsub,DE_WR_42_26_9_14_SK,97.7,No,16,9,Yes,20,Outsideclassroom,No,English,80_20,huír,simple-finite
En su camino cruza con un señor mayor,79,21,2018,Osnabrück,UA,6,female,26,NA,agent,MC,D,NA,GI,Y,nullsub,DE_WR_42_26_9_14_SK,97.7,No,16,9,Yes,20,Outsideclassroom,No,English,80_21,cruzar,simple-finite
y le pide tomar al bebe,79,22,2018,Osnabrück,UA,6,female,26,NA,agent,MC,D,NA,GI,Y,nullsub,DE_WR_42_26_9_14_SK,97.7,No,16,9,Yes,20,Outsideclassroom,No,English,80_22,pedir,simple-finite
Justo en este momento se echa a correr,79,24,2018,Osnabrück,UA,6,female,26,NA,agent,MC,D,NA,GI,Y,nullsub,DE_WR_42_26_9_14_SK,97.7,No,16,9,Yes,20,Outsideclassroom,No,English,80_24,correr,simple-finite
y se esconde,79,25,2018,Osnabrück,UA,6,female,26,NA,agent,MC,D,NA,GI,Y,nullsub,DE_WR_42_26_9_14_SK,97.7,No,16,9,Yes,20,Outsideclassroom,No,English,80_25,esconder,simple-finite
para que el señor no le encuentre.,79,26,2018,Osnabrück,UA,6,female,26,PRE,agent,SC,D,DEF,GI,N,dp,DE_WR_42_26_9_14_SK,97.7,No,16,9,Yes,20,Outsideclassroom,No,English,80_26,encontrar,simple-finite
"Como quiere alejarse del niño,",79,27,2018,Osnabrück,UA,6,female,26,NA,agent,SC,D,NA,GI,Y,nullsub,DE_WR_42_26_9_14_SK,97.7,No,16,9,Yes,20,Outsideclassroom,No,English,80_27,alejar,modal
"el mayor ve el wagón de la mujer anterior delante de una tienda de zapatero,",79,28,2018,Osnabrück,UA,6,female,26,PRE,pacient,MC,D,DEF,GI,Y,dp,DE_WR_42_26_9_14_SK,97.7,No,16,9,Yes,20,Outsideclassroom,No,English,80_28,ver,simple-finite
", y tal como lo hizo Chaplin,",79,29,2018,Osnabrück,UA,6,female,26,POST,agent,SC,D,DEF,GI,N,dp,DE_WR_42_26_9_14_SK,97.7,No,16,9,Yes,20,Outsideclassroom,No,English,80_29,hacer,simple-finite
"En este momento, una mujer con un wagón de bebe pasa por la ruina.",79,3,2018,Osnabrück,UA,6,female,26,PRE,pacient,MC,D,INDEF,NE,N,dp,DE_WR_42_26_9_14_SK,97.7,No,16,9,Yes,20,Outsideclassroom,No,English,80_3,pasar,simple-finite
"En este momento, Chaplin, […] pasa por la tienda",79,30,2018,Osnabrück,UA,6,female,26,PRE,pacient,MC,D,DEF,GI,Y,dp,DE_WR_42_26_9_14_SK,97.7,No,16,9,Yes,20,Outsideclassroom,No,English,80_30,pasar,simple-finite
quien está cierto,79,31,2018,Osnabrück,UA,6,female,26,PRE,pacient,SC,D,DEF,GI,Y,dp,DE_WR_42_26_9_14_SK,97.7,No,16,9,Yes,20,Outsideclassroom,No,English,80_31,estar,simple-finite
"de que el problema se ha solucionado,",79,32,2018,Osnabrück,UA,6,female,26,PRE,agent,SC,D,DEF,NE,N,dp,DE_WR_42_26_9_14_SK,97.7,No,16,9,Yes,20,Outsideclassroom,No,English,80_32,solucionar,simple-finite
cuando la mujer aparece.,79,33,2018,Osnabrück,UA,6,female,26,PRE,pacient,SC,D,DEF,GI,N,dp,DE_WR_42_26_9_14_SK,97.7,No,16,9,Yes,20,Outsideclassroom,No,English,80_33,aparecer,simple-finite
"que Chaplin repitió su crimen de dejar al bebe en su wagón,",79,35,2018,Osnabrück,UA,6,female,26,PRE,agent,SC,D,DEF,GI,N,dp,DE_WR_42_26_9_14_SK,97.7,No,16,9,Yes,20,Outsideclassroom,No,English,80_35,repetir,simple-finite
"se pone furiosa,",79,36,2018,Osnabrück,UA,6,female,26,NA,agent,MC,D,NA,GI,N,nullsub,DE_WR_42_26_9_14_SK,97.7,No,16,9,Yes,20,Outsideclassroom,No,English,80_36,poner,simple-finite
se le acerca,79,37,2018,Osnabrück,UA,6,female,26,NA,agent,MC,D,NA,GI,Y,nullsub,DE_WR_42_26_9_14_SK,97.7,No,16,9,Yes,20,Outsideclassroom,No,English,80_37,acercar,simple-finite
y le da golpes a Chaplin con su paraguas.,79,38,2018,Osnabrück,UA,6,female,26,NA,agent,MC,D,NA,GI,Y,nullsub,DE_WR_42_26_9_14_SK,97.7,No,16,9,Yes,20,Outsideclassroom,No,English,80_38,dar,simple-finite
El policía [...] se da cuenta de la discusión entre los dos,79,39,2018,Osnabrück,UA,6,female,26,PRE,pacient,MC,D,DEF,GI,N,dp,DE_WR_42_26_9_14_SK,97.7,No,16,9,Yes,20,Outsideclassroom,No,English,80_39,darse ,periphrasis-lexical
"Chaplin se acerca al wagón,",79,4,2018,Osnabrück,UA,6,female,26,PRE,agent,MC,D,DEF,GI,N,dp,DE_WR_42_26_9_14_SK,97.7,No,16,9,Yes,20,Outsideclassroom,No,English,80_4,acercarse,simple-finite
que observó a Chaplin en la escena anterior,80,40,2018,Osnabrück,UA,6,female,26,PRE,agent,SC,D,DEF,GI,Y,pron,DE_WR_42_26_9_14_SK,97.7,No,16,9,Yes,20,Outsideclassroom,No,English,80_40,observar,simple-finite
e intenta llegar a saber,80,41,2018,Osnabrück,UA,6,female,26,NA,agent,MC,D,NA,GI,Y,nullsub,DE_WR_42_26_9_14_SK,97.7,No,16,9,Yes,20,Outsideclassroom,No,English,80_41,intentar,simple-finite
lo que pasó.,80,42,2018,Osnabrück,UA,6,female,26,PRE,pacient,SC,I,DEF,NE,N,pron,DE_WR_42_26_9_14_SK,97.7,No,16,9,Yes,20,Outsideclassroom,No,English,80_42,pasar,simple-finite
"Chaplin toma al bebe,",80,43,2018,Osnabrück,UA,6,female,26,PRE,agent,MC,D,DEF,GI,N,dp,DE_WR_42_26_9_14_SK,97.7,No,16,9,Yes,20,Outsideclassroom,No,English,80_43,tomar,simple-finite
y se sienta en el borde de la acera,80,44,2018,Osnabrück,UA,6,female,26,NA,agent,MC,D,NA,GI,Y,nullsub,DE_WR_42_26_9_14_SK,97.7,No,16,9,Yes,20,Outsideclassroom,No,English,80_44,sentar,simple-finite
"De repente encuentra un papel en la ropa del bebe,",80,46,2018,Osnabrück,UA,6,female,26,NA,agent,MC,D,NA,GI,N,nullsub,DE_WR_42_26_9_14_SK,97.7,No,16,9,Yes,20,Outsideclassroom,No,English,80_46,encontrar,simple-finite
que ame y que cuide bien a este orfanato.,80,48,2018,Osnabrück,UA,6,female,26,NA,agent,SC,IM,NA,GI,N,nullsub,DE_WR_42_26_9_14_SK,97.7,No,16,9,Yes,20,Outsideclassroom,No,English,80_48,amar,simple-finite
"Al final, se aleja con el niño.",80,49,2018,Osnabrück,UA,6,female,26,NA,agent,MC,D,NA,GI,Y,nullsub,DE_WR_42_26_9_14_SK,97.7,No,16,9,Yes,20,Outsideclassroom,No,English,80_49,alejar,simple-finite
que el bebe abandonado le pertenece a la mujer.,80,6,2018,Osnabrück,UA,6,female,26,PRE,pacient,SC,D,DEF,GI,N,dp,DE_WR_42_26_9_14_SK,97.7,No,16,9,Yes,20,Outsideclassroom,No,English,80_6,pertenecer,simple-finite
Chaplin le acuesta en el wagón,80,7,2018,Osnabrück,UA,6,female,26,PRE,agent,MC,D,DEF,GI,N,dp,DE_WR_42_26_9_14_SK,97.7,No,16,9,Yes,20,Outsideclassroom,No,English,80_7,acostar,simple-finite
"cuando la madre se acerca ,",80,8,2018,Osnabrück,UA,6,female,26,PRE,agent,SC,D,DEF,GI,N,dp,DE_WR_42_26_9_14_SK,97.7,No,16,9,Yes,20,Outsideclassroom,No,English,80_8,acercarse,simple-finite
furiosa de que le haya puesto un bebe desconocido en el wagón.,80,9,2018,Osnabrück,UA,6,female,26,NA,agent,SC,D,NA,GI,Y,nullsub,DE_WR_42_26_9_14_SK,97.7,No,16,9,Yes,20,Outsideclassroom,No,English,80_9,poner,simple-finite
"El videoclip trata de un hombre llamado Charles Chaplin,",80,1,2019,Frankfurt,UA,6,male,23,PRE,agent,MC,D,DEF,NE,N,dp,DE_WR_43_23_9_14_AH,100,No,14,9,Yes,25,Outsideclassroom,No,English,81_1,tratar,periphrasis-lexical
"Entre tanto, también se quita sus guantes",80,11,2019,Frankfurt,UA,6,male,23,NA,agent,MC,D,NA,GI,Y,nullsub,DE_WR_43_23_9_14_AH,100,No,14,9,Yes,25,Outsideclassroom,No,English,81_11,quitarse,simple-finite
que desecha en un cubo de basura.,80,12,2019,Frankfurt,UA,6,male,23,NA,agent,SC,D,NA,GI,Y,nullsub,DE_WR_43_23_9_14_AH,100,No,14,9,Yes,25,Outsideclassroom,No,English,81_12,desechar,simple-finite
"A continuación, encuentra a un bebé en el suelo,",80,13,2019,Frankfurt,UA,6,male,23,NA,agent,MC,D,NA,GI,Y,nullsub,DE_WR_43_23_9_14_AH,100,No,14,9,Yes,25,Outsideclassroom,No,English,81_13,encontrar,simple-finite
lo recoge,80,14,2019,Frankfurt,UA,6,male,23,NA,agent,MC,D,NA,GI,Y,nullsub,DE_WR_43_23_9_14_AH,100,No,14,9,Yes,25,Outsideclassroom,No,English,81_14,recoger,simple-finite
y lo pone en un cochecito con otro bebé.,80,15,2019,Frankfurt,UA,6,male,23,NA,agent,MC,D,NA,GI,Y,nullsub,DE_WR_43_23_9_14_AH,100,No,14,9,Yes,25,Outsideclassroom,No,English,81_15,poner,simple-finite
"Cuando la madre se da cuenta,",80,16,2019,Frankfurt,UA,6,male,23,PRE,pacient,SC,D,DEF,NE,N,dp,DE_WR_43_23_9_14_AH,100,No,14,9,Yes,25,Outsideclassroom,No,English,81_16,darse ,periphrasis-lexical
y Chaplin tiene que llevarse al bebé otra vez.,80,18,2019,Frankfurt,UA,6,male,23,PRE,pacient,MC,D,DEF,GI,N,dp,DE_WR_43_23_9_14_AH,100,No,14,9,Yes,25,Outsideclassroom,No,English,81_18,llevarse,modal
Decide regresar al sitio,80,19,2019,Frankfurt,UA,6,male,23,NA,agent,MC,D,NA,GI,Y,nullsub,DE_WR_43_23_9_14_AH,100,No,14,9,Yes,25,Outsideclassroom,No,English,81_19,decidir,infinitive
quien pasea por un callejón,80,2,2019,Frankfurt,UA,6,male,23,PRE,agent,SC,D,DEF,GI,N,pron,DE_WR_43_23_9_14_AH,100,No,14,9,Yes,25,Outsideclassroom,No,English,81_2,pasear,simple-finite
donde lo ha encontrado,80,20,2019,Frankfurt,UA,6,male,23,NA,agent,SC,D,NA,GI,Y,nullsub,DE_WR_43_23_9_14_AH,100,No,14,9,Yes,25,Outsideclassroom,No,English,81_20,encontrar,simple-finite
y lo pone en el suelo.,80,21,2019,Frankfurt,UA,6,male,23,NA,agent,MC,D,NA,GI,Y,nullsub,DE_WR_43_23_9_14_AH,100,No,14,9,Yes,25,Outsideclassroom,No,English,81_21,poner,simple-finite
"Sin embargo, un guardia observa esto.",80,22,2019,Frankfurt,UA,6,male,23,PRE,agent,MC,D,INDEF,NE,N,dp,DE_WR_43_23_9_14_AH,100,No,14,9,Yes,25,Outsideclassroom,No,English,81_22,observar,simple-finite
"Por eso, Chaplin vuelve a recogerlo del suelo",80,23,2019,Frankfurt,UA,6,male,23,PRE,agent,MC,D,DEF,GI,N,dp,DE_WR_43_23_9_14_AH,100,No,14,9,Yes,25,Outsideclassroom,No,English,81_23,recoger,periphrasis-lexical
y lo lleva consigo,80,24,2019,Frankfurt,UA,6,male,23,NA,pacient,MC,D,NA,GI,Y,nullsub,DE_WR_43_23_9_14_AH,100,No,14,9,Yes,25,Outsideclassroom,No,English,81_24,llevar,simple-finite
al que se lo da.,80,26,2019,Frankfurt,UA,6,male,23,NA,agent,SC,D,NA,GI,Y,nullsub,DE_WR_43_23_9_14_AH,100,No,14,9,Yes,25,Outsideclassroom,No,English,81_26,dar,simple-finite
"En seguida, se va corriendo",80,27,2019,Frankfurt,UA,6,male,23,NA,agent,MC,D,NA,GI,Y,nullsub,DE_WR_43_23_9_14_AH,100,No,14,9,Yes,25,Outsideclassroom,No,English,81_27,ir,periphrasis-gerund
y se esconde en una sala al lado del lugar,80,28,2019,Frankfurt,UA,6,male,23,NA,agent,MC,D,NA,GI,Y,nullsub,DE_WR_43_23_9_14_AH,100,No,14,9,Yes,25,Outsideclassroom,No,English,81_28,esconderse,simple-finite
donde ha encontrado al bebé.,80,29,2019,Frankfurt,UA,6,male,23,NA,agent,SC,D,NA,GI,Y,nullsub,DE_WR_43_23_9_14_AH,100,No,14,9,Yes,25,Outsideclassroom,No,English,81_29,encontrar,simple-finite
"El hombre viejo, en cambio, no sabe",80,30,2019,Frankfurt,UA,6,male,23,PRE,agent,MC,D,DEF,GI,N,dp,DE_WR_43_23_9_14_AH,100,No,14,9,Yes,25,Outsideclassroom,No,English,81_30,saber,simple-finite
de ahí que lo ponga en un cochecito delante de una tienda,80,32,2019,Frankfurt,UA,6,male,23,NA,agent,MC,D,NA,GI,Y,nullsub,DE_WR_43_23_9_14_AH,100,No,14,9,Yes,25,Outsideclassroom,No,English,81_32,poner,simple-finite
y se eche a huir.,80,34,2019,Frankfurt,UA,6,male,23,NA,agent,MC,D,NA,GI,Y,nullsub,DE_WR_43_23_9_14_AH,100,No,14,9,Yes,25,Outsideclassroom,No,English,81_34,huír,periphrasis-lexical
"Entonces, Chaplin sale de su escondite,",80,35,2019,Frankfurt,UA,6,male,23,PRE,agent,MC,D,DEF,GI,N,dp,DE_WR_43_23_9_14_AH,100,No,14,9,Yes,25,Outsideclassroom,No,English,81_35,salir,simple-finite
choca con el guardia,80,36,2019,Frankfurt,UA,6,male,23,NA,agent,MC,D,NA,GI,Y,nullsub,DE_WR_43_23_9_14_AH,100,No,14,9,Yes,25,Outsideclassroom,No,English,81_36,chocar,simple-finite
y se da la vuelta hacia la calle.,80,37,2019,Frankfurt,UA,6,male,23,NA,agent,MC,D,NA,GI,Y,nullsub,DE_WR_43_23_9_14_AH,100,No,14,9,Yes,25,Outsideclassroom,No,English,81_37,darse,periphrasis-lexical
"Al mismo tiempo, la misma madre sale de una tienda para mirar por su bebé",80,38,2019,Frankfurt,UA,6,male,23,PRE,agent,MC,D,DEF,GI,N,dp,DE_WR_43_23_9_14_AH,100,No,14,9,Yes,25,Outsideclassroom,No,English,81_38,salir,simple-finite
y nota al otro bebé.,80,39,2019,Frankfurt,UA,6,male,23,NA,pacient,MC,D,NA,GI,Y,nullsub,DE_WR_43_23_9_14_AH,100,No,14,9,Yes,25,Outsideclassroom,No,English,81_39,notar,simple-finite
y tiene que evitar la basura tirada por la ventana de la primera planta de un edificio.,80,4,2019,Frankfurt,UA,6,male,23,NA,agent,MC,D,NA,GI,Y,nullsub,DE_WR_43_23_9_14_AH,100,No,14,9,Yes,25,Outsideclassroom,No,English,81_4,evitar,modal
Cuando de repente la mujer ve a Chaplin,80,40,2019,Frankfurt,UA,6,male,23,PRE,pacient,SC,D,DEF,GI,Y,dp,DE_WR_43_23_9_14_AH,100,No,14,9,Yes,25,Outsideclassroom,No,English,81_40,ver,simple-finite
"lo persigue,",81,42,2019,Frankfurt,UA,6,male,23,NA,agent,MC,D,NA,GI,N,nullsub,DE_WR_43_23_9_14_AH,100,No,14,9,Yes,25,Outsideclassroom,No,English,81_42,perseguir,simple-finite
lo tumba con su paraguas,81,43,2019,Frankfurt,UA,6,male,23,NA,agent,MC,D,NA,GI,Y,nullsub,DE_WR_43_23_9_14_AH,100,No,14,9,Yes,25,Outsideclassroom,No,English,81_43,tumbar,simple-finite
y lo lleva a su cochecito,81,44,2019,Frankfurt,UA,6,male,23,NA,pacient,MC,D,NA,GI,Y,nullsub,DE_WR_43_23_9_14_AH,100,No,14,9,Yes,25,Outsideclassroom,No,English,81_44,llevar,simple-finite
donde discuten de tal modo,81,45,2019,Frankfurt,UA,6,male,23,NA,agent,SC,D,NA,GI,N,nullsub,DE_WR_43_23_9_14_AH,100,No,14,9,Yes,25,Outsideclassroom,No,English,81_45,discutir,simple-finite
que aparece el guardia,81,46,2019,Frankfurt,UA,6,male,23,POST,pacient,SC,D,DEF,GI,N,dp,DE_WR_43_23_9_14_AH,100,No,14,9,Yes,25,Outsideclassroom,No,English,81_46,aparecer,simple-finite
y Chaplin se va junto con el bebé.,81,47,2019,Frankfurt,UA,6,male,23,PRE,agent,MC,D,DEF,GI,N,dp,DE_WR_43_23_9_14_AH,100,No,14,9,Yes,25,Outsideclassroom,No,English,81_47,irse,simple-finite
"Después, se sienta, un poco más lejos, en el margen de la calle",81,48,2019,Frankfurt,UA,6,male,23,NA,agent,MC,D,NA,GI,Y,nullsub,DE_WR_43_23_9_14_AH,100,No,14,9,Yes,25,Outsideclassroom,No,English,81_48,sentarse,simple-finite
y piensa deshacerse del bebé,81,49,2019,Frankfurt,UA,6,male,23,NA,agent,MC,D,NA,GI,Y,nullsub,DE_WR_43_23_9_14_AH,100,No,14,9,Yes,25,Outsideclassroom,No,English,81_49,pensar,infinitive
"La primera vez, tiene suerte,",81,5,2019,Frankfurt,UA,6,male,23,NA,pacient,MC,D,NA,GI,Y,nullsub,DE_WR_43_23_9_14_AH,100,No,14,9,Yes,25,Outsideclassroom,No,English,81_5,tener,simple-finite
pero lo deja.,81,51,2019,Frankfurt,UA,6,male,23,NA,agent,MC,D,NA,GI,Y,nullsub,DE_WR_43_23_9_14_AH,100,No,14,9,Yes,25,Outsideclassroom,No,English,81_51,dejar,simple-finite
"Al final, encuentra un papelito con el ruego de cuidar del huérfano en el pañuelo",81,52,2019,Frankfurt,UA,6,male,23,NA,agent,MC,D,NA,GI,Y,nullsub,DE_WR_43_23_9_14_AH,100,No,14,9,Yes,25,Outsideclassroom,No,English,81_52,encontrar,simple-finite
en el que está envuelto el bebé.,81,53,2019,Frankfurt,UA,6,male,23,POST,pacient,SC,D,DEF,GI,Y,dp,DE_WR_43_23_9_14_AH,100,No,14,9,Yes,25,Outsideclassroom,No,English,81_53,estar,simple-finite
"Chaplin mira al bebé,",81,55,2019,Frankfurt,UA,6,male,23,PRE,agent,MC,D,DEF,GI,N,dp,DE_WR_43_23_9_14_AH,100,No,14,9,Yes,25,Outsideclassroom,No,English,81_55,mirar,simple-finite
le sonríe,81,56,2019,Frankfurt,UA,6,male,23,NA,agent,MC,D,NA,GI,Y,nullsub,DE_WR_43_23_9_14_AH,100,No,14,9,Yes,25,Outsideclassroom,No,English,81_56,sonreír,simple-finite
y se lo lleva.,81,57,2019,Frankfurt,UA,6,male,23,NA,agent,MC,D,NA,GI,Y,nullsub,DE_WR_43_23_9_14_AH,100,No,14,9,Yes,25,Outsideclassroom,No,English,81_57,llevarse,simple-finite
"mientras que poco después la basura cae sobre él,",81,6,2019,Frankfurt,UA,6,male,23,PRE,pacient,SC,D,DEF,GI,N,dp,DE_WR_43_23_9_14_AH,100,No,14,9,Yes,25,Outsideclassroom,No,English,81_6,caer,simple-finite
por lo cual comienza a maldecir.,81,7,2019,Frankfurt,UA,6,male,23,NA,agent,SC,D,NA,GI,N,nullsub,DE_WR_43_23_9_14_AH,100,No,14,9,Yes,25,Outsideclassroom,No,English,81_7,comenzar,simple-finite
"Luego, saca un cigarro de una cajita",81,8,2019,Frankfurt,UA,6,male,23,NA,agent,MC,D,NA,GI,Y,nullsub,DE_WR_43_23_9_14_AH,100,No,14,9,Yes,25,Outsideclassroom,No,English,81_8,sacar,simple-finite
"y lo enciende con un fósforo,",81,9,2019,Frankfurt,UA,6,male,23,NA,agent,MC,D,NA,GI,Y,nullsub,DE_WR_43_23_9_14_AH,100,No,14,9,Yes,25,Outsideclassroom,No,English,81_9,encender,simple-finite
Charlie Chaplin está caminando entre unas casas.,81,1,2018,Hamburg,UA,6,female,29,PRE,agent,MC,D,DEF,NE,N,dp,DE_WR_43_29_7_14_KP,100,No,16,7,Yes,20,Outsideclassroom,No,English,82_1,caminar,periphrasis-gerund
"y le grita ""awkward ass"" a la persona.",81,10,2018,Hamburg,UA,6,female,29,NA,agent,MC,D,NA,GI,Y,nullsub,DE_WR_43_29_7_14_KP,100,No,16,7,Yes,20,Outsideclassroom,No,English,82_10,gritar,simple-finite
Luego Charlie saca una cajilla con cigarillos,81,11,2018,Hamburg,UA,6,female,29,PRE,agent,MC,D,DEF,GI,Y,dp,DE_WR_43_29_7_14_KP,100,No,16,7,Yes,20,Outsideclassroom,No,English,82_11,sacar,simple-finite
y para calmarse se enciende un nuevo pitillo.,81,12,2018,Hamburg,UA,6,female,29,NA,agent,MC,D,NA,GI,Y,nullsub,DE_WR_43_29_7_14_KP,100,No,16,7,Yes,20,Outsideclassroom,No,English,82_12,encenderse,simple-finite
se quita sus guantes,81,14,2018,Hamburg,UA,6,female,29,NA,agent,MC,D,NA,GI,Y,nullsub,DE_WR_43_29_7_14_KP,100,No,16,7,Yes,20,Outsideclassroom,No,English,82_14,quitarse,simple-finite
y luego ya no se las pone,81,15,2018,Hamburg,UA,6,female,29,NA,agent,MC,D,NA,GI,Y,nullsub,DE_WR_43_29_7_14_KP,100,No,16,7,Yes,20,Outsideclassroom,No,English,82_15,ponerse,simple-finite
sino las tira en un bote de basura a su lado.,81,16,2018,Hamburg,UA,6,female,29,NA,agent,SC,D,NA,GI,Y,nullsub,DE_WR_43_29_7_14_KP,100,No,16,7,Yes,20,Outsideclassroom,No,English,82_16,tirar,simple-finite
Ya más calmado da la vuelta y de forma inesperada encuentra a un bebé en el suelo a un lado de otros botes.,81,17,2018,Hamburg,UA,6,female,29,NA,agent,MC,D,NA,GI,Y,nullsub,DE_WR_43_29_7_14_KP,100,No,16,7,Yes,20,Outsideclassroom,No,English,82_17,encontrar,simple-finite
El bebé está llorando,81,18,2018,Hamburg,UA,6,female,29,PRE,agent,MC,D,DEF,GI,N,dp,DE_WR_43_29_7_14_KP,100,No,16,7,Yes,20,Outsideclassroom,No,English,82_18,llorar,periphrasis-gerund
y Charlie no sabe,81,19,2018,Hamburg,UA,6,female,29,PRE,agent,MC,D,DEF,GI,N,dp,DE_WR_43_29_7_14_KP,100,No,16,7,Yes,20,Outsideclassroom,No,English,82_19,saber,simple-finite
De repente algiuen está tirando basura o piedras desde el primer piso de un edificio.,81,2,2018,Hamburg,UA,6,female,29,PRE,agent,MC,D,INDEF,NE,N,pron,DE_WR_43_29_7_14_KP,100,No,16,7,Yes,20,Outsideclassroom,No,English,82_2,tirar,periphrasis-gerund
Lo agarra,81,21,2018,Hamburg,UA,6,female,29,NA,agent,MC,D,NA,GI,Y,nullsub,DE_WR_43_29_7_14_KP,100,No,16,7,Yes,20,Outsideclassroom,No,English,82_21,agarrar,simple-finite
y se pregunta,81,22,2018,Hamburg,UA,6,female,29,NA,agent,MC,D,NA,GI,Y,nullsub,DE_WR_43_29_7_14_KP,100,No,16,7,Yes,20,Outsideclassroom,No,English,82_22,preguntarse,simple-finite
de dónde ha salido esa criatura tan pequeña.,81,23,2018,Hamburg,UA,6,female,29,POST,agent,SC,I,DEF,GI,N,dp,DE_WR_43_29_7_14_KP,100,No,16,7,Yes,20,Outsideclassroom,No,English,82_23,salir,simple-finite
Charlie piensa,81,25,2018,Hamburg,UA,6,female,29,PRE,agent,MC,D,DEF,GI,Y,dp,DE_WR_43_29_7_14_KP,100,No,16,7,Yes,20,Outsideclassroom,No,English,82_25,pensar,simple-finite
que debe de ser la mamá del bebé.,81,26,2018,Hamburg,UA,6,female,29,POST,pacient,SC,D,DEF,GI,N,dp,DE_WR_43_29_7_14_KP,100,No,16,7,Yes,20,Outsideclassroom,No,English,82_26,ser,modal
Por lo mismo se acerca a ella,81,27,2018,Hamburg,UA,6,female,29,NA,agent,MC,D,NA,GI,N,nullsub,DE_WR_43_29_7_14_KP,100,No,16,7,Yes,20,Outsideclassroom,No,English,82_27,acercarse,simple-finite
y le mete el bebé al carrito.,81,28,2018,Hamburg,UA,6,female,29,NA,agent,MC,D,NA,GI,Y,nullsub,DE_WR_43_29_7_14_KP,100,No,16,7,Yes,20,Outsideclassroom,No,English,82_28,meter,simple-finite
La señora empieza a quejarse,81,29,2018,Hamburg,UA,6,female,29,PRE,agent,MC,D,DEF,GI,N,dp,DE_WR_43_29_7_14_KP,100,No,16,7,Yes,20,Outsideclassroom,No,English,82_29,quejarse,periphrasis-lexical
Charlie está sorprendido,81,3,2018,Hamburg,UA,6,female,29,PRE,pacient,MC,D,DEF,GI,N,dp,DE_WR_43_29_7_14_KP,100,No,16,7,Yes,20,Outsideclassroom,No,English,82_3,estar,simple-finite
ya que ya tiene otro bebé en la carreola,81,30,2018,Hamburg,UA,6,female,29,NA,pacient,SC,D,NA,GI,Y,nullsub,DE_WR_43_29_7_14_KP,100,No,16,7,Yes,20,Outsideclassroom,No,English,82_30,tener,simple-finite
y le dice a Charlie,81,31,2018,Hamburg,UA,6,female,29,NA,agent,MC,D,NA,GI,Y,nullsub,DE_WR_43_29_7_14_KP,100,No,16,7,Yes,20,Outsideclassroom,No,English,82_31,decir,simple-finite
que no es lo suyo.,81,32,2018,Hamburg,UA,6,female,29,NA,pacient,SC,D,NA,GI,N,nullsub,DE_WR_43_29_7_14_KP,100,No,16,7,Yes,20,Outsideclassroom,No,English,82_32,ser,simple-finite
Charlie toma el bebé,81,33,2018,Hamburg,UA,6,female,29,PRE,agent,MC,D,DEF,GI,N,dp,DE_WR_43_29_7_14_KP,100,No,16,7,Yes,20,Outsideclassroom,No,English,82_33,tomar,simple-finite
y como no sabe,81,34,2018,Hamburg,UA,6,female,29,NA,agent,SC,D,NA,GI,Y,nullsub,DE_WR_43_29_7_14_KP,100,No,16,7,Yes,20,Outsideclassroom,No,English,82_34,saber,simple-finite
de quién ni de dónde es,81,35,2018,Hamburg,UA,6,female,29,NA,pacient,SC,I,NA,GI,N,nullsub,DE_WR_43_29_7_14_KP,100,No,16,7,Yes,20,Outsideclassroom,No,English,82_35,ser,simple-finite
lo regresa al lugar,81,36,2018,Hamburg,UA,6,female,29,NA,agent,MC,D,NA,GI,Y,nullsub,DE_WR_43_29_7_14_KP,100,No,16,7,Yes,20,Outsideclassroom,No,English,82_36,regresar,simple-finite
donde lo había encontrado.,81,37,2018,Hamburg,UA,6,female,29,NA,agent,SC,D,NA,GI,Y,nullsub,DE_WR_43_29_7_14_KP,100,No,16,7,Yes,20,Outsideclassroom,No,English,82_37,encontrar,simple-finite
Justamente es ese momento le obersva un guardia,81,38,2018,Hamburg,UA,6,female,29,POST,agent,MC,D,INDEF,NE,N,dp,DE_WR_43_29_7_14_KP,100,No,16,7,Yes,20,Outsideclassroom,No,English,82_38,observar,simple-finite
y Charlie se da cuenta,82,39,2018,Hamburg,UA,6,female,29,PRE,pacient,MC,D,DEF,GI,N,dp,DE_WR_43_29_7_14_KP,100,No,16,7,Yes,20,Outsideclassroom,No,English,82_39,darse ,periphrasis-lexical
y por lo mismo sigue caminando adelante rápidamente.,82,4,2018,Hamburg,UA,6,female,29,NA,agent,MC,D,NA,GI,Y,nullsub,DE_WR_43_29_7_14_KP,100,No,16,7,Yes,20,Outsideclassroom,No,English,82_4,caminar,periphrasis-gerund
que no puede dejarlo en la calle,82,40,2018,Hamburg,UA,6,female,29,NA,agent,SC,D,NA,GI,Y,nullsub,DE_WR_43_29_7_14_KP,100,No,16,7,Yes,20,Outsideclassroom,No,English,82_40,dejar,modal
Lo agarra,82,41,2018,Hamburg,UA,6,female,29,NA,agent,MC,D,NA,GI,Y,nullsub,DE_WR_43_29_7_14_KP,100,No,16,7,Yes,20,Outsideclassroom,No,English,82_41,agarrar,simple-finite
y se va camindo.,82,42,2018,Hamburg,UA,6,female,29,NA,agent,MC,D,NA,GI,Y,nullsub,DE_WR_43_29_7_14_KP,100,No,16,7,Yes,20,Outsideclassroom,No,English,82_42,ir,periphrasis-gerund
Charlie toma la oportunidad,82,44,2018,Hamburg,UA,6,female,29,PRE,agent,MC,D,DEF,GI,Y,dp,DE_WR_43_29_7_14_KP,100,No,16,7,Yes,20,Outsideclassroom,No,English,82_44,tomar,simple-finite
y le pregunta al señor,82,45,2018,Hamburg,UA,6,female,29,NA,agent,MC,D,NA,GI,Y,nullsub,DE_WR_43_29_7_14_KP,100,No,16,7,Yes,20,Outsideclassroom,No,English,82_45,preguntar,simple-finite
si podría sostener un segundo al bebé,82,46,2018,Hamburg,UA,6,female,29,NA,agent,SC,I,NA,GI,N,nullsub,DE_WR_43_29_7_14_KP,100,No,16,7,Yes,20,Outsideclassroom,No,English,82_46,sostener,modal
Cuando el señor apenas lo agarra,82,48,2018,Hamburg,UA,6,female,29,PRE,agent,SC,D,DEF,GI,N,dp,DE_WR_43_29_7_14_KP,100,No,16,7,Yes,20,Outsideclassroom,No,English,82_48,agarrar,simple-finite
Charlie se va corriendo y huyendo.,82,49,2018,Hamburg,UA,6,female,29,PRE,agent,MC,D,DEF,GI,N,dp,DE_WR_43_29_7_14_KP,100,No,16,7,Yes,20,Outsideclassroom,No,English,82_49,ir,periphrasis-gerund
"Mientras camina,",82,5,2018,Hamburg,UA,6,female,29,NA,agent,SC,D,NA,GI,Y,nullsub,DE_WR_43_29_7_14_KP,100,No,16,7,Yes,20,Outsideclassroom,No,English,82_5,caminar,simple-finite
El señor con el bastón […] encuentra la misma carreola de la señora,82,50,2018,Hamburg,UA,6,female,29,PRE,agent,MC,D,DEF,GI,N,dp,DE_WR_43_29_7_14_KP,100,No,16,7,Yes,20,Outsideclassroom,No,English,82_50,encontrar,simple-finite
y se le mete al bebé.,82,52,2018,Hamburg,UA,6,female,29,NA,agent,MC,D,NA,GI,Y,nullsub,DE_WR_43_29_7_14_KP,100,No,16,7,Yes,20,Outsideclassroom,No,English,82_52,meter,simple-finite
Después Charlie pasa la señora,82,53,2018,Hamburg,UA,6,female,29,PRE,pacient,MC,D,DEF,GI,N,dp,DE_WR_43_29_7_14_KP,100,No,16,7,Yes,20,Outsideclassroom,No,English,82_53,pasar,simple-finite
y ella  [...]  le pega al Charlie con sus paraguas,82,54,2018,Hamburg,UA,6,female,29,PRE,agent,MC,D,DEF,GI,N,pron,DE_WR_43_29_7_14_KP,100,No,16,7,Yes,20,Outsideclassroom,No,English,82_54,pegar,simple-finite
En ese momento también llega el guardia otra vez,82,57,2018,Hamburg,UA,6,female,29,POST,pacient,MC,D,DEF,GI,N,dp,DE_WR_43_29_7_14_KP,100,No,16,7,Yes,20,Outsideclassroom,No,English,82_57,llegar,simple-finite
y Charlie no ve otra opción,82,58,2018,Hamburg,UA,6,female,29,PRE,pacient,MC,D,DEF,GI,N,dp,DE_WR_43_29_7_14_KP,100,No,16,7,Yes,20,Outsideclassroom,No,English,82_58,ver,simple-finite
está fumando su cigarillo.,82,6,2018,Hamburg,UA,6,female,29,NA,agent,MC,D,NA,GI,Y,nullsub,DE_WR_43_29_7_14_KP,100,No,16,7,Yes,20,Outsideclassroom,No,English,82_6,fumar,periphrasis-gerund
Otra vez no se pudo deshacerse de esa criatura chiquita.,82,60,2018,Hamburg,UA,6,female,29,NA,pacient,MC,D,NA,GI,Y,nullsub,DE_WR_43_29_7_14_KP,100,No,16,7,Yes,20,Outsideclassroom,No,English,82_60,deshacerse,modal
Ya medio desesperado se siente con el bebé en sus brazos en un andador,82,61,2018,Hamburg,UA,6,female,29,NA,agent,MC,D,NA,GI,Y,nullsub,DE_WR_43_29_7_14_KP,100,No,16,7,Yes,20,Outsideclassroom,No,English,82_61,sentarse,simple-finite
y encuentra un desagüe.,82,62,2018,Hamburg,UA,6,female,29,NA,agent,MC,D,NA,GI,Y,nullsub,DE_WR_43_29_7_14_KP,100,No,16,7,Yes,20,Outsideclassroom,No,English,82_62,encontrar,simple-finite
Pero por mala consciencia no puede dejarlo allí.,82,63,2018,Hamburg,UA,6,female,29,NA,agent,MC,D,NA,GI,Y,nullsub,DE_WR_43_29_7_14_KP,100,No,16,7,Yes,20,Outsideclassroom,No,English,82_63,dejar,modal
Luego en la ropa del bebé encuntra una nota,82,64,2018,Hamburg,UA,6,female,29,NA,agent,MC,D,NA,GI,Y,nullsub,DE_WR_43_29_7_14_KP,100,No,16,7,Yes,20,Outsideclassroom,No,English,82_64,encontrar,simple-finite
que dice,82,65,2018,Hamburg,UA,6,female,29,PRE,agent,SC,D,DEF,GI,N,pron,DE_WR_43_29_7_14_KP,100,No,16,7,Yes,20,Outsideclassroom,No,English,82_65,decir,simple-finite
"Charlie, […], se encariña con la idea,",82,67,2018,Hamburg,UA,6,female,29,PRE,agent,MC,D,DEF,GI,N,dp,DE_WR_43_29_7_14_KP,100,No,16,7,Yes,20,Outsideclassroom,No,English,82_67,encariñarse,simple-finite
responsable como es,82,68,2018,Hamburg,UA,6,female,29,NA,pacient,SC,D,NA,GI,Y,nullsub,DE_WR_43_29_7_14_KP,100,No,16,7,Yes,20,Outsideclassroom,No,English,82_68,ser,simple-finite
se lleva al bebé.,82,69,2018,Hamburg,UA,6,female,29,NA,pacient,MC,D,NA,GI,Y,nullsub,DE_WR_43_29_7_14_KP,100,No,16,7,Yes,20,Outsideclassroom,No,English,82_69,llevar,simple-finite
Ya más adelante una otra persona tira basura desde otro edificio,82,7,2018,Hamburg,UA,6,female,29,PRE,agent,MC,D,INDEF,NE,N,dp,DE_WR_43_29_7_14_KP,100,No,16,7,Yes,20,Outsideclassroom,No,English,82_7,tirar,simple-finite
Lo criará,82,70,2018,Hamburg,UA,6,female,29,NA,agent,MC,D,NA,GI,Y,nullsub,DE_WR_43_29_7_14_KP,100,No,16,7,Yes,20,Outsideclassroom,No,English,82_70,criar,simple-finite
y lo cuidará para siempre como su propio hijo.,82,71,2018,Hamburg,UA,6,female,29,NA,agent,MC,D,NA,GI,Y,nullsub,DE_WR_43_29_7_14_KP,100,No,16,7,Yes,20,Outsideclassroom,No,English,82_71,cuidar,simple-finite
y se le llega directamente a la cabeza de Charlie.,82,8,2018,Hamburg,UA,6,female,29,NA,agent,MC,D,NA,GI,N,nullsub,DE_WR_43_29_7_14_KP,100,No,16,7,Yes,20,Outsideclassroom,No,English,82_8,llegar,simple-finite
"Charlie, bien sorprendido y enojado, mira hacia arriba",82,9,2018,Hamburg,UA,6,female,29,PRE,agent,MC,D,DEF,GI,N,dp,DE_WR_43_29_7_14_KP,100,No,16,7,Yes,20,Outsideclassroom,No,English,82_9,mirar,simple-finite
Esto  vidéo trata de uno hombre,82,1,2018,Münster,LI,3,female,19,PRE,pacient,MC,D,DEF,NE,N,dp,DE_WR_27_19_1_14_AB,62.8,No,18,1,No,20,Outsideclassroom,No,English,9_1,tratar,simple-finite
Hombre tiene el bébé una otra vez,82,10,2018,Münster,LI,3,female,19,PRE,pacient,MC,D,DEF,GI,N,dp,DE_WR_27_19_1_14_AB,62.8,No,18,1,No,20,Outsideclassroom,No,English,9_10,tener,simple-finite
y la mujer se va.,82,11,2018,Münster,LI,3,female,19,PRE,agent,MC,D,DEF,GI,N,dp,DE_WR_27_19_1_14_AB,62.8,No,18,1,No,20,Outsideclassroom,No,English,9_11,irse,simple-finite
La policia arriba,82,12,2018,Münster,LI,3,female,19,PRE,agent,MC,D,DEF,NE,N,dp,DE_WR_27_19_1_14_AB,62.8,No,18,1,No,20,Outsideclassroom,No,English,9_12,querer,simple-finite
cuando hombre quiere metter el bébé al lado del cubo por una otra vez.,82,13,2018,Münster,LI,3,female,19,PRE,agent,SC,D,DEF,GI,N,dp,DE_WR_27_19_1_14_AB,62.8,No,18,1,No,20,Outsideclassroom,No,English,9_13,querer,simple-finite
Hombre se va,82,14,2018,Münster,LI,3,female,19,PRE,agent,MC,D,DEF,GI,Y,dp,DE_WR_27_19_1_14_AB,62.8,No,18,1,No,20,Outsideclassroom,No,English,9_14,irse,simple-finite
y da el bébé a uno otro hombre,82,15,2018,Münster,LI,3,female,19,NA,agent,MC,D,NA,GI,Y,nullsub,DE_WR_27_19_1_14_AB,62.8,No,18,1,No,20,Outsideclassroom,No,English,9_15,dar,simple-finite
y sale.,82,16,2018,Münster,LI,3,female,19,NA,agent,MC,D,NA,GI,Y,nullsub,DE_WR_27_19_1_14_AB,62.8,No,18,1,No,20,Outsideclassroom,No,English,9_16,salir,simple-finite
El otro hombre pone El bébé en una coche con el otro bébé della mujer,82,17,2018,Münster,LI,3,female,19,PRE,agent,MC,D,DEF,GI,N,dp,DE_WR_27_19_1_14_AB,62.8,No,18,1,No,20,Outsideclassroom,No,English,9_17,poner,simple-finite
y el primo hombre se camufla.,82,18,2018,Münster,LI,3,female,19,PRE,agent,MC,D,DEF,GI,N,dp,DE_WR_27_19_1_14_AB,62.8,No,18,1,No,20,Outsideclassroom,No,English,9_18,camuflar,simple-finite
"La mujer es furiosa,",82,19,2018,Münster,LI,3,female,19,PRE,pacient,MC,D,DEF,GI,N,dp,DE_WR_27_19_1_14_AB,62.8,No,18,1,No,20,Outsideclassroom,No,English,9_19,ser,simple-finite
que está fuera en un patio.,82,2,2018,Münster,LI,3,female,19,PRE,pacient,SC,D,DEF,GI,N,pron,DE_WR_27_19_1_14_AB,62.8,No,18,1,No,20,Outsideclassroom,No,English,9_2,estar,simple-finite
ve el primo hombre,82,20,2018,Münster,LI,3,female,19,NA,pacient,MC,D,NA,GI,Y,nullsub,DE_WR_27_19_1_14_AB,62.8,No,18,1,No,20,Outsideclassroom,No,English,9_20,ver,simple-finite
y le smetta con su ombrello.,82,21,2018,Münster,LI,3,female,19,NA,agent,MC,D,NA,GI,Y,nullsub,DE_WR_27_19_1_14_AB,62.8,No,18,1,No,20,Outsideclassroom,No,English,9_21,golpear,simple-finite
La policia arriba,82,22,2018,Münster,LI,3,female,19,PRE,pacient,MC,D,DEF,GI,N,dp,DE_WR_27_19_1_14_AB,62.8,No,18,1,No,20,Outsideclassroom,No,English,9_22,llegar,simple-finite
y ellos hablan.,82,23,2018,Münster,LI,3,female,19,PRE,agent,MC,D,DEF,GI,N,pron,DE_WR_27_19_1_14_AB,62.8,No,18,1,No,20,Outsideclassroom,No,English,9_23,hablar,simple-finite
Primo hombre tiene El bébé,82,24,2018,Münster,LI,3,female,19,PRE,pacient,MC,D,DEF,GI,N,dp,DE_WR_27_19_1_14_AB,62.8,No,18,1,No,20,Outsideclassroom,No,English,9_24,tener,simple-finite
y se va,82,25,2018,Münster,LI,3,female,19,NA,agent,MC,D,NA,GI,Y,nullsub,DE_WR_27_19_1_14_AB,62.8,No,18,1,No,20,Outsideclassroom,No,English,9_25,irse,simple-finite
y piensa dellas idéas por eliminar el bébé.,82,26,2018,Münster,LI,3,female,19,NA,agent,MC,D,NA,GI,Y,nullsub,DE_WR_27_19_1_14_AB,62.8,No,18,1,No,20,Outsideclassroom,No,English,9_26,pensar,simple-finite
Al fino escubre una lettera con El bébé,82,27,2018,Münster,LI,3,female,19,NA,pacient,MC,D,NA,GI,Y,nullsub,DE_WR_27_19_1_14_AB,62.8,No,18,1,No,20,Outsideclassroom,No,English,9_27,descubrir,simple-finite
que dice: [Please love and take care of this orphan Child.],82,28,2018,Münster,LI,3,female,19,PRE,agent,SC,D,DEF,GI,N,pron,DE_WR_27_19_1_14_AB,62.8,No,18,1,No,20,Outsideclassroom,No,English,9_28,decir,simple-finite
El decide de tener el bébé.,82,29,2018,Münster,LI,3,female,19,PRE,pacient,MC,D,DEF,GI,N,pron,DE_WR_27_19_1_14_AB,62.8,No,18,1,No,20,Outsideclassroom,No,English,9_29,tener,simple-finite
Aqui descubre un box con unos cigarillos,82,3,2018,Münster,LI,3,female,19,NA,pacient,MC,D,NA,GI,Y,nullsub,DE_WR_27_19_1_14_AB,62.8,No,18,1,No,20,Outsideclassroom,No,English,9_3,descubrir,simple-finite
y también descubre un bébé al lado de un cubo.,82,4,2018,Münster,LI,3,female,19,NA,pacient,MC,D,NA,GI,Y,nullsub,DE_WR_27_19_1_14_AB,62.8,No,18,1,No,20,Outsideclassroom,No,English,9_4,descubrir,simple-finite
Tiene el bébé,82,5,2018,Münster,LI,3,female,19,NA,pacient,MC,D,NA,GI,Y,nullsub,DE_WR_27_19_1_14_AB,62.8,No,18,1,No,20,Outsideclassroom,No,English,9_5,tener,simple-finite
y va a la mujer con uno otro bébé,82,6,2018,Münster,LI,3,female,19,NA,agent,MC,D,NA,GI,Y,nullsub,DE_WR_27_19_1_14_AB,62.8,No,18,1,No,20,Outsideclassroom,No,English,9_6,ir,simple-finite
"y dice: [pardon me, you dropped something“.]",82,7,2018,Münster,LI,3,female,19,NA,agent,MC,D,NA,GI,Y,nullsub,DE_WR_27_19_1_14_AB,62.8,No,18,1,No,20,Outsideclassroom,No,English,9_7,decir,simple-finite
La mujer está furiosa,82,8,2018,Münster,LI,3,female,19,PRE,pacient,MC,D,DEF,GI,N,dp,DE_WR_27_19_1_14_AB,62.8,No,18,1,No,20,Outsideclassroom,No,English,9_8,estar,simple-finite
porque no es su bébé.,82,9,2018,Münster,LI,3,female,19,POST,pacient,SC,D,DEF,GI,N,dp,DE_WR_27_19_1_14_AB,62.8,No,18,1,No,20,Outsideclassroom,No,English,9_9,ser,simple-finite
