Subcorpus	Filename	Year data collection	Placement test score (raw)	Placement test score (%)	Proficiency	Sex	Age	School/University/Institution	Major	Year at university/school	L1	Father's native language	Mother's nativelanguage	Languages spoken at home	Age of exposure to Spanish	Years studying Spanish	Stay abroad in Spanish speaking country (>= 1 month)	Stay abroad (where)	Stay abroad (when)	Stay abroad (months)	Language certificates (type and level)	Proficiency (self-assessment) speaking	Proficiency (self-assessment) listening	Proficiency (self-assessment) reading	Proficiency (self-assessment) writing	Proficiency (self-assessment)	Additional foreign language(s)	Proficiency (self-assessment) in additional language speaking	Proficiency (self-assessment) in additional language listening	Proficiency (self-assessment) in additional language reading	Proficiency (self-assessment) in additional language writing	Medium	Task number	Task title	Writting/audio details	Minutes taken to complete the task	Where the task was done	Resources used	Text	Original text
Learners	EN_WR_10_20_1_14_RC	2017	10 / 43	23.3	Lower beginner	Male	20	New York City College of Technology	CST	3	English	English	English	English	19	1	No	""	""	0	""	Lower beginner (A1)	Lower beginner (A1)	Upper beginner (A2)	Lower beginner (A1)	1.25 / 6	""	""	""	""	""	Written	14	14. Chaplin	written_online	30	Outside classroom	Bilingual dictionary (English/Spanish), Spellchecker, Grammar book	"Charlie Chaplin está caminando por algunos edificios cuando él consigue la basura lanzada en él y lo llaman un asno incómodo. A continuación, saca una lata que tiene cigarrillos en ellos, saca una y comienza a fumar. Mientras que fuma ve a un bebé que grita en la tierra y mira alrededor para la madre. Él ve a una mujer con un cochecito pasando, se detiene le dice ""perdóname cayó algo"" y pone al bebé en el cochecito. Ellos discuten y él toma al bebé. Charlie va a poner al bebé en el mismo lugar que él lo encontró pero un policía lo ve y lo detiene y se va con el bebé. Mientras camina con el bebé, ve a un hombre viejo y le pide que sostenga al bebé para que pueda atarse el zapato, pero acaba huyendo y se esconde. El viejo trata de seguirlo pero no puedo encontrarlo así que comienza a caminar y ve el mismo cochecito que la mujer de antes tiene y pone al bebé en el cochecito y se escapa. La mujer sale de la tienda shes en ve el segundo bebé y luego ve a Charlie caminando por lo que corre y lo golpea en la cabeza con un paraguas diciéndole que tomar el bebé de nuevo y él comienza a discutir, pero el policía se agacha tan Él toma al bebé sin más alboroto. Finalmente se sienta considera poner al bebé en la alcantarilla pero no lo hace entonces lee la nota adjunta al bebé sonríe y se va."	
Learners	EN_WR_10_24_0.5_14_AW	2017	10 / 43	23.3	Lower beginner	Male	24	New York City College of Technology	LA	2	English	English	English	English	22	0.5	No	""	""	0	""	Lower beginner (A1)	Lower beginner (A1)	Lower beginner (A1)	Lower beginner (A1)	1 / 6	""	Upper beginner (A2)	Upper beginner (A2)	Upper beginner (A2)	Upper beginner (A2)	Written	14	14. Chaplin	written_online	20	Outside classroom	Bilingual dictionary (English/Spanish), Spellchecker	El hombre estaba caminando solo paro toma un cigarrilo y encontró un bebe en un rincón vacío. Hombre sala so bebe y no no sabe a donde ir.  Bebe fue abandonar. Trata de darle al bebe a extranos. El hombre no le gusta el bebe en primero. la polica vio al tipo tretar de dejar al bebe. el hombre trata de darle al bebé a otra madre. madre se enoja. la madre del bebé dejó a su niño para ser amado y cuidado	
Learners	EN_WR_11_22_2.5_14_MH	2018	11 / 43	25.6	Lower beginner	Female	22	New York City College of Technology	""	2018	English	English	English	English	15	2.5	No	""	""	0	""	Lower beginner (A1)	Upper beginner (A2)	Upper beginner (A2)	Upper beginner (A2)	1.75 / 6	""	""	""	""	""	Written	14	14. Chaplin	written_online	59	Outside classroom	Help from a Spanish native speaker, Bilingual dictionary (English/Spanish), Spellchecker	En el video, afuera, Charlie Chaplin encontró un bebé al costado de la calle. Pensó que el bebé pertenecía a otra madre. Enfadada, la madre le devolvió el bebé porque el bebé no era suyo. Al bebé le pusieron una nota en la manta. La nota dice por favor ama y cuida a este niño huérfano.La señora estaba enojada con él porque él asumió que ella dejó a su bebé al borde de la calle. Ella lo golpeó porque él puso al bebé en su carrito. Él estaba equivocado y él se llevó al bebé.	
Learners	EN_WR_11_22_3_14_AA	2018	11 / 43	25.6	Lower beginner	Male	22	Pennsylvania State University	Security and Risk analysis	Senior	English	English	English	English	18	3	No	""	""	0	""	Upper beginner (A2)	Upper beginner (A2)	Lower beginner (A1)	Lower beginner (A1)	1.5 / 6	""	Upper beginner (A2)	Upper beginner (A2)	Upper beginner (A2)	Upper beginner (A2)	Written	14	14. Chaplin	written_online	4	Outside classroom	Bilingual dictionary (English/Spanish), Grammar book, Background readings about the task topic (newspapers, internet, TV, etc.)	El vidoe esta en blanco y negro. El hombre es fumar y camino. Entonces el encuentro in bebe. El hombre de encontrar a su mama porque no papi.  Entonces el policia hablo el hombre. El hombre encuento nota sobre el baby. No se que nota porque nota francis. En general  video es interastante. El revive es ocho de diez porque calidad. No say negative.Yo como el viendo la pelicula porque es blanco y negro.	
Learners	EN_WR_12_21_2_14_AS	2017	12 / 43	27.9	Lower beginner	Female	21	Pennsylvania State University	""	""	English	English	Creole	English	14	2	No	""	""	0	""	Lower beginner (A1)	Upper beginner (A2)	Upper beginner (A2)	Upper beginner (A2)	1.75 / 6	""	Upper beginner (A2)	Upper beginner (A2)	Upper beginner (A2)	Upper beginner (A2)	Written	14	14. Chaplin	written_online	20	Outside classroom	Help from a Spanish native speaker, Spellchecker, Grammar book	"El hombre de la película está teniendo un día difícil por lo que decide ir a dar un paseo. Mientras camina por la calle, alguien le echa basura en la ventana. En lugar de estar demasiado molesto trata de fumar un cigarro cuando de repente oye un bebé cryng. Mira hacia abajo y ve que hay un bebé cerca de un cubo de basura, así que lo recoge. Él mira alrededor para los padres de los babys y ve a una señora que empuja a un bebé en un cochecito. Él se acerca a ella y trata de darle el bebé, pero el bebé no pertenece a ella por lo que lo empuja lejos. Él camina de regreso a la papelera para poner al bebé de regreso donde lo consiguió, pero el oficial de policía lo ve. Recoge al bebé y camina hasta encontrar a alguien más. Él le da el bebé a un hombre en la calle y luego huye. El hombre persigue tras él, pero no pudo ponerse al día así que pone al bebé en un cochecito que ve en la calle. La señora ve un nuevo bebé en su cochecito y ve al primer chico de antes y le grita hasta que la policía aparece. El chico toma el bebé de nuevo se sienta y encuentra una nota que dice ""por favor, el amor y el cuidado de este niño huérfano"". El fin."	
Learners	EN_WR_12_30_0.7_14_NC	2017	12 / 43	27.9	Lower beginner	Female	30	New York City College of Technology	LIBERAL ARTS	SENIOR	English	English	English	English	30	0.7	No	""	""	0	""	Lower beginner (A1)	Lower beginner (A1)	Lower beginner (A1)	Lower beginner (A1)	1 / 6	""	""	""	""	""	Written	14	14. Chaplin	written_online	20	Outside classroom	Help from a Spanish native speaker, Bilingual dictionary (English/Spanish), Spellchecker	UNA PELÍCULA SOBRE UN BEBÉ ENCONTRADO Y BUSCANDO AMOR.EL BEBÉ APARECE DEL CIELO Y EL HOMBRE NO LO QUIERE.LA MUJER NO QUIERE EL BEBÉ.LA COP CHASE EL HOMBRE. EL HOMBRE ENCUENTRA UNA NOTA EN EL BOLSILLO PARA QUE EL BEBÉ SE AMA Y CUIDADO Y EL TOMA EN EL BEBÉ.EL HOMBRE ES SIMPÁTICO PARA EL BEBÉ QUE NADIE QUIERE CUIDAR. La carta le hace sentirse triste y él mantendrá al bebé.Me gustó la película fue corta y al punto	
Learners	EN_WR_13_21_10_14_AP	2018	13 / 43	30.2	Upper beginner	Female	21	New York City College of Technology	Hospitality Management	3 yr	English	English	English	English	12	10	No	""	""	0	""	Lower beginner (A1)	Upper beginner (A2)	Upper beginner (A2)	Lower beginner (A1)	1.5 / 6	""	""	""	""	""	Written	14	14. Chaplin	written_online	30	Outside classroom	Bilingual dictionary (English/Spanish)	Había un caballero que encontró a un bebé y n hizo saber que hacer con el bebe.  lo aplazo donde lo encontró pero el policía le vio.Puso al bebé un carruaje de mujer su otro hijo. el engañar a un hombre para llevar al bebé y el hombre puso al bebe en el carro con niño. La mujer estaba enojada con vencer al hombre.  Al final el bebe estuvo de vuelta en manos de hombre y encontró una nota. la nota decía que amar a este bebé. El hombre se llevo el el bebe a casa con el.	
Learners	EN_WR_13_21_2_14_JF	2018	13 / 43	30.2	Upper beginner	Male	21	City Tech University	Liberal Arts and Scienecs	2nd	English	English	English	English	17	2	Yes	Costa Rica	2012	1	""	Lower beginner (A1)	Lower beginner (A1)	Lower beginner (A1)	Lower beginner (A1)	1 / 6	""	Upper beginner (A2)	Upper beginner (A2)	Upper beginner (A2)	Upper beginner (A2)	Written	14	14. Chaplin	written_online	8	Outside classroom	Bilingual dictionary (English/Spanish), Spellchecker, Grammar book	En el video, el hombre caminando en un callejón cuando Stone cae. Después de limpiarse él encuentra un bebé y lo pone en un cochecito de las mujeres. Las mujeres se enojan con él y él trys a poner al bebé en el suelo. Él es detenido por un policía y luego trys a dar el bebé a un anciano. El anciano coloca al bebé en el mismo cochecito de la mujer anterior y el hombre que camina apenas pasa para estar caminando cerca y la mujer piensa que él ha colocado una vez más al bebé en el cochecito y le golpea en la cabeza.	
Learners	EN_WR_14_19_0.5_14_GFH	2017	14 / 43	32.6	Upper beginner	Female	19	Central College, Denison University	Political Science, Philosophy, and Economics	Sophomore	English	English	English	Italian, English	19	0.5	No	""	""	0	""	Lower beginner (A1)	Upper beginner (A2)	Upper beginner (A2)	Lower beginner (A1)	1.5 / 6	""	""	""	""	""	Written	14	14. Chaplin	written_online	120	Both inside and outside classroom	Spellchecker, Background readings about the task topic (newspapers, internet, TV, etc.)	Un hombre está de pie en el camino. Las cosas están cayendo a su alrededor. <br/>  El hombre encuentra un bebé. No sabe de dónde vino. Trata de encontrar a su madre. Cuando no puede encontrar a su madre, se la da a extraños. Es perseguido por la policía por tratar de abandonar al bebé. Piensa en dejar al bebé al costado de la carretera. Luego encuentra una nota que dice que el bebé es huérfano.Al final, él decide quedarse con el bebé.	
Learners	EN_WR_14_20_1_14_DYD	2018	14 / 43	32.6	Upper beginner	Male	20	New York City College of Technology	Human Services	Junior	English	English	English	English	19	1	No	""	""	0	""	Lower beginner (A1)	Upper beginner (A2)	Upper beginner (A2)	Upper beginner (A2)	1.75 / 6	""	""	""	""	""	Written	14	14. Chaplin	written_online	10	Outside classroom	Bilingual dictionary (English/Spanish), Spellchecker	"En el cortometraje de 1921, ""The Kid"" por Charlie Chaplin, un hombre se ve obligado a cuidar de un bebé que no tiene padres. Charlie Chaplin juega ""Vagabundo"" en esta película, donde él es un hombre que va caminando por un barrio. Es fumar y jugueteaban hasta que él consigue golpe con un montón de asfalto. Entonces, él está buscando a su derecha y en el piso, se da cuenta de un bebé llorando. Como la película va, él va alrededor tratando de encontrar a la madre o el padre del niño. Después de que él no tiene éxito, va en la manta de los bebés y da cuenta de una nota que dice: ""Por favor, amar y cuidar a este niño huérfano"". Después de que él lea esto, sonríe al bebé y lo lleva a casa."	
Learners	EN_WR_14_23_1_14_BB	2017	14 / 43	32.6	Upper beginner	Male	23	New York City College of Technology	Career and Technical Education	4	English	English	English	English	21	1	No	""	""	0	""	Lower beginner (A1)	Lower beginner (A1)	Lower beginner (A1)	Lower beginner (A1)	1 / 6	""	""	""	""	""	Written	14	14. Chaplin	written_online	20	Outside classroom	Bilingual dictionary (English/Spanish)	Hay un hombre, quien fumar. Hay un inffantil, eso no tiene madre y papa. Eso a orphan. El hombre, econtro la inffantil y triagan a dar to una mujer. Una mujer tiene una inffantil, ella no tiene sequndo infantil. EL hombre is no rico. Un inffantil estaba in a no beuno lugar. Suerte el hombre econtro la inffantil, porque la inffantil posible morrir. La pelicula es en negro y blanco, pero es muy beuno.	
Learners	EN_WR_15_19_1_14_YD	2018	15 / 43	34.9	Upper beginner	Female	19	New York City College of Technology	Nursing	2	English	English	English	English	18	1	No	""	""	0	""	Lower intermediate (B1)	Lower intermediate (B1)	Upper beginner (A2)	Lower intermediate (B1)	2.75 / 6	""	""	""	""	""	Written	14	14. Chaplin	written_online	14	Outside classroom	""	El hombre le gustan fumar. El es tonto. El hombre vea un bebé y tomas el bebé a la mujier. Pero el bebé fue no ella. El hombre toma el bebé y vea una nota que el hombre toma. El hombre no fuma cuando el tienes el bebé porque es malo. El bebé quiere tranquilidad y comida. El bebé quiere leche y nueva vestida. Cuando el hombre vea la policia el corre porque el no quiere problema con udstedes. Cuando el vea la mujier el quiere ella tomar le bebé.	
Learners	EN_WR_15_19_3_14_TR	2018	15 / 43	34.9	Upper beginner	Female	19	New York City College of Technology	Liberal arts	2	English	English	English	English	12	3	No	""	""	0	""	Upper beginner (A2)	Upper beginner (A2)	Upper beginner (A2)	Upper beginner (A2)	2 / 6	""	Upper beginner (A2)	Upper beginner (A2)	Upper beginner (A2)	Upper beginner (A2)	Written	14	14. Chaplin	written_online	7	Outside classroom	Bilingual dictionary (English/Spanish)	Charles no sabía que el bebé era huérfano. El bebé fue dejado en la esquina detrás de un edificio. Intentó que la gente tomara al niño. Al final, él vio la nota. Luego decidió cuidarlo. Esta es una vieja película en blanco y negro. No hubo conversación, solo unos pocos clips con palabras. No hay subtítulos Es triste ver a los niños afuera como basura. La persona no dejó al bebé en una iglesia o estación de policía. El bebé podría haber muerto.	
Learners	EN_WR_15_20_2_14_BL	2018	15 / 43	34.9	Upper beginner	Male	20	New York City College of Technology	Liberal Arts and Arts	2nd	English	English	English	English	18	2	No	""	""	0	SPA 2201	Upper beginner (A2)	Lower intermediate (B1)	Upper intermediate (B2)	Upper beginner (A2)	2.75 / 6	""	""	""	""	""	Written	14	14. Chaplin	written_online	14	Outside classroom	Help from a Spanish native speaker, Bilingual dictionary (English/Spanish), Spellchecker	Un hombre con un tophat encuentra a un bebé cerca de un montón de basura. Intenta colocar al bebé en la carriola de otra mujer que ya tiene un bebé, pero cuando el hombre trata de alejarse, ella lo llama y le advierte que no vuelva a intentarlo. El hombre con el sombrero de copa sin saber qué hacer con el bebé, trata de dárselo a un anciano que persigue al hombre con el sombrero de copa, pero termina topando con la mujer de antes, el tipo con el sombrero de copa intentó darle la bebé a. Puso al bebé en la carriola de la mujer sin que ella lo mirara y el hombre con el sombrero de copa pasó. Ella ve al bebé y al hombre otra vez, lo golpea con un paraguas y le devuelve al niño. El hombre encuentra una nota en la ropa del niño que básicamente dice: cuide al niño y ahora el hombre cuidará al niño.	
Learners	EN_WR_15_29_1_14_IM	2017	15 / 43	34.9	Upper beginner	Male	29	New York City College of Technology	Architecture	4th	English	English	English	English	28	1	No	""	""	0	""	Lower beginner (A1)	Lower beginner (A1)	Lower beginner (A1)	Lower beginner (A1)	1 / 6	""	""	""	""	""	Written	14	14. Chaplin	written_online	20	Outside classroom	Help from a Spanish native speaker, Bilingual dictionary (English/Spanish), Spellchecker, Grammar book	Realmente disfruté de la película que acabo de ver sobre Charlie Chaplin. Este cortometraje era sobre Chaplin se encontró con un bebé vivo mientras caminaba por un estrecho disipar. Él pensó que el bebé era una señora que tenía un cochecito con un bebé ya dentro y se enteró de que no lo era. Se podría decir que no quería la responsabilidad así que siguió tratando de entregar el bebé a alguien con fuera de poner el bebé de vuelta en el callejón. Al final, él ve una nota diciendo que el bebé es huérfano y por favor ama al bebé. Entonces sintió que debía.	
Learners	EN_WR_16_16_0.3_14_CJA	2017	16 / 43	37.2	Upper beginner	Female	16	Sevenoaks School	""	Year 12	English	English	English	English	16	0.3	No	""	""	0	""	Lower beginner (A1)	Lower beginner (A1)	Lower beginner (A1)	Lower beginner (A1)	1 / 6	Swahili	Upper intermediate (B2)	Lower advanced (C1)	Lower intermediate (B1)	Upper intermediate (B2)	Written	14	14. Chaplin	written_online	30	Outside classroom	Bilingual dictionary (English/Spanish)	"Charlie Chaplin encuentra una bébé en el piso sin una madre o padre. Por tanto, el intenta pasar el bébé a una mujer pero ella no quere el bébé. Por los tanto, Charlie Chaplin da el bébé a un hombre y él huye. Hay una policia y Chaplin no le gusta. Luego, Chaplin tiene que llavar el bébé y él lee una nota que dice ""por favor, ama y cuida a este niño huérfano"". Finalmente, Chaplin se va con él bébé."	
Learners	EN_WR_16_19_1_14_YD	2018	16 / 43	37.2	Upper beginner	Female	19	New York City college of technology	""	""	English	English	English	English	18	1	No	""	""	0	""	Lower beginner (A1)	Lower beginner (A1)	Lower beginner (A1)	Lower beginner (A1)	1 / 6	""	Upper beginner (A2)	Upper beginner (A2)	Upper beginner (A2)	Upper beginner (A2)	Written	14	14. Chaplin	written_online	24	Outside classroom	""	El hombre es fumando. El es muy tonto. El hombre tomé el bebé y daba el bebé a una mujer. Pero el bebé no fue. El hombre toma el bebé a la policia pero la policia pensaba el era tonto.  El hombre vea una nota y leerla. El bebé quiere tranquilo y beber leche y dormir porque tiene sed y hambre. En el finale el hombre, le bebé y la mujier fueron sepárate de la policia. El bebé quiere una mujer y una persona con responsabilidad.	
Learners	EN_WR_16_21_1_14_SS	2019	16 / 43	37.2	Upper beginner	Female	21	Texas Tech University	Global Studies	Junior	English	English	English	English, Farsi, Kurdish	19	1	Yes	Spain	2019	5	""	Lower beginner (A1)	Upper beginner (A2)	Upper beginner (A2)	Upper beginner (A2)	1.75 / 6	Kurdish	Upper advanced (C2)	Upper advanced (C2)	Lower advanced (C1)	Upper advanced (C2)	Written	14	14. Chaplin	written_online	24	Outside classroom	Help from a Spanish native speaker, Bilingual dictionary (English/Spanish), Grammar book, Background readings about the task topic (newspapers, internet, TV, etc.)	Charlie Chaplin encuentra un bebé y trata de abandonarlo varias veces, pero no puede hacerlo porque un oficial de policía lo ve haciéndolo. Una de las personas a las que trató de darle al bebé era una mujer y lo puso en un cochecito varias veces y falló cada vez. Y la siguiente persona a la que trató de darle al bebé fue un hombre mayor que realmente trató de dar el bebé a las mujeres. Pero Charlie Chaplin siempre terminaba con el bebé. Él termina quedándose con el bebé una vez que lee la nota que dice que el bebé es huérfano y necesita ser amado.	
Learners	EN_WR_16_22_0.5_14_MB	2018	16 / 43	37.2	Upper beginner	Female	22	New York City College of Technology	Liberal arts and arts.	January 29 2017	English	English	English	English	22	0.5	No	""	""	0	""	Lower beginner (A1)	Lower beginner (A1)	Lower beginner (A1)	Lower beginner (A1)	1 / 6	""	""	""	""	""	Written	14	14. Chaplin	written_online	20	Outside classroom	""	Charles Chaplin no queres una infintil. La mejur no es queres bebe tambien y la madre biological. La infintil tiene una nota de la madre biological escribe la nota por bebe por algunes leer. Charles Chaplin no tiene nunca una bebe. Todas la personas no hay conzemos que hago de la situacion. La infintil no hable ingles., La infintil es problema por Charles Chaplin y todas la personals. Polica es problemo tambien.	
Learners	EN_WR_16_24_3_14_SM	2018	16 / 43	37.2	Upper beginner	Male	24	New York City College of Technology	Liberal Arts	Junior	English	English	English	English	18	3	No	""	""	0	""	Lower intermediate (B1)	Lower intermediate (B1)	Lower advanced (C1)	Upper beginner (A2)	3.25 / 6	""	""	""	""	""	Written	14	14. Chaplin	written_online	40	Outside classroom	Bilingual dictionary (English/Spanish)	Hay un hombre que encontra un babe. El hombre busca el dueno y trata de pasarselo a una mujer. La mujer niega al bebe. El hombre pone al bebe en el suelo, pero una polica mira. Luego el hombre lo encuentra otro hombre y pase el babe a el. Ese hombre tompoco no quiere el bebe, encuentra otra persona a darselo. El bebe termina en las manos del hombre otra vez, y ve que el bebe tenia una nota. Al final el hombre decide mantener el bebe.	
Learners	EN_WR_16_32_1.5_14_ESB	2017	16 / 43	37.2	Upper beginner	Male	32	New York City College of Technology	Media Studies (at Queens College)	Senior	English	English	English	English	15	1.5	No	""	""	0	""	Upper beginner (A2)	Upper beginner (A2)	Lower intermediate (B1)	Lower intermediate (B1)	2.5 / 6	Japanese	Upper beginner (A2)	Upper beginner (A2)	Upper beginner (A2)	Upper beginner (A2)	Written	14	14. Chaplin	written_online	8	Outside classroom	""	Un hombre encuentra un bebe. Un hombre da un bebe a una muejer. Una muejer da un bebe a un hombre. Un hombre da un bebe a otro un hombre. Otra un hombre da bebe a una muejer. Una muejer encuentra un primer hombre y da un bebe a un hombre tambien. Un hombre lee el papel en un bebe. Alguien escribe un mensaje para cuidar al bebe. Un hombre camine al un bebe. Durante el centro, el hombre fume y corre de policia.	
Learners	EN_WR_17_20_2.5_14_EO	2018	17 / 43	39.5	Upper beginner	Female	20	Penn State University	Accounting	2	English	English	English	English	15	2.5	No	""	""	0	""	Lower beginner (A1)	Lower beginner (A1)	Lower beginner (A1)	Lower beginner (A1)	1 / 6	""	""	""	""	""	Written	14	14. Chaplin	written_online	30	Outside classroom	Bilingual dictionary (English/Spanish), Grammar book	El hombre está caminando alredor de la ciudad. El hombre encuentra un bebe. El  hombre trata encontrar la madre. El ponè bebe en la madre en el carro. La madre no esta contenta, es no su bebe. El hombre poniendo bebe en el suelo. La policía be que sigue poniendo bebe en el suelo. La policía mira enojado. El hombre levanta un bebe. El hombre ve una nota para amar un bebe. El hombre ama una bebe. El hombre es muy contento.	
Learners	EN_WR_17_21_3_14_FV	2018	17 / 43	39.5	Upper beginner	Male	21	New york city college of technology	Electrical Engineering	2018	English	Spanish	Spanish	English	14	3	Yes	Dominican Republic	2014	1	""	Upper beginner (A2)	Upper beginner (A2)	Upper beginner (A2)	Upper beginner (A2)	2 / 6	""	""	""	""	""	Written	14	14. Chaplin	written_online	24	Outside classroom	Bilingual dictionary (English/Spanish), Background readings about the task topic (newspapers, internet, TV, etc.)	Chaplin encontro un bebe. Pero Chaplin tratado de deshacerse de el bebe. Chaplin intentado poner al bebe en otro carruaje para mujeres. El senora lo ataco. Chaplin intentado poner al bebe en el mayor senor. El mayor senor poner al bebe en otro carruaje para mujeres quien era el mismo que antes. El senora encontro el bebe y ataco chaplin otra vez. Chaplin encontro una nota sobre el bebe y vio al bebe fue abandonado y decidio llevar al bebe al final.	
Learners	EN_WR_17_22_1_14_KP	2018	17 / 43	39.5	Upper beginner	Female	22	New York City College of Technology	""	2	English	English	English	English	1	1	No	""	""	0	""	Upper beginner (A2)	Lower intermediate (B1)	Lower intermediate (B1)	Upper beginner (A2)	2.5 / 6	""	""	""	""	""	Written	14	14. Chaplin	written_online	24	Outside classroom	Spellchecker	"Charles Chaplin estaba ocupado fumando cuando vio a un bebé tendido en el suelo. Él decidió recoger al bebé. Trató de regalarle el bebé a una mujer que ya tenia otro bebé y luego a un anciano que fue a darle el bebé a la misma mujer que Charles trató de dar , pero el terminó en sus brazos y encontró una nota en la ropa del bebé diciendo ""por favor ama y cuida a este niño Huérfano"" y decidió quedar con el bebé."	
Learners	EN_WR_17_25_4_14_MJS	2018	17 / 43	39.5	Upper beginner	Female	25	New York City College of Technology	psychology	senior	English	English	English	English	13	4	No	""	""	0	""	Lower beginner (A1)	Lower beginner (A1)	Lower beginner (A1)	Lower beginner (A1)	1 / 6	""	Upper beginner (A2)	Upper beginner (A2)	Upper beginner (A2)	Upper beginner (A2)	Written	14	14. Chaplin	written_online	20	Outside classroom	""	Charlie Chaplin es el actor de silento y muchas famosa. Charlie Chaplin esta camiendo en el 'alley' cuando el es 'hit' en la cabeza por in 'brick'. Charlie Chaplin esta fumiendo el cigarette. Charlie tomar el bebe de el piso. Charlie miro por un familia de bebe. El dar un bebe de mujer, pero un mujer tiene un bebe. El policia mirar por el bebe y Charlie Chaplin. Charlie Chaplin dar un bebe de el hombre. Eventualmente Charlie Chaplin tiene el bebe.	
Learners	EN_WR_18_20_1.5_14_AM	2018	18 / 43	41.9	Upper beginner	Female	20	Central College, Roger Williams University	International Relations	Junior	English	English	English	English	16	1.5	No	""	""	0	""	Lower beginner (A1)	Lower intermediate (B1)	Upper beginner (A2)	Upper beginner (A2)	2 / 6	""	""	""	""	""	Written	14	14. Chaplin	written_online	7	Inside classroom	""	Uno hombre camino. Ello necessita un luz.  Ello veía un bebe con no padres. Ello no quiere la bebe. La policia dije ello no lleva el bebe aqui y ello llava con el bebe.  Ello puede el niño en una la carro de una mujer. Ella no quiere el bebe porque ella tiene un otra bebe.  La mujer usa un sombrilla a el hombre. Pero en el fin ello tiene la bebe porque el bebe tiene no padres. Ello este una padre ahora.	
Learners	EN_WR_18_23_1_14_AAG	2018	18 / 43	41.9	Upper beginner	Male	23	New York City College of Technology	Liberal Arts	4	English	English	English	English	22	1	No	""	""	0	""	Lower beginner (A1)	Upper beginner (A2)	Upper beginner (A2)	Lower beginner (A1)	1.5 / 6	""	""	""	""	""	Written	14	14. Chaplin	written_online	10	Outside classroom	Spellchecker	Senor Chaplin es caminando y fumar. La gente tira basura a el desde las ventanas el encuentra un bebe durante su caminar. El trata de darle el bebe a otras personas. Una madre no quiere el bebe, el bebe es no ella. El regrasa el bebe a la calle pero la policia lo ve. El da el bebe a un hombre. El hombre da el bebe a la madre. La madre golpea a Charlie con un paraguas. Al final Charlie se sienta y lee la carta del bebe. El toma al bebe.	
Learners	EN_WR_19_19_4.5_14_SV	2018	19 / 43	44.2	Upper beginner	Female	19	Pennsylvania State University	""	Freshman	English	English	English	English	15	4.5	No	""	""	0	""	Lower intermediate (B1)	Upper intermediate (B2)	Upper intermediate (B2)	Lower intermediate (B1)	3.5 / 6	""	""	""	""	""	Written	14	14. Chaplin	written_online	14	Outside classroom	Bilingual dictionary (English/Spanish)	Charlie chaplin está caminando por la calle fumando un cigarro. Él tiene un bastón. Parte del edificio cae sobre él y enciende un cigarro nuevo. Entonces él encuentra un bebé. Él trata de regalarle el bebé a una mujer que no lo quiere. Le devuelve al bebé de nuevo, pero termina en la carriola y la mujer golpea a Charlie. Charlie se aleja y el oficial de policía todavía lo está mirando. Charlie termina quedándose con el bebé.	
Learners	EN_WR_19_22_4_14_EJ	2019	19 / 43	44.2	Upper beginner	Female	22	Barton College	Business	Senior	English	English	English	English	13	4	No	""	""	0	""	Upper beginner (A2)	Lower intermediate (B1)	Lower intermediate (B1)	Upper beginner (A2)	2.5 / 6	""	""	""	""	""	Written	14	14. Chaplin	written_online	2	Inside classroom	""	Hay un hombre y ha fumada.  Este homre es caminando y duespues ayuda un nino.   Hay una policia, y una mujer, y un extrano hombre.  En el primero, Charlie no quiere el nino.  Duespues, Charile reciba una escrita y el nino es ahora en el familia.  Hay un hombre y ha fumada.  Este homre es caminando y duespues ayuda un nino.   Hay una policia, y una mujer, y un extrano hombre.  En el primero, Charlie no quiere el nino.  Duespues, Charile reciba una escrita y el nino es ahora en el familia.  El musicia es Bueno.  No es nadia comida en este pelicula, y no es una perros.	
Learners	EN_WR_19_23_3_14_EN	2017	19 / 43	44.2	Upper beginner	Female	23	Pennsylvania State University	sociology	4	English	English	English	English	17	3	No	""	""	0	""	Upper intermediate (B2)	Upper intermediate (B2)	Upper intermediate (B2)	Upper intermediate (B2)	4 / 6	""	""	""	""	""	Written	14	14. Chaplin	written_online	75	Outside classroom	Grammar book	"La escena empieza con Charlie caminando por un callejón,  y las cosas son arrojadas por la ventana. Sigue caminando por el callejón y luege procede a sacar un cigarrillo de un cartón, se quita los guantes y luego golpea un fósforo fuera de su zapato. Después de encender el fósforo, él tira aways sus guantes. Mientras que Charlie fumar, apagado a la izquierda, es un bebé que llorando en el piso. Mira y luego recoge al bebé. Mientras recoge al bebé, pasa una mujer con un bebé en el cochecito. Charlie procede a decirle a la mujer que piensa que dejó caer a su bebé. Charlie agarra al bebé y lo coloca en su cochecito. La mujer se enoja por sus acciones y se ve obligado a recoger al bebé. Él regresa a donde estaba el bebé y mientras está acostado al bebé, un oficial de policía se acerca a él y Charlie recoge al bebé y se va. Trate de dar al bebé a un extraño y el hombre corre tratando de encontrar a Charlie. Se tropieza con la mujer con el coche de bebé desde antes y deja caer al bebé en el carruaje. Charlie camina más allá de la mujer y ella lo golpea sobre la cabeza con un paraguas. Ella entonces banderas abajo el policía y Charlie termina para arriba con el bebé otra vez. Él termina de sentarse en la acera y descubre una nota que dice ""por favor, el amor y el cuidado de este niño huérfano"". La escena termina con Charlie caminando con el bebé en sus brazos."	
Learners	EN_WR_20_18_2_14_SA	2018	20 / 43	46.5	Upper beginner	Female	18	New York City College of Technology	Liberal Arts	1	English	English	English	English	8	2	No	""	""	0	""	Lower intermediate (B1)	Lower intermediate (B1)	Upper intermediate (B2)	Upper beginner (A2)	3 / 6	""	""	""	""	""	Written	14	14. Chaplin	written_online	4	Outside classroom	Bilingual dictionary (English/Spanish), Spellchecker, Background readings about the task topic (newspapers, internet, TV, etc.)	Charles encontro a un bebe llorando en el piso. El estaba tratando de averiguar de donde venia. Encontro a una enora con un cochecito de bebe, pero el bebe no pertenecia a ella. Charles puso al bebe de vuelta donde lo encontro. Alguin lo vio poniendo al bebe de nuevo en el suelo. Le dio el bebe a un anciano y huyo. Ese tipo dejo al bebe junto con otrto bebe en un carruaje que quedo desatendido. La senora regreso y vio a otro bebe	
Learners	EN_WR_20_20_0_14_MK	2019	20 / 43	46.5	Upper beginner	Female	20	Texas Tech University	Psychology	Senior	English	English	English	English	20	0	Yes	""	2019	3	""	Upper beginner (A2)	Upper beginner (A2)	Upper beginner (A2)	Upper beginner (A2)	2 / 6	""	""	""	""	""	Written	14	14. Chaplin	written_online	10	Outside classroom	""	"En el video Charlie encuentra un bebé perdido en la calle. Charlie primero trata de poner al bebé en una canasta de mujeres, pero ella le grita. Charlie intenta dejar al bebé en la calle, pero un oficial de policía lo atrapa.  Entonces da al bebé a un hombre y se escapa. El viejo hombre pone al bebé en el womans cesta y cuando se ve en el cesto Charlie camina por. La mujer entonces regaña a Charlie mientras la policía mira y se rinde. Charlie encuentra una nota sobre el bebé que dice ""por favor, ama y cuida a este niño huérfano""."	
Learners	EN_WR_20_21_4_14_PKO	2018	20 / 43	46.5	Upper beginner	Female	21	New York City College of Technology	Construction Management	Junior	English	English	English	English	13	4	No	""	""	0	""	Lower beginner (A1)	Upper intermediate (B2)	Upper intermediate (B2)	Upper beginner (A2)	2.75 / 6	""	""	""	""	""	Written	14	14. Chaplin	written_online	49	Outside classroom	""	El video era sobre los viejos tiempos. El hombre bien vestido encontro un bebe junto a la basura. El selecto arriba el bebe y probado a encontrar un seguro el lugar a dejarlo. Despues de que el encontro una carta que la madre se fue porque ella ya no puede cuidar del bebe. El hombre decidio quedarse con el bebe y cuidar de lo. i do not know what else to write. i already did my best with the previous sentences i wrote.	
Learners	EN_WR_20_22_0.5_14_KR	2017	20 / 43	46.5	Upper beginner	Female	22	New York City College of Technology	Career and Technical Teacher Education	3	English	English	English	English	22	0.5	No	""	""	0	""	Upper beginner (A2)	Upper beginner (A2)	Upper beginner (A2)	Upper beginner (A2)	2 / 6	""	""	""	""	""	Written	14	14. Chaplin	written_online	10	Outside classroom	Bilingual dictionary (English/Spanish)	La gente estaba tirando objetos de sus ventanas. Un hombre caminando vio un bebé en el suelo. Buscó a los padres pero no vio a nadie. Le dio el bebé a una mujer. La mujer no quería al niño. El hombre dio al bebé a otra persona, pero el hombre devolvió al niño a la mujer. Al final tomó al bebé. <br/>  <br/> La gente estaba tirando objetos de sus ventanas. Un hombre caminando vio un bebé en el suelo. Buscó a los padres pero no vio a nadie. Le dio el bebé a una mujer. La mujer no quería al niño. El hombre dio al bebé a otra persona, pero el hombre devolvió al niño a la mujer. Al final tomó al bebé.	
Learners	EN_WR_21_19_2_14_JB	2018	21 / 43	48.8	Lower intermediate	Male	19	New York City College of Technology	Liberal Arts and Sciences	2nd Year	English	English	English	English	17	2	No	""	""	0	""	Lower beginner (A1)	Upper beginner (A2)	Upper beginner (A2)	Lower beginner (A1)	1.5 / 6	""	""	""	""	""	Written	14	14. Chaplin	written_online	13	Outside classroom	Spellchecker	"Charlie Chaplin caminaba el de día  en la construcción y le arrojaron basura. Luego fuma un cigarrillo y ve al bebé al lado de basura . De una manera divertida, llevo al bebe por la ciudad y le reprocho a una mujer, huyo de un policía pero aun no sabia que hacia con el niño . El final, leyó un documento que le  quedaba al bebé diciendo "" cuídate de este niño huérfano"" y finalmente se preocupo por el niño."	
Learners	EN_WR_21_20_5_14_JH	2018	21 / 43	48.8	Lower intermediate	Female	20	Abilene Christian University	Social Work	3rd year (Junior)	English	Spanish	Spanish	English	13	5	No	""	""	0	""	Lower intermediate (B1)	Upper intermediate (B2)	Upper intermediate (B2)	Upper intermediate (B2)	3.75 / 6	""	""	""	""	""	Written	14	14. Chaplin	written_online	14	Outside classroom	Bilingual dictionary (English/Spanish)	El hombre ve un bebé y no sabe qué hacer. Él buscando por la mamá de el bebé pero no encuentra la mamá. El hombre pone el bebé abajo pero la policía está enojado. Él recoges el bebé otra vez y da la bebé a un extraño. El extraño no quiere el bebé y pone el bebé en un paseante. La mujer se enoja y llama la policía. La policía está enojado otra vez y el hombre, Charlie Chaplin, guarda la bebé. El hombre y el bebé dejaron con juntos.	
Learners	EN_WR_21_21_4_14_AS	2018	21 / 43	48.8	Lower intermediate	Male	21	New York City College of Technology	Liberal Arts	2nd	English	English	English	English	17	4	No	""	""	0	""	Lower intermediate (B1)	Lower intermediate (B1)	Lower intermediate (B1)	Lower intermediate (B1)	3 / 6	""	""	""	""	""	Written	14	14. Chaplin	written_online	10	Outside classroom	Bilingual dictionary (English/Spanish)	El video esta en negro y blanco. el video esta mas viejo. el tiene una gorra. El fume un cigarette. El mira un bebe. el no se donde esta el madre o el padre. el regresa el bebe a una señora. la señora tiene un bebe. el regresa el bebe al basura y una policia no le gustan el. el zapato necesito nuevo y el corre rapido. El policia no esta intelegente. por fin, el le gustan el bebe y quiere el corazon.	
Learners	EN_WR_21_26_2_14_LL	2018	21 / 43	48.8	Lower intermediate	Male	26	New York City College of Technology	Communication Design	2020	English	Spanish	English	English	14	2	No	""	""	0	""	Upper beginner (A2)	Lower intermediate (B1)	Lower intermediate (B1)	Lower intermediate (B1)	2.75 / 6	""	Lower beginner (A1)	Lower intermediate (B1)	Lower intermediate (B1)	Lower intermediate (B1)	Written	14	14. Chaplin	written_online	5	Outside classroom	Bilingual dictionary (English/Spanish)	Charlie Chaplin andaba en el ciudad cuando las cosas cayeron y lo golpearon desde el edificio de arriba. Él mirió un bebe, pero no sabí donde eres. Charlie Chaplin tomaba el bebe a encontrar de donde vino. Él mira por el bebe's papas pero no tiení. Él intentaba para regalar el bebe, pero no funcionó. mantuvo al bebé y decidió ser su padre en el final. Charlie Chaplin andaba en el ciudad cuando las cosas cayeron y lo golpearon desde el edificio de arriba. Él mirió un bebe, pero no sabí donde eres. Charlie Chaplin tomaba el bebe a encontrar de donde vino. Él mira por el bebe's papas pero no tiení. Él intentaba para regalar el bebe, pero no funcionó. mantuvo al bebé y decidió ser su padre en el final.	
Learners	EN_WR_22_19_3.5_14_SC	2018	22 / 43	51.2	Lower intermediate	Female	19	Central College	Psychology, Religion, Spanish	Central College	English	English	English	English	15	3.5	Yes	Spain	2018	4.5	""	Lower intermediate (B1)	Lower intermediate (B1)	Lower intermediate (B1)	Upper intermediate (B2)	3.25 / 6	""	""	""	""	""	Written	14	14. Chaplin	written_online	12	Outside classroom	""	Un hombre, un poco raro, esta caminando y fumando en la calle. Ladrillos cae de un edificio cerca la calle. Los ladrillos choca el hombre. El hombre encuentra un bebé en la calle. Él trata encontrar la madre de bebe. Por error, él pone el bebé con una madre incorrecto. La mujer vuelve el bebé a él. Él trata salir el bebe en la calle pero la policía ve esto. Así que él no puede salir el bebé. Entonces él da el bebé a un otro hombre, pero el otro hombre da el bebé a la misma mujer. La mujer piensa que el primero hombre da el bebé otra vez. La mujer golpea el primero hombre. También la policía vuelve a la situación. Él hombre tiene el bebé otra vez. Él se sienta en la calle con el bebé y encuentra una carta de la madre del bebé.	
Learners	EN_WR_22_19_5_14_ZS	2018	22 / 43	51.2	Lower intermediate	Male	19	University of Georgia	Accounting/Finance	First Year	English	Hindi	Hindi	Hindi, Gujarati	14	5	No	""	""	0	""	Lower intermediate (B1)	Upper intermediate (B2)	Upper intermediate (B2)	Lower intermediate (B1)	3.5 / 6	Hindi	Lower advanced (C1)	Lower advanced (C1)	Upper beginner (A2)	Upper beginner (A2)	Written	14	14. Chaplin	written_online	11	Outside classroom	Bilingual dictionary (English/Spanish)	Charles Chaplin es un hombre bien vestido. Un día, Chaplin esta caminando para la calle y se quita los guantes para fumarse una cigarro cuando el vio el bebe. Chaplin recogió el bebe y el vio la mujer entrar a un edificio. Chaplin hablo a la mujer y dio el bebe a la mujer. Pero, la mujer grita y Chaplin recogió el bebe. Luego, Chaplin se vio a una policía y caminando lejos de la policia. Chaplin se vio a un hombre viejo y da un bebe al hombre viejo. La hombre viejo ve la misma mujer y poner el bebe en su carrito de bebe. La mujer piensa que Chaplin ponerse el bebe en su carrito y golpea Chaplin con su bastón. Chaplin recogió el bebe y se sentó cuando encontró una carte. Una carte se dice que el bebe no tiene padres.	
Learners	EN_WR_22_24_4_14_SS	2018	22 / 43	51.2	Lower intermediate	Female	24	Illinois State University/University of Granada	Spanish Education	Junior	English	English	English	English	12	4	No	""	""	0	""	Lower intermediate (B1)	Upper intermediate (B2)	Lower intermediate (B1)	Lower intermediate (B1)	3.25 / 6	""	Lower intermediate (B1)	Lower intermediate (B1)	Lower intermediate (B1)	Lower intermediate (B1)	Written	14	14. Chaplin	written_online	4	Outside classroom	""	"El cuenta pequeña sobre un hombre estuvo caminando la calle y encontraba un bebe. Veces tiempos trataba salir el bebe con un mujer, el la calle, o con otro hombre pero siempre, por una razon o otra, tenia el bebe otra vez. Finalmente al fin de la cuenta cuando lo estaba sentiendo, chaplin encontro una nota se dijo: ""Por favor,ama y cuida por este nino."" Entonces Chaplin da una sonrisa al bebe y camino lejos con el bebe."	
Learners	EN_WR_23_18_3_14_JD	2017	23 / 43	53.5	Lower intermediate	Male	18	Denison University	Psychology	1st	English	English	English	English	14	3	No	""	""	0	""	Lower intermediate (B1)	Lower intermediate (B1)	Lower intermediate (B1)	Upper intermediate (B2)	3.25 / 6	""	""	""	""	""	Written	14	14. Chaplin	written_online	59	Outside classroom	Bilingual dictionary (English/Spanish), Internet	Charles Chaplin es caminado por el pueblo y fumado. La gente son limpiar lío y algún pegarlo y pone a fumar. Limpia y consigue fumar. Entonces él encuentra el bebé en el suelo. La mujer con cochecito y otro bebé pasean y Chaplin pone el bebé en cochecito. Él piensa el bebé pertenecer a ella. Ella dice tomar el bebé y él hacer. Chaplin pone el bebé donde encontrar, pero el policía mira y Chaplin toma el bebé otra vez. Él da el bebé a otro hombre y esconde. Él no encuentra Chaplin y pone el bebé en cochecito y sale. La mujer mira Chaplin y piensa él poner el bebé en cochecito y ella pega con el paraguas y llama el policía y Chaplin toma el bebé. Chaplin piensa a pone el bebé en la alcantarilla. Entonces encuentra la nota pidiendo a amor y atencíon para el huérfano.	
Learners	EN_WR_23_19_1_14_STS	2018	23 / 43	53.5	Lower intermediate	Female	19	New York City College of Technology	Liberal Arts	sophomore	English	English	English	English	13	1	No	""	""	0	""	Upper beginner (A2)	Upper beginner (A2)	Lower intermediate (B1)	Lower beginner (A1)	2 / 6	""	""	""	""	""	Written	14	14. Chaplin	written_online	10	Outside classroom	Help from a Spanish native speaker	En la película con Charlie Chaplin, el encontró un bebe que no tiene casa or padres. Charlie no sabe que hace. El le dar el bebe a una mujer que tiene un bebe. Pero ella no quiere el bebe. La mujer pegar Charlie con una sombrilla. Todo día el policía veo a Charlie. Entonces, Charlie dar bebe para un hombre viejo. Pero el hombre dar el bebe a la mujer también. Finalmente, Charlie tome el bebe un vez mas y amor el bebe.	
Learners	EN_WR_23_21_3_14_NWH	2018	23 / 43	53.5	Lower intermediate	Female	21	The University of Mississippi	General Studies	Senior	English	English	English	English	18	3	No	""	""	0	""	Lower intermediate (B1)	Lower intermediate (B1)	Lower intermediate (B1)	Lower intermediate (B1)	3 / 6	""	""	""	""	""	Written	14	14. Chaplin	written_online	30	Outside classroom	Spellchecker	"El hombre camina in la calle. Entonces, fuma. Ve un niño en el piso de calle. Entonces, da el niño al mujer cuando ella es en la tienda. Pero, ella no quiera un niño. Él pone el niño en el piso de calle, pero la policía lo ve. Porque la policía lo ve, el hombre recibe el niño y camina. Durante, el hombre camina in la calle con el niño, ve otra el hombre. Él da el niño a otra el hombre entonces corre. Otra el hombre da el niño a mismo la mujer. Él hombre (el protagonista) corre hasta la policía otro vez. Cuando corre huye de la policía, corre hasta la mujer. Da el niño a el hombre otra vez. Con un niño, sentarse. Ve una nota que dice, ""perdón, amor y cuidado está el niño"". Feliz, camina con el niño."	
Learners	EN_WR_23_21_4_14_JRD	2018	23 / 43	53.5	Lower intermediate	Female	21	Pennsylvania State University	Psychology	2nd	English	English	English	English	15	4	No	""	""	0	""	Lower beginner (A1)	Upper intermediate (B2)	Upper intermediate (B2)	Upper intermediate (B2)	3.25 / 6	""	""	""	""	""	Written	14	14. Chaplin	written_online	10	Inside classroom	Bilingual dictionary (English/Spanish)	"Chaplin encuentra un bebé.  Ve a una mujer caminando con un cochecito, así que le da el bebé.  No es su bebé. Él vuelve a poner al bebé doe lo encontró, pero el oficial de policía pasa, así que recoge al bebé de nuevo.  Ve a un hombre caminando y le da el bebé.  El hombre da el bebé a la mujer con el cochecito.  La mujer le devuelve el bebé a Chaplin.  Chaplin encuentra una nota que dice: ""Por favor, el amor y el cuidado de este niño. "" Él decide mantener al bebé."	
Learners	EN_WR_23_22_4_14_DW	2018	23 / 43	53.5	Lower intermediate	Female	22	City Tech University	Civil engineering	Senior	English	English	English	English	13	4	No	""	""	0	""	Lower beginner (A1)	Lower beginner (A1)	Upper beginner (A2)	Upper beginner (A2)	1.5 / 6	""	""	""	""	""	Written	14	14. Chaplin	written_online	24	Outside classroom	Help from a Spanish native speaker, Bilingual dictionary (English/Spanish)	se trataba de un hombre que encontró un bebé abandonado e intentó deshacerse del bebé. Trató de dárselo a una mujer que pensó que era la madre al poner al bebé en su carrito que ya tenía un bebé. la mujer le dijo que sacara al bebé de la carriola y se fue. Luego trató de darle el bebé a un anciano. el hombre trató de deshacerse del bebé colocando al bebé en una carriola aleatoria, que resultó ser la columpio de la señora en la que el primer hombre intentó meter al bebé. Finalmente decidió cuidar al bebé. cuando desglosó al bebé de su manta, notó una nota atada.	
Learners	EN_WR_23_27_4_14_GACJ	2018	23 / 43	53.5	Lower intermediate	Male	27	New York City College of Technology	""	""	English	English	English	English	15	4	No	""	""	0	""	Upper beginner (A2)	Upper beginner (A2)	Upper beginner (A2)	Upper beginner (A2)	2 / 6	""	""	""	""	""	Written	14	14. Chaplin	written_online	10	Outside classroom	""	en la pelicula, senor chaplin encienda un cigarette. despues, el quita su guantes y sacar en la basura. se encuentra un bebe y intenta se dar a un madre. ella delvolva y el debe toma porrque esta un policia. senor chaplin da a un hombrer y el hombre da a la madre misma. la madre ve a senor chaplin y se molesta. sentarle con el bebe y no sabe que hacer. antes de fin, senor chaplin comprende deber guardarle.	
Learners	EN_WR_23_62_5_14_CBM	2018	23 / 43	53.5	Lower intermediate	Female	62	Brigham Young University	TESOL MA	1997-2002	English	Italian	English	English	16	5	Yes	Guatemala, Mexico	2016	1.5	""	Lower beginner (A1)	Lower beginner (A1)	Upper beginner (A2)	Lower beginner (A1)	1.25 / 6	""	""	""	""	""	Written	14	14. Chaplin	written_online	11	Outside classroom	""	"El hombre caminando en el camino cuando dos personas ponen cosas en la cabeza.  Entonces, bast por busca un cigar.  Despues fuma el cigar, el busca un bebe.  Oh no!  Que hizo?  El hombre mira una mujer con otra bebe pero la mujer no toma el bebe.  Cuando  el hombre revuelve el bebe al caminito, una policia llega. El hombre toma el bebe y da el bebe al otro hombre con no casa y correo a la otra location.  El otro hombre con el bebe busca la carriage de la mujer y pone el bebe in la carriage. La mujer revuelve y busca el bebe y va despues el primero hombre.  La policia llega un otra vez y el primer hombre toma el bebe. El hombre no sabe que hacer.  Entonces el busca una nota acerca del bebe.  Dice ""Por favor carine y cuidade esto bebe que no tiene papa o mama.""  Finalmente, el hombre sonrie al bebe y toma a la casa del."	
Learners	EN_WR_24_16_0.5_14_SZG	2017	24 / 43	55.8	Lower intermediate	Female	16	Sevenoaks School	""	Year 12	English	English	French	English, French	16	0.5	No	""	""	0	""	Lower beginner (A1)	Upper beginner (A2)	Upper beginner (A2)	Lower beginner (A1)	1.5 / 6	German, French	Lower advanced (C1)	Lower advanced (C1)	Lower advanced (C1)	Upper intermediate (B2)	Written	14	14. Chaplin	written_online	5	Outside classroom	""	El actor Charlie Chaplin lleva en una caje y fuma. Él ve un bebe en la caje y él be una mujer que lleva con sú Bebe. Ella dira que él Bebe que Charlie Chaplin tiene no es suya. Un hombre de policia ve que Charlie Chaplin pone él Bebe en la caje y Charlie gives un hombre él bebe. Porfin Charlie Chaplin trove una notica en él bebe y él decide de garder él bebe que no tiene sus padres. Ququwuwuwuwuwo	
Learners	EN_WR_24_18_5_14_ML	2017	24 / 43	55.8	Lower intermediate	Male	18	University of Georgia	Political science	freshman	English	English	English	English	12	5	No	""	""	0	""	Upper beginner (A2)	Lower intermediate (B1)	Lower intermediate (B1)	Lower intermediate (B1)	2.75 / 6	""	""	""	""	""	Written	14	14. Chaplin	written_online	30	Outside classroom	""	Charlie Chaplin camina en el calle y tiene cosas caídas sobre el. El esta fumar mientras de esta caminado. El ve un un bebe en el calle sin padres. el levanto el bebe y camina y lo pone en el cochecito para mujeres pero ella dice que no es suyo. Entonces lo vuelve a poner pero hay un policía allí así que tiene que llevarlo de vuelta. se lo da a la persona al azar y luego huye y oculta. el chico lo pone de vuelta en el cochecito de la otra mujer. la mujer y la policía hacen que Charlie se lleve al bebe. hay una nota que dice amar y cuidar al niño así que decide quedarse con el.	
Learners	EN_WR_25_20_1_14_DT	2018	25 / 43	58.1	Lower intermediate	Female	20	New York City College of Technology	SPA 2201	3	English	English	English	English	1	1	No	""	""	0	""	Upper beginner (A2)	Upper beginner (A2)	Upper beginner (A2)	Lower beginner (A1)	1.75 / 6	""	""	""	""	""	Written	14	14. Chaplin	written_online	4	Outside classroom	""	Un hombre encuentra a un niño pequeño en el suelo. Él trata de regalarlo porque nadie lo quiere. Él no lo quiere a él también. Luego lo retiene después de encontrar una nota que dice sobre él.                                                                                                          n	
Learners	EN_WR_25_20_1_14_SM	2018	25 / 43	58.1	Lower intermediate	Female	20	Central College	Business Management	2nd (Sophomore)	English	English	English	English	14	1	No	""	""	0	""	Lower beginner (A1)	Lower beginner (A1)	Lower beginner (A1)	Lower beginner (A1)	1 / 6	""	""	""	""	""	Written	14	14. Chaplin	written_online	10	Outside classroom	Spellchecker	Al principio, hay un hombre quién estaba fumando y encontró un bebe. Una mujer caminó al lado del hombre con un bebe también. El hombre puso el bebe en un coche de bebe, entonces la mujer encontró él y tomó el bebe afuera. Habrá ido a poner el bebe en el suelo pero la policía lo vio. Luego, el hombre dio el bebe a una persona y corrió. Esa persona puso el bebe en el coche de la mujer otra vez y estaba enfadada con el hombre cuando su caminó al lado de ella. Aunque lo tomó. Al final, el hombre leyó una carta y lo quiso guardar el bebe. Lo cuidó.	
Learners	EN_WR_26_19_6_14_CC	2018	26 / 43	60.5	Lower intermediate	Male	19	Abilene Christian University	Biology	Sophomore	English	English	Spanish, English	English	13	6	No	""	""	0	""	Lower advanced (C1)	Upper intermediate (B2)	Upper intermediate (B2)	Upper intermediate (B2)	4.25 / 6	""	""	""	""	""	Written	14	14. Chaplin	written_online	14	Outside classroom	""	En la empieza el hombre fue caminar y una persona puso su basura afuerta de la ventana y se cayo en el hombre en la calle. Entonces el hombre quedo una cosa para fumar cuando el encontre un bebe se grito. El hombre se leventa el bebe y miro una mujer y puso el bebe en su cart pero no es la bebe de ella y ella se grito al hombre. El hombre fue a poner el bebe en el mismo lugar donde se encontre pero una policia verlo y el hombre tome el bebe y darle a un extranjero. El extranjero puso el bebe en el mismo cart del le mujer del temprano y el hombre original camino como el mujer y un otra vez ella darlo el bebe a el. En el fin el hombre lee una nota que dice por favor tener cuidado con mi nino.	
Learners	EN_WR_26_21_10_14_CH	2018	26 / 43	60.5	Lower intermediate	Female	21	Roger Williams University	Criminal Justice	Senior	English	English	English	English	11	10	Yes	Spain	2017	4	""	Lower intermediate (B1)	Lower intermediate (B1)	Lower intermediate (B1)	Lower intermediate (B1)	3 / 6	""	""	""	""	""	Written	14	14. Chaplin	written_online	7	Outside classroom	""	Hay una persona en el edificio que es poniendo cosas entre la ventana. El hombre es pasando en el calle y es fumando. El hombre esconde un bebe y no sabe de donde. Una mujer camina cerca del hombre y el hombre da el bebe a ella pero el bebe no es a ella. La mujer es enfojada a el. El hombre da el bebe a un otro hombre y el otro hombre da el bebe a la mujer. La mujer es enfojada y la policia viene. Hay una nota con el bebe y el bebe es una orfana y tiene no familia. EL hombre original saca el bebe.	
Learners	EN_WR_26_29_5_14_KC	2018	26 / 43	60.5	Lower intermediate	Female	29	Johns Hopkins University	Cognitive Science	graduate student	English	English	English	English	6	5	No	""	""	0	""	Upper beginner (A2)	Upper beginner (A2)	Lower intermediate (B1)	Lower beginner (A1)	2 / 6	Japanese, Portuguese, French	Lower beginner (A1)	Lower beginner (A1)	Upper beginner (A2)	Upper beginner (A2)	Written	14	14. Chaplin	written_online	2	Outside classroom	""	"Un hombre e caminando en una rua con muchas cosas el attaquen, quando elle busacan una bebe.  Elle encontran una mujer con una otro bebe y elle da la bebe a ella.  Pero le bebe no e de la mujera, pues elle gritan y tirar de stroller, y reportar a policia.  Finalmente, el hombre buscam una nota con la bebe, que dice ""Amo y queri por este bebe.""   Es un film mucho descansado. <br/>  <br/> No se que mas puedo escribir...."	
Learners	EN_WR_27_20_6.5_14_HM	2018	27 / 43	62.8	Lower intermediate	Female	20	Central College, Monmouth College	Spanish and International Studies	Junior (3)	English	English	English	English	13	6.5	No	""	""	0	""	Lower intermediate (B1)	Upper intermediate (B2)	Upper intermediate (B2)	Lower intermediate (B1)	3.5 / 6	""	""	""	""	""	Written	14	14. Chaplin	written_online	14	Inside classroom	""	Charlie Chaplin caminaba en la calle y encontro un bebe. Chaplin atempto dar el bebe a una mujer con su bebe. La mujer no queria el bebe y Chaplin tuvo que ayudar el bebe. Cuando atempto salir el bebe en la calle, un hombre de la policia dejo la accion. Con el bebe, Chaplin caminaba y dio el bebe a un hombre viejo para cogio sus zapatos. Chaplin entonces corrio sin el bebe. El hombre caminaba con el bebe y atempto lo mismo accion de Chaplin; salio el bebe con la mujer. La mujer descrubio el bebe, y unfortunandamente, Chaplin estaba cera. La mujer el golpeo y el hombre de la policia dejo la lucha. Chaplin tenia el bebe otra vez y sento en la calle. Entonces, descubrio un piece de paple que decia estaba solo. Chaplin salio con el bebe y estaba alegria.	
Learners	EN_WR_27_20_8_14_RP	2019	27 / 43	62.8	Lower intermediate	Female	20	Valparaiso University	International Business	Junior	English	English	English	English	12	8	No	""	""	0	""	Lower intermediate (B1)	Lower advanced (C1)	Lower advanced (C1)	Upper intermediate (B2)	4.25 / 6	""	""	""	""	""	Written	14	14. Chaplin	written_online	4	Inside classroom	""	Cuando el hombre está caminando por la calle encontrar un bebe sin sus padres. Después de buscando el bebe, el hombre mira por las calles para los padres. él da el bebe a una mujer, pero en realidad no es su bebe. Porque él no sabía que hacer con este bebe da a un hombre en el calle después de diciendo que el necesita a fijar los zapatos. Ahora el bebe está con un hombre diferente y este hombre da el bebe a la misma mujer en la calle y ella está muy enojado con este situación. El primero hombre camina cerca la mujer y ella da el bebe a él otra vez. En el fin de este escena, el hombre encontró una nota que dice el bebe es un orfano, y necesita alguien a cuidarte.	
Learners	EN_WR_27_21_6_14_AB	2018	27 / 43	62.8	Lower intermediate	Female	21	Abilene Christian University	Communication Sciences and Disorders	Junior	English	Spanish	English	English	14	6	Yes	Uruguay	2017	3.5	ACTFL OPIc (speaking) - Intermediate High	Upper intermediate (B2)	Upper intermediate (B2)	Upper intermediate (B2)	Lower intermediate (B1)	3.75 / 6	""	""	""	""	""	Written	14	14. Chaplin	written_online	20	Outside classroom	Bilingual dictionary (English/Spanish), Spellchecker	"El video empiezo con Charles Chaplin caminando en la calle. Él para y fumó un cigarillo y el descubre un bebé. Él recoge el bebé y ve una mujer con un cochecito. Después viendo la mujer, él pone el bebé en el cochecito. Ella no quiere el bebé y dice ""no"" y él recoge el bebé del cochecito. Él trata de dejar el bebé en la esquina donde encontró él bebé, pero un hombre de la policía ve y dice ""no."" Después, Charlie le da el bebé a un hombre en la calle y trata de escapar. Él hombre que Charlie le da el bebé a la vista la mujer con el cochecito. Él también pone el bebé en el cochecito y él escapa. Después, la policía ve Charlie y Charlie huye. Cuando Charlie camina a lado de la mujer, ella lucha con un paraguas. Se lleva el bebé y descubre una nota y después de que ama él bebé."	
Learners	EN_WR_28_16_5_14_JBN	2017	28 / 43	65.1	Lower intermediate	Male	16	Sevenoaks School	""	""	English	English	Portuguese	English	12	5	No	""	""	0	""	Lower intermediate (B1)	Lower intermediate (B1)	Lower intermediate (B1)	Lower intermediate (B1)	3 / 6	""	""	""	""	""	Written	14	14. Chaplin	written_online	10	Outside classroom	Bilingual dictionary (English/Spanish)	Charlie Chaplain caminaba cerca de un edificio. Llevaba ropa negra. Fumaba también. Vió un bebé en la calle. Dio el bebé a una mujer, pero la mujer era rica, y el bebé era pobre. Ella no quería el bebé. Ella estaba efadada y salió. Chaplain intentó dejar el bebé en la calle, pero vió un policía. Intentó dejar el bebé con un otro hombre. El hombre dio el bebé a la primera mujer. La primer mujer attacó Charlie y el policía llegó. Después, Charlie descubrió que el bebé era un huérfano y decidí mantenerlo.	
Learners	EN_WR_28_19_8_14_HD	2018	28 / 43	65.1	Lower intermediate	Female	19	Abilene Christian University	Social Work	2	English	English	English	English	12	8	No	""	""	0	""	Upper advanced (C2)	Upper advanced (C2)	Upper advanced (C2)	Upper advanced (C2)	6 / 6	""	""	""	""	""	Written	14	14. Chaplin	written_online	8	Outside classroom	Spellchecker	Él hombre es caminando cuando una cosa sube del cielo. Después, busqué por sus objetos en la caja metálica. Él hombre pone sus guantes en la basura y camine por el bebe. Él esta confundido pero grabé el bebe y caminé por la mujer. La mujer no ha gustado el bebe, y él hombre regresa a la basura. La policía intimidé él hombre. Él hombre pasea el bebe a un otro hombre y corre, pero el otro hombre pon el bebe con el otro bebe con la mujer. La mujer es furiosa y dé el bebe a él una vez más. Cuando él sentía en el calle con el bebe, lee la nota. En el fin, el hombre amé y dé cuidado al bebé huérfano.	
Learners	EN_WR_28_20_7.5_14_EC	2018	28 / 43	65.1	Lower intermediate	Female	20	Central College, Bradley University	International Studies, Political Science, Spanish	Junior	English	English	English	English	13	7.5	No	""	""	0	""	Lower intermediate (B1)	Lower advanced (C1)	Upper intermediate (B2)	Upper intermediate (B2)	4 / 6	Arabic (MSA)	Upper beginner (A2)	Upper beginner (A2)	Upper beginner (A2)	Upper beginner (A2)	Written	14	14. Chaplin	written_online	4	Inside classroom	""	Primero, el personaje principal (Charlie Chaplin) encontro un bebe sin padres en una calle lleno de basura. El hombre dedidio que alguien se olvide o perdio el bebe, entonces el tomo el bebe y trato a dar el bebe a una mujer con un otro bebe que es suya. La mujer grito mucho y se lo dio a el hombre. Una policia miro a el hombre regreso el bebe a la calle entre la basura y grito al hombre tambien. Despeus de muchos planes de salir el bebe con otra gente, el personaje principal encontro una carta entre la ropa del bebe. La carta dice que el bebe no tenia padres y el bebe nesecito amor. Finalamente el hombre accepto el bebe.	
Learners	EN_WR_28_20_9_14_KD	2019	28 / 43	65.1	Lower intermediate	Female	20	Valparaiso University	International Business	junior	English	English	English	English	11	9	Yes	Spain	2016	1.5	""	Lower intermediate (B1)	Upper intermediate (B2)	Upper intermediate (B2)	Lower intermediate (B1)	3.5 / 6	""	""	""	""	""	Written	14	14. Chaplin	written_online	10	Inside classroom	""	"En el video, la protagonist (Charles Chaplin) ha encontrado un bebe en el calle. Despues, el fue tratando a traer el bebe al un sitio para que nadie puedo encontrarle. La policia ha visto Charles con el bebe y fue corriendo a el, pero no pudiera tenerle. Luego, el he pensado el mismo dia que puede poner el bebe bajo del calle para que nadie puede encontrarle. Un momento despues, el ha encontrado una carta encima de la manta del bebe y dice ""Por favor ama y cuida para este bebe"" porque no tiene padres. Y al final, el he decidido que va a cuidar para este nino."	
Learners	EN_WR_28_21_2_14_SN	2018	28 / 43	65.1	Lower intermediate	Male	21	Sophia University	International Business and Economics	3	English	Japanese	Japanese	English, Japanese	19	2	No	""	""	0	""	Lower beginner (A1)	Lower intermediate (B1)	Lower intermediate (B1)	Lower intermediate (B1)	2.5 / 6	Japanese	Upper advanced (C2)	Upper advanced (C2)	Upper advanced (C2)	Lower advanced (C1)	Written	14	14. Chaplin	written_online	24	Outside classroom	Monolingual dictionary, Spellchecker	"Un día, señor Chaplin estaba caminando mientras estaba fumando. Entonces ve un bebe. Señor Chaplin entonces ve una mejor con cart de bebe. Él pregunta la mejor si es su bebe, pero ella dice no. Entonces él decide pone el bebe donde verlo. Pero entonces una policía encuentra él pone el bebe entonces señor Chaplin tiene que caminar con bebe. Él entonces ve una persona similar a él. Señor Chaplin da bebe a persona de similar. El persona de similar además ver cart de bebe  sin la mejor, entonces pone un bebe allí entonces camina a casa. Cuando la mejor va a fuera, ella ve dos bebés. Ella entonces ve señor Chaplin entonces da el bebe. Señor Chaplin crea sobre sale el bebe, pero encuentra un carta de la madre del bebe. Lo dice ""Por favor, ama este bebe""."	
Learners	EN_WR_28_21_4_14_SD	2018	28 / 43	65.1	Lower intermediate	Female	21	Central College, Bradley University	International Studies & Political Science	Senior	English	English	English	English	17	4	No	""	""	0	""	Upper beginner (A2)	Lower intermediate (B1)	Lower intermediate (B1)	Lower intermediate (B1)	2.75 / 6	""	Upper beginner (A2)	Upper beginner (A2)	Upper beginner (A2)	Upper beginner (A2)	Written	14	14. Chaplin	written_online	20	Inside classroom	""	Chaplin está caminando y fumando cuando él encontró un bebe. No sabía quien es el bebe pero no quería cuidarle. Vio una mujer y pensó que el bebe es suya. Chaplin dijo a ella que olvidó su bebe. Ella dijo que no, no es suya. Entonces, Chaplin trataba a encontrar alguien que querría el bebe pero nadie quería. Sin embargo, él encontró una nota que estaba en el bebe. La nota leía, por favor querer y cuidar para este bebe. En esto momento, Chaplin decidió a cuidar por el bebe.	
Learners	EN_WR_28_22_6_14_NM	2017	28 / 43	65.1	Lower intermediate	Female	22	Denison University	Geosciences	4th	English	English	English	English	14	6	No	""	""	0	""	Lower intermediate (B1)	Lower intermediate (B1)	Upper intermediate (B2)	Upper intermediate (B2)	3.5 / 6	""	""	""	""	""	Written	14	14. Chaplin	written_online	14	Outside classroom	Bilingual dictionary (English/Spanish), Spellchecker, Internet	En el video Charlie Chaplin fumó un cigarro después él se golpeado por basura. Luego él encontró un bebé en la calle. Trató darle a muchas personas pero el bebé regresaba a Charlie cada vez. Al final del video Charlie Chaplin leyó una nota que hago, “Por favor te cuidado de este huérfano” ... o algo como eso.	
Learners	EN_WR_28_25_1_14_HM	2018	28 / 43	65.1	Lower intermediate	Male	25	New York City College of Technology	""	2018	English	English	English	English	15	1	No	""	""	0	""	Upper beginner (A2)	Lower intermediate (B1)	Upper beginner (A2)	Upper beginner (A2)	2.25 / 6	""	""	""	""	""	Written	14	14. Chaplin	written_online	14	Outside classroom	""	el tiera se fue en su gorro. Dispues el se fue a fuma. Busco un bebe en la basura. Y la dio a una mujer. Pero no era de ella. Lo regreso a la basura pero una person lo vio. Lo dio a un Viejo y dispues si corrio. Y scundio dispues el Viejo lo dio a otra persona. La seniora le vio el senior y lo mande a coje el bebe. Dispues el senor lo va a cuida el bebe porque no tiene a nadien a cuida el bebe en su vida.	
Learners	EN_WR_28_34_1_14_BB	2018	28 / 43	65.1	Lower intermediate	Female	34	New York City College of Technology	Human Services	2018	English	French	French	English	21	1	No	""	""	0	""	Lower intermediate (B1)	Lower intermediate (B1)	Lower intermediate (B1)	Lower intermediate (B1)	3 / 6	Creole	Upper advanced (C2)	Upper advanced (C2)	Lower advanced (C1)	Lower advanced (C1)	Written	14	14. Chaplin	written_online	17	Outside classroom	Bilingual dictionary (English/Spanish)	"El corto video mostró a Charles Chaplin, un hombre extraño caminando por la calle fumando un cigarrillo. Mientras caminaba, encontró un bebé en la calle. Chaplin estaba tratando de devolver el bebé a todas las mujeres que pensaba que eran las madres del niño. Después de intentarlo varias veces, nadie se llevaba al bebé. Se sentó y encontró una nota en la manta del bebé. Él dijo, ""por favor, ama y cuida de este niño huérfano."" Sonrió, sostuvo al bebé y se alejó."	
Learners	EN_WR_28_47_0.8_14_MRN	2017	28 / 43	65.1	Lower intermediate	Female	47	""	""	""	English	English	English	English	47	0.8	No	""	""	0	""	Lower beginner (A1)	Upper beginner (A2)	Upper beginner (A2)	Lower beginner (A1)	1.5 / 6	""	""	""	""	""	Written	14	14. Chaplin	written_online	20	Outside classroom	Bilingual dictionary (English/Spanish), Spellchecker	Chaplin era un actor y cómico.  Él encontró un bebé en la calle y trató darle lejos.  Él dio a una mujer pero ella no queriá el bebé.  Él era muy triste.  <br/>  <br/> This was hard enough. Lo siento. Perhaps create a word count requirement so people will know in advance what you are looking for.  ¿De verdad? How much are you looking for here.  This is why people do not complete these things.  You need to be more specific.	
Learners	EN_WR_29_20_4_14_PG	2018	29 / 43	67.4	Upper intermediate	Male	20	Central College	Biochemistry, Spanish	Sophomore	English	English	Spanish	English	16	4	Yes	Spain	2018	5	""	Lower intermediate (B1)	Lower advanced (C1)	Upper intermediate (B2)	Upper intermediate (B2)	4 / 6	""	""	""	""	""	Written	14	14. Chaplin	written_online	33	Outside classroom	""	"Charlie Chaplin estaba andando en la calle cuando veía un bebe en el suelo. Después, Chaplin vio una mujer y le deja el bebe con ella. La mujer le grito a Chaplin porque el bebe no era suya y La revolvió el bebe a Chaplin, entonces Chaplin no quería el bebe y probó dejarlo pero la policía no lo permite. Después de andando mas lejos desde la policía, Chaplin probó dejar el bebe con un hombre aunque ese vez tenía éxito. Ese hombre, vio la mujer desde temprano, y dejó el bebe con ella cuando no estaba viendo. Chaplin estaba andando en la misma calle con la mujer y ella creía que Chaplin se dejó el bebe otra vez. Ella se gritaba a Chaplin mientras la policía aparecía. Chaplin sacó el bebe y luego sentó con él. Quería dejarlo en la calle pero decidió que no es una idea mala. Chaplin encontró una nota que dijo ""amar y cuidar del bebe"". Finalmente, Chaplin decidió hacer eso."	
Learners	EN_WR_29_20_7_14_MC	2018	29 / 43	67.4	Upper intermediate	Female	20	Abilene Christian University	Spanish	Junior	English	English	English	English	13	7	Yes	Honduras	2018	3	""	Upper intermediate (B2)	Upper intermediate (B2)	Lower intermediate (B1)	Upper intermediate (B2)	3.75 / 6	""	""	""	""	""	Written	14	14. Chaplin	written_online	10	Outside classroom	""	En este video, Charlie Chaplin camino en una calle entre muchas casas. Cuando el esta caminando, la gente eliman su basura a fuera de las ventanas. Charlie encuentro un bebe en la calle, y el lo da a una otra mama con su bebe. Ella no lo quiere, por eso, el da el bebe a un otro hombre. El regresa el bebe a la mama tambien. La  mama dice a el policia, y el hombre de policia da el bebe a Charlie otra vez, pero el bebe no es el hijo de el.	
Learners	EN_WR_29_20_7_14_TVA	2019	29 / 43	67.4	Upper intermediate	Male	20	Monmouth College	Economics, Spanish	3	English	English	English	English	5	7	No	""	""	0	""	Upper intermediate (B2)	Lower intermediate (B1)	Lower intermediate (B1)	Lower intermediate (B1)	3.25 / 6	""	""	""	""	""	Written	14	14. Chaplin	written_online	14	Inside classroom	Bilingual dictionary (English/Spanish)	El video es unos de los Charlie Chaplain. Estaba caminado cuando encuentra un bebe en la calle llorando. No sabe que hacer, por eso lo pone en un carro de un mujer. Ella no le gusta esto y se hace venir. El no quiere el bebe tambien, y empieza pone el bebe en la calle un otra vez, pero un policia ve esto occure y cambia su mente. Cual busca por un otra manera a se decha el bebe, juega un truco en un senor que a pasando y darle el bebe cual hacer su zapato, pero actualmente esta huido. El senor no queire tambien, y pone el bebe en el mismo carro a Champlain de antes. El mujer no es feliz y empieza pelear con Chaplain a toma el bebe un otra vez. El no sabe que debe hacer con el bebe y sientase a pensar sobre sus opciones. Mira un desague por agua en la calle y abrirlo, pero su conciousa le para. Encuentra un letra, probablamente de la madre del bebe, y leerlo. Cambia su mente finalmente y hacer el correcto cosa y mantene el bebe.	
Learners	EN_WR_29_21_10_14_SZ	2017	29 / 43	67.4	Upper intermediate	Female	21	University of Florida	Telecommunications and Spanish	Senior	English	English	English	English	18	10	No	""	""	0	""	Upper intermediate (B2)	Lower advanced (C1)	Upper intermediate (B2)	Lower advanced (C1)	4.5 / 6	""	""	""	""	""	Written	14	14. Chaplin	written_online	2	Outside classroom	Bilingual dictionary (English/Spanish)	Al comienzo, un hombre esta caminando por el calle. De repenta, un bebe caé del cielo y golpea el hombre. Despues, el hombre se sorprende y mira a su alrededor. Arregla su ropa, sus zapatos, y mira a su alrededor otra vez. El ve el bebe y camina hacia el bebe. El comienza de salir del bebe, pero una policia es cerca y no puede deja el bebe. Entonces el trae el bebe con su mismo y camina por los calles otra vez. El encuentra otro hombre y le da el bebe al hombre. Despues, el hombre le pone el bebe en el carruaje con otro bebe. El primer hombre camina por el calle y pase por el bebe en el carruaje, pero su madre es enojado, y el hombre necesita tomar el bebe con su mismo otra vez. Despues, el mece el bebe en sus brazos y encuentra una nota diciendo que el bebe necesita el y que el bebe es un huerfano. El sonrie.	
Learners	EN_WR_29_21_1_14_KO	2018	29 / 43	67.4	Upper intermediate	Female	21	New York City College of Technology	Fashion Marketing	""	English	Spanish	Spanish	Spanish	15	1	No	""	""	0	""	Upper intermediate (B2)	Upper intermediate (B2)	Upper intermediate (B2)	Upper intermediate (B2)	4 / 6	""	""	""	""	""	Written	14	14. Chaplin	written_online	4	Outside classroom	""	Chaplin se encuentra un bebe botado en el piso mientres el estaba fumando. El trata de encontar de queen es el bebe. El ve a una mujer pero no era el bebe de Ella. Luego el trata de regresar el bebe al piso pero un policia le ve. Entonces el se lleva al bebe y le entrega a un señor. El señor le deja al bebe en un coche estraño. La dueña del coche le ve a Chaplin y le pega y el se lleva al bebe por que vino la policia otra vez. Luego se sienta y encuentra una nota lo lee y se dicide quedarse con el bebe.	
Learners	EN_WR_29_21_4_14_MEC	2019	29 / 43	67.4	Upper intermediate	Female	21	Texas Tech University	Psychology	senior	English	English	English	English	15	4	Yes	Spain	2019	4	""	Lower beginner (A1)	Upper beginner (A2)	Upper beginner (A2)	Upper beginner (A2)	1.75 / 6	""	""	""	""	""	Written	14	14. Chaplin	written_online	14	Outside classroom	Bilingual dictionary (English/Spanish)	Charles estaba fumando un cigarillo cuando vio un bebe. El ve una madre y le da el bebe. Ella dice que no es su bebe y el pone a el bebe donde lo encontro. Pero el policía lo ve. El recoge el bebe y lo lleva. El lo da a un hombre en la calle y corre y esconde. El hombre lo busca pero solo encuentra un carruaje y deja el bebe allí. cuando salga charles, la madre lo ve y corre tras el con un paraguas. Ella lo golpea hasta que llega el policía y charles vuelve tomar el bebe. Luego se siente con bebe y encuentra una nota para que se quede con bebe.	
Learners	EN_WR_29_29_7_14_CC	2018	29 / 43	67.4	Upper intermediate	Female	29	Johns Hopkins University	""	""	English	English	English	English	15	7	Yes	Spain	2008	5	""	Upper beginner (A2)	Upper beginner (A2)	Lower intermediate (B1)	Upper beginner (A2)	2.25 / 6	""	""	""	""	""	Written	14	14. Chaplin	written_online	4	Outside classroom	""	"En este video, un hombre anda por la calle, fumando. Algunas cosas le golpea en la cabeza, tal vez de una ventana arriba en la calle. El busca un cigarillo nuevo en una caja pequeña en su chaqueta. El hombre pon sus (gloves) en la basura, continua fumando, y en un momento, ve un bebe cerca de la basura en la calle. El parece de preguntar ""de donde ere este bebe?"" El trata de poner el bebe en la (carriage) de un mujer que también anda por la calle, pero ella dice ""no, no es mi bebe"". El hombre pon el bebe una vez mas en la calle cerca de la basura, pero la policía le preventa de salir sin el bebe en sus brazos. El da el bebe a otro hombre quien también pon el bebe en la (carriage) de la mujer. La mujer esta muy enojada y le golpea el primer hombre con la paragua. Eventualmente, el hombre y el bebe sienta en la calle, y el lee una nota que dice ""por favor, ama este niño"". Los dos salen juntos."	
Learners	EN_WR_30_19_4_14_MK	2016	30 / 43	69.8	Upper intermediate	Female	19	Pitzer College	Psychology	2nd	English	English	English	English	14	4	No	""	""	0	""	Lower beginner (A1)	Lower beginner (A1)	Lower beginner (A1)	Lower beginner (A1)	1 / 6	""	""	""	""	""	Written	14	14. Chaplin	written_online	17	Outside classroom	""	Al primero, está un hombre con un sombrero y un bigote caminando en una calle mientras personas sobre él en los apartamentos están hacer cosas caer detrás sus ventanas. Cuando caminar, el hombre encuentra un bebé al lado una basura. Trata volver el bebé a una mujer con un otro bebé pero el bebé no está su bebé. El hombre vuelve el bebé dónde lo encontró pero un policía está lo mirando y el hombre no abandona el bebé. El hombre ve un otro hombre en la calle y da el bebé a él y corre. El hombre nuevo trata correr detrás del hombre original pero no puede correr a él. El hombre nuevo ve un carro pequeño por bebés y place él bebé al dentro con el otro bebé. La mujer mismo del antes encuentra el bebé en su carro un otro vez y ve el hombre original caminando. Ella golpea a él y hace tomar el bebé. El hombre original camina con el bebé y se siente sobre al lado del calle. Él ve un lago para placer el bebé pero no vuelve el bebé. Con el bebé en sus brazos el hombre encuentra una nota en la ropa del bebé. La nota lee: Por favor amor y cuidado por esto orphan bebé. El hombre sonreí y camina con el bebé y con feliz.	
Learners	EN_WR_30_19_7_14_GK	2018	30 / 43	69.8	Upper intermediate	Female	19	Central College, Doane University	Spanish and Psychology	Junior	English	English	English	English	12	7	No	""	""	0	""	Upper beginner (A2)	Lower intermediate (B1)	Lower intermediate (B1)	Lower intermediate (B1)	2.75 / 6	""	""	""	""	""	Written	14	14. Chaplin	written_online	4	Inside classroom	""	Había un hombre que estaba caminando en la calle. Él visto un bebe que no tenía una madre. Así que, él lo tomó y encontró una madre que tenía un bebe y él lo puso en el ambivalente. La madre no quiso el bebe así que el hombre lo tomó otra vez. Este tiempo, él lo puso en la calle pero había una policía y él necesitaba tomarlo. Después, él visto un hombre y él lo da a este hombre. Este hombre puso el bebe en el ambivalente de la madre pero ella no quiso el bebe otra vez. La madre llamó la policía y el primero hombre tomó el bebe otra vez. Finalmente, él visto una nota que dice: ama este bebe porque es un orphan. Así que el hombre lo tomó y la película estaba el fin.	
Learners	EN_WR_30_20_1_14_ML	2017	30 / 43	69.8	Upper intermediate	Female	20	New York City College of Technology	Liberal Arts	2nd year	English	English	Spanish	English	16	1	No	""	""	0	""	Lower beginner (A1)	Upper intermediate (B2)	Lower intermediate (B1)	Lower beginner (A1)	2.25 / 6	""	""	""	""	""	Written	14	14. Chaplin	written_online	20	Outside classroom	Bilingual dictionary (English/Spanish)	"En el comienzo, un hombre encuentra a un bebé. El bebe estába llorando cerca de la basura. El hombre trató de darle el bebé a una mujer que ya tiene un bebé. Pero, la mujer no quería coher el bebé. Entonces, el hombre se llevó el bebé y lo puso en cerca de la basura otra ves. El policía vino y el hombre cocer el bebé de nuevo. En lo que iba a caminando el hombre se encuentra a un viejito y le da el bebé y sale corriendo. El viejito se encuentra con la mujer y le deja el bebé sin que se de cuenta. Cuando iba pasando el hombre, la mujer se de cuenta de bebé y le digo con una sombra. El hombre se queda con el bebé y en la cobija encuentra un papel que decía ""por favor ame y cuide al bebé huérfano"", y asi lo hace."	
Learners	EN_WR_30_20_3_14_BRB	2019	30 / 43	69.8	Upper intermediate	Female	20	Texas Tech University	Pre-Nursing	Sophmore / Second Year	English	English	English	English	13	3	Yes	Spain	2019	4	""	Upper beginner (A2)	Upper beginner (A2)	Upper beginner (A2)	Upper beginner (A2)	2 / 6	""	""	""	""	""	Written	14	14. Chaplin	written_online	10	Outside classroom	Bilingual dictionary (English/Spanish)	El video fue solo en blanco y negro. Un hombre no tuvo un cigarrillo y fue un bebe. Él intendió volver el bebe pero la mujer dijó no fue el bebe de ella. Despues, él intendió dar el bebe a un otro hombre a corrió. Pero, no funcionó. El otro hombre pusó el bebe con el otro bebe que fue con la mujere. La mujer dio el bebe a el primer hombre. La policía seguió el primer hombre tambien. Entoneces, el hombre guardó el bebe. Él encontró una nota que dijó que el bebe fue un huérfano. Entonces el hombre montanió el bebe.	
Learners	EN_WR_30_21_12_14_MKH	2018	30 / 43	69.8	Upper intermediate	Female	21	Abilene Christian University	Business Marketing and Management	Senior	English	English	English	English	6	12	No	""	""	0	""	Lower intermediate (B1)	Upper intermediate (B2)	Upper intermediate (B2)	Upper intermediate (B2)	3.75 / 6	""	""	""	""	""	Written	14	14. Chaplin	written_online	10	Outside classroom	Spellchecker	En el video, un hombre busque un bebé en la calle. No sabe quienes son los padres de el niño, entonces el habla con una madre de un otro bebé y la policía, pero nadie reconozcan el bebé. El hombre no sabe que debe hacer. ¿Debe poner el bebé en la basura o abajo de la calle? ¡Claro que no! En el fin, el hombre busque un papel que dice el bebé no tiene padres. El hombre decide a dar un hogar al bebé.	
Learners	EN_WR_30_21_3.5_14_MK	2019	30 / 43	69.8	Upper intermediate	Male	21	Bradley University	Electrical Engineering	Junior	English	English	English	English	14	3.5	No	""	""	0	""	Lower intermediate (B1)	Lower intermediate (B1)	Lower intermediate (B1)	Upper intermediate (B2)	3.25 / 6	""	""	""	""	""	Written	14	14. Chaplin	written_online	20	Inside classroom	Spellchecker	En el video, hay una persona muy extraño. Este hombre empiece firmar y ve una bebé en la calle. El hombre mira a los padres del bebe y no puede encontrarlos. El hombre cuida que el bebé no esté en la calle, pero el hombre no quiere cuidar del bebé sobre un pariente. Luego de este momento, el hombre recoge un bebé y encuentre una mujer con un bebé separado. El hombre pone el bebé en un coche del otro bebé. La mujer está muy enojado porque el niño nuevo no es suyo. Ella hace que el hombre recoge el bebé alguna vez. Confundido, el hombre comienza volver al bebé en la calle, pero la policía ve este acción. El hombre recoge el bebé alguna vez. Después de este momento, el hombre prueba poner el bebé con un hombre viejo y una misma mujer. Cuando los tratos no son exitosos, el hombre considera saliendo el bebé debajo de la calle. Ahora, el hombre encuentra una nota con el bebé. Una nota dice que el bebé es un huérfano y necesita amor. Después de leer esta nota, el hombre decide cuidar del bebé. No estoy seguro que pase después de este momento, pero yo pienso que el hombre se vuelve el padre nuevo del bebé.	
Learners	EN_WR_31_19_5_14_AJ	2018	31 / 43	72.1	Upper intermediate	Female	19	Abilene Christian University	Bible/Missions	Sophomore	English	Spanish	English	English, Spanish	4	5	No	""	""	0	""	Lower advanced (C1)	Lower advanced (C1)	Upper intermediate (B2)	Lower intermediate (B1)	4.25 / 6	""	""	""	""	""	Written	14	14. Chaplin	written_online	7	Outside classroom	Bilingual dictionary (English/Spanish)	"Chaplin estaba caminando cuando oyi un bebe llorando en el piso. Chaplin fue a llevarlo a una mujer que tenia un hijo en un cargador. Despues de eso, Chaplin dejo el bebe con un hombre y luego ese hombre fue a dejar el bebe con la senora que ya tenia un hijo. Al finamente, Chaplin quieria a tirar el bebe cuando encontre una nota que dijo, ""Por favor ama y cuida a este nino huerfano."" Y eso es lo que Chaplin fue a hacer."	
Learners	EN_WR_31_20_7.5_14_NK	2018	31 / 43	72.1	Upper intermediate	Female	20	Central College, Valparaiso University	Political Science, Spanish	3	English	English	English	English	13	7.5	No	""	""	0	""	Upper intermediate (B2)	Upper advanced (C2)	Upper advanced (C2)	Lower advanced (C1)	5.25 / 6	""	""	""	""	""	Written	14	14. Chaplin	written_online	8	Inside classroom	Spellchecker	En esta película corta, Chaplin busca un bebe en las calles. El bebe no tiene nadie y Chaplin le dé a una mujer con un otro bebe. Ella empieza a gritar a Chaplin y forzar Chaplin a tomar el bebe. Chaplin no quiere este bebe y como se pone el bebe en la calle una vez más, un policía aparease. Él tiene auspician y Chaplin toma el bebe y corre. Le busca un otro hombre y dice que necesita a ajustar su zapito. aunque, cuando el hombre toma el bebe, Chaplin sale muy rápido. Entonces, el hombre necesita a pierde este bebe también. El busca la misma mujer que Chaplin he buscada y se pone el bebe en el asiento con el otro bebe. Era un problema porque Chaplin ve la misma policía que he visto antes. Debido a la auspician, corre de la policía y llague a la mujer que tiene los bebes y empieza a golpear Chaplin. Entonces, Chaplin debe tomar el bebe una vez más y descubre un correo que dice el bebe necesita una casa y amor. Chaplin tiene triste para este bebe y decide a tomar cariña para él.	
Learners	EN_WR_31_21_10_14_AJL	2017	31 / 43	72.1	Upper intermediate	Male	21	University of Florida	Business Administration (Pre-Law)	4	English	English	English	English	8	10	Yes	Spain	June 2017- August 2017	2.3	""	Upper intermediate (B2)	Upper intermediate (B2)	Lower advanced (C1)	Upper intermediate (B2)	4.25 / 6	Portuguese (A1)	Upper beginner (A2)	Upper beginner (A2)	Upper beginner (A2)	Upper beginner (A2)	Written	14	14. Chaplin	written_online	10	Inside classroom	Bilingual dictionary (English/Spanish)	"Charlie está andando en un camino fumando un cigarillo cuando algo se cayó en su cabeza. Encendió un otro y realiza que hay un bebe con nadie cerca de lo. Charlie trae el bebe a una mujer en el camino y se dice ""se cayó."" Ella muestra a él que ella tiene su bebe, y que él necesita salir. Sale cuando policía le encontró. Corre a una otro hombre con el bebe y da él el bebe. Cuando realiza, está demasiado tarde. Charlie está ido. El hombre encuentra la misma mujer y se pone el bebe en su paseante otra vez. Él sale, y Charlie va en el camino donde la mujer está. Ella se mira, y le ataque. La policía vuelva, y Charlie sale con el bebe."	
Learners	EN_WR_31_21_6_14_EG	2019	31 / 43	72.1	Upper intermediate	Female	21	Monmouth College	Communication, Public Relations, Spanish (3)	Junior	English	English	English	English	15	6	No	""	""	0	""	Lower intermediate (B1)	Upper intermediate (B2)	Upper intermediate (B2)	Lower intermediate (B1)	3.5 / 6	""	""	""	""	""	Written	14	14. Chaplin	written_online	2	Inside classroom	""	El personaje principal (Charlie Chaplin) encuentra un bebe en el primer escena del la pelicula. El esta confudido y no sabe que hacer con el bebe. Entonces, Charlie vea un mujer con un bebe de su propio y crea que el bebe es de el mujer. Charlie trata dar el bebe a la mujer pero ella no quiere y se enojada. Despues, Charlie esta tratando dar la bebe a todos. Hay policia ademas que le preventa de a Charlie abandona el bebe. El el final del pelicula, nos vemos que el bebe es un orphan.	
Learners	EN_WR_31_21_6_14_LM	2019	31 / 43	72.1	Upper intermediate	Female	21	Central College	Spanish, Secondary Education	Third	English	English	English	English	15	6	No	""	""	0	""	Lower intermediate (B1)	Lower intermediate (B1)	Lower intermediate (B1)	Lower intermediate (B1)	3 / 6	""	""	""	""	""	Written	14	14. Chaplin	written_online	4	Inside classroom	""	Charlie encontró un bebe en el calle. Él no supo que hacer. Entonces, trajo el bebe y trató salir el bebe con una mujer cuando ella no vió. Pero la mujer se pusó enojada y le dío el bebe. Luego él lo salió con un hombre y corrio afuera rapidamente. El hombre encontró el mismo mujer de antes y lo salió en su coche  mientras ella estaba a dentro la tienda. Cuando ella vino afuera, se pusó enojada otra vez y lo dío a Charlie cuando le vío en el calle. Charlie se sentó con el bebe y busque una carta en su tela y lo dijo que muesta amor a el bebe porque lo era un huerfano. Desques de él leó la carta, se pusó contento y le amó el bebe.	
Learners	EN_WR_31_21_6_14_PM	2018	31 / 43	72.1	Upper intermediate	Male	21	Central College	English/Spanish	Sophomore	English	English	English	English	15	6	Yes	Spain	2018	4	""	Upper intermediate (B2)	Lower advanced (C1)	Lower advanced (C1)	Upper intermediate (B2)	4.5 / 6	""	""	""	""	""	Written	14	14. Chaplin	written_online	7	Outside classroom	""	"Charlie Chaplin estaba caminando por la calle y fumando su puro cuando de repente, encontró en bebe en la esquina.  Él no tenía ninguna idea que debía hacer en este momento y el trató a dar el bebe a una mamá.  Pero ella no quería el bebe tampoco.  Todavía con el niño, Chaplin vio un hombre en la calle luego y le dio el bebe mientras no estaba prestando atención y Charlie huyo.  El hombre con quien tiene el bebe, pasó el bebe con el be de la misma padre de la que Chaplin había tratado a dar el bebe con antes.   Chaplin tuvo mala suerte cuando el pasó por la madre y ella gritó a Charlie y finalmente, dio el bebe a Charlie otra vez.  Luego, Charlie encontró un nota que leyó ""Por favor, ama este bebe"" y al fin parece que Charlie quedó con el bebe."	
Learners	EN_WR_31_21_7_14_AS	2018	31 / 43	72.1	Upper intermediate	Female	21	Loras College	Education	4	English	English	English	English	14	7	No	""	""	0	""	Lower intermediate (B1)	Lower intermediate (B1)	Lower intermediate (B1)	Upper intermediate (B2)	3.25 / 6	""	""	""	""	""	Written	14	14. Chaplin	written_online	7	Outside classroom	""	El hombre encontro un bebe cuando el estaba fumando. El penso que el bebe fue de la mujer en la calle pero lo no fue. El probo darle el bebe a un hombre pero el no se apetece. El hombre encontro un papel con un mensaje sobre el bebe. El mensaje en el papel dijo que el bebe no tiene un hogar y necesita una familia. La persona que escribio el mensaje quiere el hombre a tener el bebe. En el fin, el hombre decidio que el pudo cuidar por el nino.	
Learners	EN_WR_32_20_13_14_GG	2019	32 / 43	74.4	Upper intermediate	Male	20	Valparaiso University	Business Management	3	English	English	English	English	7	13	No	""	""	0	""	Upper intermediate (B2)	Lower advanced (C1)	Lower advanced (C1)	Upper intermediate (B2)	4.5 / 6	""	""	""	""	""	Written	14	14. Chaplin	written_online	14	Inside classroom	""	En el video Chaplin estaba caminando y fumando mientras otras personas ponen cosas afuera de las ventanas. Las cosas golpeo a Chaplin entonces el nececito un otro cigarillo. despues de un cigarillo mirro un bebe en el calle. Primera Chaplin penso que el bebe fue de una mujer cerca de el. No fue el bebe de ella. Segundo Chaplin ha probado salir sin el bebe pero la policia estaba mirrando a Chaplin. El tiempo terecer Chaplin probado salir el bebe con un otro hombre. Proximo el otro hombre pienso que el bebe venio de la mujer cerca de Chaplin y tambien Chaplin fue en un situacion malo con la policia y una mujer. En el fin Chaplin encontro una nota y realizo que el bebe nececito ir a un casa de hijos que no tienen padres.	
Learners	EN_WR_32_21_8_14_GD	2017	32 / 43	74.4	Upper intermediate	Female	21	University of Florida	Journalism and Spanish	4th year	English	Portuguese	Portuguese	Portuguese	10	8	Yes	Spain	May 2016- July 2016	1.5	""	Lower advanced (C1)	Lower advanced (C1)	Upper intermediate (B2)	Upper intermediate (B2)	4.5 / 6	Portuguese	Lower advanced (C1)	Lower advanced (C1)	Lower advanced (C1)	Upper intermediate (B2)	Written	14	14. Chaplin	written_online	11	Inside classroom	""	"Hay un hombre caminando por la calle y hay gente tirando cosas de arriba a el hombre. El hombre continúa caminar por la calle fumando un cigarro cuando llega hasta un bebé que estás solo y llorando. El hombre levanta el bebé y trata de darlo a una otra mujer que ya tiene un bebé. El dices ""Perdoname, pienso que has perdido algo."" La mujer estas muy enojada entonces el hombre levanta el bebé y le deja en el mismo lugar donde ha encontrado lo. A misma hora, llega una policía. El hombre levanta el bebe y encontra un otro hombre y le da el beba. Esta hombre nuevo encuentra la misma mujer que ya tenia un bebe y deja este bebe. La mujer llega, ver el bebe, y a la misma hora el hombre original caminas por la calle. La mujer le da golpes y pelea con el hombre. El hombre encuentro una nota con el bebe que dices ""ama y cuida de esta nino huerfano."""	
Learners	EN_WR_32_59_1_14_TC	2018	32 / 43	74.4	Upper intermediate	Female	59	Queen Anne Community School	""	""	English	English	English	English	58	1	No	""	""	0	""	Lower beginner (A1)	Upper beginner (A2)	Upper beginner (A2)	Lower beginner (A1)	1.5 / 6	""	""	""	""	""	Written	14	14. Chaplin	written_online	45	Outside classroom	Spellchecker	Charlie necesita fumar pero descubre algo más que un cigarrillo, encuentra un bebé en la calle.  Abandonado por lo visto.  No sabiendo qué hacer con este bebé, mira a su alrededor,  ¿Dónde podría haber venido de?  <br/>  <br/> Ahora, su tarea es encontrar alguien que tomar el bebé en su lugar.  ¿Quizás la madre de otra bebé? Pero no, ella no quiere otra bebé. ¿El policía? No, no él tampoco.  <br/>  <br/> Finalmente, Charlie se sienta en el pavimento con el bebé. Luego encuentra una carta escrito por la mamá del niño preguntando a alguien que cuide su bebé. <br/>  <br/> Resignado a su papel, sonríe con cariño al bebé.	
Learners	EN_WR_33_19_3_14_NP	2017	33 / 43	76.7	Upper intermediate	Male	19	University of Georgia	Finance	Freshman	English	English	English	English	15	3	No	""	""	0	""	Lower intermediate (B1)	Lower intermediate (B1)	Lower advanced (C1)	Upper intermediate (B2)	3.75 / 6	""	""	""	""	""	Written	14	14. Chaplin	written_online	11	Outside classroom	""	Chaplin estaba fumando cuando cosas se cayaron por las ventanas. Luego, él vio un bebé en el calle. Chaplin probó darlo a una mujer, pero la mujer no quería el bébe. Luego Chaplin pusó el bébe en el calls, pero una policía vio el bébe, y Chaplin tuvo que llevar el bébe. Por eso, Chaplin dio el bébe a un hombre y Chaplin corrió porque él no lo quería. Luego, el hombre buscaba a Chaplin, pero no pudo encontró a él. Por eso el hombre pusó el bébe en el cochecito de la mujer. La muger era enojada porque no quería el bébe y cuando ella vio Chaplin, Ella peleó a él.	
Learners	EN_WR_33_21_2.5_14_RPA	2019	33 / 43	76.7	Upper intermediate	Female	21	Texas Tech University	Biology	Junior	English	English	English	English	16	2.5	Yes	Spain	2019	4	""	Upper beginner (A2)	Upper intermediate (B2)	Upper intermediate (B2)	Lower intermediate (B1)	3.25 / 6	""	""	""	""	""	Written	14	14. Chaplin	written_online	20	Outside classroom	Bilingual dictionary (English/Spanish)	Charlie Chaplin estuvo fumando cuando cosas caí de encima. Charlie veia un bebé y buscaba para los padres. Primero, Chapman vi la madre con la otro bebé y puse el bebé en el carro. El madre era enamorada y decía no a la bebé. Chapman no quería ser una padre y irá el bebé en el mismo lugar pero la policia lleguó. Charlie cogió el bebé y buscaba para alguien que quiere el niño.  Él vi un hombre y preguntaba el hombre coger el  bebé mientras Charlie hizo algo con el zapato. Entonces, Charlie corrió lejos de el hombre. El nuevo persona para el bebé no quiso tampoco y puso el bebé en el mismo carro desde antés. El madre vi Charlie tambien sin bebé y le dio el bebé tambien. Ahorra, Charlie encontraba una nota sobre el bebé. la nota preguntó para alguien amar el  bebé con no padres.	
Learners	EN_WR_33_21_6_14_JM	2018	33 / 43	76.7	Upper intermediate	Female	21	""	Anthropology	Junior	English	English	English	English	15	6	Yes	Spain	2018	2	""	Lower intermediate (B1)	Upper intermediate (B2)	Upper intermediate (B2)	Lower intermediate (B1)	3.5 / 6	""	""	""	""	""	Written	14	14. Chaplin	written_online	8	Outside classroom	""	Al primer, un hombre está caminándo por la calle mientras piedra se está cayendo de un edificio. Continúa a caminar y fumar. Un gran parte de un edificio se golpe el hombre. Lluego, él busca en una caja en su chaqueta con cigarillos. Continúa a fumar y de repente ve un bebe en la calle. Lo coge y trata de darlo a una mujer. Ella no lo quiere y grita. Lluego, trata de dejar en la calle otra vez pero un policía se ve. Trata de darlo a otro hombre y hui. Trata de dejarlo con la mujer otra vez pero ella se golpe muchas veces y el policía viene. El hombre coge el bebé. Se siente en la calle con el bebé y piensa. Encuentre una nota que le dice “cariña para el bebé.” Finalmente, él camina lejos con el bebé que ahora es suyo.	
Learners	EN_WR_33_37_2_14_OY	2018	33 / 43	76.7	Upper intermediate	Male	37	New York City College of Technology	liberal arts and arts	2	English	Spanish	Spanish	English	2	2	No	""	""	0	""	Upper intermediate (B2)	Upper advanced (C2)	Upper beginner (A2)	Upper beginner (A2)	3.5 / 6	""	""	""	""	""	Written	14	14. Chaplin	written_online	14	Outside classroom	""	Chalie Chaplin es muy tonto. el encontro un babe en el piso y no supo que hacer. el trato de dar a una mujer el bebe. pero ellla no estaba feliz y discutio con el. luego  trato de darselo a un hombre discapacitado. ese hombre dejo el bebe con la mujer Charlie trato de dejarlo con anterior. la mujer vio a Charlie caminando por y devolver el bebea el solo despues de golpearlo en la cabeza con un palo.  nada parece funcionar. al final se llevo al bebe y paso a cuidar de el.	
Learners	EN_WR_33_48_4_14_RMCG	2018	33 / 43	76.7	Upper intermediate	Male	48	""	""	""	English	English	English	English	25	4	No	""	""	0	""	Upper intermediate (B2)	Upper intermediate (B2)	Upper intermediate (B2)	Upper intermediate (B2)	4 / 6	German	Lower intermediate (B1)	Lower intermediate (B1)	Lower intermediate (B1)	Lower intermediate (B1)	Written	14	14. Chaplin	written_online	10	Outside classroom	""	Charlie Chaplin esta caminando por un calle pobre, una mujer se tiro basura de la ventana, cuando vio un bebe, el esta solo sin madre, ni padre.  El bebe esta llorando.  En un calle mayor Chaplin vi una mujer con un cochecito y lo salio en el cochectio, pero, la mujer lo vi, y dio el bebe al Chaplin porque no es suya, la esta enfadada.  Chaplin no se que hacer y tratar de salir el bebe en el calle pero un policia lo vio y Chaplin fui con el bebe.   Un otro hombre descubre el bebe y lo pone en un cochecito, el mismo de lo con la confusion con la mujer anterior.  Chaplin esta paseando, al mismo tiempo, que la mujer vio el bebe otra vez en su cochecito.  Esta total enfadada, la mujer y Chaplin se pelean en la calle, y Chaplin tiene que tomar el bebe.  Sentado, Chaplin descrubo una nota en la ropa del bebe - el es un orfano y la nota dice a la persona que la a cuidar el nino.	
Learners	EN_WR_34_18_4_14_CB	2018	34 / 43	79.1	Upper intermediate	Female	18	New York City College of Technology	liberal arts and science	1st	English	Spanish	Spanish	English	6	4	No	""	""	0	""	Lower intermediate (B1)	Lower advanced (C1)	Lower advanced (C1)	Lower advanced (C1)	4.5 / 6	""	""	""	""	""	Written	14	14. Chaplin	written_online	2	Outside classroom	""	Yo recuerdo haber visto este video en la escuela secundaria. Este es un video antiguo porque es en blanco y negro y tampoco tienes audio. Charles Chaplin es muy extrano y torpe. El encontro un bebe Huerfano y la mantuvo. Una senora intent alejarla de el, pero el se nego. Lo que me mas gusta de este video es el hecho de que no hay audio. En la epoca moderna en que vivimos ahora, es raro ver peliculas sin color o sonido.	
Learners	EN_WR_34_19_7_14_CM	2018	34 / 43	79.1	Upper intermediate	Male	19	Norhtwestern Universtiy	Economics	Sophomore	English	English	English	English	12	7	No	""	""	0	""	Upper intermediate (B2)	Lower intermediate (B1)	Upper intermediate (B2)	Lower advanced (C1)	4 / 6	""	""	""	""	""	Written	14	14. Chaplin	written_online	10	Outside classroom	""	Un hombre caminaba por la calle, fumando un cigar. El encuentra un bebe en la calle, solo. El no sabe de donde vino el bebe y empieza buscar a alguien para ayudarle. Ve a una mujer con su propio bebe y llega el bebe a ella. El quiere darle el bebe pero ella no lo quiere. Entonces, el trata a poner el bebe donde lo encontre, pero el ve a la policia y corre con el bebe. Luego, el hombre da el bebe a otro hombre, quien lo pone con la mujer del pasado, quien lo da al primero hombre. El no sabe que hacer, asi que el se siente en la calle. El encuentra un cartera con el bebe y lee. Despues, decide que el va a quedar con el bebe. El fin.	
Learners	EN_WR_34_20_8_14_ER	2018	34 / 43	79.1	Upper intermediate	Female	20	Central College, Monmouth College	Spanish Education	Junior	English	English	English	English	12	8	No	""	""	0	""	Lower intermediate (B1)	Lower intermediate (B1)	Lower intermediate (B1)	Lower intermediate (B1)	3 / 6	""	""	""	""	""	Written	14	14. Chaplin	written_online	10	Inside classroom	""	"Chaplin estaba caminando por un calle donde much gente ponía su basura por la ventana, pero él oío un sondino de un niño. En la calle, era un niño sin padres y Chaplin pensaba que una persona puso el niño en la calle por la ventana como la basura. Una mujere estaba caminando con su niño y Chaplin pensaba que ella era la madre. Entonces, él puso el niño de la calle con el otro niño, pero la madre estaba enojada porque ella pensaba que Chaplin estaba abandonado su niño. Chaplin quería salir el niño con otro persona, pero estse hombre puso el niño en el mismo coche de niños que antes. Por eso, la mama empezó a gritar porque Chaplin estaba caminando en la misma calle. El tomó el niño porque un policia era cerca. Cuando Chaplin se sentó por el lado de calle, él descubrió un carta que djio ""cuidarse por este niño orfanado."" Ya que, Chaplin tomó el niño a su casa."	
Learners	EN_WR_34_21_6_14_CO	2018	34 / 43	79.1	Upper intermediate	Male	21	Central College, Monmouth College	Accounting	Junior	English	English	English	English	15	6	Yes	Spain	2018	4	""	Lower advanced (C1)	Lower advanced (C1)	Lower advanced (C1)	Lower advanced (C1)	5 / 6	""	""	""	""	""	Written	14	14. Chaplin	written_online	4	Inside classroom	Spellchecker	Charlie encontró un bebe por la calle. No hay nadie cerca de él a quien podría ser el padre del bebé. Charlie intentaba dejar el bebe donde lo había encontrado pero una policía llegó y vio lo que estaba pasando. Charlie tomó el bebé y eventualmente encontró un carro de un mujer con otro bebé, y intentó ponerlo en el carro. La mujer vino y vio lo que Charlie estaba haciendo y le golpeó. Al fin, Charlie estaba sentado en la calle, y vio una carta en el bebé que pedía la persona que estaba leyéndola cuidar por el bebé.	
Learners	EN_WR_34_21_8_14_SM	2018	34 / 43	79.1	Upper intermediate	Female	21	Central College, Roger Williams University	Biology and Spanish	Junior	English	English	English	English	13	8	Yes	Spain	2018	5	""	Upper intermediate (B2)	Upper intermediate (B2)	Upper intermediate (B2)	Upper intermediate (B2)	4 / 6	""	""	""	""	""	Written	14	14. Chaplin	written_online	2	Outside classroom	Bilingual dictionary (English/Spanish)	En el vídeo, Charlie Chaplin encontra un bebé en la calle. Trata salir el bebé pero un oficial de la policía se para. Charlie trata dar el bebé a una mujer pero sin suerte. Luego, da el bebé a un hombre. El hombre se pone el bebé en el coche de la mujer. Charlie camina por la mujer y la mujer se da el bebé. Finalmente, Charlie encontra un papel con el bebé diciendo que él es un orfano. En el fin, Charlie decide cuidar para el bebé.	
Learners	EN_WR_34_47_28_14_ZB	2017	34 / 43	79.1	Upper intermediate	Male	47	University of Arizona	Applied Linguistics	7	English	English	English	English	11	28	Yes	Spain	1993	4	""	Lower advanced (C1)	Lower advanced (C1)	Lower advanced (C1)	Lower advanced (C1)	5 / 6	""	Lower advanced (C1)	Lower advanced (C1)	Lower advanced (C1)	Lower advanced (C1)	Written	14	14. Chaplin	written_online	20	Outside classroom	""	"El hombre estaba caminando cuando se cayo una parte de edificio en su cuerpo. Empezó de fumar un cigarillo y de repente vio un bebe en el suelo. Que curioso! Recojo el bebe del suelo y luego vio una mujer empujando uno carrito de bebes. Camino en la direccion de ella pensando que la mujer con un bebe perdió un otro. La mujer indicó ""no,"" entonces el hombre tomo el bebe y trato bajarle en el suelo otra vez pero un policía le pregunto que hacia. Se fui por una otra calle donde dio el bebe a un otro hombre."	
Learners	EN_WR_35_20_6.5_14_EG	2019	35 / 43	81.4	Upper intermediate	Male	20	Central College	History, Spanish	3	English	Spanish	Spanish	Spanish, English	0	6.5	Yes	Mexico	2017	1	""	Upper intermediate (B2)	Upper intermediate (B2)	Upper intermediate (B2)	Upper intermediate (B2)	4 / 6	""	""	""	""	""	Written	14	14. Chaplin	written_online	4	Inside classroom	""	"Esta andando el personaje de Chaplin cuando se encuentra un bebe en la calle. Al principio no quiere este bebe y trata de dejarlo con otras personas. Primero, piensa que lo ha dejado el bebe una madre con bebe tambien que esta andando acercas. El personaje de Chaplin intenta en ""regresarlo"", pero la mujer le rechasa.  Luego el hombre trata de dejar el bebe con un anciano extrano, pero el anciano deja el bebe con la madre mencionada. El hombre hasta trata de abandonarlo de nuevo. Sin embargo, las circunstancias le frustran en estos intentos. Al final, el personaje de Chaplin venga a cuidar el bebo por un tiempo indefinido."	
Learners	EN_WR_35_20_6.5_14_KLK	2019	35 / 43	81.4	Upper intermediate	Female	20	Monmouth College	Spanish & Public Relations	Junior	English	English	English	English	14	6.5	No	""	""	0	""	Upper intermediate (B2)	Upper intermediate (B2)	Upper intermediate (B2)	Upper intermediate (B2)	4 / 6	""	""	""	""	""	Written	14	14. Chaplin	written_online	7	Inside classroom	""	En el video había un hombre caminando por la calle cuando de repente vio un bebé que se cayó del techo. Él no vio nadie con el bebé entonces decidío a recogerlo. Él vio una madre en la calle y pensó que era la madre del bebé entonces, lo puso en sus cosas. La madre empezó a gritar y dio un golpe de su cabeza. Luego, el encontró una letra que dijo “Por favor cuida esa niña sin padres y dale amor y afección” en ese momento decidió a quedar el bebé.	
Learners	EN_WR_35_20_7_14_TK	2018	35 / 43	81.4	Upper intermediate	Female	20	Central College	Negocio y español	3	English	English	English	English	11	7	Yes	Spain	2018	4.5	""	Lower intermediate (B1)	Lower intermediate (B1)	Lower intermediate (B1)	Lower intermediate (B1)	3 / 6	""	Upper beginner (A2)	Upper beginner (A2)	Upper beginner (A2)	Upper beginner (A2)	Written	14	14. Chaplin	written_online	4	Outside classroom	""	Charlie estaba en la calle y lo fumaba. Él encontró un bebe que estuvo en la calle también. Charlie hablaba con la policía sobre el bebe y no lo pudo encontrar los padres del bebe. Una mujer pasó y estaba enfadada cuando Charlie trató darlo a ella. Entonces, Charlie fue a un otro calle y por el segundo vez, trató darlo a una mujer. La policía vio este y confirmar que Charlie no estaba dando el bebe a una familia que lo no pertenece. Al final, Charlie encontró una nota que explicaba la situación con el bebe y Charlie decidió que él será el padre del bebe.	
Learners	EN_WR_35_22_10_14_KG	2018	35 / 43	81.4	Upper intermediate	Female	22	Central College	Spanish, Sociology	Senior	English	English	English	English	13	10	Yes	Mexico, Spain	2016 and 2017	9	""	Upper intermediate (B2)	Lower advanced (C1)	Lower advanced (C1)	Upper intermediate (B2)	4.5 / 6	Italian (A1)	Upper beginner (A2)	Upper beginner (A2)	Upper beginner (A2)	Upper beginner (A2)	Written	14	14. Chaplin	written_online	4	Outside classroom	""	"Hay un hombre andando por la calle cuando de repente, encontra un bebe llorando. El trata de dar el bebe a una mujer con su propia bebe, pero ella le grite y el recoje el bebe. Cuando trata de dejar el bebe donde lo habia encontrado, un policia llega. Recoje el bebe y trata de dar el bebe a un viejito andando por la calle. Lo hizo por pretender de ajustar sus zapatos y corre. Al final el hombre entcontra una nota en las sombrillas del bebe que dice ""Please love this orphan child."" En este momento el hombre decide que el debe ser la persona que cuida el bebe."	
Learners	EN_WR_35_22_8.5_14_MK	2019	35 / 43	81.4	Upper intermediate	Female	22	Valparaiso University	Spanish and German	Senior (4th year)	English	English	English	English	18	8.5	No	""	""	0	""	Upper intermediate (B2)	Lower advanced (C1)	Upper intermediate (B2)	Upper intermediate (B2)	4.25 / 6	German	Upper intermediate (B2)	Lower advanced (C1)	Upper intermediate (B2)	Upper intermediate (B2)	Written	14	14. Chaplin	written_online	6	Inside classroom	""	"Chaplin estaba fumando y caminando por la calle cuando una person en unos de los edificios le tiro debris afuera por la ventana y el debris le pego a la cabeza de Chaplin. Despues Chaplin encontro un bebe y tomo el bebe. El miro una mujer que tambien tenia un bebe y le puso el bebe en la cosa que tiene la mujer para andar con su bebe. La mujer ve todo y se puso enojado porque penso que el bebe era el bebe de Chaplin y ella le pego Chaplin entonces Chaplin lo tomo otra vez. Chaplin camino con el bebe y trato de poner el bebe en el lugar donde Chaplin lo encontro pero un hombre que trabajo para la policia ve todo y inmediatemente lo tomo y se fue rapidamente con el bebe. Chaplin encontro un hombre que estaba caminando con algo para ayudarle caminar pero Chaplin le dio el bebe a el hombre y se fue rapidamente y el hombre ando por el porque el penso que el bebe era el bebe de Chaplin y el hombre no queria cuidar por el bebe porque no es su bebe. El hombre encontro la mujer con un bebe que era la misma mujer que encontro a Chaplin y trato de hacer la misma cosa que Chaplin y se fue pero Chaplin estaba caminando perfectamente al lado de los bebes cuando la mujer ve que habia dos bebes sino uno y penso que Chaplin habia hecho la misma cosa y le pego y Chaplin tomo el bebe. Finalmente el se senti en la calle con el bebe y ve que el bebe tenia una carta que se dijo ""Por favor ama a la nino huerfano"" y Chaplin realmente le ve el bebe y sonrio."	
Learners	EN_WR_35_23_11_14_ECT	2017	35 / 43	81.4	Upper intermediate	Female	23	Pennsylvania State University	Civil Engineering and Spanish	graduated 2 months ago	English	English	English	English	12	11	Yes	Chile	August 2015-December 2015	4	""	Upper intermediate (B2)	Upper intermediate (B2)	Upper intermediate (B2)	Upper intermediate (B2)	4 / 6	Italian	Upper beginner (A2)	Upper beginner (A2)	Upper beginner (A2)	Upper beginner (A2)	Written	14	14. Chaplin	written_online	7	Outside classroom	""	Un hombre, Charlie Chaplin, encontra un bebé cerca de un edificio viejo. Cercancito hay una mujer con un otro bebé. Chaplin deja el bebé con el otro. Entonces la mujer grita porque no es su bebé. Chaplin trata de dejar el bebé dónde lo encontró, pero  un cabinero dice que Chaplin no puede dejar el bebé a lado del edificio. Chaplin da el babé a un hombre en la calle y se va. Este hombre pone el bebé con el otro bebé de antés. Chaplin camina por la calle y la mujer lo ve. La mujer lo pega y explica al cabinero lo que pasa. Chaplin toma el bebé otra vez. Lee una carta que explica que el bebé es huérfano alguien debe cuidarlo.	
Learners	EN_WR_35_27_12_14_ES	2018	35 / 43	81.4	Upper intermediate	Female	27	Utah State University	PhD Neuroscience	Graduate Student	English	English	English	English	15	12	Yes	Guatemala	2017	1	""	Upper intermediate (B2)	Lower advanced (C1)	Lower advanced (C1)	Upper intermediate (B2)	4.5 / 6	Kaqchikel	Upper beginner (A2)	Lower beginner (A1)	Lower beginner (A1)	Upper beginner (A2)	Written	14	14. Chaplin	written_online	10	Outside classroom	Bilingual dictionary (English/Spanish)	"Charlie Chaplin caminó a traves del callejón, intentando evitar la basura cayendo de las ventanas arriba. Despues de un golpe de basura, él dejó para encender un cigarillo. Encendó el fosforo con el taco de su zapato. Siguiendo caminar, Charlie encontró un bebé llorando en el callejón. Mirando al su alrededor, él vio una madre empujando un cochecito. Cuando Charlie puso el bebé a dentro del cochecito, la madre dijo que no, ese bebé no fuera suyo y Charlie necesitaba tomarlo alfuera del cochecito. Charlie quitó el bebé y intentó ponerlo donde estaba encontrado en el callejón, pero la policia estaba mirando a Charlie y por eso él lo levantó de nuevo. Puso el bebé en los brazos de un hombre viejo y escapo corriendo. El hombre viejo puso el bebé en el mismo cochecito que antes, poniendo enojada la madre. Ella vio Charlie y la policia, y llamó a la policia ayudar. Charlie quitó el bebé otra vez y fue a sentar con el bebé en el borde de la banqueta. Abró la rejilla sobre la cuneta... y lo cerró de nuevo. Sonrió al bebé y encontró una carta que dice ""Ama y cuida este huérfano"". Charlie sonrió al bebé otra vez y se levantó mismo del borde de la banqueta. Caminó a traves del callejón con el bebé en sus brazos."	
Learners	EN_WR_36_20_7.5_14_JM	2019	36 / 43	83.7	Lower advanced	Female	20	Buena Vista University	Spanish Education	3rd Year	English	English	English	English	13	7.5	No	""	""	0	""	Upper intermediate (B2)	Lower intermediate (B1)	Upper intermediate (B2)	Lower intermediate (B1)	3.5 / 6	""	""	""	""	""	Written	14	14. Chaplin	written_online	10	Inside classroom	""	"El techo se cae y le golpe a Charlie Chaplin. Él empieza a fumar y encuentra un bebe. El bebe no tiene ningunos padres. Chaplin tiene que encontrar un lugar para el bebe. Él pone al bebe en un carte de bebes con otro bebe, pero la madre del otra no quiere esto. Entonces Chaplin le pone al lado de la basura pero la policía lo ve. Ahora, Chaplin tiene que encontrar otro lugar para poner al bebe. Le da a un hombre y corre. El hombre le pone al bebe en el mismo carte de antes. La madre les ve al bebe y a Chaplin y corre despues de él. Ella le golpe con una paraguas. Chaplin le toma el bebe y ve que hay una carte con él que dice  <br/> ""por favor, le ama y cuida por esto niño sin padres."""	
Learners	EN_WR_36_22_10_14_ES	2016	36 / 43	83.7	Lower advanced	Female	22	DePauw University	Spanish/English Writing	4th	English	English	English	English	12	10	No	""	""	0	""	Upper intermediate (B2)	Upper advanced (C2)	Upper advanced (C2)	Upper intermediate (B2)	5 / 6	""	""	""	""	""	Written	14	14. Chaplin	written_online	4	Outside classroom	Spellchecker	En el video Charlie Chaplin ha encontrado un bebé en la calle. Al principio él empiece a buscar a alguien a ver si alguien ha perdido su niño pero él no encontra nadie. Después viene una mujer. Ella tiene un bebé con ella y él piensa que es posible que el otro bebé también es suya. Entonces él pregunta a ella si el bebé es suya pero no fue. Entonces él trata de devolver el bebé a la calle pero al policía está mirando sus acciones. Por lo tanto él toma el bebé otra vez. Luego él da el bebé a un hombre con una pierna dolorida y empieza a hallar. El hombre toma el bebé y lo pone con la mujer de antes en secreto. Cuando ella mira el bebé y Charlie Chaplin otra vez ella piensa que fue él que lo haga. Ella da el bebé a Charlie. Charlie sienta al lado de la calle para pensar. Él piensa en tirar el bebé debajo de la calle pero no lo hace. Él descubre una nota con el bebé que pregunta que cualquier persona que encontrar el bebé cuídalo porque es un huérfano. Entonces Charlie toma el bebé con él.	
Learners	EN_WR_37_19_8_14_EGM	2018	37 / 43	86	Lower advanced	Female	19	Abilene Christian University	Elementary Education & Spanish	2nd	English	English	English	English	11	8	No	""	""	0	""	Upper intermediate (B2)	Upper intermediate (B2)	Upper intermediate (B2)	Upper intermediate (B2)	4 / 6	""	""	""	""	""	Written	14	14. Chaplin	written_online	10	Outside classroom	""	Este hombre estaba caminando en la calle y cosas están cayendo de los edificios cercas.  El hombre buscó algo para fumar y encontró un bebé en el suelo llorando.  Veo una mujer caminando con un niño en un paseante y asumó que fue suyo, entonces lo dio en el paseante, pero el bebé no fue suyo.  El hombre puso el bebé en el lugar donde lo encontró, pero un hombre de policia llegó y lo veo, entonces el hombre agregó el bebé otra vez.  Estaba caminando con el bebé y veo un viejo caminando y pretendió que necesitaba hacer el zapato para que el viejo pueda tomar el bebé, pero cuando el viejo tuvo el bebé, ¡el hombre corrió!  Él escapó y escondió y el viejo le puso el bebé en el paseante de la misma mujer otra vez.  El hombre caminó a lado de la mujer y ella estaba enojada porque pensó que él ha lo puesto allí otra vez.  La policia llegó y la mujer le dijo a él que no fue su bebé y el hombre lo tomó otra vez.  El hombre se sentó con el bebé y encontró una nota que preguntó a la persona leyendo a amar y cuidar este niño huérfano.  El hombre decidió a cuidar el bebé y los dos regresaron a casa.	
Learners	EN_WR_37_20_7_14_CP	2018	37 / 43	86	Lower advanced	Female	20	Central College	Sociology and Spanish	2	English	English	English	English	11	7	Yes	Spain	2018	4	""	Upper intermediate (B2)	Upper intermediate (B2)	Upper intermediate (B2)	Upper intermediate (B2)	4 / 6	""	""	""	""	""	Written	14	14. Chaplin	written_online	8	Outside classroom	Bilingual dictionary (English/Spanish)	Hay un hombre que esta andando y algunas rocas que se caen encima de la cabeza del hombre. El continua a caminar y busca un bebe cerca de una basura. El toma el bebe y ponelo con un otro bebe en una sillita de paseo y la mujer con esto bebe dice que el hombre no puede ponerlo alli. El trae el bebe a lo mismo sitio como antes pero hay un policia alli cuando el va a salir. Por eso, toma el bebe otra vez y continua a caminar con el bebe. El ve a la mujer otra vez y trae el bebe a ella pero ella esta enfadada y dice que no es su bebe. Finalmente el hombre se sienta con el bebe y nota una carta con el bebe que dice que el bebe es un huerfano y necesita alguien para amarlo.	
Learners	EN_WR_37_20_7_14_LH	2018	37 / 43	86	Lower advanced	Female	20	Soka University of America	""	3	English	English	Japanese	English, Japanese	13	7	Yes	Spain, Peru	2018/2015	3	""	Upper intermediate (B2)	Lower advanced (C1)	Lower advanced (C1)	Lower advanced (C1)	4.75 / 6	Japanese	Upper intermediate (B2)	Upper intermediate (B2)	Upper intermediate (B2)	Upper intermediate (B2)	Written	14	14. Chaplin	written_online	14	Inside classroom	""	"Charlie Chaplin está caminando por la calle y alguien tira basura de su ventana a Charlie. Charlie para y enciende un cigarrillo. Cuando está fumando, ve a su pie al suelo donde hay un bebé. Coge el bebé y ve alrededor para buscar su madre. En ese momento, una madre caminando con su bebé le pasa. Charlie, pensando que es el bebé de la madre, trata a darlo a la madre, pero se hice la madre enfadado y él tiene que tomar el bebé otra vez. Decide a volver el niño al calle, pero en el momento que está poniendo el bebé al suelo, la policía lo está mirando. Charlie otra vez tiene la responsabilidad del niño y esta vez, decide a darlo a un hombre mayor. El hombre no sabe que debe hacer con el niño, y ve la misma mujer que Charlie lo dió el bebé la primera vez y decide a dar el bebé a esa madre y corre. Cuando la madre le da cuento del bebé, Charlie está pasando y ella está alta de él. Gracias a la suerte de la madre, la policía pasa cuando ellos están luchando, y Charlie necesita tomar el bebé. Al final, Charlie no sabe que debe hacer con el niño, y mira en sus mantas para encontrar una nota que dice ""por favor cuídate de este orfanato con amor""  y Charlie decide a cuidar el niño."	
Learners	EN_WR_37_20_7_14_PR	2019	37 / 43	86	Lower advanced	Female	20	Texas Tech University	Cognitive Science	4	English	English	English	English	13	7	Yes	Spain	2017	1.5	""	Lower intermediate (B1)	Lower advanced (C1)	Upper intermediate (B2)	Lower intermediate (B1)	3.75 / 6	""	""	""	""	""	Written	14	14. Chaplin	written_online	4	Outside classroom	Bilingual dictionary (English/Spanish)	"En este video, Charlie esta caminando por el calle. Cosas son cayendo de los edificios y por eso, Charlie para y empieza fumar. En este moment, el hombre ve un bebe en el calle. El lleva el bebe para buscar su madre, pero no la encuentra. Charlie trata de abandonar el bebe con dos o tres personas, pero no puede hacerlo porque nadie quiere tener el bebe. Finalmente, charlie encuentre una nota en la ropa del bebe. La nota lee ""Por favor, ama y atenda a este bebe."""	
Learners	EN_WR_37_20_8_14_AB	2018	37 / 43	86	Lower advanced	Female	20	Central College, Roger Williams University	Biology and Spanish	Junior (3rd)	English	English	English	English	10	8	Yes	Spain	2018	4	""	Lower intermediate (B1)	Upper intermediate (B2)	Upper intermediate (B2)	Lower intermediate (B1)	3.5 / 6	""	""	""	""	""	Written	14	14. Chaplin	written_online	10	Outside classroom	""	Este hombre se llama Charlie Chaplain que encuentró un bebé que no es suyo. Él tiene problemas proque no sabe qué hacer con el bebe. Quiere dejarlo en el carrito de una mujer que ya tiene un bebé pero cuándo la mujer se da cuente que hay otro bebé en su carrito, ella se enfadada y golpe al Sr. Chaplain. Después él quiere dejar el bebé donde lo encontró pero, en ese momente hay un policía que no se lo permite a Sr. Chaplan. Luego hay un hombre que camino enfrente del Sr. Chaplain y Sr. Chaplain se lo da el bebé a los brazos del hombre. Pero Sr. Chaplain no puede escapar. Después Sr. Champlian se siente y descubre que hay una carta en la rope del bebé que dice el bebé es un orfanato. Me imagino que Sr. Chaplain quiere cuidar por el bebé; y ya termine el video.	
Learners	EN_WR_37_21_7_14_MG	2018	37 / 43	86	Lower advanced	Female	21	Bucknell University	Linguistica y español	cuarto	English	English	English	English	14	7	Yes	Spain	2018	2	""	Upper intermediate (B2)	Lower advanced (C1)	Lower advanced (C1)	Upper intermediate (B2)	4.5 / 6	Russian	Lower beginner (A1)	Lower beginner (A1)	Lower beginner (A1)	Lower beginner (A1)	Written	14	14. Chaplin	written_online	14	Inside classroom	""	Al principio, Chaplin está caminando tranquilamente cuando de repente ladrillos caen de arriba. Él puede evitar la mayoría de los ladrillos, pero uno le da un golpe en su hombro. Mientras él está recuperando, a él le da cuenta que hay un bebé durmiendo en la calle, sin padres. Él lo coge y trata de prestar el bebé a una mujer caminando en la calle que tiene su propio bebé, pero la mujer volvió loca cuando vi que había otro bebé con ella. Cuando Chaplin decide para poner el bebé en el suelo otra vez, un policía aparece a su lado y Chaplain tiene que recoger el  bebé. El resto del vídeo sigue Chaplin caminando alrededor de la ciudad, buscando una persona con quien puede reglar un bebé. En el fin, no tiene éxito y descansa en la calle. Pero es en este momento que encuentra un papel que dice - Por favor, ama y cuida a este bebé sin padres. <br/> Con esta información, decide para cuidar al bebé.	
Learners	EN_WR_37_22_2_14_MS	2018	37 / 43	86	Lower advanced	Female	22	Lee University	Special Education	graduate	English	English	English	English	16	2	Yes	Mexico, Guatemala	2016-2018	1.5	""	Upper intermediate (B2)	Upper advanced (C2)	Lower advanced (C1)	Lower advanced (C1)	5 / 6	""	""	""	""	""	Written	14	14. Chaplin	written_online	10	Outside classroom	""	"Primero, ves Charlie Chaplin camindando por un callecito entre edificios que parecen viejos y abandonados. Charlie saco una cajita de su bosillo y tomo un cigaro en la mano. Cuando se doblo para prender la cerilla con el zapato, vio a un bebe enrodado con una cobija alli en la calle. Se acerco el bebe y lo levanto para cargarlo y miro por  las calles como si estaba buscando la persona que dejo el bebe alli. Tambien miro hacia arriba como si el nene hubiera caido de una ventana de uno de los edificioes pero no habia nadie mas en la calle hasta que vio fue una mujer empujando una carriola con otro bebe sentado adentro. Charlie intento a dar el bebe que encontro a esta mujer pero no queria y obviamente no fue de ella. Luego, Charlie vio un hombre caminando y esta vez, le engano al hombre y dejo el bebe con el. El hombre estuvo sorprendido y empezo a busacar a Charlie para regresarselo pero Charlie se escondio. Aunque el hombre no encontro a Charlie, vio la mujer con la carriola y dejo el bebe en la carriola con el otro y se fue rapido para que la mujer no lo viera. Luego, cuando Charlie dio cuenta de que el hombre ya ha ido, Charlie salio de donde estaba escondiendose y camino por la calle. De repente, la mujer salio de una tienda y vio el otro bebe alli en la carriola y se enojo inmediatamente. Le pego a Charlie con su sombrilla y se lo regreso el bebe a Charlie otra vez. Charlie se rindio por el momento y se sento con el bebe en sus brazos cuando encontro una papelito doblado en la cobija del bebe que tuvo un mensaje escrito, ""Por favor, ama y cuida a este nino."" Cuando Charlie leyo eso, se paro y se fue caminando pero parecio mas feliz."	
Learners	EN_WR_37_22_9_14_BS	2018	37 / 43	86	Lower advanced	Female	22	Valparaiso University	Economics	Graduate Student	English	Gujarati, Hindi	Gujarati, Hindi	English, Gujarati, Hindi	12	9	Yes	Spain	2017	3	""	Upper intermediate (B2)	Lower intermediate (B1)	Lower intermediate (B1)	Upper intermediate (B2)	3.5 / 6	Gujarati, Hindi	Upper intermediate (B2)	Upper intermediate (B2)	Upper beginner (A2)	Upper beginner (A2)	Written	14	14. Chaplin	written_online	11	Outside classroom	Bilingual dictionary (English/Spanish)	Chalie esta caminando y hay gente que estan tirando cosas de sus ventanas. Chalie para para fumar pero el so tiene cigarollos usado. Despues de econtrar un cigarollo para fumar el encontro un bebe en el suelo al lado de la basura. El lo toma y intenta a dar una mejor que tiene un bebe. Ella se enoja y Chalie tiene que guardarlo. Chalie queria poner lo donde se lo encontraba pero habia un policia y el no pude. Despues Charlie da el bebe a un hombre en el calle. El hombre lo pone en el carro de la mujer que Charlie intentaba a dar el bebe. Cuando ella se veo Charlie estaba cerca y ella lo da a el una vez mas. Charlie anda con el bebe y sientese en el calle a lado del desaguadero. El pienso en poner el bebe alli pero decido no. Duespues el encontro una carta en la camisa del bebe que dice <<Guarda a este  huerfano.>> Y Charlie lo guarda.	
Learners	EN_WR_37_25_2.5_14_LK	2018	37 / 43	86	Lower advanced	Female	25	""	""	""	English	German	English	English	20	2.5	Yes	Cuba	2015	2.5	""	Lower intermediate (B1)	Lower intermediate (B1)	Upper intermediate (B2)	Lower intermediate (B1)	3.25 / 6	German	Upper intermediate (B2)	Upper intermediate (B2)	Lower intermediate (B1)	Lower intermediate (B1)	Written	14	14. Chaplin	written_online	8	Both inside and outside classroom	""	La gente en los edificios altos tiraban bloques de las ventanas, y los bloques se cai'an en la cabeza de un hombre. Ese hombre caminaba en la calle cuando encontro' un bebe'. El primero lo que hizo: trato' de darlelo a una mujer, quien ya teni'a un bebe'. Despues, el lo poni'a, en el lugar donde lo encontro', pero entonces era un polici'a aca, y no se puede dejar un bebe' asi! Busco' a otra persona, y si' finalmente le encontro' - otro hombre. Pero ese hombre lo daba a la misma mujer que el hombre primero. La mujer esta' enojada, y Charlie necesita cuidar a el bebe.	
Learners	EN_WR_37_48_7_14_EP	2017	37 / 43	86	Lower advanced	Female	48	Milford Mill High School/Cornell University	Linguistics	Have graduated	English	English	English	English	12	7	No	""	""	0	""	Lower intermediate (B1)	Lower intermediate (B1)	Lower advanced (C1)	Lower intermediate (B1)	3.5 / 6	French	Upper beginner (A2)	Lower beginner (A1)	Lower advanced (C1)	Lower beginner (A1)	Written	14	14. Chaplin	written_online	14	Outside classroom	Bilingual dictionary (English/Spanish)	Charlie caminaba por una plaza con casas pobres. Tenía que evitar la tierra que caeía del cielo. Él encontró un bebe en la calle. Charlie trató de poner el bebe en un cochecito para niños, pero ja había otro bebe. La madre vino y comenzó a gritar  a Charlie y salió. Él tomó el bebe pero lo puso en la calle otra vez. Un policía vio Charle con el bebe y dijo algo severo. Charlie tomó el bebe y caminaba más con  y entonces vio otro hombre pobre. Él dio el bebe al hombre segundo y corrió rapidamente. El segundo hombre vio un cochecito y puso el bebe allí y salió. ¡Pero es de la misma madre! Ella vino y vio el segundo bebe...otra vez. Charlie caminó al cochecito y por eso, la madre le gritó otra vez. El mismo policía vino y vio a Charlie. La madre   le dio el bebe otra vez a Charlie y él caminaba más con el bebe. Después de algunos minutos, Charlie tenía que sentarse en la calle. Él vio un carta y lo leó. La carta pido que alguién cria este huérfano. Charlie sonría y salío con el bebe, caminando por la calle.	
Learners	EN_WR_38_20_15_14_EES	2018	38 / 43	88.4	Lower advanced	Female	20	Central College, Messiah College	Spanish and Political Studies	Junior	English	English	English	English	6	15	Yes	Spain	January 2018- May 2018	4	""	Upper intermediate (B2)	Upper intermediate (B2)	Upper intermediate (B2)	Upper intermediate (B2)	4 / 6	""	""	""	""	""	Written	14	14. Chaplin	written_online	14	Outside classroom	Bilingual dictionary (English/Spanish)	"Un hombre (Chaplin) se encuentra un bebé por la calle y quiere encontrar la madre. Primero, él le da el bebé a un mujer con un cochecito, pero ella se enoja y le dice que no es su bebé y ya tiene un otro bebé en el cochecito. Después él le da el bebé a un hombre (otro) quien está caminando por la calle y corre para dejar el bebé con él. Como el bebé no es suyo, se encuentra el mismo cochecito, ve que la mujer no esta allí porque ella está en una zapatería, y le deja el bebé. Cuando la mujer sale la tienda, ella se enoja otra vez y encuentra el primero hombre (Chaplin) y le dice que se lleve al bebé. Encuentra una nota en las mantas del bebé que dice, ""Por pavor, ama y cuida a este huérfano,"" y sale con el bebé."	
Learners	EN_WR_38_20_7_14_TV	2018	38 / 43	88.4	Lower advanced	Female	20	Central College, Grand Valley State University	Spanish/Education	3	English	English	English	English	7	7	Yes	Spain	2017-2018	8	""	Upper intermediate (B2)	Lower advanced (C1)	Lower advanced (C1)	Upper intermediate (B2)	4.5 / 6	""	""	""	""	""	Written	14	14. Chaplin	written_online	10	Outside classroom	Bilingual dictionary (English/Spanish)	En el vídeo hay un hombre raro quien está por la calle andando cuando de repente encuentra un bebé abandonado. Ha recogido el bebé cuando ve una mujer con otro niño pequeño. Pensar que el bebé es suya, dice a la mujer que ha perdido algo por la calle y pone el bebé abandonado con el otro. La mujer se enfada mucho y grita que no es suya y el hombre raro sale de prisa. Entonces, el hombre raro divide dejar el bebé a donde lo encontró. Sin embargo, cuando lo hace, no se da cuenta que hay una policía detrás de él y cambie de opinión y recoge el bebé otra vez. Siguiente eso, él encuentra un hombre andando y le pregunta coger el bebé mientras que arregla su zapato. De repente el hombre raro huye, dejar el bebé abandonado con el hombre desconocido. Este hombre, con el bebé en sus brazos ve la mujer de antes y comete lo mismo error que el hombre raro y deja el bebé con el otro. Pensar en que ha escapado el problema del bebé, el hombre raro está regresando a casa cuando la mujer, ahora con dos bebes, le ve y dale el bebé otra vez con la ayuda de la policía. El himbre raro no sabe que hacer y piensa en abandonar el bebé otra vez cuando encuentra una nota dentro de la ropa del bebé.  La nota suplica el lector amar y cuidar del bebé. Por fin, el hombre raro sale con el bebé, ha tomado la decisión cuidar del infante.	
Learners	EN_WR_38_21_5_14_HF	2017	38 / 43	88.4	Lower advanced	Female	21	University of Florida	Spanish	4	English	English	English	English	15	5	Yes	Peru	2017	1.5	""	Lower intermediate (B1)	Upper intermediate (B2)	Lower advanced (C1)	Lower intermediate (B1)	3.75 / 6	""	""	""	""	""	Written	14	14. Chaplin	written_online	17	Outside classroom	""	"Un hombre esta caminando por la calle. Muchas personas en sus apartamentos estan arrojando cosas a través sus ventanas. Algunas cosas casi golpear al hombre. Él continua caminando y fumando hace algunas cosas actualmente golpe a él. Él necesita un nueva cigarrillo. Él quita sus guantes y encende un cigarrillo nuevo. Econtre un bebé en el piso sin padres. Ve una mujer con otro niño y el hombre trata de dar el bebé a la mujer. La mujer no esta contenta y ella le grita. Así que el hombre corre con el bebé en sus brazos. El hombre trata de poner al bebe en el piso donde lo encontró pero un policía lo ve. El hombre camina lejo del policía y da el bebé a un hombre viejo. El hombre corre y se esconde mientras el viejo da el bebé a la mujer enojada. Ella  persigue al hombre y lo golpe con su paraguas. La policía rompe la pelea y el hombre se lleva al bebé. Él se sienta en la calle y encuentra una nota con el bebé. La nota dice ""Por favor, ama y cuida a este niño."" El hombre tiene una sonrisa y habla al bebé con amor."	
Learners	EN_WR_38_21_6.5_14_GLN	2018	38 / 43	88.4	Lower advanced	Female	21	Central College, Valparaiso University	Elementary Education and Spanish	Junior	English	English	English	English	15	6.5	No	""	""	0	""	Upper intermediate (B2)	Upper intermediate (B2)	Upper intermediate (B2)	Upper intermediate (B2)	4 / 6	""	""	""	""	""	Written	14	14. Chaplin	written_online	10	Outside classroom	""	"Charlie Chaplin, el personaje del video esta andando por la calle cuando algo se cae del cielo.  Cuando mira al suelo ve un bebe abandonado.  Toma el bebe en sus brazos para ponerlo en la canasta de otro bebe.  La madre del otro bebe ve el nuevo bebe, esta enfadada y toma el nuevo bebe para darle al Chaplin. Con el bebe otra vez, Chaplin empieza a andar por el calle y va a poner el bebe en el suelo otra vez pero ve un policia.  A causa de eso, Chaplin toma el bebe, esta andando por el calle y da el bebe a un hombre viejo.  Este hombre ve la canasta de la misma mujer que antes y pone el bebe en la canasta.  Cuando Chaplin esta andando, la mujer o madre ve Chaplin y da el bebe al Chaplin porque piensa que fue el quien puso el bebe en su canasta con su bebe.  Chaplin va a sentarse en el suelo y esta pensando en poner el bebe en el suelo, pero ve una carta en la rope del bebe que dice ""por favor, cuidate por este pobre huerfano"".  Con esta carta, Chaplin decide a cuidar por el bebe."	
Learners	EN_WR_38_21_6_14_MI	2018	38 / 43	88.4	Lower advanced	Female	21	Ball State University	Español	4	English	English	English	English	14	6	Yes	Costa Rica, Spain	Costa Rica- 2016; Spain- 2018-19	11	""	Lower advanced (C1)	Lower advanced (C1)	Upper intermediate (B2)	Upper intermediate (B2)	4.5 / 6	Italian	Upper beginner (A2)	Upper beginner (A2)	Upper beginner (A2)	Upper beginner (A2)	Written	14	14. Chaplin	written_online	14	Inside classroom	Bilingual dictionary (English/Spanish), Spellchecker	El vídeo se trata de un hombre que encuentra un bebe en el suelo de una calle. Es un vídeo en blanco y negro y no se puede oír las voces, es un vídeo mudo, pero si tiene música. El actor en este vídeo se llama Charlie Chaplin. Creo que él era un actor de los años 10 or de los años 20 pero no estoy segura. Charlie está en la calle fumando un cigarrillo cuando escucha el bebe llorando y luego lo ve. Toma el bebe en las manos y recorre las calles tratando de encontrar alguien que quiere cuidar el bebe. Encuentra una mujer que ya tiene su propio bebe, su propio hijo, y trata de dejar el bebe con ella. Ella no quiere cuidar el bebe y le dice a Charlie que tiene que tomarlo. Después de la mujer le ha dicho que no puede cuidar el bebe, Charlie pone el bebe en el suelo otra vez y sale pero sin éxito. Hay un policía que le informa a Charlie que no puede poner el bebe en el suelo, en la calle. Lo toma en los brazos otra vez y empieza a caminar. De nuevo, Charlie encuentra el cochecito de la mujer que tiene un bebe también pero ella no está, así que trata otra vez de dejar el bebe con ella. Pone el bebe en el cochecito y empieza a caminar cuando ella regresa desde dentro de una tienda. Ella grita en voz muy alta lo pega con el paraguas. Aunque el vídeo es mudo, me imagino que ella grita a Charlie que otra vez no quiere cuidar el bebe y el tiene que cuidarlo. Finalmente Charlie guarda el bebe y se sienta en el bordillo. Pone la mano dentro del bolsillo de sus patalones y cuando pone la mano dentro del bolsillo, encuentra una cartita que pide ¨Por favor ame y cuide este bebe, es un huérfano¨. Después de leer la cartita, Charlie se pone de pie con el bebe entre sus brazos y el vídeo termina.	
Learners	EN_WR_38_21_7_14_KH	2018	38 / 43	88.4	Lower advanced	Female	21	Soka University of America	Liberal Arts	Third	English	English	English	English	14	7	Yes	Spain	2018	4	""	Lower advanced (C1)	Upper advanced (C2)	Upper advanced (C2)	Upper advanced (C2)	5.75 / 6	""	""	""	""	""	Written	14	14. Chaplin	written_online	14	Outside classroom	""	"El clip empezó con el protagonista,Charlie Chapin andando por un calle en la ciudad. No se dio cuenta que había cayendo piezas del edificio cerca de que. estaba andando. Parecía que había sido construcción en el área. De repente, parte del debris se cayó en su cabeza! Cuando acabó de dar cuenta a su ambiente y el peligro del construcción vio un bebé cubierto en sábanas en el suelo del calle. Chaplin decidió a quitarlo del área para ponerlo en manos seguros. Momentos después una mujer cruzó la calle con su bebé. Chaplin decidió a poner el bebé que acabó a encontrar en la silla mobil y desmarcase del área pero la mujer lo vio y se rechazó. Durante los minutos siguiente, Chaplin intentaba a encontrar un lugar seguro para el bebé. Trató a darle a un hombre desconocido y aún reponerse en el lugar donde lo encontró pero fue parada por una policía. Al final del clip, Chaplin encuentra una carta con una nota que dijo ""Por favor, ama, y cuida de este niño (adaptado no sé como decir ""orphan""). En ese momento, Charlie Chaplin se enamoró con el niño y pareció que decidió a cuidarlo con todo su corazón..."	
Learners	EN_WR_38_21_8_14_MW	2017	38 / 43	88.4	Lower advanced	Female	21	University of Florida	Linguistics, Spanish	4th, Senior	English	English	English	English	14	8	Yes	Dominican Republic	2017	1	""	Upper intermediate (B2)	Lower advanced (C1)	Upper intermediate (B2)	Upper intermediate (B2)	4.25 / 6	""	""	""	""	""	Written	14	14. Chaplin	written_online	20	Outside classroom	Bilingual dictionary (English/Spanish), Spellchecker	La escena es blanca y negra. Hay un hombre que está caminando detrás de los edificios y muchas cosas están cayendo de una ventana. El hombre está sorprendido por las cosas y los evita. Está usando un traje de vestir, con un sombrero elegante y un bastón. Está fumando y jugando con su bastón. Está caminando en frente de la escena y más cosas están cayendo. El hombre mira hacia arriba y la escena ahora es negra y dice “awkward ass.” Tiene algo para sus cigarrillos en sus pantalones y está poniendo otro cigarrillo en su boca. Está fumando otra vez. Encuentra un bebé en el piso, y está buscando por su madre. El bebé está llorando. Encontró una madre con un paseante y piensa que es la madre del bebé, pero no lo es. La madre está muy enojada. El hombre otra vez tiene el bebé y no sabe que va a hacer. Quería dejar el bebé dónde le encontró pero hay una policía que está mirándole, y la policía no le gustó dejar el bebé. El hombre está caminando y vio otro hombre y  le dio el bebé y luego corrió lejos. El otro hombre quiere encontrar la madre del bebé y encontró la misma mujer. Dejó el bebé en el paseante. La madre está lejos del paseante, por eso no sabía que hay dos niños en su paseante. Ella regresó, vio que hay dos bebes, y estaba confundida y enojada. El primer hombre está caminando más tranquillo y la madre le vio. Tiene una paraguas y está golpeando el hombre. La policía vino y el hombre tiene el bebé otra vez. El hombre sentó con el bebé en la calle y el bebé tiene una nota que lee: Por favor, da amor y cuidarse de este niño orphaned. El hombre ahora tiene un gran responsabilidad.	
Learners	EN_WR_38_21_9_14_EJ	2017	38 / 43	88.4	Lower advanced	Male	21	University of Florida	Microbiology & Cell Science	Senior (4th year)	English	English	English	English	12	9	Yes	Spain	2016	2	""	Lower advanced (C1)	Lower advanced (C1)	Lower advanced (C1)	Lower advanced (C1)	5 / 6	""	""	""	""	""	Written	14	14. Chaplin	written_online	7	Outside classroom	Spellchecker	El protagonista está caminando por un callejón cuando alguien tira una cantidad de basura por su ventana y la cae en el hombre. El hombre pausa por un rato para encender un cigarrillo, cuando él ve un bebé huérfano al lado de la basura. Creyendo que el bebé pertenece a una madre cerca de él, el protagonista intenta regresa el bebé a esta mujer. En realidad, el bebé pertenece a nadie y la mujer es muy molestado cuando el protagonista intenta poner el bebé en su cochecito. No mucho después, una policía entra el callejón y el protagonista tiene que dejar esta locación. En el calle, el protagonista ve un anciano y intenta dar el bebé al este extraño. Este plan falla muy pronto, y de repente, el protagonista tiene que hacer algo con el bebé. Mientras está mirando el bebé, el protagonista encuentra  una nota en la ropa del niño diciendo que el bebé es un huérfano y alguien le debe cuidar con amor y cariño.	
Learners	EN_WR_38_22_17_14_JT	2017	38 / 43	88.4	Lower advanced	Female	22	University of Florida	Spanish	""	English	English	English	English	5	17	No	""	""	0	""	Lower intermediate (B1)	Lower advanced (C1)	Upper intermediate (B2)	Upper intermediate (B2)	4 / 6	""	""	""	""	""	Written	14	14. Chaplin	written_online	15	Outside classroom	Bilingual dictionary (English/Spanish)	"Un hombre está caminando en la calle y nota mucho ruido que viene de arriba, y luego nota los escombros que caen de un edificio de arriba. Continúa caminando hacia la esquina de la calle y enciende su cigarro, y cuando está a punto de seguir caminando, se da cuenta de que hay un bebé acostado en la calle. Levanta al bebé y trata de descubrir qué hacer con él, y luego se da cuenta de que una mujer pasa con un cochecito y otro bebé. Coloca al bebé en la carriola y le dice a la señora que debe haber dejado caer al bebé. La mujer dice que no y comienza a sacudir la cabeza y trata desesperadamente de alejarse del hombre. Luego, el hombre va a dejar al bebé donde lo encontró en la calle, pero un policía lo sigue. El hombre trata de darle el bebé a otro hombre en la calle, pero también persigue frenéticamente al hombre. Sin embargo, el hombre logró escapar, por lo que otro hombre encontró el cochecito de la señora con otro bebé y volvió a colocarlo en la carriola. La señora luego persigue al hombre de nuevo, lo golpea y lo hace volver a llevar al bebé, con la ayuda del oficial de policía. El hombre se sienta en la acera y contempla dónde colocar al bebé. Pero luego encuentra una nota dentro de la manta del bebé que dice ""por favor ama y cuida a este niño huérfano."" Él decide tomar al niño y continúa caminando con el bebé en sus brazos."	
Learners	EN_WR_38_28_12_14_JG	2017	38 / 43	88.4	Lower advanced	Female	28	""	""	""	English	English	English	English	8	12	Yes	Spain	17	1	""	Upper beginner (A2)	Lower intermediate (B1)	Upper intermediate (B2)	Lower intermediate (B1)	3 / 6	German	Upper beginner (A2)	Upper beginner (A2)	Upper beginner (A2)	Upper beginner (A2)	Written	14	14. Chaplin	written_online	10	Outside classroom	""	Charlie Chaplin encuentra un bebe en la calle y intenta a encontrar a su  madre. Hay una mujer con otro bebe, y Charlie Chaplin piensa que ella es la madre del bebe, pero ella dice que no es la madre. Despues de hablar con la mujer, Charlie da el bebe a un hombre, y el hombre pone el bebe en el stroller de la mujer. La mujer piensa que Charlie lo puse en su stroller, y le da un golpe y llame a la policia. La policia encuentra a Charlie y el toma el  bebe. Encuentra una hoja de papel en la ropa del bebe que dice que se debe cuidar al bebe porque sus padres son muertos.	
Learners	EN_WR_38_44_3_14_MB	2017	38 / 43	88.4	Lower advanced	Female	44	University of North Carolina	""	professor	English	English	English	English	41	3	No	""	""	0	""	Lower intermediate (B1)	Lower intermediate (B1)	Upper intermediate (B2)	Lower intermediate (B1)	3.25 / 6	German	Lower advanced (C1)	Lower advanced (C1)	Lower advanced (C1)	Lower advanced (C1)	Written	14	14. Chaplin	written_online	14	Outside classroom	""	"Chaplin está caminando por la calle. Está fumando pero su cigarette acaba y busca otras. Unos ladrillos se caen sobre él y vuelve sucio de polvo. Sigue caminando y se da cuenta que un bebé está llorando. Coge al bebé y considera que puede hacer con él. Ve a una mujer caminando con su propio bebé y cuando la mujer entra en una tienda, Chaplin pone el bebé que había encontrado en el coche de la mujer. Pero cuando la mujer vuelva de la tienda se enfada porque hay dos bebés en su coche, y uno no es suyo. Ve a Chaplin y le da el bebé (no suyo). Un policía ve que Chaplin esta tratando de poner el bebé en el coche y luego en el suelo, y cada vez Chaplin tiene que recoger al bebé. Chaplin continua y ve a un anciano. Trata de dar el bebé al anciano, pero él no quiere tener el bebé. Por fin Chaplin se senta en la acera y se da cuenta que hay un papel en las toallas alrededor del bebé. En el papel se escribe ""que cuida y quiera a este bebé por favor"", y Chaplin se siente triste para el bebé. Parece que decide guardarlo."	
Learners	EN_WR_38_52_12_14_THS	2018	38 / 43	88.4	Lower advanced	Female	52	""	""	""	English	English	English	English	40	12	Yes	Costa Rica	2013, 2014, 2015, 2016, 2017, 2018	49	""	Upper intermediate (B2)	Upper intermediate (B2)	Upper intermediate (B2)	Upper intermediate (B2)	4 / 6	""	""	""	""	""	Written	14	14. Chaplin	written_online	40	Outside classroom	Bilingual dictionary (English/Spanish), Spellchecker	Charlie Chaplin estaba caminando en una calle estrecha, y se encuentra a un bebé sólo en el suelo, envuelta en una manta. Justo entonces Charlie se nota a una mujer con un cochecito. Él se pone el bebé dentro del cochecito con el bebé de la mujer, suponiendo que el bebé que se encontró es de ella también, pero al hacerlo la mujer se enoja con Charlie.  Él tiene que encargarse del bebé de nuevo, y trata de reponerlo en el lugar donde lo encontró, pero un policía se ve y por eso tiene que encargarse del bebé otra vez.  A continuación Charlie ve a otro hombre y a él se le da.  Ese hombre también ve el cochecito de la mujer, y tiene éxito dejando al bebé adentro porque la mujer no lo está vigilando.  La mujer regresa, se nota el bebé extraño, y justo entonces llega Charlie Chaplin. La mujer insiste que Charlie lo toma, y él tiene que hacerlo porque ya está el policía, mirándole. Charlie va andando, llevando al bebé. Es aparente que Charlie está pensando en meter el bebé en un lugar de drenaje cuando se fija en una nota que el bebé tiene por encima. La lee, y la nota pide que alguien lo ama y lo cuida al bebé.  Al leer la nota, Charlie se siente afección para el bebé, y en ese momento decide llevarlo a casa.	
Learners	EN_WR_39_20_0.5_14_GJ	2018	39 / 43	90.7	Lower advanced	Female	20	""	""	""	English	English	English	Punjabi	19	0.5	No	""	""	0	""	Lower beginner (A1)	Lower beginner (A1)	Lower beginner (A1)	Upper beginner (A2)	1.25 / 6	""	Lower advanced (C1)	Lower advanced (C1)	Lower advanced (C1)	Lower beginner (A1)	Written	14	14. Chaplin	written_online	5	Outside classroom	Help from a Spanish native speaker, Bilingual dictionary (English/Spanish), Spellchecker, Grammar book, Background readings about the task topic (newspapers, internet, TV, etc.)	En el video, podemos ver que el niño es dejado atrás por su madre, que no puede permitirse el lujo de quedarse con el bebé. Chaplin encuentra al niño e inmediatamente odia al bebé. Él trata de deshacerse del bebé niño muchas veces, pero no tiene éxito en hacerlo. En algunas escenas trata de dejar al bebé con los hijos de otros, pero se hizo imposible dejar al bebé por él, ya que él tropieza allí mismo y también se ve al agente de policía en todos esos lugares. A medida que pasa el tiempo, el bebé no está tan mal y decide quedarse con el bebé.	
Learners	EN_WR_39_21_15_14_CLMSJC	2018	39 / 43	90.7	Lower advanced	Female	21	Universidad de Granada	Spanish and Linguistics	3rd	English	English	English	English	5	15	Yes	Spain	2017-2018	10	""	Lower advanced (C1)	Upper advanced (C2)	Lower intermediate (B1)	Lower intermediate (B1)	4.25 / 6	French	Upper beginner (A2)	Upper beginner (A2)	Upper beginner (A2)	Upper beginner (A2)	Written	14	14. Chaplin	written_online	17	Outside classroom	""	"El corto empiece con el conocido actor Charlie Chaplin andando por un calle, lo cual parece pertenecer a un barrio marginal en el principio o a mediados del siglo XX. Hay gente tirando su basura de ventanas de pisos en la plantas superiores y algo de basura cae justo encima de él. Mientras que está parado al lado de un basurero limpiándose y encendiendo un cigarillo, Chaplin se da cuenta de que hay un bebé envuelto en cobijas en el suelo. Parece ser abandonado, y está llorando. Chaplin recoge el bebé para mirarlo y cuando él ve que hay una mujer paseando con un carrito de bebes, él cree que es su bebé. Lo coloca dentro del carrito junto con el otro bebé, pero la mujer se da cuenta y se enoja mucho, siendo que no es su bebé. Entonces Chaplin intenta devolver el bebé al sitio donde lo encontró, pero un policía lo pilla y Chaplin tiene que llevárselo. Después de otro intento a abandonar el bebé con un hombre desconocido y la misma mujer, que ahora es enfadadísima, Chaplin se da por vencido y se siente en el suelo para contemplar la situación y mirar el bebé de nuevo. Por un momento considera bajar el bebé debajo de una reja en la calle, pero no lo hace. Él descubre que hay una nota bajo las cobijas que dice ""Por favor ame y cuide este pobre huérfano"" y en ese momento siente cariño y simpatía para el bebé. Uno puede inferir que Chaplin adoptará el bebé."	
Learners	EN_WR_39_21_7_14_AL	2018	39 / 43	90.7	Lower advanced	Female	21	Central College, Monmouth College	Spanish	3	English	English	English	English	15	7	Yes	Spain	2018	3.5	""	Upper intermediate (B2)	Lower advanced (C1)	Upper intermediate (B2)	Lower advanced (C1)	4.5 / 6	""	""	""	""	""	Written	14	14. Chaplin	written_online	20	Outside classroom	Bilingual dictionary (English/Spanish), Spellchecker	Primer, se puede ver Chaplin caminando por la calle y hay algunas cosas como la ropa que se están cayendo del edificio. Después, Chaplin encontra un bebé al lado de la basura. Chaplin lo coge, y después trata de volver el bebe a la basura otra vez. Sin embargo, un policía lo ve, y le dice tomar el bebe. Entonces, Chaplin camina con el bebe un poco mas y trata de deshacerse el bebe otra vez. Lo pone en un carrera de un madre con otro bebe, y le dice que ella habia dejado caer algo. Obviamente, el madre no lo cree y le dice tomar el bebe. Después, Chaplin trata de deshacerse del bebe algunas mas veces pero no tiene éxito. Eventualmente, Chaplin esta sentado con el bebe y ecuentra una nota que dice que el bebe no tiene padres y necesita que alguien le cuide. El actitud de Chaplin cambia, y el video termina con Chaplin sonriendo y disfrutándose con el bebe.	
Learners	EN_WR_39_22_10_14_LJE	2017	39 / 43	90.7	Lower advanced	Female	22	Denison University	Spanish and Communication	4th	English	English	English	English	10	10	Yes	Spain	2016	5	""	Upper intermediate (B2)	Upper advanced (C2)	Lower intermediate (B1)	Upper intermediate (B2)	4.25 / 6	""	""	""	""	""	Written	14	14. Chaplin	written_online	4	Outside classroom	""	Charles Chaplin estaba fumando cuando encontró a un bebe en la calle. Vio a una mujer con una bebe entonces pensó que fue su bebe y dijo “oh es tuyo, has dejado algo.” Pero no fue tu bebe. Entonces Charles Chaplin devolvió el bebe a su lugar en la calle pero la policía le vio. Entonces, Charles Chaplin llevó el bebe y le dejo con un hombre viejo y se huyo. Pero esto hombre le dejo el bebe con la misma mujer de Charles por suerte cómica. Pero la mujer no vio a este hombre viejo solo a Charles cuando paso por allí. Entonces, Charles tuvo que guardar al bebe. Cuando estaba guardándole, Charles encontró una carta en el vestido del bebe que dijo “Cuidar y querer a este niño”  y de este momento, Charles si lo hizo.	
Learners	EN_WR_39_24_1.5_14_BB	2018	39 / 43	90.7	Lower advanced	Female	24	Cal State University San Marcos, Universidad de Jaén	Spanish	Graduated	English	English	English	English	20	1.5	Yes	Spain, Argentina	2014 - 2015	12	""	Lower advanced (C1)	Lower advanced (C1)	Lower advanced (C1)	Lower advanced (C1)	5 / 6	""	""	""	""	""	Written	14	14. Chaplin	written_online	4	Outside classroom	""	"Es un video de Charlie Chaplin. Al principio del video, las cajas se caen. Después, algo (creo que es basura) se cayó en Charlie, y Charlie sacó un cigarillo y lo fuma. Próximo en el video, Charlie descubrió un bebe y lo llevas a ""su madre"". Charlie le dice a la Madre, ""Perdóname, dejaste algo"". La madre parece estar enfadada, porque no es su bebe, ya tiene bebe. Por eso, Charlie recoges el bebe y lo dejas en la basura. La policía enfada está enfadada con Charlie. Entonces, recoges el bebe otra vez y se lo da a otro hombre y corre. El hombre dejó el bebe con una madre, y la madre está enfadada con Charlie porque cree que Charlie volvió a dejar el bebe. La policía vuelve, y la madre le dice a la policía lo que hizo Charlie. Charlie vuelve a recoger el bebe. Charlie descubre una nota que dice ""Por favor, le amas y cuidas a este niño""."	
Learners	EN_WR_39_24_1.5_14_JM	2017	39 / 43	90.7	Lower advanced	Female	24	""	""	""	English	English	English	English	23	1.5	Yes	Central America	2012	1	""	Upper beginner (A2)	Upper beginner (A2)	Lower intermediate (B1)	Lower intermediate (B1)	2.5 / 6	""	""	""	""	""	Written	14	14. Chaplin	written_online	10	Outside classroom	Spellchecker	"Charlie Chaplin tuvo un día muy extraño. Caminaba por la calle, cuando de repente, encontró un bebé. El bebé era muy joven y llevaba mantas. A Charlie no le gustaban los bebés, pero no quería dejarlo allí. Por suerte, vio a una mujer que tenía un bebé también. Charlie corrió a ella y puso al bebé en su cochecito. Ella no estuvo feliz. Charlie regresó a donde el encontró al bebé y lo puso en el suelo. <br/> Desafortunadamente, un policía estuvo mirando. Charlie siguió intentando, pero no pudo dejar al bebé. En el final, encontró una nota con el bebé con las palabras ""Por favor, ame y cuide de este niño huérfano"". Charlie miró al bebé y sonrió.  Vivieron una vida feliz juntos."	
Learners	EN_WR_39_33_2_14_SS	2019	39 / 43	90.7	Lower advanced	Female	33	University of Central Florida	Latin American Studies	Senior	English	English	English	English	31	2	No	""	""	0	""	Upper beginner (A2)	Upper intermediate (B2)	Upper intermediate (B2)	Lower intermediate (B1)	3.25 / 6	""	""	""	""	""	Written	14	14. Chaplin	written_online	14	Outside classroom	""	Un hombre está caminando en un calle y fume un cigarillo cerca de la basura. El hombre ve a un bebé en una calle sucia y recoge al bebé. Él pregunta quién pierde su bebe. Él prueba dar el bebé a una mujer que tiene un otro bebé y entonces a un hombre viejo, pero la policía detiene a él. Luego, el hombre encuentra una nota en el bebe. La nota dice que el bebé necesita padres porque no tiene nunca.	
Learners	EN_WR_39_62_2_14_MA	2019	39 / 43	90.7	Lower advanced	Female	62	Universidad Politécnica de Valencia	Cognitive neuroscience of language	7	English	Hungarian	English	English	60	2	Yes	Spain	2017-	23	""	Lower intermediate (B1)	Lower intermediate (B1)	Lower intermediate (B1)	Lower intermediate (B1)	3 / 6	Italian, French	Lower intermediate (B1)	Lower intermediate (B1)	Upper intermediate (B2)	Lower intermediate (B1)	Written	14	14. Chaplin	written_online	21	Outside classroom	""	Es un 'short' de Charlie Chaplin en lo que se presenta en un barrio pobre y muy sucio. Al inizio del short lo vemos vestido mal con la ropa desarreglada. De una ventana arriba le caen en la cabeza unas verduras o algo rifiuto. CC se forma para tomar un cigarillo ya usado y lo fuma en la calle. En este instante se nota un bebé pequeño dejado solo en la calle. Lo coge en sus brazos pero es obvio que no se que hacer con el bebé. Ve una señora con otro bebe en una carroza? y intenta poner su bebe en la carroza cuando la señora no presta attencion. Pero la señora se lo ve, y le da el bebé de nuevo así que CC continua su paseo pensando que puede hacer para liberarse del bebé. Cuando proba poner el bebe en la calle donde lo encontró la primera vez, pasa la policia y debe recogerlo en sus brazos. Entonces, CC ve a un hombre mayor que pasa por la calle, y le pide traer el bebé por un instante para que se pueda ajustar sus zapatos. Cuando el señor está con el bebé en sus brazos, CC intenta escapar. Pero esto señor ve a la misma señora que pasó antes con la carroza y intenta el mismo juego que intentó CC antes - pone el bebé en la carroza con el otro bebé que ya está allí. Cuando la señora se nota este, y ve a CC, pide a la policia intervenir. De nuevo CC se encuentra con el bebé. Después de un momento cuando siente la tentación de meter el bebé en un hueco por la estrada, CC describió un mensaje ocultado en la camisa de el bebé. Así lee el mensaje que pide que se toma cura del bebe y lo ama. Cambia su expresión, y la música de el short y CC parte con el bebé en sus brazos. Ya empieza una historia de amor.	
Learners	EN_WR_40_20_8_14_CLMHD	2018	40 / 43	93	Lower advanced	Female	20	Illinois State University	Bilingual Elementary Education	Sophomore	English	English	English	English	12	8	Yes	Spain	2018	5	""	Lower advanced (C1)	Lower advanced (C1)	Upper intermediate (B2)	Lower advanced (C1)	4.75 / 6	American Sign Language	Lower beginner (A1)	Lower intermediate (B1)	Upper advanced (C2)	Upper advanced (C2)	Written	14	14. Chaplin	written_online	8	Outside classroom	""	Es un vídeo sobre Charlie Chaplin. Un día estaba caminando por las calles cuando encontró un bebé escondido en el suelo. Trataba de dejar el bebé con una madre la que caminó al lado de él. Pero ella le dijo que el bebé no es suyo. Charlie trataba de ponerlo donde lo encontró, pero había un oficial de policia mirándole entonces tenía que llevar el bebé con sigo. Trataba dejarlo con un hombre, y tenía éxito antes de que el otro hombre lo había puesto con la misma madre de antes. El otro hombre tenía éxito con esto, y cuando Charlie andé al lado de la mamá, ella pensó que era el quien había dejado el bebé en su carta otra vez. Se efadó y empezó a dar golpes a Charlie. Al final, Charlie tenía el bebé y no puede dejarlo en ningún lugar. Estaba mirando al bebé cuando miró una carta en la ropa del bebé. Lo leyó y descubrió que el bebé es un orfano que necesita un hogar cariñoso. Entonces al final, Charlie decidió cuidar al bebé.	
Learners	EN_WR_40_21_8_14_AF	2018	40 / 43	93	Lower advanced	Female	21	Central College, Valparaiso University	Psychology	Junior	English	English	English	English	13	8	Yes	Costa Rica, Spain	2017; 2018	6	""	Upper intermediate (B2)	Lower advanced (C1)	Lower advanced (C1)	Upper intermediate (B2)	4.5 / 6	""	""	""	""	""	Written	14	14. Chaplin	written_online	8	Outside classroom	Bilingual dictionary (English/Spanish)	"Charlie Chaplin estaba caminando y fumando cuando le encontró a un bebé. El vio a una mujer con otro bebé y puso el bebé en su chochecito, pero ella dijo que este bebé no era suyo. Entonces Charlie trató poner el bebé donde lo encontró en el suelo, pero un policía lo vio y no lo permitió. Después Charlie preguntó a un hombre viejo coger el bebé por un momento, pero lo da al viejo y corrió. El viejo lo puso el bebé en el mismo cochecito pero la mujer pensó que era Charlie que lo puso allí y entonces pegó a Charlie con su paragua hasta que el recogió el bebé otra vez. Charlie estaba pensando en tirar el bebé debajo del calle, pero encontró una papel dentro de las mantas de bebé que dijo ""por favor quiere y cuida por esta huérfano,"" y Charlie decidió cuidar por el bebé."	
Learners	EN_WR_40_29__14_CAJ	2018	40 / 43	93	Lower advanced	Female	29	University of Granada	Estudio ingleses	4	English	English	English	Spanish	11	""	Yes	Spain	In Almera from the age of 11 to 19 and in Granada from the age of 28 until date	120	""	Upper advanced (C2)	Upper advanced (C2)	Upper intermediate (B2)	Upper beginner (A2)	4.5 / 6	""	""	""	""	""	Written	14	14. Chaplin	written_online	20	Inside classroom	""	Chaplin va andando tranquilamente por la cuidad, inconsciente de que casi se le cae encima varios cajas que fueron arrojados por la ventana. A doblar la esquina Chaplin no tuvo tanta suerte ya que los desperdicios tirados por una ventana se le caen encima. Para calmar sus nervios, se saca un cigarro de su chaqueta y lo enciende con una cerrilla con la planta de su zapato.  <br/>  <br/> Al tirar sus guantes a la basura, encuentra un bebe en el suelo tirado. Asombrado Chaplin recoje al niño y empieza a mirar por todos lados para ver de donde prevenía. A ver una madre con un carro de bebe paseando por la misma calle, Chaplin se acerca y deja el bebe dentro del carro. En cuanto la mujer se dio cuenta de esto empezó a chillar a Chaplin y le obliga retirar al bebe desconocido.  <br/>  <br/> Chaplin asustado vuelve a dejar el bebe en el mismo lugar donde lo encontró pero se da cuenta que un policía le estaba vigilando. Para ahorrarse problemas con la policía, Chaplin recojo al bebe y sale corriendo. Al doblar la esquina se encuentra un hombre andando con un bastón, Chaplin le pide el favor de cojer el bebe mientras se ata los cordones de su zapato. Al engañar al pobre hombre sale de nuevo corriendo y se esconde. Para colmo, el hombre que tiene ahora el bebe ve el carro de la mujer, con el que Chaplin tuvo se encontronazo, y deja de nuevo el bebe dentro del mismo carro. Chaplin se piensa que se ha liberado del bebe, vuelve a pasear por la cuidad, y de casualidad se cruza con la mujer y el carro. Ella le ve y empieza a regañarle de nuevo. La mujer llama la atención del agente de policía, y reclama que haga algo sobre el asunto. Chaplin se adelante y cojo de nuevo al bebe y sale corriendo.  <br/>  <br/> Chaplin, ya lejos de todos, se siente sobre la acera y mira al bebe, considera por un momento dejar al pobre bebe dentro de alcantarillado pero cambia de opinión. Es en este momento, cuando se da cuenta que el bebe lleva una nota. La nota pone algo tan simple como, 'Por favor, ama y cuida de este niño orfanato. Chaplin al leer esto sonríe, y se levanta y se lleva el bebe con el.	
Learners	EN_WR_40_33_6_14_AA	2018	40 / 43	93	Lower advanced	Female	33	University of California, Irvine	Speech and Hearing Science	PostDoctoral Education Researcher	English	English	English	English, Spanish	13	6	Yes	Spain, Argentina, Chile	2004, 2006, 2014	16	""	Lower advanced (C1)	Lower advanced (C1)	Upper intermediate (B2)	Upper intermediate (B2)	4.5 / 6	French	Upper beginner (A2)	Upper beginner (A2)	Upper beginner (A2)	Upper beginner (A2)	Written	14	14. Chaplin	written_online	14	Outside classroom	""	"Un día, Charlie Chaplin estaba caminado por un callejón cuando el vecino estaba botando algo por la ventana. Paró al lado de una caneca y encendió su cigarro, prendiendo el fósforo contra su zapato. Cuando estaba fumando, vio que había un bebé acostado en el suelo por un lado del callejón. Levantó al bebe y miraba por todos lados cuando vio una señora con su cochecito. La señora llevaba otro bebé, pero Charlie pensaba que el bebé que había encontrado también era de la señora, así que fue y puso el bebé en el cochecito de la señora. Cuando salió la señora, se puso furiosa porque no era su bebé. Entonces, Charlie llevó all bebé de  nuevo y lo iba a poner en el mismo sitio donde lo había encontrado. Pero justo cuando iba a poner el bebé allá, pasó un policía, así que Charlie seguía cargando el bebé. Vio que había un señor cojo caminando en la calle. Charlie fue y le pidió al señor que le cargara el niño mientras él ataba su zapato. Mientras el señor le tenía el bebé, Charlie se fue corriendo. El señor no sabía que hacer, pero también vio el cochecito de la misma señora y se fue y dejó el bebé allá. La señora salió otra vez de una tienda (me pregunto porque había dejado a su bebé en un cochecito solo en la calle, pero esa es otra historia) justo cuando Charlie estaba pasando en frente. Llamó al policía y Charlie se fue otra vez con el bebé. Se fue a sentar con el bebé y encontró una nota que decía ""Por favor cuide a este bebé huérfano"". Y parecía entonces que Charlie decidió quedarse con el bebé."	
Learners	EN_WR_40_44_31_14_SFS	2018	40 / 43	93	Lower advanced	Female	44	""	""	""	English	Spanish (Chile)	English	English	13	31	Yes	Spain	1997-2000	0	Degree in Hispanic Studies with Catalan Philology	Lower advanced (C1)	Lower advanced (C1)	Lower advanced (C1)	Lower advanced (C1)	5 / 6	Catalan	Lower intermediate (B1)	Lower intermediate (B1)	Lower intermediate (B1)	Lower intermediate (B1)	Written	14	14. Chaplin	written_online	10	Outside classroom	""	Charlie Chaplin andaba por un pasillo un dia. En dos ocasiones gente tiraron cosas desde el piso de arriba....parece ladrillo y cigarillos o algo parecido.  <br/> Estaba a punto de marcharse cuando vio un bebe llorando. Cogio el bebe y intentaba calmarlo. Vio una mujer empujando un cochecito con otro bebe dentro. Sin que la mujer se daba cuenta, Charlie meto el bebe dentro del mismo cochecito....pero de repente la mujer se bajo de las escaleras y vio a Charlie escapando del escenario, y le devolvió el bebe. Vino un policía y miraba a ver si Charlie se cuidaba del bebe o no. Al final Charlie se logro dejar el bebe con un anciano que después metio el bebe dentro del mismo cochecito de nuevo. El Policia devolvio el bebe a Charlie. <br/> La escena termino con Charlie a punto de tirar el bebe por las alcantarillas de la calle. Justo a tiempo, descubrió una nota pidiendo que alguien cuidara del bebe porque era orfano.	
Learners	EN_WR_41_20_7_14_CP	2016	41 / 43	95.3	Upper advanced	Male	20	Haverford	Political Science	3rd	English	English	English	English	12	7	Yes	Mexico	2000, 2012, 2014	1.5	""	Upper intermediate (B2)	Upper advanced (C2)	Upper advanced (C2)	Upper intermediate (B2)	5 / 6	""	""	""	""	""	Written	14	14. Chaplin	written_online	2	Outside classroom	""	"Charlie estaba andando por la calle cuando le cayó basura por una ventana. Paró para encendir otro cigarillo, y se dió cuenta que había un bebé solito en la calle. Lo cogió, pero no querría un bebé por nada. Entonces un madre con otro bebé pasó por la calle. El lo dejo con ella, pero ella se enfadó y lo devolvió inmediatamente. Charlie intentó dejar el bebé con un anciano tambien, pero el anciano lo dejo con la madre, y cuando ella vió a Charlie en seguida, le dió golpes con su paraguas y se lo mandó tomar. Por fin, Charlie vió que había una nota en el bebé: ""por favor, cuide a este huerfano."" Y decidió hacerlo."	
Learners	EN_WR_41_21_2_14_HT	2018	41 / 43	95.3	Upper advanced	Male	21	Johns Hopkins	Neuroscience	4th	English	Spanish	English	English	16	2	Yes	Spain	fall 2017	8	""	Upper intermediate (B2)	Upper intermediate (B2)	Upper intermediate (B2)	Lower intermediate (B1)	3.75 / 6	""	""	""	""	""	Written	14	14. Chaplin	written_online	30	Outside classroom	Spellchecker	En el video de Charlie Chaplin había un hombre, creo que era Charlie Chaplin, caminado por la calle. En principio basura cayó pero no le pegó. Mas debajo de la calle mas basura cayó y pegó el hombre. Después, Charlie, sacó una caja para habanas y era buscando un cigarrillo. Justo después de enciendo el cigarrillo le escuchó y encontró un bebé llorando, el video no tenia sonido, no estoy seguro pero creo que un bebé en este caso llora. Además, había nadie caminado y el no sabia de quien era el bebé. Por eso, cuando una mujer pasó con otro bebé el fue a darlo a ella. Aunque, lo no era su bebé. A causa de esa ella le puso rojo y rechazó el bebé. Después, el fue buscando otra persona que posible que sea el padre del bebé. Llegó a un hombre justo al lado de la esquina. Era un hombre mas mayor, y no pudiera rechazar el bebé cuando Charlie había corriendo. Momentos después el hombre mas mayor fue buscando de quien era el bebé. Por suerte o que sea, encontró, también la misma mujer con otro bebé en una carrito por los bebés. Y el, sin la mujer mirando, dejó el bebé, otra vez, en el carrito. Cuando la mujer salió de la tienda que había adentro, ella lo ha visto que el bebé era con su hijo cuando Charlie caminaba a su lado. Cuando le dio cuenta que el bebé era lo mismo que se vio antes fue a pegar Charlie y dárselo. Al final, Charlie encontró un papel que se decía, mas desea, que alguien ama y cuida el bebé sin padres. Entonces, Charlie quedó con el niño y el video se terminó ahí.	
Learners	EN_WR_41_21_9_14_EM	2018	41 / 43	95.3	Upper advanced	Female	21	Johns Hopkins University	Cognitive Science	3rd	English	English	English	English	12	9	No	""	""	0	""	Upper intermediate (B2)	Lower advanced (C1)	Lower advanced (C1)	Lower advanced (C1)	4.75 / 6	""	""	""	""	""	Written	14	14. Chaplin	written_online	4	Outside classroom	Bilingual dictionary (English/Spanish)	Este video muestra a un hombre (Charles Chaplin). Él está caminando por una calle pequeña y sucia, y cuando deja por un minuto para fumar, encuentra a un bebé que parece estar sin adulto. Chaplin está confundido y busca un padre en el area. Después de un poco, él ve a una mujer que tiene otro niño. Chaplin concluye que el bebé es suyo y trata de devolverlo a ella. Pero la mujer se enfada y le dice a Chaplin que no es su bebé. En este momento, Chaplin trata de abandonar el bebé donde él lo encontró, pero un policía viene y Chaplin necesita traer el bebé con él. Luego, Chaplin trata de dar el bebé a un hombre que encuentra en la calle, pero este hombre lo pone en la silla de bebé de la mujer original del video. Casi inmediatamente después de que ella descubre el bebé, ve a Chaplin caminando, y lo da el bebé a él otra vez. Chaplin toma el bebé y finalmente ve un papel que dice que es un huérfano. Al final del video, parece que Chaplin está contento con cuidar del bebé.	
Learners	EN_WR_41_27_6_14_DA	2017	41 / 43	95.3	Upper advanced	Female	27	Universidad Autónoma de Barcelona	""	""	English	Romanian, Russian	Russian	English	21	6	Yes	Spain	2010-2017	72	""	Lower advanced (C1)	Upper advanced (C2)	Lower advanced (C1)	Upper advanced (C2)	5.5 / 6	Russian	Upper advanced (C2)	Upper advanced (C2)	Upper advanced (C2)	Upper advanced (C2)	Written	14	14. Chaplin	written_online	20	Outside classroom	""	"Chaplin está caminado por una calle destrozada, fumando un cigarrillo. De repente, a su izquierda, una mujer empieza a tirar basura desde la primera planta del edificio. Supuestamente la basura consiste de cemento o partes de pared ya que parece que estaba renovando su piso. O simplemente estaba limpiando el lugar. El edificio también parece más bien industrial, pero no estoy segura. Luego, cuando Chaplin pasa al lado de otro edificio a su derecha pasando entre dos paredes, se le cae encima basura. El se queda muy sorprendido ya que no lo esperaba. Por cierto, a causa de esto su cigarrillo se le cayó así que tenía que abrir su caja de aluminio que contenía otros cigarrillos y agarrar uno nuevo. Hecho esto, enciende su cigarrillo con la ayuda de una cerilla y la suela de su zapato. Después se quita los guantes y los tira al basurero cercano (por cierto, donde se suponía que tenía que caer la basura que se le cayó encima). De repente, a su izquierda, justo al lado de la pared, encuentra a un bebe recién nacido envuelto en unas sábanas, llorando. Está aún más sorprendido! Mira por los lados, pensando de donde se podía haber caído o quién le podía haber dejado ahí y al final decide coger al bebe en sus brazos. En este momento nota a una mujer con un cochecito para bebes, caminando rápidamente por la zona. La mujer se para, deja el cochecito con un bebe y se va. Es entonces cuando Chaplin se acerca y pone al bebe de sus brazos en el cochecito. La mujer se acerca de nuevo y empieza a gritar diciendo algo como ""No es mi bebe, qué estás haciendo? Llévalo de aquí!"" Bueno, Chaplin no tiene nada más que hacer que coger al bebe de nuevo en sus brazos y regresar al lugar donde le había encontrado. De repente, se acerca un policía por detrás. Pensando que es el padre dejando a su bebe en el suelo, se pone muy enfadado. Chaplin recoge al bebe y se va otra vez. Cuando vea a un hombre caminando por la calle, le pone al bebe en sus brazos y se va corriendo y se esconde en un garaje. El otro hombre encuentra entonces el cochecito de la mujer con el bebe y deja al bebe en este cochecito sin que nadie lo viera. Y se va. Cuando Chaplin sale de su refugio, se  encuentra de cara en cara con el policía, así que se gira y se va. Mientras tanto, la mujer sale de la tienda y regresa a su cochecito con ya dos bebes adentro. Se pone furiosa. Justamente en este momento Chaplin pasa por la calle caminando muy rápidamente. La mujer le vea, se acuerda de él y empieza a seguirle corriendo. Cuando se le acerca, le golpea con un paraguas en la cabeza. Le lleva a su cochecito, le muestra al bebe pidiendo que lo cogiera. entonces llega el policía. Chaplin de nuevo coge al bebe y se va. Luego se sienta en la calle y no sabe qué hacer con el bebe. De repente, encuentra un papel en las sábanas en las que el bebe está envuelto. El papel está escrito tal vez por su mamá y dice ""Por favor, ama y cuida de este niño sin padres"". Chaplin se pone sensible y parece que decide dejar al bebe y cuidar de él cómo lo pedía la carta. Se levanta con el bebe en sus brazos y se va. El fin."	
Learners	EN_WR_41_74_12_14_CAH	2017	41 / 43	95.3	Upper advanced	Female	74	University of the West Indies	Spanish	1960-1963	English	English	English	English	7	12	Yes	Mexico	1962	7	Bachelor's degree, and Letter of completion of Course in Medical Interpreting	Lower advanced (C1)	Upper advanced (C2)	Upper advanced (C2)	Upper advanced (C2)	5.75 / 6	French	Lower intermediate (B1)	Upper intermediate (B2)	Lower advanced (C1)	Lower intermediate (B1)	Written	14	14. Chaplin	written_online	59	Outside classroom	""	"Una mujer soltera sale del hospital de caridad con su bebe y como no sabe como puede sostener a los dos, ella deja el bebe en un automovil que esta en frente de una case de gente rica, con una cartita que dice ""por favor ama y cuida este pobre nino huerfano"". Vienen unos ladrones, roban el coche y cuando llegan a una vecindad pobre descubren el bebe y lo sacan del carro dejandolo envuelto en sus cobijitas en un rincon de la calle como si fuera basura.  Viene pasando un pobre solterito y trata de regalr el bebe a una mujer y despues a un viejito pero le dan problemas y no tiene exito.  Cuando viene la policia y lo ve dejando al bebe en el suelo, en el rincon de la calle, decidio llevarlo a su casa y cuidarlo. Ahi en las cobijitas encuentra la cartita que escribio la madre pidiendo que alguien amara y cuidara al pobre huerfano. El lo cuida tan bien que pueda y lo ama como si fuera hijo suyo.  Resulta que el es vendedor de vidrios para ventanas y los instala, asi que cuando el nino ya tiene sus cinco anos de edad han desarrollado juntos, un buen negocio.  Cada dia escogen diferentes calles, el nino va quebrando ventanas con piedras que recoge del calle y el papa va por las mismas calles,  pidiendo el trabajo de reemplazar las. Asi ganan su dinero, y viven bien--hay mucha comida. <br/>  Mientras tanto la mama se ha  vuelto rica y famosa y va  visitando las vecindades pobres regalando jugeutes a los ninos que ahi viven. Regalo unos juguetes al nino que le gustan mucho. Un dia viene uno mas grande y le roba su juguete. <br/> Empiezan a pelear y a luchar el uno contra el otro. Y aunque el ninito le gana, se pone muy enfermo y viene un doctor para examinarlo.  El papa le muestra la carta que encontro con el nino cuando era bebe y el doctor le muestra la carta a la mujer rica que viene a visitar. Ella inmediatamente sabe que el ninito es el bebe que ella abandono en el coche. Pero el doctor quiere internarlo en una institucion para huerfanos. El papa les sigue , agarra al nino y se fueron a pasar la noche en un hotel. El dueno del hotel leyendo un periiodico encontro un anuncio de recompensa para quien podria traerle al nino a su madre. Asi que en la medianoche agarro al nino y lo trajo a la estacion de policia donde la madre lo fue a recojer.  Suerte que la policia le arrestaron al papa y lo trajeron a la misma estacion.  El siguio a la mujer, buscando su hijo, y cuando ella abrio la puerta de su casa, el joven lleno de alegria al ver a su papa se fue volando a abrazarlo. Y los tres entraron contentos a la casa de la madre."	
Learners	EN_WR_42_19_6_14_CS	2017	42 / 43	97.7	Upper advanced	Male	19	University of California, Los Angeles	Linguistics	2	English	English	English	English	13	6	Yes	Spain	2016	2	""	Upper intermediate (B2)	Upper intermediate (B2)	Lower advanced (C1)	Lower advanced (C1)	4.5 / 6	Swahili	Lower intermediate (B1)	Lower intermediate (B1)	Lower intermediate (B1)	Upper intermediate (B2)	Written	14	14. Chaplin	written_online	10	Outside classroom	""	Un hombre que está caminando por la calle descubre a un bebé abandonado al lado de aquel camino. Pensando en devolverlo a su madre, él ve a una mujer empujando a su proprio bebé y él cree que ella es la madre. Por eso él mete el bebé con el otro, y al regresar la mujer, ellos discuten y él aprende que ella no es la madre real. A continuar, él piensa también en abandonar el bebé donde lo encontró originalmente, pero un policía aparece y el hombre tiene que llevarlo de nuevo y buscar una solución mejor. Él le hace un truco a otro hombre, dándoselo a él, y trata de escaparlo, pero el segundo hombre abandona el bebé con la mujer de antes, y ella le da al primer hombre el bebé a la vista del policía. Por fin, el hombre piensa en abandonar el bebé, pero de verdad no quiere. De repente él se fija en una nota dejado con el bebé que dice cuide a este huérfano, y decide salir juntos con el bebé a lo cual él va a cuidar según la nota.	
Learners	EN_WR_42_26_12_14_MG	2018	42 / 43	97.7	Upper advanced	Female	26	New York University	Linguistics	3rd year PhD	English	English	English	English	12	12	Yes	Uruguay	2012 and 2014	10	""	Upper advanced (C2)	Upper advanced (C2)	Upper advanced (C2)	Upper advanced (C2)	6 / 6	""	Upper advanced (C2)	Upper advanced (C2)	Upper advanced (C2)	Upper advanced (C2)	Written	14	14. Chaplin	written_online	8	Outside classroom	""	El clip trata de un hombre que encuentra a un bebé en la calle.  Está paseando tranquilo, fumando, cuando ve al bebé acostado en un rincón y decide aproximarse para investigar la situación.  Toma el bebé en los brazos, pero no sabe qué hacer con el chico.  De repente pasa una mujer con un carrito que ya lleva otro bebé.  Ella entra en un edificio y el hombre va corriendo detrás para dejar el bebé huérfano en el carrito junto al otro.  Pero la mujer la ve, lo regaña, y el hombre tiene que tomar de nuevo el bebé.  Cuando intenta dejarlo en la calle de nuevo, se da vuelta y hay un militar mirándolo.  Ya que no puede dejar el bebé en la calle bajo la supervisión del militar, sale corriendo y encuentra un viejito caminando solo por la calle.  Deja el bebé en los brazos de él, pero el viejo no lo quiere y lo deja de nuevo en un carrito que ya tiene otro bebé.  Pasa que el carrito es el mismo en que el personaje principal ya tenía dejado el bebé antes.  La mujer no ve que fue el viejito que dejó el bebé esta vez, y, por coincidencia, el personaje principal pasa justo cuando la mujer sale del edificio y ve de nuevo el bebé en su carrito.  Se enoja con el hombre, pensando que fue él que lo había dejado de nuevo.  Al fin, el hombre toma el bebé en los brazos y sale corriendo.  Se sienta en la vereda con el bebé, sin saber qué hacer.  Encuentra una cartita dentro de la ropa del bebé que pide que alguien lo ame y cuide.  Aunque parece que el hombre no quiere el bebé huérfano, se emociona con la carta y decide llevárselo.	
Learners	EN_WR_42_41_1_14_AP	2017	42 / 43	97.7	Upper advanced	Female	41	""	""	""	English	English	English	English	24	1	Yes	Spain	2000-2013	156	No	Lower intermediate (B1)	Lower intermediate (B1)	Lower intermediate (B1)	Lower intermediate (B1)	3 / 6	French	Lower intermediate (B1)	Lower intermediate (B1)	Lower intermediate (B1)	Lower intermediate (B1)	Written	14	14. Chaplin	written_online	4	Outside classroom	Spellchecker	El vídeo es una escena de una película de Charlie Chaplin, un actor muy apreciado por España y por el mundo. En esta escena el personaje está de paseo cuando casi está pegado por algo de basura que alguien ha tirado por una ventana de al lado. El pesonaje se para a mirar por donde ha venido la basura y después decide fumar un cigarrillo. Al parar se da cuenta que hay un bebé perdido a su lado. Al ver una mujer pasar con un cochecito, intenta dejar el bebé con ella pero la mujer no lo acepta. Intenta volver y dejr el bebé donde lo ha encontrado, pero se da cuenta que hay una policía mirándole asi que lleva el bebé con él. Quiere liberarse del bebé como sea pues convence un señor a coger el bebé mientras el arregla su zapato. De pronto se va corriendo. El señor no quiere nada con el bebé y cuando encuentra el cochecito de antes, mientras la mujer está en una tienda, deja el bebé y se va. El personaje de Charlie pasa justo cuando la mujer está saliendo de la tienda y ve el bebé de nuevo. Ella persigue al personaje de Charlie y le pega fuerte con su paraguas. El no tiene otro remedio qye cojer el bebé de nuevo con él. Mientras piensa que hacer con el crío, se da cuenta que hay una nota entre las mantas del bebé. Aqui aprende que el bebé no está perdido pero es huérfano. Al conocer esto, se encarriña con el bebé y las expresiones de su cara vuelven más tiernas. Al final, se va con el huérfano en brazos.	
Learners	EN_WR_42_49_10_14_FM	2018	42 / 43	97.7	Upper advanced	Female	49	University of New Mexico	Educational Linguistics	graduate school	English	English	English	English	20	10	No	""	""	0	""	Lower advanced (C1)	Lower advanced (C1)	Lower advanced (C1)	Lower advanced (C1)	5 / 6	""	""	""	""	""	Written	14	14. Chaplin	written_online	1	Outside classroom	Help from a Spanish native speaker	En la pelicula Chaplin esta cominando por la calle cuando de repente se encuentra a un bebe entre los botes de basura. Inicialmente no quiere quedarse con el y trata de encontrar la forma de desacerse del bebe. En multiples ocasiones intenta dejar al nino con otras personas: una mujer con otro bebe  o con un vagabundo de la calle, pero falla hasta cuando encuentra una nota pidiendo que cuiden y amen a ese nino, entonces el decide quedarse con el.	
Learners	EN_WR_42_58_10_14_MG	2017	42 / 43	97.7	Upper advanced	Female	58	""	Spanish	""	English	English	English	English	18	10	Yes	Spain, Mexico	1980, 1983	6	""	Lower advanced (C1)	Upper advanced (C2)	Upper advanced (C2)	Upper advanced (C2)	5.75 / 6	""	""	""	""	""	Written	14	14. Chaplin	written_online	7	Outside classroom	""	"Charlie Chaplin estaba caminado por la calle. Fumaba mientras caminaba. De repente alguien empezó a tirar basura  a Charlie y él estaba enojado porque perdió su cigarillo. Entonces Charlie sacó otro cigarillo y lo encendió. De repente vio a un bebé que lloraba .  Lo levantó y miro por la calle y vio a una mujer que empujaba un cochecito de niños. Charlie le dijo a la mujer,  ""perdón, se le cayó algo"" pero ella no quería el bebé que Charlie encontró. Un policia vino y miró a Charlie en una manera sospechosa.  Entonces Charlie llevó el bebé y le dio a otro hombre con una barba. El hombre con barba vio el cochecito de niños y lo puso adentro con el bebé de la misma mujer. <br/> La mujer empezó a gritar. Ella vio y siguió a Charlio y lo pegó. Por fin, Charlie estaba solo con el bebe y encontró una cartita de la madre que pidió que alguien amara al bebé porque ella no podía cuidarlo.  Entonces Charlie empezó a sonreír al bebé y  decidió guardarlo y cuidarlo."	
Learners	EN_WR_43_17_5.5_14_NI	2017	43 / 43	100	Upper advanced	Female	17	Methodist College Belfast	""	Upper Sixth	English	English	English	English	12	5.5	No	""	""	0	GCSE, AS Level	Lower intermediate (B1)	Lower advanced (C1)	Upper intermediate (B2)	Upper intermediate (B2)	4 / 6	Russian	Lower beginner (A1)	Lower intermediate (B1)	Lower intermediate (B1)	Lower intermediate (B1)	Written	14	14. Chaplin	written_online	7	Outside classroom	""	Un caballero está caminando por la calle y encuentra un bebé en el suelo. Ve a una mujer y cree que ésta es la madre del niño. Ella no es la madre, entonces, vuelve a poner al bebé en el suelo, pero un policía lo ve. Le da a otro hombre el bebé, y el otro hombre pone el bebé en la cuna de la mujer que vimos antes. Ella piensa que el caballero lo ha puesto allí y le pega. Ella le dice esto al policía, y el caballero vuelve a llevar al niño. Al final, encuentra una nota que dice que es un niño huérfano, y él decide a quedarse con el bebé.	
Learners	EN_WR_43_20_15_14_MD	2018	43 / 43	100	Upper advanced	Male	20	Brown University	Spanish & English	3rd Year (Junior)	English	English	English	English	6	15	Yes	Spain	2018	5	""	Lower advanced (C1)	Upper advanced (C2)	Upper advanced (C2)	Upper advanced (C2)	5.75 / 6	Arabic	Lower intermediate (B1)	Upper intermediate (B2)	Upper intermediate (B2)	Upper intermediate (B2)	Written	14	14. Chaplin	written_online	8	Outside classroom	""	Este vídeo se trata de un bebé a quien encuentra Charlie Chaplin al lado de la calle. Inicialmente, Chaplin va por la calle intentando evitar la basura que se cae de las ventanas de los edificios. Se para y busca un cigarro para fumar. Inmediatamente después, le oye al bebé llorando. Por consiguiente, lo recoge. Se pregunta de quién puede ser. Al ver a una mujer con un carrito, supone que el bebé es suyo. Aun así, al dárselo la mujer se enfada y insiste en que esto no es el caso. Por tanto, Chaplin recoge al bebé de nuevo y lo devuelve al sitio original. No obstante, aparece un policía y por eso, Chaplin recoge al niño. Se encuentra con un hombre mayor que tiene un bastón. Chaplin le da el bebé y simula atar su zapato. Se va y se esconde. El anciano se pone muy confundido y, al encontrar el mismo carrito en el cual Chaplin había puesto el bebé antes, hace lo mismo. Al salir de la tienda y ver al bebé en su carrito otra vez, la mujer se enoja. Chaplin pasa por el mismo lugar y ella lo golpea con su paraguas. Exige que Chaplin tome el bebé cuando aparece el policía de nuevo. Así que Chaplin lo recoge y se siente con él. Ve la rejilla de la alcantarilla y piensa en depositar el bebé adentro pero no lo hace. Encuentra una hoja en los pliegues de la manta del bebé. La hoja dice que este bebé es un huérfano. El autor de este mensaje quiere que el lector cuide del niño. Al leer esto, Chaplin le mira al bebé con los nuevos ojos y sonríe. Sale con el bebé y es evidente que lo va a guardar y hacer exactamente lo que ha pedido el autor del mensaje.	
Learners	EN_WR_43_22_8_14_CB	2017	43 / 43	100	Upper advanced	Male	22	University of Florida	Spanish	3rd	English	English	English	English	14	8	Yes	Peru	2013-2014	12	""	Lower advanced (C1)	Lower advanced (C1)	Lower advanced (C1)	Lower advanced (C1)	5 / 6	Norwegian	Lower intermediate (B1)	Lower intermediate (B1)	Lower intermediate (B1)	Lower intermediate (B1)	Written	14	14. Chaplin	written_online	5	Outside classroom	""	Mientras está dando una caminata por su ciudad, el personaje principal del cortometraje encuentra a un bebé abandonado. Al acercarse al niño se da cuenta de que su familia lo ha dejado en la calle sólo sin ninguna protección. Preocupado por el bienestar del bebé el protagonista intenta buscar a su familia y devolverle su hijo perdido. Cuando pasa una señora de edad con un bebé parecido al que se dejó, el protagonista intenta entregarlo a la señora pero es rechazado. La señora parece insistir que el niño no es suyo. Continuando su búsqueda, el señor sigue buscando a la familia y se encuentra con un policía que lo ve muy sospechosamente. Después de varios encuentros cómicos con personajes secundarios, el protagonista se siente cerca de la calle con el bebé, así termina el video.	
Learners	EN_WR_43_24_6_14_JJA	2017	43 / 43	100	Upper advanced	Male	24	University of California, Los Angeles	Linguistics	3rd year PhD student	English	English	English, Greek	English	12	6	Yes	Spain	2013	1	""	Upper advanced (C2)	Upper advanced (C2)	Upper advanced (C2)	Upper advanced (C2)	6 / 6	Arabic	Upper intermediate (B2)	Upper intermediate (B2)	Upper intermediate (B2)	Upper intermediate (B2)	Written	14	14. Chaplin	written_online	10	Outside classroom	""	En el empiezo del vídeo, Chaplin está andando por una calle fumando un cigarrillo. Hay gente en los pisos más altos de los edificios que rodean la calle que están tirando basura por sus ventanas a la calle. Dos veces esta basura pega a Chaplin. Después de esto, Chaplin quita sus guantes y los tira en la basura. Después, descubre a un bebé que está yaciendo solo en la tierra. Piensa que alguien dejó al bebé accidentalmente. Inmediatamente después, ve a una mujer saliendo del lugar en que está el bebé con un carro pequeño en que está otro bebé. Por eso, decide a revolver el bebé a la mujer. Viene a ella y pone el bebé en el carro pequeño que trae la mujer. La mujer hace obvio que el bebé no es suyo. Después de esto, Chaplin decide a revolver el bebé al lugar en que lo encontró. Desafortunadamente, un policía lo ve y piensa que está tratando de abandonar el bebé. Chaplin tiene miedo del policía y toma el bebé de nuevo. En este punto, Chaplin decide que necesita dejar el bebé en algún lugar por cualquier método que sea posible. Encuentra a un anciano andando en una calle cercana. Pregunta al alciano si es posible que tome el bebé por un momento mientras Chaplin arregle sus zapatos. El anciano dice que sí, Chaplin arregla sus zapatos, y de inmediato corre del hombre. Chaplin se oculta y el anciano trata de encontrar a un lugar para el bebé. Encuentra a la mujer del principio del vídeo y pone el bebé en su carrito. Chaplin sale del lugar en que se ocultó y anda frente a la mujer. Ella piensa que él ha puesto el bebé en su carrito otra vez y le pega con su paraguas y lo trae a su carrito, insistiendo que el bebé no es de ella y que él necesita tomarlo. El policía investiga lo que está pasando y Chaplin, con su gran miedo de él, toma el bebé y corre. Cuando Chaplin alcanza otro lugar, considera dejar caer al bebé en el espacio que está debajo de la calle que se puede acceder por una tapa pequeña, pero decide no hacer esto. Después, toca al bebé y descubre que en la ropa del bebé hay un papel con algo escrito en él. El mensaje dice <<Por favor, ame y cuide este niño huérfano.>> Después de esto, Chaplin decide cuidar al bebé. Lo mira por primera vez con cariño y sale de la escena con el bebé.	
Learners	EN_WR_43_32_8_14_RAS	2017	43 / 43	100	Upper advanced	Male	32	University of Birmingham	Philosophy & Politics UG student, now Applied LInguistics	MA student	English	English	English	English	11	8	Yes	Spain	2009-2012	34	""	Upper intermediate (B2)	Lower advanced (C1)	Lower advanced (C1)	Upper intermediate (B2)	4.5 / 6	Arabic (Egyptian Colloquial), Arabic (MSA)	Lower intermediate (B1)	Lower intermediate (B1)	Lower intermediate (B1)	Lower beginner (A1)	Written	14	14. Chaplin	written_online	59	Outside classroom	""	Chaplin aparece en la plantilla y va caminando hacia la cámara. Mientras camina, objetos se caen desde las ventanas arriba pero  por lo visto Chaplin no se preocupa mucho por ellos. El sigue andando, fumando porros.  <br/> Ahora se para y abre un cajón en el que se guardan unos porros más. Chaplin lleva un bastón sobre el brazo. <br/> Se detiene aquí unos momentos y se desarropa de los guantes de cuero y los tira.  <br/> Pues, él mira abajo y ve a un bébe abandonado que está tumbado en el rincón, cubierto de sábanas. <br/> Chaplin se agacha y coge al bébe en los brazos. Ahora ve a una madre que anda empujando una carrilla. Chaplin supone qye ella es la madre del bébe que el está llevando. Así que la persigue mientras lleva al bébe con dulzura. Chaplin se acerca al carrilla del madre y pone en él, el bébe que tuvo en las manos. <br/> Al mismo dice a la mujer, educadamente “perdóneme, se le cayó algo usted!”. <br/> Pero repentinamente, ella se enfada con Chaplin. Parece que ella ya tiene un niño el la carrilla y está diciendo que ese bébe no es suyo.  <br/> Como resultado, Chaplin pide perdón, coge el bébe y huye. <br/> Chaplin vuelve al sitio donde lo encontró y lo devuelve al suelo. Pero ahora Chaplin se gira y se choca con un policia que mira hacia sospechosamente. Pues, Chaplin vuelve a coger al bébe y lo lleva andando por la calle. Ahora se percata un hombre mayor con una barba larga. A ese hombre, Chaplin le da al bébe antes de el hombre se dé cuenta. En un instante, Chaplin se fuga, corriendo por un callejón y escondiéndose. Ahora el hombre tiene al bébe. De pronto pasa la carrilla que la madre ha dejado fuera de una tienda. El hombre deja al bébe allí y se larga.  <br/> Ahora Chaplin sale de su escondite pero otra vez se topa con el policia. Así que Chaplin se gira repentinamente y camina por el sentido contrario. <br/> Ahora Chaplin pasa la carrilla de a madre en la que había depositado el hombre el bébe. La madre se da cuenta de que tiene el bébe en la carrilla y cuando ve a Chaplin se imagina que es Chaplin que lo puso allí. Pues, ella se pone negra y persigue a Chaplin mientras él se larga. Le coge le da un bofetón con el paraguas hasta que Chaplin se cae. Ya tiene a Chaplin agarrado y le sigue pegando mientras lo lleva a la carrilla. Ahora aparece otra vez el policia y la madre le explica lo que ha pasado. Sin que el policia le diga nada, Chaplin, vencido, coge otra vez al bébe. Chaplin se sienta en la calle, desesperado y se contempla qué hacer.  <br/> Mira abajo al desagüe y piensa en tirarle al bébe dentro pero se cambia de actitud. Ahora ve una carta el las sábanas del bébe y lo lee. Está escrito: “Por favor, ame y se cuide por este niño huérfano”. <br/> Pues, como el acto final de la historia, Chaplin mira a los ojos del bébe con cariño.	
