Subcorpus	Filename	Year data collection	Placement test score (raw)	Placement test score (%)	Proficiency	Sex	Age	School/University/Institution	Major	Year at university/school	L1	Father's native language	Mother's nativelanguage	Languages spoken at home	Age of exposure to Spanish	Years studying Spanish	Stay abroad in Spanish speaking country (>= 1 month)	Stay abroad (where)	Stay abroad (when)	Stay abroad (months)	Language certificates (type and level)	Proficiency (self-assessment) speaking	Proficiency (self-assessment) listening	Proficiency (self-assessment) reading	Proficiency (self-assessment) writing	Proficiency (self-assessment)	Additional foreign language(s)	Proficiency (self-assessment) in additional language speaking	Proficiency (self-assessment) in additional language listening	Proficiency (self-assessment) in additional language reading	Proficiency (self-assessment) in additional language writing	Medium	Task number	Task title	Writting/audio details	Minutes taken to complete the task	Where the task was done	Resources used	Text	Original text
Learners	DE_WR_13_21_1_14_GM	2018	13 / 43	30.2	Upper beginner	Female	21	University of Hamburg	German High School Diploma	2	German	German	German	German	20	1	No	""	""	0	""	Lower beginner (A1)	Upper beginner (A2)	Upper beginner (A2)	Lower beginner (A1)	1.5 / 6	English	Lower advanced (C1)	Lower advanced (C1)	Lower advanced (C1)	Lower advanced (C1)	Written	14	14. Chaplin	written_online	30	Outside classroom	Spellchecker	Charles Chaplin es un comico viejo. Ellos peliculas son en blanco i negro y tienen no audio.  <br/> En la pelicula el encontrar un niños pequeño y buscar sus familia. Pero  cuando es no possible encontrar la familiar del niño Chaplin intentas entregar el niño en una casual mujer. Esto es no funcionar tambien. Un policia mira en Chaplin y el encontrar un papel en las ropas del niños. Esto dice El niño no tengo no familia y Chaplin convierte en un familia nuevo para el niño.	
Learners	DE_WR_16_52_2_14_HT	2018	16 / 43	37.2	Upper beginner	Female	52	""	Intermediate School Leaving Certificate	7	German	German	German	German	52	2	No	""	""	0	""	Lower beginner (A1)	Lower beginner (A1)	Lower beginner (A1)	Lower beginner (A1)	1 / 6	English	Lower beginner (A1)	Lower beginner (A1)	Lower beginner (A1)	Lower beginner (A1)	Written	14	14. Chaplin	written_online	20	Inside classroom	""	Un Vagabundo ve uno peceno niño. por que se no tiene padres. Segundo el chico no se gusta el niño pero después : la sorpresa - te gusta el niño.  <br/> el vagabundo quiere esta solo. se quiere va a al via solo. El es hacer miedo por ala policía. el corre  rápido. Esta es una madre con un hijo. El vagabundo quiere ella tome el niño . La madre no quiere la niño.  esto una hombre. El vagabundo el da el peceno niño en el hombre. El hombre no me gusta el niño.	
Learners	DE_WR_19_26_5_14_MRL	2021	19 / 43	44.2	Upper beginner	Female	26	Goethe University	""	5	German	Spanish	German	Spanish, English	1	5	Yes	Spain	2009, 2014	5	""	Upper intermediate (B2)	Upper advanced (C2)	Upper advanced (C2)	Lower intermediate (B1)	4.75 / 6	English	Lower advanced (C1)	Lower advanced (C1)	Lower advanced (C1)	Lower advanced (C1)	Written	14	14. Chaplin	written_online	4	Outside classroom	""	Chaplin camino en la calle y busco un bebé cerca de una esquina. El no quiere el bebé y busco una otra persona para el bebé. Hay una mujer con un otro bebé, pero ella no quiere un otro. Un hombre que es viejo y no saludable, tampoco quiere el bebé. Chaplin vuelve a la esquina para dejar el bebé. Allí fue un hombre de la policía y Chaplin fue a la calle. Una otra vez lo mismo. Pero nadie quiere el bebé por eso el tiene problemas con una mujer y después con la policía. Cuando el lleva el bebé, Chaplin les una noticia en la ropa del niño, que estás bien para el bebé.	
Learners	DE_WR_19_71_7_14_NJ	2018	19 / 43	44.2	Upper beginner	Male	71	Berlin Business Academy	Certified Business Economist	3	German	German	German	German	64	7	Yes	Spain	2011-2018	""	A1,A2,B1,B2	Upper beginner (A2)	Upper beginner (A2)	Upper beginner (A2)	Upper beginner (A2)	2 / 6	English	Lower advanced (C1)	Lower advanced (C1)	Lower advanced (C1)	Lower advanced (C1)	Written	14	14. Chaplin	written_online	14	Outside classroom	Bilingual dictionary	Charly pasa por delante de las casas y es arrojado a la basura. Luego enciende su propio cigarro. Encuentra un bebé y trata de ponerlo en un cochecito. Luego intenta devolver al bebé al lugar, pero es molestado por un oficial de policía. Luego se lo da a otro hombre que lo vuelve a poner en el cochecito. Charly pasa junto al cochecito. Cree que es la segunda vez que Charly lo intenta, lo golpea y llama a la policía. Ahora se sienta con el bebé en la carretera y encuentra una carta pidiéndole que ame y cuide a este niño.	
Learners	DE_WR_20_50_2_14_HO	2018	20 / 43	46.5	Upper beginner	Male	50	""	""	""	German	German	German	German	48	2	No	""	""	0	""	Lower beginner (A1)	Lower beginner (A1)	Lower beginner (A1)	Lower beginner (A1)	1 / 6	English, Italian	Lower advanced (C1)	Lower advanced (C1)	Lower advanced (C1)	Lower advanced (C1)	Written	14	14. Chaplin	written_online	20	Outside classroom	""	Es muy difficle para mi escribir una storia de Charly Chaplin. <br/> Nunca aprendì espanol. Quiero aprender esta lengua. Me gusta mucho la gente...la tradición...la musica. Todo la mentalodat española. <br/> Soy un miembro de algunos grupos . <br/> Aleman..espanol...oigo musuca latinoamericana y tambien hago algunas esercicios en internet. <br/> Es un sueńo de mi aprender màs..mucho màs. No tengo tiempo ni  dinero para ir al exzranjero por varios meses. <br/> Habo italiano, entiendo un poco, hago muchos fallos...ich möchte reden und verstehen. <br/> No me averguenzo...he estado de vacaziones en paìses de habla hispana varias veces. <br/> Construí una casa, tengo que pagar unos años màs. <br/> Si puedo ir a la pension, seria un deseo y un sueño emigrar en España. <br/> Entonces estoy seguro de que puedo aprender este hermoso lenguaje ràpidamente. <br/>  <br/> Mi español es absolutamente malo. Quiero y lo aprenderè. Vamos a ver..disculpe y gracias... <br/> Un abrazo...Ossy	
Learners	DE_WR_22_25_5_14_AKK	2019	22 / 43	51.2	Lower intermediate	Female	25	""	""	""	German	German	German	German	20	5	No	""	""	0	""	Upper beginner (A2)	Upper beginner (A2)	Lower intermediate (B1)	Upper beginner (A2)	2.25 / 6	Portuguese	Upper intermediate (B2)	Upper intermediate (B2)	Upper intermediate (B2)	Upper intermediate (B2)	Written	14	14. Chaplin	written_online	15	Outside classroom	Bilingual dictionary	Charles Chaplin va a la calle y qando quiere fumar, encontre un bebe. El no sabe que fazer y decide de poner el bebe a una senora. La senora no quiere el bebe. Ella va muy furioso aunque Chaplin já pone el bebe. El pone el bebe en la calle, perro la policia le ve y Charles otra vez pone el bebe. Despues el pone el bebe a un hombre vejo y corre. El hombre vejo pone el bebe a la senora. Quando la senora sale una tienda, ve Chaplin y cree que el ha pongo el bebe allí. Ella va furioso y pone el bebe a Chaplin. En el fin Chaplin encontre una papel con una mensaje. El lleve el bebe.	
Learners	DE_WR_23_20_3_14_SH	2018	23 / 43	53.5	Lower intermediate	Female	20	""	""	""	German	German	German	German	16	3	Yes	Costa Rica	2018	1	""	Upper intermediate (B2)	Upper intermediate (B2)	Lower intermediate (B1)	Lower intermediate (B1)	3.5 / 6	English	Upper intermediate (B2)	Upper intermediate (B2)	Upper intermediate (B2)	Upper intermediate (B2)	Written	14	14. Chaplin	written_online	8	Outside classroom	""	El video es sobre un hombre que fuma en una calle. De repente el hombre lo ha visto un baby que esta en el suelo. La madre del baby no lo quiere. Por eso el hombre trata en otro hombre, pero el también no lo quiere. Al fin el hombre lo quiere y el es muy alegre sobre el baby. El baby es muy pequena, creo que no mayor de un ano. Jjjjjj=jjjjjjjjnnnnnnnnnnnnnjnnnnnnnnnnnnnnnnnnnnnnnnnnnnnnnnnnnnnnnnnnnn	
Learners	DE_WR_24_34_4_14_SO	2018	24 / 43	55.8	Lower intermediate	Female	34	""	Diploma in Speech Therapy	3	German	German	German	English, Spanish	30	4	Yes	Chile	2011, 2013, 2017	3	""	Upper beginner (A2)	Upper beginner (A2)	Upper beginner (A2)	Lower beginner (A1)	1.75 / 6	English	Lower advanced (C1)	Lower advanced (C1)	Lower advanced (C1)	Lower advanced (C1)	Written	14	14. Chaplin	written_online	360	Outside classroom	""	"Es un video con Charlie Chaplin. El esta caminando cuando piedras estan volando desde la casa. Cuando mire, ve un bebe en la calle que sta solito. Charlie pone el nino pero no se que lo que nesesita. Cuandouna mujer con su nino camina en este calle, Charlie quiere poner el bebe en su coche con el otro bebe. Pero la mujer no se gusta y Charlie necesity pone el bebe otra vez. <br/> Despues Charlie quiere pone el nino en la calle, en este momento la policia esta alla y el plan esta rompio. Charlie pone el nino en los brazos de un otro senor en esta calle. Ello traje el bebe y pone el en el coche de las senora. Cuando la senora ve Charlie pone la bebe en los brazos de ello. Charlie se sienta y mire al nino. Hay un papel en la camisa del bebe que dize: ""Necesito amor y abrazos por favor, no tengo madre ni padre!"""	
Learners	DE_WR_25_30_5_14_SD	2018	25 / 43	58.1	Lower intermediate	Male	30	""	""	""	German	German	Spanish	German	25	5	Yes	Peru, Spain	2018	3	""	Upper beginner (A2)	Upper beginner (A2)	Lower beginner (A1)	Lower beginner (A1)	1.5 / 6	""	""	""	""	""	Written	14	14. Chaplin	written_online	45	Outside classroom	""	Chaplin es la calle. Basura se calló a su cabeza. Y el fuma una cigarra. Después el encontrar un bebé. El no sabe dónde puede quedarse. O de donde está.  El pregunto una mujer con un bebé que se puede quedar con ella. Pero ella no quiere un bebé más. Chaplin quería dejar el bebé en la calle. Pero la policia ha viste a el. En el fin Chaplin quiere quedar con el bebé. Porque el encontrar una letra con el bebé. “Enamórame y cuídame”	
Learners	DE_WR_27_19_1_14_AB	2018	27 / 43	62.8	Lower intermediate	Female	19	Westphalian Wilhelms University Münster	""	1	German	German	German	German	18	1	No	""	""	0	""	Lower beginner (A1)	Lower intermediate (B1)	Lower intermediate (B1)	Upper beginner (A2)	2.25 / 6	English	Lower advanced (C1)	Lower advanced (C1)	Lower advanced (C1)	""	Written	14	14. Chaplin	written_online	20	Outside classroom	Bilingual dictionary	Esto  vidéo trata de uno hombre que está fuera en un patio. Aqui descubre un box con unos cigarillos y también descubre un bébé al lado de un cubo. Tiene el bébé y va a la mujer con uno otro bébé y dice: pardon me, you dropped something“. La mujer está furiosa porque no es su bébé. Hombre tiene el bébé una otra vez y la mujer se va. La policia arriba cuando hombre quiere metter el bébé al lado del cubo por una otra vez. Hombre se va y da el bébé a uno otro hombre y sale. El otro hombre pone El bébé en una coche con el otro bébé della mujer y el primo hombre se camufla. La mujer es furiosa, ve el primo hombre y le smetta con su ombrello. La policia arriba y ellos hablan. Primo hombre tiene El bébé y se va y piensa dellas idéas por eliminar el bébé. Al fino escubre una lettera con El bébé que dice: Please love and take care of this orphan Child. El decide de tener el bébé.	
Learners	DE_WR_27_19_6_14_AOK	2019	27 / 43	62.8	Lower intermediate	Female	19	University of Hildesheim	""	1,5	German	Afrikaans	Russian	Russian, German	11	6	Yes	Spain	2019	3	""	Upper beginner (A2)	Upper intermediate (B2)	Upper intermediate (B2)	Lower intermediate (B1)	3.25 / 6	English	Lower advanced (C1)	Lower advanced (C1)	Lower advanced (C1)	Lower advanced (C1)	Written	14	14. Chaplin	written_online	21	Inside classroom	""	Chaplin da un paseo cerca de algunas edeficios construadas. Un hombre tira basura de una ventana. Chaplin está fumando y enciende su cigarillo con la ayuda de su zapato. Después encuentra un bebe que está solo. Al primer él piensa que es la bebe de una mujer porque ella tiene un bebe. Pero no es suya. Cuando Chaplin quiere dejarla un hombre de la policía aparece y Chaplin decide ir con el bebe.  <br/> Después Chaplin encuentra un señor viejo y preguntale si puede tener el bebe cuando Chaplin correctar su zapato. El hombre está de acuerdo, pero Chaplin está corriendo. Ese señor viejo queda la madre con el bebe y deja su bebe al lado de suya. La madre está enfada y cree que el culpo es de Chaplin porque él le pasa en la calle.  <br/> Al final Chaplin obtener el bebe y encuentra un mensaje de su propia madre. El mensaje dice que él tiene que querer el bebe. Los dos están felices y ir probablemente a la casa de Chaplin.	
Learners	DE_WR_27_21_7_14_SG	2019	27 / 43	62.8	Lower intermediate	Female	21	Westphalian Wilhelms University Münster	""	2 years	German	German	German	German	14	7	Yes	Spain	2019	3	""	Lower intermediate (B1)	Upper intermediate (B2)	Lower advanced (C1)	Upper beginner (A2)	3.5 / 6	English	Lower advanced (C1)	Lower advanced (C1)	Lower advanced (C1)	Lower advanced (C1)	Written	14	14. Chaplin	written_online	20	Inside classroom	Bilingual dictionary	En el video se puede ver Charles Chaplin yendo en un calle con un bastón en sus manos. Por siguiente, se cae algo de arriba y acerta Chaplin en su cabeza.  <br/> Chaplin saca una caja de cigarettos de su bolsillo y encenerla. Después tira sus guantes en un cuba. De repente, vió a un bebé que esta emplazado en la calle en una manta. Chaplin vacila al niño mira alrededor a los padres.  <br/> Corre con el niño en sus manos a un cochecito y engaña a él en este. Dice a una mujer que está al lado del cochecito: `Pardon me, you dropped something.`.   <br/> La mujer se enfada y Chaplin va que hay otro niño en el chochecito. Toma el niño y coloca atrás a la calle. Cuando vió un oficial, tomó otra vez el niño y se macha. En la calle se encuentra a un hombre viejo, da el niño a sus manos y sale corriendo.  <br/> El hombre viejo engaña al niño otra vez en el chochecito. La mujer del bebé que fue em el cochecito se enrabia cuando vió el orto niño al lado de su hijo.  <br/> Chaplin pasa la chochecito y la mujer va a la zaga de él. Ella machaca a Chaplin y cuando el oficial cruza la calle, Chaplin tomo otra vez el niño y se sentó a la calle con el niño en brazos.  <br/> De pronto, descubre un papel en la manta del bebé. Enchufa al papel y se va con el niño el sus manos.	
Learners	DE_WR_28_21_5_14_MZ	2019	28 / 43	65.1	Lower intermediate	Female	21	Westphalian Wilhelms University	""	2	German	German	German	German	16	5	Yes	Spain	2004-2009	""	""	Lower intermediate (B1)	Lower intermediate (B1)	Upper intermediate (B2)	Upper beginner (A2)	3 / 6	English	Lower advanced (C1)	Lower advanced (C1)	Lower advanced (C1)	Lower advanced (C1)	Written	14	14. Chaplin	written_online	4	Inside classroom	Spellchecker	Ese vídeo trata de Charlie Chaplin y un bebé que el encontró en un sitio abandonado. El quiere desprender el bebé y lo hace en maneras diversas. Por principio el ve que una mujer con un coche de niños viene. El quiere darla el bebé porque y dice que se cae algo.  <br/> Pero la mujer se enfadarse y por eso Charlie tiene que cogerlo otra vez.  <br/> Después el quiere poner el bebé donde el le encontró pero la policía lo ve y el tiene que traer bebé. <br/> A causa de una trampa el da el bebé a un hombre extraño y el fui.  <br/> El hombre no quiere el bebé tampoco y por eso el le pone en el coche de niños de la mujer del principio.  <br/> Charlie pasa la mujer y ella se enfada otra vez y Charlie va con el bebé en una calle.  <br/> Al final el encontró una carta que llevó el bebé. Allí se dice: << por favor, ame y trata el bebé bien>>.  <br/> Por eso el ame el bebé y el de fue.	
Learners	DE_WR_28_28_1_14_GPT	2019	28 / 43	65.1	Lower intermediate	Male	28	Goethe University	Bachelor	6	German	Moore	Moore	German	28	1	Yes	Spain	2019	6	A2	Lower beginner (A1)	Upper beginner (A2)	Lower intermediate (B1)	Lower beginner (A1)	1.75 / 6	French	Lower advanced (C1)	Lower advanced (C1)	Lower advanced (C1)	Lower advanced (C1)	Written	14	14. Chaplin	written_online	20	Outside classroom	""	En este clip de vídeo,  Charlie Chaplin da un paseo en una calle sucia. Le encuentro un bebé y intento de dar el bebé á una madre que paseo por el parque con su niño. La madre rechaza y Chaplin da el bebé a un hombre. Este hombre ve el coche de bebé de la mujer con su niño y intento de dar el bebé antes de correr.  <br/> Cuando la mujer ve el bebé, ella está furiosa y confronta Charlie Chaplin. <br/> Por último Charlie Chaplin mantiene solamente con el bebé.	
Learners	DE_WR_29_21_3_14_SN	2020	29 / 43	67.4	Upper intermediate	Female	21	University of Innsbruck	""	3	German	German	German	German	16	3	No	""	""	0	""	Lower beginner (A1)	Lower beginner (A1)	Lower beginner (A1)	Lower beginner (A1)	1 / 6	English	Upper intermediate (B2)	Lower advanced (C1)	Lower advanced (C1)	Upper intermediate (B2)	Written	14	14. Chaplin	written_online	900	Outside classroom	Bilingual dictionary	Chaplin va a un calle. Personas echan cosas en le. Entonces toma un cigarro y encender lo con su zapato. El tira sus guantes. Despues el encontra a  un bebé. El ententa dar el bebe a una mujer pero ella no quiero lo. Chaplin toma el bebé nuevamente y la mujer se va. Despues Chaplin pone el bebé en el calle pero la policia viene y Chaplin tiene tomar el bebé. El lo da a un hombre y corre. El hombre pone el bebé a la mujer que Chaplin ha intentado dar el bebé. Chaplin y la mujer encontran y el deba tomar el bebé. Despues esta en el calle con el bebé y encontra una carta a el bebé que dice el debe amar el bebé. Chaplin se va con el bebé.	
Learners	DE_WR_30_21_4_14_LM	2018	30 / 43	69.8	Upper intermediate	Male	21	University of Hamburg	German High School Diploma	2nd semester	German	German	German	German	17	4	No	""	""	0	""	Upper beginner (A2)	Upper intermediate (B2)	Lower intermediate (B1)	Lower intermediate (B1)	3 / 6	English	Lower advanced (C1)	Lower advanced (C1)	Lower advanced (C1)	Upper intermediate (B2)	Written	14	14. Chaplin	written_online	14	Outside classroom	""	Chaplin va en un calle, al lado de una casa. De repente una cosa paso y chaplin esta furioso. Una carta aperece con el frase ''Akward Ass''. Busca un cigarillo y empeza a fumar. Entonces encontra un bebe que esta sentiendo en el tierra. Una mujer aperece y chaplin va a la con el bebe. Chaplin da el bebe a la mujer. La mujer no quiere el bebe proque no es ella. Entonce chaplin pone el bebe en el tierra de nuevo. Un policista aperece y miraba que chaplin hizo. Pues recoge el bebe y sale. Entonces chaplin da el bebe a un anciano	
Learners	DE_WR_30_28_2_14_GV	2020	30 / 43	69.8	Upper intermediate	Female	28	Goethe University Frankfurt am Main	""	3	German	German	German	German	26	2	No	""	""	0	""	Lower intermediate (B1)	Upper intermediate (B2)	Upper intermediate (B2)	Lower intermediate (B1)	3.5 / 6	English	Lower advanced (C1)	Lower advanced (C1)	Lower advanced (C1)	Lower advanced (C1)	Written	14	14. Chaplin	written_online	900	Outside classroom	Background readings about the task topic (newspapers, internet, TV, etc.)	"En el video se ve un hombre que pasea por las callejuelas. Después encendió un cigarrillo señala un bébé en una manta en tierra. Así busca de una persona que posiblemente ha perdido su niño. Encuentra una madre con un niño en un cochecito pero después ha acostado el bébé en este cochecito la madre es furiosa. Por eso el hombre tome el bébé y continua pasear por las callejuelas. Encuentra un otro hombre y le pone el bébé en su brazo. Por lo tanto se escapa y esconde de este hombre. Mientras el otro hombre encuentra el cochecito de la madre y acuesta el bébé. En el momento cuando la madre ve en su cochecito el bébé de nuevo el hombre pasea por la mismo calle. Así la madre cree que es el mismo hombre que ha acostado el bébé en su cochecito le golpea con su paraguas. El hombre tome el bébé y se sienta en la acera. En la manta del bébé encuentra una nota con un mensaje que dice ""Please love and care for this orphan child""."	
Learners	DE_WR_31_20_4_14_EK	2019	31 / 43	72.1	Upper intermediate	Female	20	Westphalian Wilhelms University Münster	""	2 years	German	Greek	German	German, Greek	15	4	Yes	Spain	2019	3	""	Upper beginner (A2)	Upper intermediate (B2)	Lower advanced (C1)	Lower intermediate (B1)	3.5 / 6	Greek	Lower advanced (C1)	Lower advanced (C1)	Lower advanced (C1)	Lower advanced (C1)	Written	14	14. Chaplin	written_online	20	Inside classroom	Bilingual dictionary	Al principio de este video pequeño se muestra el caracter principal caminando en un patio trasero. Eso parece como un escenario consabido porque busca algo para fumar en su chaqueta, quita sus guantes, encende un fósforo con la ayuda de sus zapatos y al final tira sus guantes para empezar fumar. En este momento encuentra un bebé al lado de un cubo de la basura. Para descubrir de dónde es este bebé que parece muy joven, mira alrededor pero en el primer momento no puede encontrar nadie. Charles Chaplin recoge el bebé cuando una mujer con un cochecito pasa por su espalda. Chaplin aprovecha el momente durante el que la mujer no mira al cochecito y pone el bebé aquí. Pero sus planen no funcionaban, la mujer se pone enfandada porque no es el suyo y al finla de esta acción Chaplin ya tiene el bebé.  <br/> La historia continua con Chaplin poniendo el bebé ahí donde lo encontró y un hombre con un uniforme lo ve y Chaplin tiene que quedar con eso.  <br/> Darlo a un hombre ajeno pero él lo pone otra vez en el cochecito de la misma mujer. <br/> Al final Chaplin queda con el bebé porque encuentra un papelito donde se escibe que necesita amor.	
Learners	DE_WR_31_24_7_14_AP	2018	31 / 43	72.1	Upper intermediate	Female	24	University of Bremen	Bachelor	4	German	German	German	German	16	7	Yes	Spain, Colombia	2013, 2014, 2016	24	""	Lower advanced (C1)	Lower advanced (C1)	Lower advanced (C1)	Lower advanced (C1)	5 / 6	English	Lower advanced (C1)	Lower advanced (C1)	Lower advanced (C1)	Lower advanced (C1)	Written	14	14. Chaplin	written_online	4	Outside classroom	""	Charles caminó por la calle mientras varias cosas cayaron de las casas. Después de ensenyarse un cigarillo encontró a un bebé. Llevantó el bebé y vi una muchacha corriendo con un carro de bebés. Mientras la muchacha entró a una casa el dejo el bebé en el carro. Pelearon hasta que tenía que sacar el bebé del carro. Quería dejar en bebé donde lo encontro pero vino un policia que pensó que el iba a dejar su bebé abandonado en la calle. Llevó el ninyo y intento de dejarlo con otras personas en varias maneras. Siempre volvio a estar con el bebé. Al final encontró un papel diciendo que porfavor cuide y ame a bebé.	
Learners	DE_WR_31_26_6_14_BK	2018	31 / 43	72.1	Upper intermediate	Female	26	Julius Maximilian University of Würzburg	""	7	German	German	German	German	20	6	Yes	Spain	2011	3	""	Upper beginner (A2)	Lower intermediate (B1)	Lower intermediate (B1)	Lower beginner (A1)	2.25 / 6	French	Lower advanced (C1)	Lower advanced (C1)	Lower advanced (C1)	Lower advanced (C1)	Written	14	14. Chaplin	written_online	14	Outside classroom	""	Al principio, Charlie Chaplin esta en un lugar donde las calles son muy sucias porque la gente deja sus cosas desde la ventana. Obviamente, la gente no tiene mucho dinero y en un momento, el vé un bebe que esta en el sol y que esta llorando. El no vé los papas y por eso, el lo tiene en sus brasos. Charlie busco une persona que quiere haber el bebe, pero quando el pregunta a la mujer, con su bebe, que esta passando, ella no quiere haberlo. Despues, Charlie quiere quedarlo en el sol, pero un hombre de la policía viene y habla a Charlie. Entonces, Charlie se va con el bebe y no encuentra ninguna persona que quiere haber el bebe. Al final, el encuentra un papel. La persona que ha escrito un text, busca una autra persona que va amar su bebe y que quiere vivír con el bebe.	
Learners	DE_WR_31_27_24_14_MS	2019	31 / 43	72.1	Upper intermediate	Female	27	""	Bachelor	4	German	German	German	German	3	24	No	""	""	0	""	Upper beginner (A2)	Upper beginner (A2)	Lower beginner (A1)	Lower beginner (A1)	1.5 / 6	Macedonian, English, Croatian	Lower advanced (C1)	Lower advanced (C1)	Lower advanced (C1)	Lower advanced (C1)	Written	14	14. Chaplin	written_online	14	Outside classroom	""	Chaplin encontro un bebé atras de una casa vieja i creó que una mujer lo perdio. El lo queria dar a la mujer, pero ella dijo que el bebé no es sujo. Despues queria Chaplin dejar el bebé atras pero en eso momento lo vio un hombre de la policia.  Despues un momento Chaplin vio un hombre viejo, le dejo el bebé y el se esconde en la casa vieja. El hombre dejo el bebé en la coche de bebé que tenia la mujer. En el final se parecio que ej niño no estaba de la mujer pero de Chaplin (no pude ver que dijo la carta que encontro Chaplin en la ropa del bebé).	
Learners	DE_WR_32_24_8_14_JH	2018	32 / 43	74.4	Upper intermediate	Female	24	Copenhagen Business School	B.A.	4	German	German	German	German	16	8	Yes	Mexico	2013	3	""	Lower intermediate (B1)	Upper intermediate (B2)	Upper intermediate (B2)	Lower intermediate (B1)	3.5 / 6	English	Lower advanced (C1)	Lower advanced (C1)	Lower advanced (C1)	Lower advanced (C1)	Written	14	14. Chaplin	written_online	24	Outside classroom	Monolingual dictionary	Veo una persona fumando que entra en el video y tiene una barba y sombrero. Su ropa es elegante y empieza fumar otra cigarillo y luego encuentra un bebé al suelo que está gritando. Recoge al bebé y en este momento viene una mujer con un paseante. En el paseante està un bebe también y el hombre le pone en este paseante también. La mujer lo ve y està muy furiosa. Luego el hombre le toma de vuelta, pero es el bebé de la mujer. Un oficial de policía viene y mira al hombre que en este momento quire poner al bebé en el suelo. Sabe que el hombre ve todo lo que esta haciendo y por eso el se va al otro lugar con el bebé. Está caminando cuando ve a otro paseante. De repente le deja en sus brazos y corre rápidamente. Pero esta persona ve el paseante de la mujer también y deja el bebé ahí. Al fin el hombre tiene el bebé otra vez y el se sienta. Encuentra un papel dentro de la ropa del bebé y lee un mensaje. Después parece muy contento y va con el bebé al otro lado.	
Learners	DE_WR_33_27_1_14_LS	2018	33 / 43	76.7	Upper intermediate	Female	27	""	State Examination	6	German	German	German	German	18	1	Yes	Costa Rica	2011	2.5	""	Upper beginner (A2)	Lower intermediate (B1)	Lower intermediate (B1)	Upper beginner (A2)	2.5 / 6	English	Lower advanced (C1)	Lower advanced (C1)	Lower advanced (C1)	Lower advanced (C1)	Written	14	14. Chaplin	written_online	14	Outside classroom	Bilingual dictionary	En este video Charlie Chaplin esta caminando en una fábrica. Después algo cae del cielo y Chaplin encuentre à un bebe en la calle. Chaplin toma el bébé y busca a la mama. Una mujer con un cochecito no quiere el desconocido bébé. Chaplin piensa dejar el bébé en la calle, pero en este momento el policia llega y Chaplin toma el bébé otra vez. Depués, Chaplin proba dar el bébé a in hombre en la calle y escapa rápidamente. El hombre intenta dar el bébé en el chochecito de la mujer, pero la mujer ve a Chaplin y le da otra vez el bébé. Al final, Chaplin encuentro un mensaje von el bébé que dice que el bébé está un huérfano.	
Learners	DE_WR_34_23_15_14_BA	2020	34 / 43	79.1	Upper intermediate	Female	23	Goethe University	German High School Diploma	3 years	German	German	German	German	1	15	Yes	Colombia	1997-2005	81	""	Upper intermediate (B2)	Upper intermediate (B2)	Upper advanced (C2)	Upper intermediate (B2)	4.5 / 6	English	Upper intermediate (B2)	Upper intermediate (B2)	Lower advanced (C1)	Upper intermediate (B2)	Written	14	14. Chaplin	written_online	14	Outside classroom	""	Cuando Chaplin está andando afuera él encuentra un bebé. No ve nadie cerca de ese bebé. Mientras el busca la mamá del bebé, una mujer anda cerca de él. Ella tiene un Buggy con su propia bebé. Chaplin decide sentar el bebé que encontró en ese Buggy, pero a la mujer no le gusta su decición y Chapline tiene que tomar el bebé con su mismo. Se decide a dejar ese bebé donde lo encontró pero no puede porque un hombre de la policía lo ve. Por eso Chaplin ya toma el bebé por otra vez y va detrás de la casa donde ve un viejo hombre. Chaplin le da el bebé para cerrar sus zapatos. En el momento en que el hombre viejo tiene el bebé en sus brazos, Chaplin se escapa. El hombre viejo que no sabe que hacer con el bebé, ve el Buggy con un bebé de la misma mujer como Chaplin y sienta el bebé de Chaplin en el Buggy y tambien escapa. Chaplin hace el error de estár pasando la tienda al mismo momento cuando la mujer sale. Al momento cuando ella ve a Chaplin y al bebé desconocido en su Buggy, ella toma su umbrella, corre detrás de Chaplin y lo golpea con su paragua. Ella grita por la policia. Chaplin está intentando explicar que ese bebé no es suyo, pero al final el tiene que tomarlo. Chaplin se sienta por la calle, ve un desagüe y piensa sobre hacer el bebé en eso, pero no lo hace. Encuentra un papel en la manta del bebé. Allí está escrito que la persona que encuntra el bebé tiene cuidado al bebé. Chaplin al final decide a mantener al bebé.	
Learners	DE_WR_34_23_4_14_ES	2019	34 / 43	79.1	Upper intermediate	Female	23	Goethe University Frankfurt	Bachelor of Science Psychology	17	German	German	German	German	16	4	Yes	Chile	2018	6	DELE (A2)	Upper intermediate (B2)	Lower advanced (C1)	Upper intermediate (B2)	Lower intermediate (B1)	4 / 6	English	Lower advanced (C1)	Lower advanced (C1)	Lower advanced (C1)	Lower advanced (C1)	Written	14	14. Chaplin	written_online	4	Outside classroom	""	El video es de Charles Chaplin y el episodio se llama el baby. Charles Chaplin está comportandose en una manera típica y está fumando quando el encuentra un bebe. Él piensa que el bebe es de una mujer y da la el bebe. Pero ella dice que no y Charles pone el bebe adonde el lo encontró cuando un policial viene. Chaplin da el bebe a un hombre viejo y el hombre viejo pone el bebe al lado de otro bebe de la mujer de antes. La mujer encuentra el bebe en el momento cuando Chaplin passala y ella le pega con su paraguas. Por fin Chaplin encuentra una carta de papel con el bebe que dice que el bebe no tiene padres y necesita amor.	
Learners	DE_WR_34_26_10_14_MB	2018	34 / 43	79.1	Upper intermediate	Female	26	University of Hamburg	""	3	German	German	German	German	13	10	No	""	""	0	""	Upper intermediate (B2)	Upper intermediate (B2)	Upper intermediate (B2)	Upper intermediate (B2)	4 / 6	English	Upper intermediate (B2)	Lower advanced (C1)	Lower advanced (C1)	Upper intermediate (B2)	Written	14	14. Chaplin	written_online	14	Inside classroom	""	Charly Chaplin pasó por la calle fumando una cigarra entre edificios muy altos, cuando alguién tiraba cosas (vean como piedras) de los balconeses o sea de arriba de los edificios. Cuando pasaba, algunas de las piedras le encontraron y Charly parecía enfadado. Después buscó un cigarillo nuevo en su bolsito porque quería fumar más. Encontró un bebé en la calle al lado de él mismo y miró por todas partes del alrededor de quién podría ser este bebé. Cuando una mujer con carretera de bebés pasa Charly pensó que el bebé abandonado era de ella, por eso decidió a poner el bebé dentro de la carretera de la mujer. Se pelearon porque la mujer estaba enfadada, porque el bebé abandondado no era de ella, entonces Charly tomó el bebé de nuevo y lo quería dejar en la calle donde ha encontrado el bebé. Es que, la policía apareció y no podía dejar el bebé en su lugar del encuentro. Así tomó el bebé otra vez paseando por otra calle para dar el bebé a un hombre mayor. Después se fue muy rápido a otra dirección, el hombre mayor se enfadó de eso. Este hombre pusó el bebé en la carretera de antes y Charly parece ser libre. Cuando Charly pasa por la calle otra vez, sin bebé, la mujer de la carretera le vió y le da la culpa por el bebé que ya estaba otra vez en su carretera. La policía pasa también, por eso Charly tomó el bebé de nuevo consigo mismo y se va. En el final parece como Charly decidió de tener el bebé para cuida de él.	
Learners	DE_WR_34_38_2_14_SN	2018	34 / 43	79.1	Upper intermediate	Female	38	University of Hamburg	""	1	German	German	German	German	36	2	No	""	""	0	""	Lower beginner (A1)	Lower beginner (A1)	Lower beginner (A1)	Lower beginner (A1)	1 / 6	English, French	Lower advanced (C1)	Lower advanced (C1)	Lower advanced (C1)	Lower advanced (C1)	Written	14	14. Chaplin	written_online	2700	Outside classroom	Bilingual dictionary	Es una historia de Charlie Chaplin. Senor Chaplin es en una ciudad y fuma un cigarra. Despues encuentra un bebé. Quiere poner el bebé en un paseante, pero la mama a qui es el paseante ne le quiere pas. Chaplin todavia tiene el infante. Quando deja el infante en una calle un policia le vi. Pues Chaplin tiene que guardar el bebé. Pues Charlie Chaplin quiero dar el infante a otro hombre y se fugar. Hombre tiene el infante et encuentra le paseante del principio de la historia. Pone el bebé dentro. Pues la mama da el bebe a Charlie Chaplin que reviene. Celui-ci encuentra un papel en lequel es inscrito qu' el bebe es un orfano pues Chaplin quiero lo guardar.	
Learners	DE_WR_35_22_4_14_EB	2023	35 / 43	81.4	Upper intermediate	Female	22	Georg August University of Göttingen	German High School Diploma	15	German	German	German	German	18	4	Yes	Argentina	2019	7	""	Lower intermediate (B1)	Lower intermediate (B1)	Upper beginner (A2)	Upper beginner (A2)	2.5 / 6	English	Upper intermediate (B2)	Upper intermediate (B2)	Upper intermediate (B2)	Lower intermediate (B1)	Written	14	14. Chaplin	written_online	17	Outside classroom	""	La película empieza en una calle. Todo es en negro-blanco y es una película de silencio (Nadie dice algo, sólo hay música). Chaplin esta caminando en la calle, los edificios son viejos y algo caído a la cabeza de chaplin (durante su camino). El mira arriba pero no ve nadie. Entonces el busca en sus cosas si encuentra otro cigarrillo (porque la ultima caído). Encuentra uno y quiere seguir caminando. Pero en este momento el ve un bebé al suelo. El mira arriba y en todos lados pero no ve nadie más. Entonces e <br/> Chaplin toma el bebé y suite caminando y busca un lugar o una persona que puede dejar o dar el bebé. Encontraba una mujer que ya tiene un bebé entonces lo deja con el otro bebé cuando la mujer estaba en el edificio por un segundo. Pero la mujer vuelve en el momento cuando Chaplin quiere dejarlo y la mujer empieza a gritar. Entonces chaplin sigue. Encuentra otro hombre y la policía también pero cuando chaplin quiere dejar el bebé siempre algo pasa así que no puede dejar o - si ya lo dejó- el bebé vuelve. Al fin el piensa en dejar el bebé al suelo pero en este momento vi una carta en la ropa del bebé. “Tratar el bebé con amor” se dice. Chaplin mira el bebé en la cara y empieza a amarlo. Entonces se levanta con el bebé y se van juntos.	
Learners	DE_WR_36_22_5_14_JS	2018	36 / 43	83.7	Lower advanced	Male	22	University of Marburg	High School Diploma (Spanish Baccalaureate?	2	German	German	German	German	15	5	Yes	Peru, Spain	2014-2015; 2018	13.5	""	Upper intermediate (B2)	Upper intermediate (B2)	Lower intermediate (B1)	Lower intermediate (B1)	3.5 / 6	English	Lower advanced (C1)	Upper intermediate (B2)	Upper intermediate (B2)	Lower advanced (C1)	Written	14	14. Chaplin	written_online	14	Inside classroom	""	"El video empieza con charles chaplin quien esta caminando por las calles. De repente cayen cosas diferentes como piedras etc. del cielo.  <br/> El lo vi y se asuste un poquito.  <br/> Después quería fumar un cigaretillo pero el encuentra un bebe en una esquina. Lo coge y lo lleva en sus brazos cuando ví a una mujer con su bebe en un carrito pequeño caminando por la calle. Charles chaplin piensa que quisas el bebe sea de esa mujer y por eso fui hacia ella y puse el bebe al lado de otro bebe en el carrito. Cuando la mujer, que antes estaba en una casa y no hubiera sido de ver al hombre, se diò cuenta de charlie chaplin, sacó el bebe del carrito y lo regresó al hombre. Pues el no sabia que hacer con el bebé y por eso decidí ponerlo otra vez en la misma esquina de donde lo ha recogido antes. En el momento en que puse el bebe en el suelo, vení un policia. Viendo a ese hombre charles chaplin recogí otra vez al bebé y se fui. Iendo por las calles encontró a un otro hombre caminando por las calles a quien dió el bebe. Ese hombre, como no sabía adonde poner el bebé lo puse al carrito del la señora que vímos en la primera escena. Lo puse adentro y se fui. Cuando charles chaplin otra vez paso por el carito de la mujer, ella tome el bebe extranjero corrí hacia el, le pegó con su paragua y dejó otra vez el bebe en los brazos de charles chaplin.  <br/> En la última escena vimos al pobre hombre sentandose en la calle. El encuentra una letra en la chaqueta del bebe en la que esta escrito en íngles ""cuida bien a mi bebe, es un buen bebe"". Con esa letra termina la película"	
Learners	DE_WR_36_25_4_14_LV	2018	36 / 43	83.7	Lower advanced	Female	25	University of Milan	Bachelor of Arts	2	German	German	German	German	14	4	Yes	Spain	2017-2018	9	Certificate from Universidad Politécnica de Madrid Level B 2.1.	Upper beginner (A2)	Lower intermediate (B1)	Lower intermediate (B1)	Lower intermediate (B1)	2.75 / 6	English	Lower advanced (C1)	Lower advanced (C1)	Lower advanced (C1)	Upper intermediate (B2)	Written	14	14. Chaplin	written_online	10	Outside classroom	Spellchecker	El video se trata de Charlie Chaplin que encuentra un bebé abandonado en la calle cuando el está paseando por la calle fumando.  <br/> Primero el busca a los padres del bebé. Cuando los dos pasan a una mujer con un cochecito para niños con otro bebé dentro, Charlie Chaplin piensa que sea su bebé también y lo pone en el cochecito con el otro bebé.  <br/> La madre se pone muy enfadada porque no es su bebé y no lo quiere tener en su cochecito. Charlie tiene que recoger el bebé se va corriendo de la mujer.  <br/> Porque el no quiere quedarse con el bebé tampoco, intenta a dejar el bebé y abandonarlo dónde lo ha encontrado mientras la policía aparece.  <br/> Recoge el bebé otra vez y se va. Cuando pasa un hombre en la calle hace como si tenga atar su zapato y gestiona al hombre si puede sujetar al bebé para un momento. Cuando el hombre lo hace, Charlie se va corriendo otra vez y se esconde.   <br/> Por su desgracia, el hombre pone el bebé en el cochecito de la mujer de antes otra vez. Cuando la mujer sale de una tienda esta muy sorprendida de encontrar el bebé desconocido enfrente de su bebé en el cochecito. En este momento, Charlie los pasa y la mujer le reconoce. Ella persigue a el y le da golpes con su paraguas. Los dos empiezan una disputa intensa que esta interrumpido del policía. Charlie tiene que llevarse al bebé otra vez. Se siente en el bordillo con el bebé y no sabe que puede hacer. <br/> Al final descubre un papel en la manta del bebé. Está escrito que el bebé no tiene padres y Charlie decide a guardar el bebé y lo lleva a casa.	
Learners	DE_WR_36_26_10_14_AJ	2018	36 / 43	83.7	Lower advanced	Female	26	University of Hamburg	Bachelor of Arts	6	German	German	German	German	16	10	Yes	Spain	2013	5	DELE B2	Lower intermediate (B1)	Upper intermediate (B2)	Upper intermediate (B2)	Upper intermediate (B2)	3.75 / 6	English	Lower advanced (C1)	Lower advanced (C1)	Lower advanced (C1)	Lower advanced (C1)	Written	14	14. Chaplin	written_online	10	Outside classroom	""	"El video trata de Charly Chaplin, que está en una calle. De repente algo se cae al suelo y C.C. está confundido. Mira al cielo para entenderlo. Empieza a fumar y cuando mira al otro lado mira un bebé. Toma el bebé sin saber que hacerlo correctamente. Mira una mujer que tiene un cochecito para niños grande con solo un bebé. En un momento en lo que la mujer no mira a su bebé C.C. pone ""su bebé"" en el cochecito y corre. La mujer no le gusta y da el bebé a un hombre viejo, que cruza su camino. El hombre está confundido y en el video empieza una caza entre la policía, C.C, la mujer y el hombre viejo. Al fin hay un conflicto entre la mujer, que está muy furiosa, y C.C.. Toma el bebé, sienta y cuando mira al bebé más intensiva, encuentra una carta en la que se pide que alguien ama al bebé. Después de leer, ríe y empieza mover el bebé en su brazos como si fuera su bebé."	
Learners	DE_WR_36_27_1_14_EC	2018	36 / 43	83.7	Lower advanced	Female	27	University of Jena	Bachelor of Arts Political Science	9	German	Italian	German	German, Italian	25	1	No	""	""	0	none	Lower beginner (A1)	Lower intermediate (B1)	Lower intermediate (B1)	Lower beginner (A1)	2 / 6	Italian, English, Portuguese, French	Lower advanced (C1)	Lower advanced (C1)	Lower advanced (C1)	Lower advanced (C1)	Written	14	14. Chaplin	written_online	30	Outside classroom	Spellchecker	En la película, puede se ver un hombre (Charlie Chaplin) que encuentra un bebé en la estrada. El intenta librarse del niño, por ejemplo, dejándolo en el cochecito de una mujer. Cuando el intenta abandonarlo nuevamente en la estrada, un guardia de la policía lo ve e lo amenaza con un bastón. Por eso, Chaplin recoge el bebé e se sienta en el bordillo de la estrada. Meciendo el bebé, Chaplin descubre un papel donde está escrito que el niño es un huérfano y de cuidar bien del bebé. Chaplin aceita, sonriendo.	
Learners	DE_WR_36_28_10_14_LK	2018	36 / 43	83.7	Lower advanced	Female	28	Albert Ludwig University of Freiburg	Master of Science	5	German	German	German	German	15	10	Yes	Costa Rica, Spain	2009, 2011	7	DELE (B2)	Upper beginner (A2)	Lower intermediate (B1)	Upper intermediate (B2)	Lower intermediate (B1)	3 / 6	English	Upper intermediate (B2)	Upper intermediate (B2)	Lower advanced (C1)	Upper intermediate (B2)	Written	14	14. Chaplin	written_online	14	Outside classroom	""	"Charlie Caplin esta andando en una ciudad con casas que apparecen  destruidas. De repente se caye basura en frente de él. Esta pensando ""que raro culo"" y empieza a fumar. Charlie nota un bébé gritando en el suelo. No sé que hacer, así que coge el bébé. Cuando ve a una mujer con un niNo en un cochecito, lleva el bébé hacia esto. Cuando la madre se va un momento en una casa, pone el bébé en el cochecito y  quiere irse. Pero la madre lo ve y se enfada mucho. Chaplin tiene que tomar el bébé de nuevo. Poniendolo otra vez al suelo un hombre de la policia le observa y le dice que no pueda hacerlo. Entonces lleva el bébé hasta que encuentra a un hombre viejo andando con un una pierna enferma. Preguntale si puede llevarlo un momento para que pueda hacer sus zapatos - pero cuando el hombre coge el niNo, Chaplin corre.  El hombre no sé que hacer y pone el bébé en el mismo cochecito como lo hice Chaplin más antes. Chaplin no lo sé y esta andando al lado del cochecito, cuando la madre nota el bébé y la policia viene. La madre golpea al Chaplin con sus paraguas. Al final Chaplin se siente en la calle y piensa de lo que podria hacer. Explora un papel que dice que ame el bébé."	
Learners	DE_WR_36_28_12_14_MB	2018	36 / 43	83.7	Lower advanced	Male	28	University of Hamburg	Bachelor of Arts - Romance Studies / Linguistics	5	German	German	German	German	16	12	Yes	Spain	2011, 2013-14	10	-	Upper intermediate (B2)	Upper intermediate (B2)	Upper intermediate (B2)	Upper intermediate (B2)	4 / 6	English	Lower advanced (C1)	Lower advanced (C1)	Lower advanced (C1)	Lower advanced (C1)	Written	14	14. Chaplin	written_online	34	Outside classroom	""	En el video Charles Chaplin estuvo andando por la calle al frente de una casa, que me parece un poco roto, y ahí hubo una mujer que ha limpado y ha tirado la basura por la ventana. Charles Chaplin sigó andando y fumó y puro. De repente algo se ha caído a su cabeza de arriba. Él tomó otro cigarillo y después vio a un niño que estaba acostando sólo en la calle. El niño estaba gritando y Charles Chaplin lo tomó y buscó por la madre. En este momento la madre vení buscando su niño. La vio y llamó y corrió para darla el niño. El ha puesto el niño en el carrito y dijo a la mujer que ella perdió el niño en la calle. La mujer estaba gritando y probable mente deciendole que no es suya porque el cogió el niño del carrito y salió la mujer. En el momento en lo cual Charles Chaplin quizó poner el niño en el mismo Lugar donde lo ha encontrado pareció un hombre de la policía. Cuando le vió, cogió el niño y salió. El ha dado el niño a un viejo que estaba andando por la calle y salió rapidamente. El viejo estaba buscandole pero no le puso encontrar y dejó el niño en el carrito de la mujer. La mujer estuvo en un mercado y cuando venio en la calle, vio que el niño estuvo de nuevo en su carrito. La mujer vio como Chaplin ha pasado por el mercado y le ha peleado con su parraguas. Quería que el  tomó el niño. La policía pasó y vio la situacion y fue por ahí. Chaplin tuvo que tomar el niño y salió. Se sentió en la calle. En la ropa del niño encontró una letra de la madre pediendo que amen y preocupen por el niño huerfáno. Chaplin decidió de quedar el niño y los dos salieron.	
Learners	DE_WR_36_28_5_14_JMS	2019	36 / 43	83.7	Lower advanced	Female	28	University of Granada	""	2	German	Spanish	German	German	23	5	Yes	Spain	2018	16	""	Upper intermediate (B2)	Upper intermediate (B2)	Upper intermediate (B2)	Upper intermediate (B2)	4 / 6	French	Lower advanced (C1)	Upper intermediate (B2)	Upper intermediate (B2)	Upper intermediate (B2)	Written	14	14. Chaplin	written_online	10	Outside classroom	""	Charlie va por la calle cuando le tiran algo por encima;se para y enciende un cigarro.  <br/> Ve a un bebe en la calle al lado de cubos de basura y mira si ve a alguien que lo habra dejado ahí; busca a un familiar y lo deja en un carrito cerca. Una mujer se acerca dicendole que se vaya con el bebe al cual le deja otra vez en su sitio de encuentra. Este le persigue con el bebe para devolverselo y lo deja en un carrito con otro bebe; <br/> Viene la policía y asi charlie vuelve a recoger el bebe dejandolo en brazos a un hombre pasando por la calle-esto lo ve la mujer de antes,le pega- viene el mismo policía. <br/> Charie con el bebe en brazos se sienta en el suelo y piensa en tirarle a la canalización lo que no hace- pero encuentra un papelito en cual ponde de cuidar del bebe con mucho cariño;cambia la musica , charlie se levanta con el bebe y se va con el niño en brazos	
Learners	DE_WR_37_20_7_14_SH	2020	37 / 43	86	Lower advanced	Female	20	University of Florence	German High School Diploma	2	German	German	German	German	13	7	No	""	""	0	""	Upper intermediate (B2)	Lower advanced (C1)	Lower advanced (C1)	Upper intermediate (B2)	4.5 / 6	Italian	Lower advanced (C1)	Lower advanced (C1)	Lower advanced (C1)	Lower advanced (C1)	Written	14	14. Chaplin	written_online	24	Outside classroom	""	En ese video se puede ver Charlie Chaplin que va por la calle. Está en un pequeño pueblo y lleva consigo su bastón. Hay gente que tira su basura por la ventana y esa cae sobre la cabeza de Charlie Chaplin. En un rincón de la calle Charlie Chaplin encuentra un pequeño bebé abandonado. Se pregunta de quién es y se lo lleva para buscar a su madre. Por primero intenta gritar hasta la ventana de la casa a su frente, pero ninguno le responde. Después pasa una mujer que lleva consigo su bebé en un carro de niños. Chaplin piensa que ella puede ser la madre e intenta darle el bebé. La mujer no está contenta y no acepta el bebé. Chaplin tiene que buscar otra solución. Intenta abandonar el bebé en el lugar en el que lo había encontrado, pero en ese momento llega un policía y Chaplin no puede hacerlo. Va con el bebé por la calle y ve a un hombre viejo. Lo deja en los brazos del hombre y se esconde para que el hombre no pueda devolver el bebé a Chaplin. El hombre está sorprendido y busca un puesto mejor para el bebé. Ve el carro de niños de la mujer y situa aquí el bebé. En el momento en que la mujer se da cuenta del bebé, pasa Chaplin por la calle y la mujer le obliga de llevarlo consigo. Al final Chaplin encuentra una hoja de papel dentro el vestido del bebé. Esa pide que alguien se deba ocupar con amor de este niño abandonado. Chaplin decide hacerlo y lleva el bebé consigo.	
Learners	DE_WR_37_21_6_14_SL	2018	37 / 43	86	Lower advanced	Female	21	Georg August University of Göttingen	""	6th semester	German	German	German	Low German	16	6	No	""	""	0	""	Lower advanced (C1)	Upper intermediate (B2)	Upper intermediate (B2)	Upper intermediate (B2)	4.25 / 6	French	Lower advanced (C1)	Lower advanced (C1)	Lower advanced (C1)	Lower advanced (C1)	Written	14	14. Chaplin	written_online	14	Outside classroom	""	En esta pequeña sección, se trata del intento del protagonista de liberarse de un bebé, lo cual encontró en la calle. El bebé se quedaba sola hasta que un hombre (Charles Chaplin) lo encontró y intentó darlo a su madre. Al ver a una mujer pasar por la calle, la creyó ser la madre del bebé y puso el bebé delante del otro. La mujer se puso enfadada así que Charles se quedó con el bebé. Tan pronto como decidió reponerlo en la calle, apareció un policía. De consecuencia, el protagonista sigue teniendo el bebé en sus brazos. Poco después, vió a otro hombre, le dió el bebé y salió rápidamente. Este otro hombre puso al bebé otra vez delante del bebé de la mujer. Ella lo notó mientras Charles pasó por el camino. Le golpeó con su paraguas así que Charles se quedó otra vez con el bebé. Al sentarse en el acero, encontró una letra en el que se dijo que la persona que encontraba al bebé, debía ocuparse de ello con cariño. Al final, el protagonista se puso feliz y desapareció manteniendo el bebé en sus brazos.	
Learners	DE_WR_37_22_5_14_MH	2019	37 / 43	86	Lower advanced	Male	22	University of Passau	""	2,5	German	German	German	German	17	5	Yes	Spain	2016	11	""	Lower advanced (C1)	Lower advanced (C1)	Upper advanced (C2)	Lower advanced (C1)	5.25 / 6	French	Upper intermediate (B2)	Upper intermediate (B2)	Upper intermediate (B2)	Upper intermediate (B2)	Written	14	14. Chaplin	written_online	17	Inside classroom	""	"Chaplin, que está dando un paseo en lo que parece un polígono industrial, encuentra, mientras fuma, un bebé que está abandonado en el suelo. Cuando pasa una madre con su propio niño, él piensa que a ella se le había caído el bebé. Le habla pero resulta que el pequeño niño no es suyo. Entonces Chaplin intenta de depositarlo donde lo había encontrado antes, solo para ser descubierto por un policía que le mira severamente y le hace llevarse el bebé. Mientras sus esfuerzos de encontrar alguien demás para preocuparse del niño, encuentra a un anciano, pretende arreglarse los zapatos y ruega al anciano de tenderlo en sus brazos durante un momento. Intenta escaparse y se esconde en un edificio abandonado. El anciano encuentra precisamente la misma manera de deshacerse del bebé, poniéndolo en el carrito de la misma mujer que antes. Mientras tanto, Chaplin, al salir de su escondite, es sorprendido por el policía y se huye otra vez. Cuando pasa por el carrito de la mujer que está furiosa por la misteriosa duplicación de su niño, ella le persigue y, golpeándole con su paraguas, le hace llevarse el bebé de nuevo, bajo la severa mirada del policía. Cuando se sienta y atiende al niño, brevemente pensando en echarlo a un canal de abastecimiento, encuentra un pequeño pedacito de papel en lo que se puede leer: ""Por favor, quiera y cuídese de ese niño orfano"". Esto hace a Chaplin llevarse el bebé definitivamente."	
Learners	DE_WR_37_23_4_14_AH	2019	37 / 43	86	Lower advanced	Female	23	""	""	""	German	German	German	German	19	4	Yes	Colombia, Spain	2016, 2017, 2018	9	DELE (B2)	Upper intermediate (B2)	Lower advanced (C1)	Lower advanced (C1)	Upper intermediate (B2)	4.5 / 6	English	Lower advanced (C1)	Lower advanced (C1)	Lower advanced (C1)	Lower advanced (C1)	Written	14	14. Chaplin	written_online	2	Outside classroom	""	Um hombre encuentra un bebé perdido. Al principio piensa que pertenece a la mujer que está en la calle con un coche de bebés. El hombre quiere devolverla el bebé. Empieza una discusión porque el bebé no es de la mujer. Entonces el hombre lo quiere dejar donde lo ha encontrado. Al dejar el bebé viene una policia y le regaña a al hombre por intentar dejar un bebé en la calle. El hombre se lleva el bebé e intenta engañar otro hombre. Ese deja el bebé otra vez en el coche de la mujer. La mujer se queja porque piensa que ha sido el otro hombre. Al final el hombre se queda con el bebé porque encuentra una carta en su ropa con una noticia.	
Learners	DE_WR_37_23_4_14_RG	2018	37 / 43	86	Lower advanced	Male	23	Technical University of Dresden	""	4	German	German	German	German	19	4	No	""	""	0	Uniert 1 (Level A2+)	Lower intermediate (B1)	Upper intermediate (B2)	Upper intermediate (B2)	Lower intermediate (B1)	3.5 / 6	English	Lower advanced (C1)	Lower advanced (C1)	Lower advanced (C1)	Lower advanced (C1)	Written	14	14. Chaplin	written_online	14	Outside classroom	Spellchecker	En el video que es en negro y blanco, Charlie Chaplin está caminando por las calles cuando algunas piedras caen de un techo. Él no está muy contento y empieza a fumar un cigarro. Entonces Chaplin se encuentra un bebé en la calle y busca a su mujer. Cuando ve a una mujer con otro bebé Chaplin lo da a la mujer pero el bebé no es de ella. Chaplin no quiere quedarse con el bebé y lo pone en el lugar donde se lo encuentró. Sin embargo un hombre de la policía lo ve y Chaplin sale con el bebé. Después él da el bebé a un hombre y desaparece pero el hombre se encuentra a la mujer otra vez. Cuando Chaplin reaparece la mujer está muy agitada y habla con el hombre de la policía. Al final Chaplin lleva el bebé otra vez y se encuentra una mensaje que dice que la persona que encuentra a esto bebé debería ayudar.	
Learners	DE_WR_37_23_8_14_KJ	2018	37 / 43	86	Lower advanced	Female	23	University of Hamburg	German High School Diploma	2,5	German	German	German	German	15	8	Yes	Chile, Argentina, Ecuador	2013-14, 2015	17	Tandem (B1)	Lower advanced (C1)	Lower advanced (C1)	Lower advanced (C1)	Upper intermediate (B2)	4.75 / 6	English	Lower advanced (C1)	Lower advanced (C1)	Lower advanced (C1)	Upper intermediate (B2)	Written	14	14. Chaplin	written_online	40	Outside classroom	""	En el video se ve como Charly Chaplin está caminando frente a una casa. Todo parece muy sucio y alguien está botando basura o algo parecido de la ventana, encima de Chaplin. Empieza a fumar y por algun razòn tira sus guantes en la basura. En este momento su mirada ecuentra el bebé que está al lado de la basura, dejado allì solo en el suelo. Lo pone en el brazo y justo pasa una mujer con su bebé en el cochecito. Parece que está buscando algo o alguien. Deja el cochecito solo a fuera mientras pasa a la casa. Quizas está buscadno al otro bebé? Entonces Chaplin quiere dejar el bebé que ha encontrado al lado del otro en el cochcito. La mujer vuelve y se enoja. Parece que no estaba buscando al bebé...Entonces Chaplin vuelve el bebé a su lugar al suelo donde lo ha encontrado. Pero justo en este momento viene un policía y obvío que no puede dejar el bebé ahí. Entonces lo pone y va a la calle. Deja el bebé en los brazos de un viejo para arreglar sus zapatos y en el momento correcto huye. El hombre y el bebé le siguen. Corren y corren y de repente el viejo ve el cochecito con el otro bebé. Tiene la misma idea omo Chaplin y deja el bebé ahí y se va corriendo. Y en el momento en que la mujer vuelve a su cochecito no se ve el viejo, sino Chaplin que está pasiando por la calle. Lo pega con el paraguas y grita y después un rato también viene el policía y lo forcan para que ponga el bebé. Entonces Chaplin se siente ahí en la calle para pensar que hacer. Mira al bebé y encuentra un nota que dice: Por favor ama y cuida este nino. Y Chaplin ya lo ama, tan dulce que es.	
Learners	DE_WR_37_25_12_14_LL	2018	37 / 43	86	Lower advanced	Female	25	University of Hamburg	Bachelor of Arts Spanish	3	German	German	German	German	13	12	Yes	Costa Rica	2013, 2014, 2015	12	""	Upper advanced (C2)	Upper advanced (C2)	Upper advanced (C2)	Lower advanced (C1)	5.75 / 6	Italian	Lower advanced (C1)	Lower advanced (C1)	Lower advanced (C1)	Upper intermediate (B2)	Written	14	14. Chaplin	written_online	14	Outside classroom	""	Chaplina esta paseando por una calle vacia, pero llena de basura. Derepente le calle basura encima, que alguien esta tirando de una ventana. Cuando Chaplon quiere fumar una cigara y esta buscando el encendedor, ve que hay un bebe en la calle. Lo toma en sus brazos y se gira para ver si puede econtrar la mama. Cuando pasa una mujer con un coche. Tiene la idea de dejar el bebe en ese coche, pero cuando la mama sale de la casa se enoje tanto que Chaplin lo toma en sus brazos otra vez.  Se va detras de la esquina, para dejar el bebe en el suelo, cuando pasa el policia. Le dice que es prohibido dejarlo, asique se lo lleva otra vez. Parece qie Chaplin no tiene buena suerte. Derepente pasa un hombre y Chaplin intenta a dejar el bebe con el, pero al final resulta que el bebe llega otra vez en sus brazos. Se siente en la marchapiede, pesando de tiearlo a la canalisación. Chaplin no se atreve y en vez de tirarlo saca una letra. Ese mismo bebe es un orfanato buscando solamente amor.	
Learners	DE_WR_37_26_3_14_JH	2019	37 / 43	86	Lower advanced	Female	26	Nova School of Business and Economics	Bachelor	5 (university only)	German	German	German	German	16	3	Yes	Spain	2010	1	Dele A2	Upper beginner (A2)	Upper intermediate (B2)	Upper intermediate (B2)	Upper beginner (A2)	3 / 6	French	Lower advanced (C1)	Lower advanced (C1)	Lower advanced (C1)	Lower advanced (C1)	Written	14	14. Chaplin	written_online	4	Outside classroom	""	Charly Chaplin fue de paseo en una calle. Encontró a un bebe y no sabia lo que podría hacer con el nino. Vio a una mujer con un cochecito para ninos con un bebe por dentro y tenía la idea de darla el bebe que había encontrado. Pero la mujer no quería guardar al bebe. Charly Chaplin quería dejar el bebe en la calle, pero un guardia lo vio. Despues de un rato, Charly Chaplin encontró un papel en la ropa del bebe que dice que este bebe es un huerfano y pide que la persona que encuentra al bebe lo ame y se preocupe. Charly Chaplin decide guardar al bebe.	
Learners	DE_WR_38_21_10_14_HYR	2018	38 / 43	88.4	Lower advanced	Female	21	University of Granada	Leaving Certificate (Ireland)	12 years school, 2 years university	German	German	German	German	11	10	Yes	Spain	2018	2.5	""	Upper intermediate (B2)	Upper intermediate (B2)	Upper intermediate (B2)	Upper intermediate (B2)	4 / 6	English	Lower advanced (C1)	Lower advanced (C1)	Lower advanced (C1)	Lower advanced (C1)	Written	14	14. Chaplin	written_online	900	Inside classroom	""	El video es una pelicuala selencia (sólo tiene musica) en negro y blanco que cuenta la historia de como el personaje Charlie Chaplin descubró a un bebé abandonado en una calle. Al principios, Charlie Chaplin camina fumando en una calle sucia, donde callan cosas de los edificios a la calle debajo. Algo calle encima de él y por eso tiene que buscar una nueva cigarra. Despues de encenderlo Charlie Chaplin ve a un bebé abandonado en el piso. Lo tome en su abrazo y busca a un lugar para ponerlo. Una mujer pasa con su bebé y él decide ponerlo con su bebé. Ella se enfadada y por eso Chaplin tiene que buscar otra solucion. El video continua con la busca de una person que puede cuidar al bebé. Al finales, Charlie Chaplin encuentra que el bebé tiene una carta que pide a la person que lo encuentre que cuide al bebé y despues de leerlo Charlie Chaplin sale con el bebé.	
Learners	DE_WR_38_21_7_14_CW	2018	38 / 43	88.4	Lower advanced	Male	21	University of Granada	""	3	German	German	German	German	14	7	Yes	Ecuador	2015	11	DAAD (B2)	Upper intermediate (B2)	Upper intermediate (B2)	Lower intermediate (B1)	Lower intermediate (B1)	3.5 / 6	Hebrew	Lower beginner (A1)	Lower beginner (A1)	Lower beginner (A1)	Lower beginner (A1)	Written	14	14. Chaplin	written_online	5	Inside classroom	""	Primero se puede ver a Charlie Chaplin andando por un callejon industrial. Muchos basureros están por allí. de repente cae basura desde arriba al hombro de Charlie. Este bota sus guantes al basurero y se entera de que un bebé está al lado del basurero. Lo recoge y busca a la persona que lo dejo en el suelo. Va trás una mujer con coche y pone el bebé adentro. Ella se enfada, así que regcoge otra vez al bebé y se lo da a un viejito. Este tampoco quiere quedarse con el bebé y lo devuelva a Charlie. Un policiaco está por allí observando a Charlie. Después de unos cuantos intentos de deshacerse del bebé, Charlie se sienta al suelo y encuentra un papelito dentro de las telas que enrollan al bebé. En éste está escrito que la persona que encuentre al bebé tiene que cuidar al órfano. Al final Charlie se levanta y sale de la pantalla con el bebé en sus brazos.	
Learners	DE_WR_38_21_8_14_NP	2018	38 / 43	88.4	Lower advanced	Female	21	University of Hamburg	""	1,5	German	German	German	German	13	8	No	""	""	0	-	Lower intermediate (B1)	Upper intermediate (B2)	Upper advanced (C2)	Upper intermediate (B2)	4.25 / 6	English	Upper intermediate (B2)	Lower advanced (C1)	Lower advanced (C1)	Lower advanced (C1)	Written	14	14. Chaplin	written_online	17	Outside classroom	""	Un hombre anda en una calle y encuentra a un bebé que está en la basura. No hay nadie para cuidar al bebé. El hombre toma el bebé para que vuelva a su familia. Cuando ve una mujer con una niña pequeña, el hombre piensa que la mujer es la madre del bebé también. Desgraciadamente, la mujer está muy argumentativa porque el bebé no es suya. Entonces, el hombre trata de dar el bebé a otro hombre y se va rápidamente. Como el primer hombre, este hombre piensa tiembién que es el bebé de la madre de la niña y pone el bebé cerca de la niña. Cuando la mujer vuelve a su hija, solamente ve el primer hombre andando en la calle y le da el bebé otra vez. Después, el hombre lee una carta donde pone que el bebé es un órfano y que la persona que encuentre al bebé debe cuidarlo. Por eso, el hombre decide que quiere cuidar al bebé.	
Learners	DE_WR_38_22_6_14_AG	2020	38 / 43	88.4	Lower advanced	Female	22	Goethe University Frankfurt am Main	German High School Diploma and intended State Examination	3	German	Turkish	German	Turkish, Spanish	16	6	No	""	""	0	""	Upper intermediate (B2)	Upper intermediate (B2)	Upper intermediate (B2)	Upper intermediate (B2)	4 / 6	English	Lower advanced (C1)	Lower advanced (C1)	Lower advanced (C1)	Lower advanced (C1)	Written	14	14. Chaplin	written_online	10	Outside classroom	Spellchecker	Chaplin encuentra un bebé en la calle que está solo. Le pone en un cochecito en el que sienta otro niño. Él piensa que es el bebé de la madre que está al lado y que le perdió. Como no es su niño, la mujer está enfadada. Después Chaplin pone el bebé en el suelo cuando un policía llega. Entonces Chaplin toma el bebé otra vez y desaparece para dar el niño a un viejo. Este viejo está confuso y le pone en el mismo cochecito. Cuando la madre del otro niño llega, ve a Chaplin que está pasando y le confronta con su enfado. Chaplin encuentra una carta que dice que el niño no tiene padres. Por eso, Chaplin se queda con el niño.	
Learners	DE_WR_38_22_6_14_LE	2020	38 / 43	88.4	Lower advanced	Female	22	Goethe University Frankfurt	German High School Diploma	3	German	German	German	German	16	6	Yes	Spain	2017 und 2019	7	B2	Upper intermediate (B2)	Lower intermediate (B1)	Upper intermediate (B2)	Upper intermediate (B2)	3.75 / 6	English	Upper advanced (C2)	Upper advanced (C2)	Upper advanced (C2)	Upper advanced (C2)	Written	14	14. Chaplin	written_online	4	Outside classroom	Bilingual dictionary, Grammar book	Un hombre encuentra un bebé en la calle y intenta enontrar a alguien que lo coja de sus manos porque no quiere la responsabilidad de buscar a los padres. Cuando nadie lo quiere, el hombre intenta secretamente ponerlo en un coche de niños de una mujer y también en la calle, donde lo había encontrado pero siempre és cogido y tiene que buscar otra solución. Al final encuentra un papél en la ropa del bebé que dice que por favor amar y cuidar al bebé que ya no tiene padres. Entonces, el hombre decide cuidar al bebé.	
Learners	DE_WR_38_23_5_14_PB	2020	38 / 43	88.4	Lower advanced	Male	23	Goethe University Frankfurt am Main	German High School Diploma	2	German	German	German	German	16	5	Yes	Paraguay, Spain, Mexico	2013, 2014, 2016-2017	17	DELE B2	Upper intermediate (B2)	Upper intermediate (B2)	Upper intermediate (B2)	Lower intermediate (B1)	3.75 / 6	English	Upper intermediate (B2)	Upper intermediate (B2)	Upper intermediate (B2)	Upper intermediate (B2)	Written	14	14. Chaplin	written_online	30	Outside classroom	""	"Un hombre está caminando en la calle fumando mienstras la gente que vive en los edificios tiran su basura de la ventana a la calle. Una de las cargas le da un golpe al señor antes de que aparecen las palabras ""idiota patético"" en la pantalla. Despues el señor se enciende otro cigarro, se limpia, tira sus guantes que aparentemente volvieron sucios y y quiere seguir su camino.  <br/> De repente, él encuentra un bebé llorando en el suelo. Aparentemente, el señor está muy sorprendido y checa si alguíen ha tirado al bebé también. Mientras una mujer empujando un coche de niños pasa el señor recoge al niño.  <br/> Camina  hacía el cochecito mientras la señora no pone atención a su propio bebé y pone el bebé en el cochecito diciendo a la señora ""Disculpe, usted ha perdido algo"". La Señora reaciona enojadamente y el señor recoge al niño de nuevo.  <br/> Su plan siguiente es poner el bebé donde lo había encontrado. Mientras lo hace un policía lo mira sospechosamente. El señor se gira, choca con el policía, encuentra su mirada, reconoce su error y recoge al niño una vez más.  <br/> Alejándose de la situación el hombre se encuentra con otro señor en la calle. Le da un signo que él se quisiera anudar los cordones de zapato y que el otro señor agarre al niño por un momento. Haciéndolo el descubriador del niño intenta a correr y huirse sin el niño. El otro señor empieza a seguirle pero el fugitivo se esconde. <br/>  Buscándolo el otro señor pasa por el cochecito de la señora de antes, piensa muy cortamente y pone el bebé a dentro mientras la señora está dentro de una tienda. <br/>  <br/> El descubriador del niño sale de su escondite y intentando de no cruzar caminos con el policía pasa por el mismo camino como el otro señor también y se encuentra con la señora y el bebé en el cochecito. La señora le da golpazos con sus paraguas y lo obliga que recoja al niño. Al final, el policía se agriega a la situación también con consequencia que el señor agarre al niño en fin.  <br/> Aparentemente cansado y desesperado de todo lo que ha pasado el señor se sienta en el andén. Su última idea de deshacerse del niño es tirarlo en el sumidero pero no lo hace. Despues de que lo había itentado a acariciar y el niño lo había mordido el señor encuentra un papelito mezclado en la ropa del bebé que dice ""Por favor, que ame y cuide por este niño huérfano"". Entonces el señor lo mira muy agradecidamente y decide de quedarse con el niño."	
Learners	DE_WR_38_23_6_14_RS	2019	38 / 43	88.4	Lower advanced	Male	23	Cologne University of Applied Sciences	""	5	German	Arabic	German	German	16	6	Yes	Panama, Spain	2013-2019	15	""	Lower intermediate (B1)	Upper intermediate (B2)	Upper intermediate (B2)	Lower intermediate (B1)	3.5 / 6	English	Lower advanced (C1)	Lower advanced (C1)	Lower advanced (C1)	Lower advanced (C1)	Written	14	14. Chaplin	written_online	5	Inside classroom	""	Chaplin está caminando por la calle hasta que caiga algo en su cabeza. Después para y coge un cigarillo y lo enciende. Èl encuentra un bebé en la calle y lo recoge. Después porsigue una mujer para darle su bebé pero no le partenece. Después quiere ponerlo en la calle pero un policía viene y Chaplin se va con el bebé. Encuentra a un hombre y le da el bebé porque hace una trampa y empieza a correr. El hombre lo persigue pero no le encuentra y pone el bebé en el cochecito. La madre encuentra su cochecito con otro bebé y ve a Chaplin y empieza a pegarle con su paragua hasta que tome el bebé. La policía viene otra vez y Chaplin lo toma otra vez. Al final Chaplin cuida al bebé.	
Learners	DE_WR_38_23_7_14_LKM	2018	38 / 43	88.4	Lower advanced	Female	23	University of Hamburg	B.A.	5	German	German	German	German	16	7	Yes	Spain	2015	4	""	Upper intermediate (B2)	Lower advanced (C1)	Upper intermediate (B2)	Upper intermediate (B2)	4.25 / 6	English	Lower advanced (C1)	Lower advanced (C1)	Lower advanced (C1)	Lower advanced (C1)	Written	14	14. Chaplin	written_online	14	Outside classroom	""	El  vídeo trata de un hombre que está caminando por una obra. Encuentra a un bebé abandonado. Lo levanta de la calle y intenta ponerlo en el cochecito de una mujer. Sin embargo, ella lo atrapa así que él se queda con el bebé. Después quiere ponerlo a la calle de nuevo, pero de repente un policía aparece así pues el hombre se queda con el bebé. Después de su último ensayo el decide guardar el bebé.	
Learners	DE_WR_38_24_6_14_NS	2020	38 / 43	88.4	Lower advanced	Male	24	Goethe University	""	3	German	German	German	German	18	6	Yes	Spain	2016 - 2017, 2019 - 2020	15	Certificate from the University of Almería (B2)	Upper intermediate (B2)	Lower advanced (C1)	Lower intermediate (B1)	Lower intermediate (B1)	3.75 / 6	English	Lower advanced (C1)	Lower advanced (C1)	Upper intermediate (B2)	Lower intermediate (B1)	Written	14	14. Chaplin	written_online	24	Outside classroom	""	"Al principio del vídeo se puede ver a Charlie Chaplin en una calle y está andando en dirección de la camera, cuando de repente alguien tiró piedra de un edificio. Charlie prende un cigarro cuando se nota que a su lado está un bebé. El coge el bebé y le da cuenta que al fin de la calle está una mujer con un bebé. Charlie le da el bebé y ambos discuten sobre el bebé. Como la mujer no quiere el bebé el lo coge y lo pone en el suelo. Detrás de él aparece un policía y Charlie se va con el bebé. Cuando gira a otra calle nota un hombre mayor y le da el bebé. <br/> El señor no sabe qué hacer, entonces lo pone en el Kinderwagen, de la mujer que ya ha cruzado con Charlie. El señor se va y la mujer nota que tiene dos hijos en el Kinderwagen. Charlie, andando muy contento, entra en la escena y ella le sigue. Le da un golpe con un paraqua. Se discuten y otra vez aparece el policía. Charlie se va con el bebé en los brazos y se siente en la calle. Le da cuenta que el bebé tiene un papel en la chaquetita que lleva. Abre el papel y está escrito ""Por favor ama y cuida a este niño"""	
Learners	DE_WR_38_24_7_14_RP	2018	38 / 43	88.4	Lower advanced	Female	24	University of Barcelona	""	1	German	German	German	German	17	7	Yes	Spain	2015-2016; 2017-2018	11	""	Upper intermediate (B2)	Lower advanced (C1)	Lower advanced (C1)	Upper intermediate (B2)	4.5 / 6	French	Lower advanced (C1)	Lower advanced (C1)	Lower advanced (C1)	Lower advanced (C1)	Written	14	14. Chaplin	written_online	10	Outside classroom	""	"Esta película se llama ""El niño"" y es una de las mas famosas de Charlie Chaplin quien era un gran actor de las pelis mudas. En el video se ve el escenario cuando Charlie encuentra el huerfano putativo. Lo encuentra en la calle a lado de la basura y primero intenta de quitarselo de encima. Estos intentos siempre fallan por una mujer que no accepta que Charlie pone el niño en su cochecito donde ya hay otro niño de ella o por el guarda que vigila Charlie porque sospecha que él haga una tontería con el niño. Al final Charlie encuentra un pequeño papelito en el bolsillo del niño donde pone una frase que lo quien encuentre este huerfano debe cuidarlo y amarlo. Charlie decide de llevar el niño a su casa y el nene crece con el."	
Learners	DE_WR_38_25_7_14_CR	2018	38 / 43	88.4	Lower advanced	Female	25	University of Bonn	Bachelor	6 years	German	German	German	German	18	7	Yes	Spain	2013, 2014, 2018	12	C1 CSLM CÁDIZ	Lower advanced (C1)	Lower advanced (C1)	Lower advanced (C1)	Lower advanced (C1)	5 / 6	French	Lower advanced (C1)	Lower advanced (C1)	Lower advanced (C1)	Lower advanced (C1)	Written	14	14. Chaplin	written_online	8	Outside classroom	""	Charlie Chaplin está andando en la calle tocado de piedras que caen abajo de una casa cuando encuentra un bebé. Pasa una mujer con otro bebé. Charlie pone al bebé encontrado al lado de este bebé por lo cual a mujer está enfadada. Después de coger al bebé le da a un hombre, que pasa por la calle, y se esconde detrás de un muro. El otro hombre pasa a una tienda delante de que la dicha mujer ha dejado su bebé. El hombre tiene la misma idea como Charlie y pone a 'su' bebé al lado de este bebé antes de que vuelva la mujer enfada que está quejándose. Aparece un policía que arregla la situación así que Charlie pone al bebé en sus brazos. Al sentarse en la calle encuentra un papel en la ropa del bebé con el mensage de cuidarse de él.	
Learners	DE_WR_38_28_28_14_LBK	2018	38 / 43	88.4	Lower advanced	Female	28	University of Hamburg	General University Entrance Qualification	1,5	German	Spanish	German	German	1	28	Yes	Spain	1989-1997	96	""	Upper advanced (C2)	Lower advanced (C1)	Upper advanced (C2)	Upper intermediate (B2)	5.25 / 6	English	Upper intermediate (B2)	Lower advanced (C1)	Lower advanced (C1)	Upper intermediate (B2)	Written	14	14. Chaplin	written_online	3	Outside classroom	""	El video se trata de Charlie Chaplin, quien encuentra una bebé en un callejon. <br/> El bebé está tirado al lado de una basura. Cuándo pasa y lo ve, lo coje y intenta de dárselo a otras personas. Un policía se da cuenta y por eso se lo tiene que quedar. También intenta en meter el bebé en otro carro, pero la madre se da cuenta y se enfada.  <br/> Al final se sienta y encuentra una carta, dónde pone, que la persona que encuentre al bebé Le cuide y le dé amor y una casa cariñosa. Charlie le mira al bebé con mucho cariño.	
Learners	DE_WR_38_32_13_14_KK	2019	38 / 43	88.4	Lower advanced	Female	32	""	""	""	German	German	German	German	17	13	Yes	Spain	""	23	""	Upper intermediate (B2)	Upper intermediate (B2)	Upper intermediate (B2)	Upper intermediate (B2)	4 / 6	English	Upper intermediate (B2)	Upper intermediate (B2)	Upper intermediate (B2)	Upper intermediate (B2)	Written	14	14. Chaplin	written_online	14	Outside classroom	""	"Al principio de la película se ve a Chaplin en un patio detrás de algunas casas rotas. Alguna gente tira basura en el patio y Chaplin se asusta un poco de esto. Después se acerca un poco más y enciende un cigarillo. De repente se da cuenta de que hay un bebé en la esquina que está llorando. Chaplin se pregunta si alguién lo había botado allá. Toma el hijo en sus brazos y busca a alguién a quien podría permanecer. En este momento viene una mujer con su hijo en un cochecito. Chaplin piensa que esto podría ser la mamá y deja el bebé en su cochecito. Pero la mujer rápidamente se da cuenta de que hay dos bebés en su cochecito y lo reclama al Chaplin. Entonces él toma de vuelta al bebé y intenta de dejarlo al lado de los cubos en el patio. Pero justamente en este momento viene la policía y rápidamente Chaplin sube al bebé y se esconde. Después intenta de dejar el bebé con otro caballero en la calle. Le da al hijo en sus manos y corre para escapar. El caballero no sabe que hacer con el bebé y anda un poco por la calle. Ve el cochecito otra vez y pone el bebé otra vez dentro para huir. Justamente en el momento cuando vuelve la mamá Chaplin pasa por la calle. Ella saca el bebé del cochecito y lo devuelve al Chaplin. Ahora Chaplin está desecepcionado. Con el bebé se siente en la calle y piensa. Por un corto momento se le ocurre de botar el bebé en la canalización. Pero finalmente encuentra un papelito cerca del hijo. Por allá está escrito lo siguiente: ""Por favor ama y cuida al huérfano."" Chaplin está feliz y se va con el bebé."	
Learners	DE_WR_39_20_5_14_LW	2018	39 / 43	90.7	Lower advanced	Female	20	University of Hamburg	German High School Diploma	1st subject semester	German	German	German	German	14	5	Yes	Spain	2017-2018	9	Escuela de Idiomas de la Comunidad Madrid: B1.2	Lower intermediate (B1)	Upper intermediate (B2)	Lower intermediate (B1)	Lower advanced (C1)	3.75 / 6	English	Lower advanced (C1)	Lower advanced (C1)	Lower advanced (C1)	Lower advanced (C1)	Written	14	14. Chaplin	written_online	14	Outside classroom	""	"Esta es la historia de una relación entre Charles Chaplin y un bebé desconocido. Cuando Chaplin se quiere fumar un cigarro tranquilamente, un bebé que esta llorando llama su atención. Como él no sabe qué haces, coge el infantil y busca a la madre. Solo encuentra un carrito que ya tiene otro bebé y pone el su niño allí también. En cuanto viene la madre, le da una hostia y Chaplin huye con el bebé. Su siguiente opción para deshacerse del pequeñito es darle a un viejo y correr rápido. Esto tampoco funciona porqué el viejo le encuentra en su escondite y llama a la policía. Luego, sin saber que más puede hacer, teniendo su nuevo amigo en los brazos, encuentra una nota que dice ""por favor quiere y cuida por este bebé"". Chaplin sonríe y uno sabe que le ha cogido cariño. Se van juntos."	
Learners	DE_WR_39_20_7_14_HP	2019	39 / 43	90.7	Lower advanced	Female	20	IFA Erlangen	High School Diploma (General University Entrance Qualification)	2	German	German	German	German	13	7	No	""	""	0	""	Upper intermediate (B2)	Lower advanced (C1)	Lower advanced (C1)	Upper intermediate (B2)	4.5 / 6	English	Lower advanced (C1)	Upper intermediate (B2)	Upper intermediate (B2)	Upper intermediate (B2)	Written	14	14. Chaplin	written_online	14	Inside classroom	Bilingual dictionary	El vídeo trata del famoso personaje Charles Chaplin, que aparece en películas sin sonido. Él sale de una casa llevando su traje típico en negra y blanco. Al principio de esta historia suceden dos incidentes en los que una vez una persona de una casa tira cosas desde una ventana a él y la otra vez es otra persona que casi tira su basura a él, cuando Charles pasea por la calle fumando un cigarro. Después de encender una nueva cigarra, oye y ve a un bebé en la calle. Lleva al bebé y mira por la calle buscando a la madre de él. De repente aparece una mujer con un cochecito que va por la calle hacia una tienda. Mientras ella entra en la tienda, él mete el bebé en el cochecito. La mujer lo vea y pega con su paraguas a Charles. Entonces él tiene la idea de llevar al bebé al mismo sitio donde lo ha encontrado antes. Al irse, aparece un policía y se ve con el bebé. Entonces engaña a un hombre y le da a él el bebé. Este hombre tampoco sabe que hacer ahora y mete el bebé al mismo cochecito que Charles antes. Este intento también fracasa y al final Charles Chaplin se queda con el bebé en la calle encontrando una carta con palabras amables que parecen ser de la madre del bebé.	
Learners	DE_WR_39_21_11_14_JM	2019	39 / 43	90.7	Lower advanced	Female	21	Cologne University of Applied Sciences	""	3	German	German	German	German	10	11	Yes	Chile	2017	7	CertiLingua C1	Lower advanced (C1)	Lower advanced (C1)	Lower advanced (C1)	Lower advanced (C1)	5 / 6	English	Lower advanced (C1)	Lower advanced (C1)	Lower advanced (C1)	Lower advanced (C1)	Written	14	14. Chaplin	written_online	4	Inside classroom	""	Chaplin está caminando por la calle y una mujer echa unas cosas a su cabeza. Después para y busca por otro cigarillo. Encuentra un bebé en la calle y ve a una mujer con otro niño. Quiere que la mujer tome este bebé igual pero ella dice que no. Cuando quiere deshacerse del niño, la policía le pare. Ve a un hombre, le da el niño y empieza a correr. Este hombre da el niño a la mujer de antes, de coincidencia. Cuando la mujer lo ve también ve a Chaplin y lo dice a la policía. Chaplin otra vez tiene que cuidar el niño. Está pensando en dejarlo en la calle pero no puede. Encuentra una letra lo que dice que alguien debe cuidar a este niño y Chaplin empieza a enamorarse del niño. Después sale con él.	
Learners	DE_WR_39_21_5_14_JR	2018	39 / 43	90.7	Lower advanced	Female	21	University of Hamburg	""	""	German	German	German	German	16	5	Yes	Panama, Costa Rica	2016	8	DELE (A1)	Lower intermediate (B1)	Upper intermediate (B2)	Upper intermediate (B2)	Lower intermediate (B1)	3.5 / 6	English	Upper intermediate (B2)	Upper intermediate (B2)	Upper intermediate (B2)	Upper intermediate (B2)	Written	14	14. Chaplin	written_online	10	Outside classroom	""	El vídeo trata de Charlie Chaplin como se encontró su bebé en la calle. Estaba caminando por la calle cuando de repente alguien tiró algo del techo. Charlie estuvo confundido y un poco enfadado cuando vió un bebé gritando y solito en una esquina. Lo quizo poner en una carreta para bebés que estaba al lado de él. La mamá del bebé a dentro de la carreta volvió y se enfadó. Pues Charlie tuvo que irse con el bebé. Desde este momento intentó de dejar el bebé con otras personas y darlo una nueva familia, pero sin tener la responsabilidad por su mismo. Esa intención no salió hasta que Charlie leó una carta que estaba dentro de la chaqueta de este niño. En la carta estaba escrito que por favor amen a este huérfano. Charlie estuvo feliz y se fue con su bebé.	
Learners	DE_WR_39_22_2_14_KP	2019	39 / 43	90.7	Lower advanced	Female	22	Goethe University	""	3	German	German	German	German	20	2	Yes	Spain	2017-2018	10	Dele B2	Lower advanced (C1)	Lower advanced (C1)	Lower advanced (C1)	Lower advanced (C1)	5 / 6	English	Upper intermediate (B2)	Lower advanced (C1)	Lower advanced (C1)	Upper intermediate (B2)	Written	14	14. Chaplin	written_online	10	Outside classroom	Spellchecker	En el vídeo se ve Charlie Chaplin que encuentra a un bebé en una esquina. El intenta de maneras diferentes deshacerse del bebé. Intenta meterlo con otro bebé en un carro pero la madre del bebé le sigue y se lo devuelve. Después deja el bebé con otro hombre y parece que por fin consiguió deshacerse del bebé pero el hombre tiene la misma idea y también deja el bebé en el carro. Cuando Cc pasa, la mujercita empiaza a golpearle y le devuelve el bebé. Al final CC encuentra un mensaje en la ropa del bebé que pone: cuida y ama a este bebé. Se va con el bebé entre los brazos.	
Learners	DE_WR_39_22_5_14_SH	2019	39 / 43	90.7	Lower advanced	Female	22	Goethe University Frankfurt, Institute for Romance Languages	""	3	German	German	German	German	14	5	Yes	Costa Rica, Spain	Costa Rica 2015, Spain 2018-19	8	""	Lower intermediate (B1)	Lower advanced (C1)	Upper intermediate (B2)	Lower intermediate (B1)	3.75 / 6	English	Lower advanced (C1)	Lower advanced (C1)	Lower advanced (C1)	Lower advanced (C1)	Written	14	14. Chaplin	written_online	4	Outside classroom	""	Chaplin encuentra un bebé en la calle, lo coge y lo pone en el carrito de una mujer. La mujer se enfada y Chaplin lo retira y quiere ponerlo otra vez en la calle. Pero un policía le está mirando. Por eso coge el bebé de nuevo y lo da a un hombre viejo y corre. El hombre pone el bebé otra vez en el carrito de la mujer. Lo encuentra cuando Chaplin la está pasando. Le pega con su bastón y le acusa al policía. Champlin toma el bebé y se va. Encuentra una letra que dice que el niño es un orfan y debe ser amado. Champlin se va con el Bebé el los brazos.	
Learners	DE_WR_39_22_6_14_VM	2019	39 / 43	90.7	Lower advanced	Female	22	Goethe University Frankfurt	""	3	German	German	German	German	16	6	Yes	Argentina	2013/2014	12	""	Lower advanced (C1)	Lower advanced (C1)	Upper intermediate (B2)	Upper intermediate (B2)	4.5 / 6	English	Upper intermediate (B2)	Lower advanced (C1)	Lower advanced (C1)	Upper intermediate (B2)	Written	14	14. Chaplin	written_online	10	Outside classroom	Spellchecker	La historia trata de un hombre en los años 60 que anda caminando por una calle. En una esquina encuentra a un bebé que está solito. Buscando a alguien quien se quedara con el bebé lo da primero a una mujer que está paseando con el suyo. Ella no lo quiere tener, por lo tanto el protagonista quiere dejarlo de vuelta en la esquina dónde lo encontró. Justo en ese momento pasa un policía y debajo de sus ojos vigilosos se lo lleva consigo otra vez. Cuando ve a un hombre judío se lo da a él y luego se escapa. Parece que el problema está solucionado.  <br/> Pero la mala suerte le parece seguir porque el hombre judío deja el bebé con la mujer al que el protagonista anteriormente ha intentado darlo. Cuando ella se da cuenta de eso, el protagonista justo está pasando al lado de la mujer. Obviamente piensa que fue él, quien se lo había dejado de vuelta, y empieza a gritarle. A causa del quilombo que provoca viene el policía y el protagonista se va con el bebé. Al final, y después de leer la carta que estaba en la ropa del bebé, decide quedarse con el orfano.	
Learners	DE_WR_39_24_4_14_VIP	2020	39 / 43	90.7	Lower advanced	Female	24	Goethe University Frankfurt	German High School Diploma	4,5	German	German	Italian	German, Italian	17	4	No	""	""	0	""	Upper beginner (A2)	Upper intermediate (B2)	Upper intermediate (B2)	Lower intermediate (B1)	3.25 / 6	Italian	Upper intermediate (B2)	Lower advanced (C1)	Lower advanced (C1)	Upper intermediate (B2)	Written	14	14. Chaplin	written_online	30	Outside classroom	""	Un día Charles Chaplin pasea por la ciudad, donde se nota que la gente piensa que él sea tonto. Pero a Chaplin eso no le importa. En la ciudad encuentra a un niño muy pequeño puesto sobre el suelo, pero sin su madre. Por eso Chaplin lo toma en sus brazos y quiere buscarla. Muy presto Chaplin ve una mujer che tiene un hijo y por eso piensa que ella pueda ser la madre, pero eso no es verdad. Quando Chaplin le da el niño la mujer lo grita tan fuertemente que él corre otra vez al lugar donde ha encontrado el bebé. En el momento quando Chaplin lo quiere poner sobre el suelo, la policia lo ve y Chaplin prende el niño otra vez en sus brazos. Lo da a un hombre que encuentra por casualidad en la calle. Pero este hombre tampoco quiere tener el bebé y lo da otra vez a la mujer. Desgraciadamente ella piensa que Chaplin se lo ha dado y lo colpea brutalmente. Después de que ella se queja de Chaplin a la policia él toma otra vez el bebé y encuentra un correo donde una persona ha escrito que el niño no tiene ni madre ni padre - es un órfano. Por esta razón ahora Chaplin quiere ser su padre.	
Learners	DE_WR_39_29_13_14_JL	2018	39 / 43	90.7	Lower advanced	Female	29	University of Hamburg	Master	5	German	German	German	German	16	13	Yes	Spain, Colombia, Chile	2005, 2010, 2014	12	""	Lower advanced (C1)	Upper advanced (C2)	Lower advanced (C1)	Lower advanced (C1)	5.25 / 6	English	Lower advanced (C1)	Lower advanced (C1)	Lower advanced (C1)	Lower advanced (C1)	Written	14	14. Chaplin	written_online	4	Outside classroom	""	Charlie Chaplin está caminando por un barrio pobre con casas que parecen a ruinas. Aparentemente ya no vive gente en este barrio. Hay obras en las casas abandonadas y obreros desechan piedras rotas por las ventanas. De repente, Charlie Chaplin encuentra un paquete bien amarrado en el suelo al lado de un basurero. Acercándose, Charlie Chaplin nota que el paquete es una bebe que ha sido dejado en la calle. Charlie está asustado y no sabe realmente qué hacer con este niño. Después de pensar unos minutos, Charlie se decide de recoger el bebe pero no quiere tomar la responsabilidad e intenta a deshacerse del bebe. Primero, intenta de meter el bebe al carrito de una madre que también anda con su bebe, pero ella no lo acepta. Después, Charlie sigue haciendo vueltas y hace varios intentos para deshacerse del bebe. Sin embargo, el bebe siempre termina de nuevo con él y nadie quiere llevarselo y adoptar al bebe. Al final, Charlie está desesperado y se sienta con el bebe en el peatonal para pensar qué hacer. La primera idea que le ocurre es meter el bebe al alcantarrillo, pero no lo hace porque su conciencia no se lo permite. Cuando encuentra una nota debajo de las telas que amarran el bebe que dice que el bebe es un huerfano que necesita alguien que le cuida, Charlie decide de un momento al otro quedarse con el bebe y se pone feliz.	
Learners	DE_WR_39_46_30_14_IK	2018	39 / 43	90.7	Lower advanced	Female	46	Goethe University Frankfurt	Doctorate	30	German	German	German	German	16	30	Yes	Spain, Argentina	1995, 1996, 1997, 1998, 1999, 2000, 2001, 2002, 2003, 2004, 2005, 2006, 2007, 2008, 2009	15	Magister bzw. Promotion	Lower advanced (C1)	Lower advanced (C1)	Upper advanced (C2)	Lower advanced (C1)	5.25 / 6	French (C1), English (C1), Hungarian (C1)	Lower advanced (C1)	Lower advanced (C1)	Lower advanced (C1)	Lower advanced (C1)	Written	14	14. Chaplin	written_online	45	Outside classroom	Bilingual dictionary	Un hombre (Charlie) está paseando por una callecita, fumando y sufriendo de una lluvia de  basura echada por los habitantes, cuando encuentra a un bebé abandonado en un rincón de la calle. Pasa una mujer con coche de bebé, y como le parece plausible a Charlie que el bebé sea él de la mujer, o al menos que ella pueda cuidar del bebé mejor que él, la llama y le pone el bebé en el coche. Protestando, la mujer le explica que se ha equivocado, y Charlie se va con el bebé en sus brazos. Dejar al bebé en el rincón donde lo ha encontrado no resulta tampoco en una opción viable porque viene un policía señalándole que la criatura es su responsabilidad. Viendo un hombre pasando por la calle, Charlie le pasa el bebé, haciendo parecer que quiere ajustarse los zapatos. Se va corriendo y se esconde. El otro hombre busca a Charlie, pero como no lo encuentra y que nota el coche de bebé aparcado delante de una tienda, deja el bebé en el coche. Charlie sale de su rincón, encuentra al policía, torna y se va en otra dirección que es exactamente dónde está el coche de bebé. Sale la mujer de la tienda, y cuando ve a Charlie pasando, piensa que otra vez fue él que le puso el bebé en el coche. Empieza un disputo que atrae al policía. Así Charlie se va otra vez con la criatura en sus brazos. Sentándose al lado de la calle, piensa en alguna solución. Al final encuentra una noticia dejada en las ropas del bebé. En esa noticia se ruega de querer al huérfano y de tener cuidado de él. Charlie se deja mover de esas palabras y acepta el bebé como el suyo.	
Learners	DE_WR_40_19_4_14_MS	2018	40 / 43	93	Lower advanced	Male	19	University of Bonn	""	2	German	German	German	German	15	4	Yes	Spain	2018	1	""	Upper intermediate (B2)	Lower intermediate (B1)	Upper intermediate (B2)	Upper intermediate (B2)	3.75 / 6	English	Lower advanced (C1)	Upper intermediate (B2)	Lower advanced (C1)	Lower advanced (C1)	Written	14	14. Chaplin	written_online	14	Inside classroom	""	El vídeo empieza con Charlie Chaplin pasando por una calle cuando encuentra a un bebé yaciendo entre la basura en la calle. Él pone al bebé en sus manos y se da la vuelta para averiguar a quién pertenece el bebé. Ve a una mujer con otro bebé pasando por la calle y se acerca a élla para darle el bebé que ha encontrado él, porque supone que es el bebé de la mujer. Al dejarlo en la carra para niños de la mujer, ésta se enfada con Chaplin ya que, al parecer, el niño que ha encontrado él no es suya. Por eso él se queda con el bebé y sigue buscando un lugar dónde dejarlo. Cuando ve a otro hombre, finge que tenga una piedra en su zapato y pide al hombre que él cuidara al bebé mientras que saque la piedra d e su zapato. Cuando el otro hombre tiene al bebé en sus manos Chaplin se da la fuga. Ahora el aludido hombre busca un lugar para dejar al bebé y, al pasar por la calle, encuentra la carra para niños de la mujer del inicio del vídeo. Deja al bebé en la carra y se va. Luego Chaplin pasa la carra cuando la mujer vuelve y lo encuentra junto a la carra, en la que yacen los dos bebés, el suyo y él que Chaplin ha encontrado al principio del vídeo. Se enfada de nuevo con él y revuelve el bebé a Chaplin. Después él se va a buscar otro lugar. Buscando se sienta en la acera con el bebé y encuentra una nota en la manta en la que está el bebé. La nota dice que cuide al niño porque éste sea huérfano. Habiendo leído la nota, Champlin se queda con el niño y sigue pasando por la calle con él. Así acaba el vídeo.	
Learners	DE_WR_40_20_9_14_SK	2018	40 / 43	93	Lower advanced	Female	20	University of Bremen	""	1	German	German	German	German	11	9	No	""	""	0	""	Lower intermediate (B1)	Lower intermediate (B1)	Upper intermediate (B2)	Upper intermediate (B2)	3.5 / 6	English	Lower advanced (C1)	Lower advanced (C1)	Lower advanced (C1)	Lower advanced (C1)	Written	14	14. Chaplin	written_online	14	Outside classroom	""	"El bebé <br/> Un hombre llevando traje y sombrero, con un bigote especial, está andando por una calleja y está fumando, cuando de repente encuentra a un bebé, yaciendo en el suelo. Mira a una mujer que está cerca con un cochecito de niños, se acerca a ella y le dice: ""Perdón, usted dejó caer algo"". Pero parece que el bebé no pertenece a la mujer, porque se pone enfadada y se marcha. <br/> Después, el hombre quiere devolver el bebé al suelo cuando un guardia aparece. Entonces sigue andando con el bebé, le da a cualquier hombre y sale corriendo. El extraño le sigue a él, pero no le puede encontrar. Descubre un cochecito de niños delante de una tienda, depone el bebé allí y se va. Cuando la mujer del cochecito sale de la tienda, el hombre que encontró el bebé en el suelo, pasa por la tienda y la mujer que le reconoce empieza a golpearle con su paraguas. Por obligación, el hombre coge el bebé y se siente en una acera. Por un momento pequeño piensa en tirar el bebé en la canalización pero lo deja. Encuentra en la ropa del bebé un papel que dice: ""Por favor, quiere y preocúpese de este huérfano"". <br/> Al final, el hombre sonríe y se va con el bebé en sus brazos."	
Learners	DE_WR_40_21_10_14_VL	2020	40 / 43	93	Lower advanced	Female	21	Goethe University Frankfurt	High School Diploma so far only.	6th semester	German	German	Serbian	German, Serbian	11	10	Yes	Spain	2019-2020	6	None	Lower advanced (C1)	Lower advanced (C1)	Lower advanced (C1)	Lower advanced (C1)	5 / 6	English	Lower advanced (C1)	Lower advanced (C1)	Lower advanced (C1)	Lower advanced (C1)	Written	14	14. Chaplin	written_online	30	Outside classroom	Background readings about the task topic (newspapers, internet, TV, etc.)	Para empezar, el vídeo comienza con una escena mostrando a Chaplin caminando por la calle. De repente, caen algunos trozos del cielo y Chaplin se pone a mirar para arriba. Entonces, ve a una persona en una ventana desechando algo, tirando cosas a la calle. Chaplin esquiva esta parte de la calle para que las cosas no le caigan por encima. Así que sigue caminando por la calle, cuando otra vez cae algo del cielo, esta vez por encima de él. Enfadado, se toma su tiempo para encender un cigarro con una cerilla, raspándola por un lado de su zapato. Es en esta escena cuando encuentra un bebé abandonado en una esquina de la calle. Lo recoge y ve a una mujer con un cochecito para niños entrando en un edificio. Por lo cual, piensa que este bebé abandonado es suyo, la persigue y lo pone en su cochecito. La mujer sale del edificio, viendo que ahora tiene un bebé ajeno en el cochecito. Entonces, se pone a gritar y le dice a Chaplin que este bebé no es suyo. Chaplin lo recoge e intenta dejarlo otra vez en la esquina dónde lo había encontrado. Desgraciadamente, en este momento aparece un Guardia Civil impidiendo que Chaplin lo abandonara allí. Lo recoge otra vez y a la vuelta de la esquina ve a un hombre caminando. Le pide a él que sujete al bebé mientras él finge atarse los cordones. Chaplin huye del señor y lo deja con el bebé en sus manos. Este hombre también intenta deshacerse del bebé, por lo cual, lo pone en el mismo cochecito de la mujer al principio del vídeo, la cual entró en un edificio y no podía ver lo que estaba pasando. Cuando Chaplin pasa por el dicho edificio, la mujer sale del mismo y ve a Chaplin. Lo persigue y empieza a golpearlo, pensando que él había dejado el bebé otra vez en su cochecito. El Guardia Civil los ve peleando también, pero no les presta demasiada atención porque Chaplin recoge otra vez al bebé y se lo lleva del escenario. Con el/la niñ@ en sus brazos, se sienta en un bordillo y empieza a mirarl@. Se da cuenta de que el bebé tiene una nota escondida debajo de la manta que lo está cubriendo. La nota dice: Le ruego que quiera y se preocupe por este huérfan@. El cortometraje termina con Chaplin riéndose y aceptando al bebé como suyo.	
Learners	DE_WR_40_21_3_14_KK	2018	40 / 43	93	Lower advanced	Female	21	University of Granada	""	1 semester	German	German	German	German	14	3	Yes	Spain	2015, 2018	9	""	Lower intermediate (B1)	Upper intermediate (B2)	Upper intermediate (B2)	Lower intermediate (B1)	3.5 / 6	English	Lower advanced (C1)	Lower advanced (C1)	Lower advanced (C1)	Lower advanced (C1)	Written	14	14. Chaplin	written_online	20	Inside classroom	""	"El título del video es ""The Kid"" y fue hecho por Charlie Chaplin. En la primer escena se puede ver Charlie Chaplin caminando por una calle muy sucio. Lleva un traje y fuma mientras la gente tira basura desde su ventanas. Empieza a fumar un cigarillo cuando de repente encuentra un bébe en el suelo. Está muy sorprendiente y busca a un respnsable por la area. Entonces quiere metir el niño al coche de bébes de una mujer deciendole que ella haya perdido algo. Ella actua muy enfadada cuando le da cuenta porque no es su bébe y entonces Chaplin tiene que seguir con el bébe en sus brazos. Vuelve al sitio donde encontró el niño para dejarlo allì. Pero de repente aparace un hombre de la policia asi que tiene que quedarse con el bébe en sus brazos. Lleva caminando con el niño cuando encuentra otro hombre. Le da el bébe con el motivo de arreglar sus zapatos y empieza a correr para que el otro hombre se quede con el niño. El mismo hombre sigue a Chaplin corriendo porque tampoco quiere quedarse con el bébe. Pero en vez de encontrar a CHaplin encuentra dicha mujer con el coche para niños del principio. Mete el bébe por dentro y abandona el sitio. Chaplin, que ahora se siente muy libre y seguro, cruza por esa calle donde en el mismo momento aprace la señora del principio. Cuando ve el otro niño en su carril se enfada y empieza a pegarle a Chaplin porque piensa que el ha puesto el niño de nuevo. Así que Chaplin tiene que quedarse otra vez con el niño. Para un momento está pensando en poner el bébe a la canalisación, pero se lo lamenta y entonces no lo hace. Descubre una carta escrita por dentro de las ropas del bébe que pide que alguien le ame y cuide al niño. En la última escena se ve Chaplin sonriendo al bébe y se quede con ello."	
Learners	DE_WR_40_22_6_14_SK	2018	40 / 43	93	Lower advanced	Female	22	University of Bremen	""	3	German	German	German	German	16	6	Yes	""	2014-15; 2016-17	21	""	Upper intermediate (B2)	Lower advanced (C1)	Lower advanced (C1)	Upper intermediate (B2)	4.5 / 6	English	Upper intermediate (B2)	Upper intermediate (B2)	Upper intermediate (B2)	Upper intermediate (B2)	Written	14	14. Chaplin	written_online	17	Outside classroom	""	Al principio del vídeo Chaplin está caminando en una callejón del fondo hacia adelante mientras la gente tira basura por la ventana a la calle. Algo de la basura le cae encima a Chaplin. Al llegar al primer plano enciende y empieza a fumar. De repente se fija de un bebé  envuelto en mantal en el suelo. Lo coge aúpa pero no sabe muy bien qué hacer. Cuando pasa una mujer con un carrito intenta meter el bebé junto con el otro bebé en el carrito pero la mujer se da cuenta, se enfada y Chaplin vuelve a coger el bebé. Depués quiere dejarlo en el lugar donde lo encontró pero no puede hacerlo dado que viene un policía que está observando la escena. Pues, camina unos metros hasta que se encuentra con un hombre un poco cojo. Chaplin finge que tiene que atarse los zapatos de nuevo y pide al otro hobre que coja el bebé durante un momento. Cuando lo hace Chaplin huye rápidamente y cree que por fin se pude deshacer del bebé. El hombre cojo en busca de Chaplin se encuentra por casualidad con el carrito de da mujer de antes y mete el bebé dentro. Justo en el momento en el que la mujer sale de la tiende, Chaplin pasa a su lado. Evidentemente, la mujer piensa que Chaplin ha intentado meter el bebé de nuevo en su carrito. Se enfada aún más, corre detrás de Chaplin y le da una buena leche con un paraguas. Chaplin se ocupa de nuevo del bebé sin saber que hacer. Está pensando en tirarlo en las alcanterías pero el bebé le da pena. Cuando lee el papelito que llevo el bebé consigo decide a quedarselo.	
Learners	DE_WR_40_23_22_14_JR	2018	40 / 43	93	Lower advanced	Female	23	University of Hamburg	""	2	German	German	Spanish	German	1	22	Yes	Venezuela, Spain, Mexico	2012, 2014, 2017	12	B2	Lower intermediate (B1)	Lower advanced (C1)	Lower intermediate (B1)	Lower advanced (C1)	4 / 6	English	Lower advanced (C1)	Lower advanced (C1)	Lower advanced (C1)	Lower advanced (C1)	Written	14	14. Chaplin	written_online	24	Outside classroom	""	Al principio Charlie Chaplin está caminando por la calle. En un momento algo que parece a basura se caye de una casa sobre su espalda. Después toma un cigarrillo de una caja y la encende. Las guantas las tira a la basura. Charlie encuentra un bébé y cree que veía a la madre del niño. Así se lo traye. Dado que la mujer, que ya tiene un bébé, está enfadada porque el traido niño no es suyo, Charlie vuelve a poner el recién nacido al lugar donde lo encontró. Pero lo tiene que recoger porque ya viene la policía y Chaplin se lo da a otro hombre haciendo una trampa. Charlie se va corriendo. El otro hombre que no sabe que hacer con el niño mete el bébé en el cochecito de la mujer con el otro niño. Cuando la madre lo ve en combinación con Charlie que está pasando contento, le pega con sus paraguas. Luego Charlie toma el bébé de nuevo y desperado se siente al piso. Allí encuentra un papel en el cual está esctrito que hay que amar ese niño cuyos padres perdieron la vida.	
Learners	DE_WR_40_25_11_14_LM	2018	40 / 43	93	Lower advanced	Female	25	University of Hamburg	Bachelor	6	German	German	German	German	14	11	Yes	Argentina, Spain, Colombia	2008, 2011, 2012, 2016	28.5	""	Lower advanced (C1)	Lower advanced (C1)	Lower advanced (C1)	Lower advanced (C1)	5 / 6	English	Lower advanced (C1)	Lower advanced (C1)	Lower advanced (C1)	Lower advanced (C1)	Written	14	14. Chaplin	written_online	10	Outside classroom	Bilingual dictionary, Spellchecker	"Al principio del video, Charles Chaplin está caminando en una calle. En una ventana se ve una mujer que le tira piedras a su cabeza. Charles sigue caminando por la calle hasta que se para para encenderse un cigarillo. Un poquito más tarde, descubre un bebé que está leyendo en una esquina de la calle enfrente de una casa. Charles coge el bebé y lo pone en un cochecito. En aquel cochecito ya está leyendo otro bebé. La mujer que está manejando el cochecito se enfada mucho con Charles, entonces él coge el bebé y la mujer se va. Parece que Charles no sabe qué hacer con el bebé, asíque lo pone otra vez en el suelo en el lugar, donde lo había descubierto antes. Justo en ese momento viene un policía que se fija de Charles. Inmediatamente, Charles coge el bebé de nuevo y se va a otra calle. Allí ve a un hombre mayor. Charles le da el bebé porque simula hacerse un nudo en el zapato. Después de haberle dado el bebé al hombre mayor, Charles se escapa. El hombre mayor pone el bebé otra vez en en el cochecito y se va corriendo. La madre se enfada de nuevo y cuando ve a Charles, le pega con su paraguas. El policía aparece otra vez y ve cómo Charles y la madre están discutiendo. Charles coge otra vez el bebé para salir de la situación. Charles se siente con el bebé en en suelo. En el mantel del bebé descubre una nota que pone ""ámame y cuida este niño"". Charles le regala una sonrisa cariñosa al bebé y se van."	
Learners	DE_WR_40_26_9_14_JB	2018	40 / 43	93	Lower advanced	Female	26	University of Würzburg	Bachelor	4	German	German	German	German	17	9	Yes	Spain	2010, 2013, 2017	11	""	Lower advanced (C1)	Lower advanced (C1)	Upper advanced (C2)	Lower advanced (C1)	5.25 / 6	English, French	Lower advanced (C1)	Lower advanced (C1)	Lower advanced (C1)	Lower advanced (C1)	Written	14	14. Chaplin	written_online	4	Outside classroom	""	"La película, en la que aparece el famosos actor Charlie Chaplin, es de aproximadamente 4 minutos y nos presenta la corta historia de un hombre (Chaplin) que encuentro a un bebé y no sabe realmente qué hacer con él.  <br/> Al principio, vemos a Chaplin como está dando un paseo por una zona de  casas, lleva el traje típico de los años 20 y tienen un palo de madera en la mano. En los primeros segundos, observamos como algunas piedras caen de un techo y casi caen a la cabeza de Chaplin, después de este choque coje un cigarro de su bolsillo y lo enciende. Cuando sigue dando la vuelta, mira al suelo y se da cuenta de que hay un bebé ahí, en un un pañuelo blanco que parece no tener madre que se ocupe de ello. Chaplin coge el bebé a los brazos y intenta encontrar  la madre para devolverle su hijo, pero la mujer que puede encontrar por fin no quiere el bebé, ya tiene un hijo. Siguen varias escenas en las que Chaplin trata de dejar el bebé en varios lugares, pero una vez un hombre de la policía interviene y, otra vez, otro hombre, a quien Chaplin ha dejado el bebé, lo pone en el carrito de niño de la mujer que ya conocemos. Por fin, Chaplin se da cuenta de que no puede soltar el bebé en ningún lugar, se sienta en la calle y parece que está pensando sobre dejar el bebé caer en el sumidero de la calle. Sin embargo, por fin, descubre un papelito dentro del pañuelo de bebé en el que se ha escrito alguien ""Por favor, cuídese de este bebé y ámelo"", al leer este papel, coge el bebé con una risa intensa y sigue su camino, teniéndolo en los brazos felizmente."	
Learners	DE_WR_40_26_9_14_SJ	2018	40 / 43	93	Lower advanced	Female	26	Ruhr University Bochum	Bachelor of Arts	7	German	German	German	German	17	9	Yes	Spain	2013	4	""	Lower intermediate (B1)	Upper intermediate (B2)	Lower advanced (C1)	Upper intermediate (B2)	4 / 6	English	Lower advanced (C1)	Lower advanced (C1)	Lower advanced (C1)	Lower advanced (C1)	Written	14	14. Chaplin	written_online	10	Outside classroom	""	Chaplin se pasea por la calle, cuando una mujer echa basura, mejor piedras pequeñas, de la ventana. Chaplin siempre tiene que tener cuiado. Se halla un bebé al suelo de la calle. Quiere dejarlo en el suelo, pero llega un polícia que discute con él. Después intenta dejar el bebé en un coche para niños. La madre discute con Chaplin y él tiene que retomar el bebé. Un hombre viejo pasa la calle y Chaplin le da el bebé y desaparece, porque corre. El hombre viejo deja el bebé en el coche para niños de la madre. Chaplin pasa por la calle y la madre le reconoce. Lo está golpeando. Chaplin toma al bebé y encuentra una carta en la que se puede leer: El bebé es un pobre huérfano, por favor lo ame.	
Learners	DE_WR_40_31_13_14_SM	2018	40 / 43	93	Lower advanced	Female	31	University of Santiago de Compostela	Master	6 (years studying Hispanic Studies)	German	German	German	English	18	13	Yes	Spain	2009, 2010, 2011, 2012, 2013, 2014-2018	68	""	Upper advanced (C2)	Upper advanced (C2)	Upper advanced (C2)	Lower advanced (C1)	5.75 / 6	English (C2), Galician (B1)	Lower advanced (C1)	Lower advanced (C1)	Lower advanced (C1)	Lower advanced (C1)	Written	14	14. Chaplin	written_online	10	Outside classroom	""	Charlie Chaplin está de paseo. Parece ser mediodia o por la tarde. La zona de la ciudad parece muy pobre. Algunas de las casas se están cayendo y casi Le caen unos ladrillos. Avanza algo más, fumando y le tiran basura. La basura también le apaga su cigarro y se enciendo uno nuevo de una caja metálica de pitillos semifumados con una cerilla que enciende en la suela del zapato. A unos metros más, en la esquina de una casa encuentra a un bebé en el suelo. Lo sube a sus brazos y empieza a mirar para ver, dónde están los padres. Ve a una señora con un bebé en un carrito y deja al bebé encontrado en el carrito. Pero la mujer vuelve y se enfada. Entonces decide dejar al niño donde lo encontró - pero se enfrenta con un policía. En vez de explicar la situación se lleva el niño y lo deja en los brazos de un señor viejo barbudo, fingiendo atarse los zapatos y se va corriendo. El viejo lo busca pero no le ve, y deja el bebé en el mismo carrito de la misma señora de antes. Charlie pensó que se salvó pero cuando pasa al carrito la mujer emocionada le ve y le devuelve el bebé otra vez con el policía mirándolo todo. Entonces se sienta en el lado de la carretera y encuentra una carta, probablemente de los padres, pidiendo que alguien se encarga del huérfano admirado que no pueden cuidar (se supone que por pobreza de los padres). Entonces se lleva al bebé.	
Learners	DE_WR_40_39_39_14_SW	2020	40 / 43	93	Lower advanced	Female	39	Goethe University Frankfurt	Diploma in Business Administration	7	German	Spanish	Spanish	Spanish	0	39	Yes	South America	2007	4	""	Upper intermediate (B2)	Lower advanced (C1)	Lower intermediate (B1)	Lower intermediate (B1)	3.75 / 6	English	Upper intermediate (B2)	Upper intermediate (B2)	Upper intermediate (B2)	Upper intermediate (B2)	Written	14	14. Chaplin	written_online	4	Outside classroom	""	Charlie Chaplin va caminando por las calles de una ciudad mientras se caen piedras del cielo que casi le pegan. Cuando se queda parado ve a un bebé en el suelo y no ve a nadie adulto quien le podría pertenece así que recoge al bebé. En es momento pasa una señora con un coche grande de bebé. Charlie la persigue y le pone el bebé en el coche. Cuando la señora se da cuenta reta a Charlie y le trata de pegar con su paraguas así que el toma el bebé y se arranca. Quiere poner al bebé en el lugar donde lo encontró cuando ve a un policía. Así que vuelve recoger al bebé y corre a la siguiente calle. Ahí se encuentra con un hombre y le pone el bebé en sus brazos y se arranca nuevamente. El hombre lo trata de perseguir y se encuentra con el coche grande de bebé de la señora y pone el bebé allí y se va. La señora vuelve y ve al bebé ajeno en el coche. En ese momento pasa Charlie caminando. La señora lo persigue y le pega y quiere que tome al bebé. En ese momento pasa denuevo el policía así que Charlie toma al bebé y se va. De siguiente se ve que Charlie está sentado en el suelo pensando que hace con el bebé cuando encuentra un papel en la ropa del bebé diciéndo que es huérfano y que piden que cuiden y que quieran al bebé. Así que parece que Charlie se enamora del bebé y se lo lleva muy cuidadosamente.	
Learners	DE_WR_41_20_6_14_AB	2018	41 / 43	95.3	Upper advanced	Female	20	University of Leipzig	""	1	German	German	German	German	14	6	Yes	Spain	2014-2016	13	""	Lower intermediate (B1)	Lower advanced (C1)	Lower advanced (C1)	Lower intermediate (B1)	4 / 6	English	Lower advanced (C1)	Upper intermediate (B2)	Upper intermediate (B2)	Lower advanced (C1)	Written	14	14. Chaplin	written_online	20	Outside classroom	Bilingual dictionary	En el videoclip vemos la historia de  Charles Chaplin que encuentra a un bebé en la calle a lado de un cubo de basura. Charly no sabe de quién es el bebé, pero supone que es de una mujer que pasa por la calle con un cochecito. Por eso pone el bebé en el cochecito. La mujer se enfada y le explica que este bebé no es el suyo. Entonces Charly quiere poner el bebé en el lugar donde lo ha encontrado, pero aparece un policía y él tiene que llevárselo otra vez. Luego pide a un hombre que pasa por la calle que coja a bebé porque se han abierto sus cordones. Charly se va corriendo y el hombre se queda con el bebé. Por casualidad lo pone en el mismo cochecito como Charly y se va.  Luego Charly pasa por el cochecito y la mujer se enfada otra vez con él. el policía aparece y le obligan  a llevárselo otra vez. Está pensando en tirar el bebé en un imbornal, pero  encuentra una notica que dice que la persona que encuentra al bebé debe preocuparse de él.Así que, al final, Charly se lo lleva.	
Learners	DE_WR_41_21_2_14_CB	2019	41 / 43	95.3	Upper advanced	Female	21	Institute for Foreign Languages and International Studies Erlangen	""	2	German	German	German	German	19	2	Yes	Spain	2019	3	""	Lower intermediate (B1)	Upper intermediate (B2)	Upper intermediate (B2)	Upper intermediate (B2)	3.75 / 6	Italian	Upper intermediate (B2)	Upper intermediate (B2)	Lower advanced (C1)	Upper intermediate (B2)	Written	14	14. Chaplin	written_online	20	Inside classroom	Monolingual dictionary	"En este breve video se ve a un hombre paseando por un barril bastante viejo y destruido. De las plantas superiores de una casa están cayendo bloques de ladrillo ensuciando la calle. El hombre se quita del polvo que la caída de los bloques provocó y sigue andando. Se pone los guantes para tirarlos después en un barril, se saca un cigarillo de una cajita y lo enciende. Un instante más tarde, ve a un bebé abandonado que alguien había puesto por el suelo. Él tome el bebé, pero se da cuenta de que no sabe qué hacer con el bebé. Primero lo pone en el cochecito para niños de una mujer pensando que lo había olvidado ella. La mujer se enfada mucho y él tiene que sacarlo del cochecito. Después lo da a un anciano andando con muletillas. En el momento en el que el anciano entiende lo que está pasando, empieza a cazar el hombre para devolverle el bebé. El hombre corre por toda la ciudad, evitando el anciano y un policía, pero no lo consigue. Otra vez intenta meterlo en el cochecito para niños de la mujer, pero cuando ella sale de una tienda y se da cuenta, golpea al hombre con su paraaguas. Frustrado y desorientado el hombre se sienta al margen de la calle con el bebé en los brazos. En la ropa del bebé encuentra una carta, mejor dico, un solo papel en el que está escrito: ""¡Ama y cuida a ese órfano, por favor!"" El hombre sonríe y se va."	
Learners	DE_WR_41_21_3_14_MP	2018	41 / 43	95.3	Upper advanced	Female	21	Ludwig Maximilian University of Munich	Bachelor	4	German	German	German	German	18	3	Yes	Spain	2016-17	6	""	Upper intermediate (B2)	Lower advanced (C1)	Lower advanced (C1)	Upper intermediate (B2)	4.5 / 6	English	Lower advanced (C1)	Lower advanced (C1)	Lower advanced (C1)	Upper intermediate (B2)	Written	14	14. Chaplin	written_online	14	Outside classroom	""	En este video se puede ver Chaplin caminando en el patio de unas casas mientras que  gente está echando basura que hace sucio Chaplin tambien. Mientras que está lamentando, se da cuenta de lo que alguien dejó su bebé en este patio. Al principio Chaplin piensa que fue dejado por una mujar cruzando el patio, que ya tiene un bebé,  pero la mujer no lo quiere y rechaza el bebé. Después Chaplin intenta dejar el bebé donde lo encontró, pero le ve la policia, asi que se va tomando el bebé. Cuando encuentra otro hombre intenta dejar el bebé con el y después de hacer escapado de los dos, el otro hombre deja el bebé con la misma mujer a la que antes había encontrado Chaplin y que ya tiene un bebé. Cuando la mujer se da cuenta de esto ve a Chaplin, empieza a lamentar en alta voz y la policia se acerca. Por eso Chaplin se va con el bebé de nuevo, porque no quiere que la policia le eche la bronca. Al final se sienta con el y aparece bastante contento. Le gusta el bebé, empieza a sonreír, y se va con el otra vez, pero sin intentar dejarlo con alguien.	
Learners	DE_WR_41_21_5_14_HB	2019	41 / 43	95.3	Upper advanced	Female	21	IFA Erlangen	German High School Diploma	2 years	German	German	German	German	16	5	No	""	""	0	""	Upper intermediate (B2)	Lower advanced (C1)	Lower advanced (C1)	Upper intermediate (B2)	4.5 / 6	English	Lower advanced (C1)	Lower advanced (C1)	Lower advanced (C1)	Lower advanced (C1)	Written	14	14. Chaplin	written_online	10	Inside classroom	Bilingual dictionary	"La película sin sonido en negra y blanca se trata de Charles Chaplin. En ella encuentra a un bebé en la calle. Primero piensa que se trata del bebé de una mujer que ha entrado una casa cercana, pero al poner el bebé en el cochecito, la mujer sale del edificio y dice que no es su bebé. Él intenta poner el bebé en su lugar original pero un policía le ve y por eso levanta al bebé otra vez y se va. Ve a un hombre y decide darle el bebé sin decir algo y salir corriendo. El hombre está sorprendido y sigue a Charles. No puede encontrarle pero ve un cochecito enfrente de una tienda. Pone el bebé en él y corre. La madre sale de la tienda y ve primero al bebé y después a Charles que está pasando por la tienda. Ella dice otra vez que no es su bebé y él le levanta y se va. Luego encuentra un papel sujetado al bebé que dice ""ama y cuida de éste huérfano"". Charles sonríe y se va junto con el bebé."	
Learners	DE_WR_41_22_8.5_14_AF	2019	41 / 43	95.3	Upper advanced	Female	22	University of Vienna	""	3	German	German	German	German	13	8.5	Yes	Spain	September 2019- now (November 2019)	3	DELE (B1) in 2015	Lower intermediate (B1)	Upper intermediate (B2)	Lower advanced (C1)	Upper intermediate (B2)	4 / 6	English	Lower advanced (C1)	Lower advanced (C1)	Lower advanced (C1)	Upper intermediate (B2)	Written	14	14. Chaplin	written_online	14	Inside classroom	Bilingual dictionary	Charles Chaplin camina por la calle cuando se caen escombros de construcción. De repente ve un pequeño bebé. Lo coge y quiere ponerlo en un sitio seguro. Por eso lo pone en un cochecito con otro bebé. Cuando la madre del otro bebé vuelve de la tienda grita a Charles Chaplin. Él coge el bebé y lo pone en el sitio donde lo he encontrado. Cuando se da la vuelta al bebé encuentra con un policia y por eso coge el bebé otra vez, para que no parezca como un criminal. Recoge el bebé de nuevo y lo da a un hombre pasando por la calle. El hombre de la calle pone el bebé en el cochecito de la madre de antes. Cuando Charles Chaplin pasa por el cochecito la madre, ella piensa que ha sido él que ha puesto el bebé allí otra vez. Lo pega con su paraguas y Charles Chaplin recoge el bebé. Mientras que se sienta con el bebé encuentra una hoja en la cual se pone que por favor alguien debe cuidarse del bebé.	
Learners	DE_WR_41_23_5_14_PN	2018	41 / 43	95.3	Upper advanced	Female	23	Kiel University	""	2,5	German	German	German	German	17	5	Yes	Spain	2014	9	""	Upper intermediate (B2)	Upper intermediate (B2)	Upper intermediate (B2)	Upper intermediate (B2)	4 / 6	English	Upper intermediate (B2)	Upper intermediate (B2)	Upper intermediate (B2)	Upper intermediate (B2)	Written	14	14. Chaplin	written_online	15	Outside classroom	""	Un día un hombre elegante, concretamente Charles Chaplin, anduvo por las calles, se encendió un cigarrillo y de repente encontró a un bebé que estaba al suelo gritando. Él miró hacia arriba para ver de dónde había venido, entonces cogió a este bebe y la vio a una mujer con un carro con un bebé dentro. Cuando la mujer entraba en una casa, Charles Chaplin puso el bebé en el carro de la mujer y la dijo en un inglés muy educado: “Pardon me, you dropped something”. Elle se enfadó y negó que el bebé no sea el suyo. Por eso Charles quería devolver el bebé exactamente donde lo había encontrado antes. Desgraciadamente vino un hombre de la policía en el momento en que Charles estaba poniendo el bebé al suelo, cuando él se giró casi se topó con este hombre y reconoció que no debería dejar el bebé solo. De esta manera recogió al bebé otra vez y siguió andando por las calles con la intención de encontrar algún sitio, o mejor dicho a alguna persona adecuada para deshacerse del bebé. Unos segundos más tarde encontró a un hombre que anduvo lentamente, Charles pretendió que tuviera problemas con sus zapatos y preguntó a este hombre si él pudiera coger al bebé por un breve momento.  Justamente en el momento cuando el bebé estaba en las manos de este hombre, Charles se estiró y empezó de correr a otro sitio para esconderse. En el mismo tiempo el hombre lento encontró el carro de la mujer y entonces se deshizo del bebé.  Un rato más tarde Charles salió de su escondite y, otra vez, casi se topó con el hombre de la policía. Charles anduvo rápidamente en alguna dirección y su camino se cruzaba con la mujer con el carro, cuando le vio, le golpeó muchas veces con sus paraguas y Charles se veía otra vez con el bebé en las manos. Pensando como el pudiera deshacerse del bebé estaba pensando en ponerlo en la canalización, pero cuando el encontró una carta en que estaba escrita: “Por favor, que amen a este bebé”,  él empezó de sonreír, se quedó con el bebé y se marchó.	
Learners	DE_WR_41_23_7_14_ML	2018	41 / 43	95.3	Upper advanced	Female	23	Otto Friedrich University of Bamberg	""	3	German	German	German	German	16	7	Yes	Argentina	2011/2012	11	""	Lower advanced (C1)	Upper advanced (C2)	Upper advanced (C2)	Lower advanced (C1)	5.5 / 6	English	Lower advanced (C1)	Lower advanced (C1)	Lower advanced (C1)	Lower advanced (C1)	Written	14	14. Chaplin	written_online	4	Outside classroom	""	En el vídeo el hombre Charles Chaplin sale de una casa en la que alguien de arriba tira cosas por la ventana afuera. Chaplin se enoja porque casi le pegó una planta que tiraron afuera. Se pega un cigarrillo y mientras está fumando ve a un bebé llorando. Ese bebé está acostado en el suelo de la calle al lado de la pared de la casa. Lo toma en sus brazos pero no sabe que hacer ahora. Ve a una mujer que ya tiene un bebé e intenta poner el bebé que encontró al lado del bebé de la mujer pero se enoja porque piensa que el es el padre. Cuando entonces quiere acostar el bebé en el suelo donde lo encontró viene un policía y Chaplin lo toma de nuevo al bebé. Un anciano al que Chaplin dio el bebé después también ve a la mujer y pone el bebé en su carrillo al lado del otro bebé sin que elle se de cuenta. Pero cuando ella se da cuenta y ve a Chaplin paseando por la calle lo pega y viene la policía que causa que Chaplin de nuevo toma el bebé y se va. Se siente en la calle con el bebé y encuentra un papel en su ropa pidiendo que alguien ame y cuide a ese bebé huérfano.  En este momento la música se pone más alegre y Chaplin por primera vez mira con cariño al bebé y parece que ahora lo acepta y quiere cuidar por el	
Learners	DE_WR_41_25_10_14_CP	2022	41 / 43	95.3	Upper advanced	Female	25	University of Wuppertal	Bachelor of Arts Geography & Hispanic Studies	5,5	German	German	German	German	15	10	Yes	Spain, Mexico	2016, 2017, 2021	9	University certificate as part of a master's degree programme (C1+)	Lower advanced (C1)	Lower advanced (C1)	Lower advanced (C1)	Lower advanced (C1)	5 / 6	English	Upper intermediate (B2)	Lower advanced (C1)	Lower advanced (C1)	Upper intermediate (B2)	Written	14	14. Chaplin	written_online	20	Outside classroom	""	El video es un cortometraje mudo en blanco y negro cuyo personaje principal es Charlie Chaplin, un hombre adulto, que va caminando por un callejón encendiéndose un cigarillo, cuando de repente encuentra a un bebé tumbado en el suelo, o para ser más precisa, escondido detrás de unos basureros. El protagonista se queda mirando al recién nacido y se gira por todos lados en búsqueda de los padres. Es entoncés cuando empieza la parte principal de la escena: Chaplin intenta deshacerse del niño varias veces, pero siempre termina teniendo que recoger el niño. Al final se siente en la acera, el bebé entre sus brazos, pensando en qué hacer con este ser tan pequenito, de repente encuentra un papelito que había sido escondido en la mantita del niño. De esta manera Chaplin se entera de que es un huérfano. El protagonista mira al bebé, le sonríe y se aleja con él.	
Learners	DE_WR_41_25_3_14_LW	2023	41 / 43	95.3	Upper advanced	Female	25	Goethe University Frankfurt	Bachelor	5	German	German	German	German	22	3	No	""	""	0	Unicert B1	Upper beginner (A2)	Upper intermediate (B2)	Lower intermediate (B1)	Lower intermediate (B1)	3 / 6	English	Lower advanced (C1)	Lower advanced (C1)	Lower advanced (C1)	Lower advanced (C1)	Written	14	14. Chaplin	written_online	10	Outside classroom	""	Charlie Chaplin está en un barro en que la gente tira basure de sus ventanas. Dentro de la basura, encuentra a un bebé. Al primer, Charlie trata de revolver el bebé a una mujer que ya tiene otro un su cochecito, pero la mujer se enfada mucho porque el bebé no es suyo. Despúes, Charlie quiere dejar el bebé con la basura, pero llega un hombre de la policia y Charlie no se atrve dejar el bebé en el suelo mientras él esta mirando. Por eso da el bebé a un hombre que parece incapaz de correr y huye. Pero ese hombre pone el bebé en el cochcito de la mujer que ya tiene bebé. Ella se enfada otra vez y da golpes a Charlie con su paraguas. Tambíen llega el hombre de la policia otra vez y por eso Charlie toma el bebé otra vez. No sabe que debería hacer y se siente a la calle. Ya está pensando en tirar el bebé en un agujero de la calle (no sé cómo se llama) cuando encuentra a una carta en lo ropa del bebé. Charlie lee la carta y dice que el bebé no tiene padres y que alguién debería cuidarlo. Ahora Charlie sabe que no tiene a nadie y decide cuidar del bebé.	
Learners	DE_WR_41_25_6_14_SK	2019	41 / 43	95.3	Upper advanced	Female	25	Goethe University Frankfurt	""	3	German	German	German	German	19	6	Yes	Spain	2017	1	""	Lower intermediate (B1)	Lower intermediate (B1)	Lower intermediate (B1)	Lower intermediate (B1)	3 / 6	English	Lower advanced (C1)	Lower advanced (C1)	Lower advanced (C1)	Lower advanced (C1)	Written	14	14. Chaplin	written_online	20	Outside classroom	Bilingual dictionary	"En la pelicula ""the kid"" Charles Chaplin camina fumando cuando encuentra a un bébé al lado de un cubo de basura. No sabe que hacer y busca una solución para quitarse del bébé. Ve a una mujer con un cochecito con otro bébé que deja el cochecito un rato para entrar en una casa. Chaplin decide dejar al bébé en el cochecito. Cuando la mujer regresa se enfada con Chaplin. Por eso toma al bébé y quire dejarlo al lado de la basura pero no puede porque aparece un policía. Busca otra solución dejando al bébé en las manos de un hombre mayor. El hombre mayor también quire quitarse del bébé dejandolo en el cochecito de la mujer. Cuando la mujer regresa se enfada otra vez con Chaplin y lo golpea con su paraguas porque piensa que es él quién ha puesto el bébé en el cochecito otra vez. De nuevo aparece el policía al que la mujer informa que Chaplin ha dejado al bébé en el cochecito. El policía regaña a Chaplin y Chaplin toma al bébé otra vez. Después Chaplin quiere tirar al bébé en la canalización pero encuentra un papel donde se escribe el favor de amar y cuidarse del bébé. Por eso Chaplin lo guarda."	
Learners	DE_WR_41_30_4_14_MS	2018	41 / 43	95.3	Upper advanced	Female	30	University of Hamburg	M.A. Non-Profit Management	Total: 7 Uni HH: 1	German	Spanish	German	Spanish, Russian	6	4	Yes	Peru, Ecuador, Uruguay	2005-2006, 2010, 2012, 2014	30	""	Upper intermediate (B2)	Upper advanced (C2)	Lower advanced (C1)	Lower intermediate (B1)	4.5 / 6	English	Lower advanced (C1)	Lower advanced (C1)	Lower advanced (C1)	Upper intermediate (B2)	Written	14	14. Chaplin	written_online	10	Outside classroom	""	El video cuenta la historia de cómo el Charles Chaplin encontró un bebé en la calle por coincidencia y la dificuldad de encontrar un lugar adecuado para dejarlo. En el principio del video vemos a Charles caminando por una calle donde la gente parece botar basura de las ventanas. Cuando se le está callendo algo por encima, pierde su cigarrillo y tiene que parar para encenderse un nuevo. En este momento descubre un bebé que lo habían dejado solo en la calle. Lo recoge del suelo y intenta dejarlo varias veces con otra gente, como una senora que está anando por la calle con su propio nino en un carrito o un senor mayor caminando por la calle. Tambien intenta dejarlo otra vez en el lugar en donde lo encontró, pero sin éxito como le está observando un policía. Al final del video encuentra una carta metida en la sabana en que el bebé está envuelto en que está escrita que por favor amen y cuiden al bebé orfáno. Y asi vemos como el Charles se va con el bebé en la mano y una mirada contenta.	
Learners	DE_WR_41_37_18_14_MK	2022	41 / 43	95.3	Upper advanced	Female	37	University of Vienna	Doctorate	8	German	German	German	Spanish, German	17	18	Yes	Spain	2005-2006, 2014-2022	94	""	Lower advanced (C1)	Upper advanced (C2)	Upper advanced (C2)	Upper advanced (C2)	5.75 / 6	English	Upper intermediate (B2)	Lower advanced (C1)	Upper advanced (C2)	Lower advanced (C1)	Written	14	14. Chaplin	written_online	10	Outside classroom	""	Charlie da un paseo por un barrio de una ciudad. Hay basura en la calle y gente está tirando cosas desde los pisos de arriba. En un momento algo le cae encima al protagonista. Se enfada y saca su caja de tabaco. Después de encenderse un cigarrillo encuentra un bebé en una esquina. Mira alrededor e incluso hacia arriba para ver si encuentra a los responsables. Como no ve a nadie, coge al bebé y camino un poco. De pronto ve a una señóra con un carrito con un bebé y decide ponerle también el bebé encontrado. Sin embargo, la señora se enfada y se lo devuelve. Luego, Charlie intenta dejarle el bebé a otro caminante. En un primer momento, parece que funciona su táctica, pero al final tiene que quedarse otra vez con el pequeño. Tampoco es una opción dejar el bebé en el mismo rincón donde lo había encontrado porque ha aparecido un policía que está vigilando la zona. Al final, Charlie se resigna, se siente en el bordillo y mira el bebé con más atención. Así, se da cuenta de que lleva una nota que dice que el pequeño es huérfano y que por favor cuiden de él. La película termina con el protagonista cogiendo al bebé y llevándoselo.	
Learners	DE_WR_41_44_30_14_AD	2022	41 / 43	95.3	Upper advanced	Female	44	Pradoventura Academy	Advanced Certificate in Commercial Spanish	""	German	German	German	German	14	30	Yes	Spain	2004-2022	""	Advanced Certificate in Business Spanish (2002)	Lower advanced (C1)	Upper advanced (C2)	Upper advanced (C2)	Lower advanced (C1)	5.5 / 6	English	Lower advanced (C1)	Lower advanced (C1)	Lower advanced (C1)	Lower advanced (C1)	Written	14	14. Chaplin	written_online	49	Outside classroom	""	"La película muda se desarrolla en las calles de una ciudad. El protagonista, interpretado por el actor Charlie Chaplin, anda por la calle con su bastón, fumando. Cuando de repente le tiran basura desde una casa se le cae el cigarrillo. Mientras saca un cigarrillo nuevo de su estuche y lo enciende, se da cuenta de que al lado de un contenedor se encuentra un bebé envuelto en unos paños.  El protagonista le llama la atención a una mujer que está pasando con su bebé en un carrito. Le dice que ella ha perdido algo y sienta al bebé en el carrito. En seguida, la mujer se enfada, con lo cual el protagonista se lleva al bebé en brazos. Se dirige de nuevo al contenedor y deja al bebé donde lo encontró. Justo en ese momento pasa un policía que está mirando la situación con curiosidad. Para no levantar sospechas, el protagonista coge al bebé en brazos y se aleja de allí. Al volver la esquina, el protagonista alcanza a un hombre con un bastón. Sin avisar, el protagonista da el bebé al hombre, aprovechando su reflejo de cogerlo en brazos sin querer, y se esconde. El hombre del bastón le sigue al protagonista con la intención de devolverle el bebé, pero lo pierde de vista. De pronto, el hombre del bastón ve el carrito de la mujer donde el protagonista había dejado el bebé antes, delante de una tienda de zapatos, deja el bebé en el carrito y se va. Cuando vuelve la mujer, se percata del bebé y justo en ese momento pasa el protagonista de prisa a su lado, saliendo de su escondite. La mujer le pega con su paraguas creyéndose que el protagonista haya metido al bebé en su carrito de nuevo.  <br/> En ese momento, pasa el policía y observa la situación. Antes de que el policía pueda dirigirse a él, el protagonista saca al bebé del carrito y se lo lleva en brazos. Como aún tiene la intención de deshacerse del bebé, se dirige a una alcantarilla y hace el ademán de meter al bebé debajo de la rejilla. Al parecer, en ese momento se arrepienta y mira más atentamente al bebé. Se da cuenta de que el bebé lleva un papel debajo de los paños con el siguiente mensaje: ""Por favor, ama y cuida de este bebé huérfano"". Evidentemente, el mensaje le llega al corazón y se hace cargo del bebé."	
Learners	DE_WR_41_55_22_14_IRR	2020	41 / 43	95.3	Upper advanced	Female	55	University of Granada	""	2,5	German	German	German	Spanish, German	33	22	Yes	Spain	1997-2020	244	""	Upper advanced (C2)	Upper advanced (C2)	Upper advanced (C2)	Lower advanced (C1)	5.75 / 6	English	Lower advanced (C1)	Lower advanced (C1)	Lower advanced (C1)	Lower advanced (C1)	Written	14	14. Chaplin	written_online	17	Outside classroom	Spellchecker	"En el Videoclip sobre la película ""The Kid"", Charles Chaplin parece ser un hombre pobre. Va paseando por el barrio y se encuentra un bebé abandonado. Lo coge en brazos y mira a su alrededor para averiguar de dónde puede a haber aparecido o a dónde puede pertenecer. Al ver pasar una señora con un carrito de bebé, en que lleva a su hijo, deja el bebé encontrado en el mismo carrito, pero la mujer no es la madre y no quiere acoger al bebé encontrado. Después, intenta deshacerse del bebé en el mismo lugar donde lo había encontrado, pero en el momento de depositar al bebé en el suelo, aparece un policía y, sintiéndose culpado de abandonar al propio hijo, lo vuelve a coger en brazos. Al pasar un señor mayor, también con apariencia de hombre pobre, finge tener que atarse los cordones del zapato. Le deja al hombre el bebé e intenta escaparse de la situación. El otro vuelve a dejar el bebé en el carrito de la misma mujer de antes y casualmente Charles Chaplin pasa y mientras ella le acusa de haberle dejado de nuevo ""su bebé"", justo pasa el policía y se ve obligado a coger el bebé otra vez. Se sienta con el bebé en la acera y no sabe muy bien qué hacer con él. Al final encuentra una nota junto al bebé. Pone ""cuide de él con mucho amor"". Se enternece con el bebé en sus brazos y decide quedárselo para cuidar de él."	
Learners	DE_WR_42_20_4_14_NA	2019	42 / 43	97.7	Upper advanced	Female	20	University of Münster	""	2	German	Persian	Turkish	German	16	4	No	""	""	0	""	Upper beginner (A2)	Lower intermediate (B1)	Lower intermediate (B1)	Lower intermediate (B1)	2.75 / 6	Turkish	Upper intermediate (B2)	Lower advanced (C1)	Lower advanced (C1)	Upper intermediate (B2)	Written	14	14. Chaplin	written_online	10	Inside classroom	""	"Chaplin estaba caminando por una calle pequeña donde personas tiraron cosas por la ventana. Dos veces casi le acertaron. Cuando buscaba un cigarro en la bolsa de su abrigo para fumar otra vez, encontró un bebe que estaba en la calle. Él que no quería dejarle solo buscó su madre o un lugar para el niño chiquito. Primero, le puso en el cochecito de una mujer. Pero ella no le quería y gritó al pobre Chuplin. Luego, le puso en los brazos de un señor poniendo una trampa y se fue. Pero el señor tambièn puso el bebe al cochecito de la mujer mencionada y ella fue a un policía que dio el bebe de nuevo a Chuplin. Chuplin recogió el bebe y se sentió al margen de la calle. Encontró un papel donde estaba escrito: ""Por, favor cuida al niño y le da amor"". Chuplin miró al niño, sonrió y se fue con el chiquito en sus brazos."	
Learners	DE_WR_42_24_11_14_MCC	2018	42 / 43	97.7	Upper advanced	Female	24	University of Hamburg	Bachelor of Arts	5	German	Arabic	German	Arabic	13	11	Yes	Nicaragua	2012-2013, 2014, 2017, 2018	13	""	Upper intermediate (B2)	Lower advanced (C1)	Lower advanced (C1)	Upper intermediate (B2)	4.5 / 6	English	Upper intermediate (B2)	Lower advanced (C1)	Lower advanced (C1)	Upper intermediate (B2)	Written	14	14. Chaplin	written_online	65	Outside classroom	Help from a Spanish native speaker	Charlie Chaplin camina de manera despistada por un patio detrás de un edificio que está lleno de basura. Desde uno de los pisos de arriba del edificio una persona está botando escombros que se caen en Charlie.Charlie voltea a ver, pero sin embargo, no se demuestra interesado en eso y sigue caminando – siempre fumando su puro. <br/>  <br/> Cuando toma su bastón listo para marcharse, le cae una gran cantidad de escombros. <br/> Por un momento se queda irritado, pero despues enciende otro cigarillo. De repente encuentra en el suelo por los basureros un bebé envuelto en sábanas. Lo recoge y mira hacia arriba mientras al fondo una señora con un carro de bebé va pasando muy apurada. <br/>  <br/> Charlie la llama y se acerca a ella, no obstante la señora se va y deja el carro un momento. Justo cuando regresa, Charlie le pone el bebé en el carrito como si fuera de ella. La señora se queja y le dice que se vaya en seguida. Charlie muy nervioso casi se lleva el bebé de la señora por equivocación, pero finalmente regresa con el bebé al lugar en el que lo ha encontrado.  <br/>  <br/> Cuando ya está a punto de dejar el bebé ahi mismo, se encuentra a un policía y rapidamente vuelve a recoger el bebé. En su desesperación se lo entrega a un señor que va caminando por las calles. Charlie sale corriendo y se esconde. El señor busca un lugar donde dejar el bebé y lo acuesta justo en el proximo carro de bebé que mira, que, como el espectador sabe, es el de la señora.  <br/>  <br/> Mientras tanto, Charlie sale de su escondite y como la señora ya lo conoce corre detrás de él y le pega con su sombrilla en cuanto lo ve. Llega el policia que se da cuenta del ruido en la calle y la señora se queja de que Charlie no deja de acostar un bebé extraño en su carrito. Charlie no tiene otra opción que tomar el bebé e irse. <br/>  <br/> Con el bebé en los brazos, Charlie se sienta en la acera y por un momento toma en cuenta hacer desaparecer el bebé ahí mismo. Lo queda viendo y se da cuenta de que hay una nota envuelta en las sábanas del bebé. Saca el papelito y lee: “Por favor ame a y preocupese por este niño huerfano.” Despues de haber leído esto, la su actitud de Charlie hacia el bebé cambia completamente. Lo empieza a tratar con cariño y se lo lleva.	
Learners	DE_WR_42_24_14_14_ARUG	2018	42 / 43	97.7	Upper advanced	Female	24	Christian Albrecht University of Kiel	""	3	German	German	German	German	14	14	Yes	Peru, Paraguay	2010-2011; 2014-2015	24	""	Lower advanced (C1)	Upper advanced (C2)	Upper advanced (C2)	Lower advanced (C1)	5.5 / 6	English	Lower advanced (C1)	Lower advanced (C1)	Lower advanced (C1)	Upper intermediate (B2)	Written	14	14. Chaplin	written_online	7	Outside classroom	""	"El cortometraje ""The kid- The baby"" con Charly Chaplin como protagonista trata de un hombre que encuentra a un bebé tirado en una calle de un barrio de pocos recursos. Primero el hombre intenta poner el bebé en el carrito de una señora pero ella se da cuenta. Entonces el hombre piensa en dejar el bebé otra vez en el lugar en el que lo encontró, pero aparece un policía y por eso lleva el bebé consigo hasta encontrar a un anciano que usa un bastón. Pide al anciano que ataje al bebé mientras que se ata los cordones con la intención de salir corriendo. El anciano se queda con el bebé e intenta sacarse el bebé del mismo modo que antes lo hizo el otro hombre. Cuando el protagonista pasa por el carrito de la señora ella se da cuenta y grita hasta que viene el policía y el protagonista se ve obligado a llevar al bebé consigo. Deprimido se sienta en la vereda y encuentra un papel envuelto la tela que cubre al bebé. En ese papel está escrito que el bebé es un huérfano y que la persona que lo encuentre se encargue, por favor, de él con mucho amor y cuidado. Con este mensaje el protagonista al final se siente feliz que no tenga que seguir buscando a los padres y cuida al bebé."	
Learners	DE_WR_42_26_9_14_SK	2018	42 / 43	97.7	Upper advanced	Female	26	University of Osnabrück	Bachelor of Arts	6	German	German	German	German	16	9	Yes	Spain	2014, 2015, 2016	8	""	Lower advanced (C1)	Lower advanced (C1)	Upper advanced (C2)	Upper advanced (C2)	5.5 / 6	English	Lower advanced (C1)	Lower advanced (C1)	Lower advanced (C1)	Lower advanced (C1)	Written	14	14. Chaplin	written_online	20	Outside classroom	""	Al pasar por una ruina, Chaplin halla a un bebe abandonado en la calle. En este momento, una mujer con un wagón de bebe pasa por la ruina. Chaplin se acerca al wagón, probablemente pensando que el bebe abandonado le pertenece a la mujer. Chaplin le acuesta en el wagón cuando la madre se acerca , furiosa de que le haya puesto un bebe desconocido en el wagón. Chaplin le pide perdón advertiéndole a la madre que perdió al niño. Sin embargo, la señora le demanda coger al niño e irse con él. Chaplin regresa al lugar donde encontró al niño para dejarlo allá. En este momento, un policía le observa. Al darse la vuelta, Chaplin lo ve, recoge al bebe y huye. En su camino cruza con un señor mayor y le pide tomar al bebe, fingiendo quitarse el polvo de sus zapatos. Justo en este momento se echa a correr y se esconde para que el señor no le encuentre. Como quiere alejarse del niño, el mayor ve el wagón de la mujer anterior delante de una tienda de zapatero, y tal como lo hizo Chaplin, acuesta al bebe en el wagón y se va. En este momento, Chaplin, quien está cierto de que el problema se ha solucionado, pasa por la tienda, cuando la mujer aparece. Pensando que Chaplin repitió su crimen de dejar al bebe en su wagón, se pone furiosa, se le acerca y le da golpes a Chaplin con su paraguas. El policía que observó a Chaplin en la escena anterior se da cuenta de la discusión entre los dos e intenta llegar a saber lo que pasó. Chaplin toma al bebe, se va y se sienta en el borde de la acera sin saber qué hacer con el niño. De repente encuentra un papel en la ropa del bebe, rogando que ame y que cuide bien a este orfanato. Al final, se aleja con el niño.	
Learners	DE_WR_42_33_17_14_TK	2024	42 / 43	97.7	Upper advanced	Female	33	University of Leipzig	Bachelor	4	German	German	German	German	16	17	Yes	Nicaragua, Colombia	2010, 2018-2020	28	SIELE (B2)	Lower advanced (C1)	Lower advanced (C1)	Upper intermediate (B2)	Upper intermediate (B2)	4.5 / 6	English	Lower advanced (C1)	Lower advanced (C1)	Lower advanced (C1)	Lower advanced (C1)	Written	14	14. Chaplin	written_online	14	Outside classroom	""	En el video se puede ver a Charlie Chapli, icónico con su traje, sombrero y cana. El camina por debajo de una ventana de una casa que parece estar de obra. Un trabajador tira unos ladrillos de ventana, a los cuales Charlie debe esquivar. Fuma su cigarillo y unos pasos despúes desde afuera de la pantalla visible otra persona tira basura hacia él. Se le caye su cigarillo y abre su cajilla para sacar y encenderse otro. Se quita sus guantes y enciende su cigarillo con un mechero prendiéndolo en su zapato. En la esquina de calle encuentra en bebé en el suelo, envuelto en una cobija. Por el fonde se ve una mujer con su carrito de bebé. Pensando que el bebé es suyo, mete al bebé al carrito de la mujer. Ella se enoja pegandolo y Charlie quita el bebé de nuevo del carrito. Cuando quiere devolver el bebé a la esquina un policia le está mirando así que otra vez recoje el bebé del suelo y pasa por la esquina a otra calle donde entrega el bebé a un hombre paseando. Charlie se huye y el otro hombre pone el bebé de nuevo en un carrito de bebé que se encuentra afuera de una tienda. Cuando sale la mujer del carrito de la tienda ve a Charlie pasando y el segundo bebé de nuevo en su carrito y va pegando a Charlie con su paraguas. Pasa el policia por esta escena y Charlie de nuevo saca el bebé del carrito de la mujer. Se siente en la acera con el bebé, averiguando a tumbarlo en la canalisación. Encuentra una nota escrita a mano dentro de la cobija del bebé que dice: Please love and care for this orphan child. (Por favor, cuideny amen a este bebé huérfano.) Charlie le sonrie al bebé, lo abraza y se lo lleva en sus brazos.	
Learners	DE_WR_43_23_9_14_AH	2019	43 / 43	100	Upper advanced	Male	23	Goethe University Frankfurt am Main	""	4	German	German	Portuguese	German	14	9	Yes	Spain	2017-2018	5	Certificate of Language Proficiency (C1) (Centre for Modern Languages, University of Santiago de Compostela)	Upper intermediate (B2)	Upper intermediate (B2)	Lower advanced (C1)	Upper intermediate (B2)	4.25 / 6	English	Upper intermediate (B2)	Lower advanced (C1)	Lower advanced (C1)	Lower advanced (C1)	Written	14	14. Chaplin	written_online	24	Outside classroom	Spellchecker	El videoclip trata de un hombre llamado Charles Chaplin, quien pasea por un callejón fumando y tiene que evitar la basura tirada por la ventana de la primera planta de un edificio. La primera vez, tiene suerte, mientras que poco después la basura cae sobre él, por lo cual comienza a maldecir. Luego, saca un cigarro de una cajita y lo enciende con un fósforo, frotando este sobre uno de sus zapatos. Entre tanto, también se quita sus guantes que desecha en un cubo de basura. A continuación, encuentra a un bebé en el suelo, lo recoge y lo pone en un cochecito con otro bebé. Cuando la madre se da cuenta, hay una discusión y Chaplin tiene que llevarse al bebé otra vez. Decide regresar al sitio donde lo ha encontrado y lo pone en el suelo. Sin embargo, un guardia observa esto. Por eso, Chaplin vuelve a recogerlo del suelo y lo lleva consigo hasta encontrar a un hombre más viejo al que se lo da. En seguida, se va corriendo y se esconde en una sala al lado del lugar donde ha encontrado al bebé. El hombre viejo, en cambio, no sabe qué hacer con el bebé; de ahí que lo ponga en un cochecito delante de una tienda al pasar por este y se eche a huir. Entonces, Chaplin sale de su escondite, choca con el guardia y se da la vuelta hacia la calle. Al mismo tiempo, la misma madre sale de una tienda para mirar por su bebé y nota al otro bebé. Cuando de repente la mujer ve a Chaplin pasando por ellos, lo persigue, lo tumba con su paraguas y lo lleva a su cochecito donde discuten de tal modo que aparece el guardia y Chaplin se va junto con el bebé. Después, se sienta, un poco más lejos, en el margen de la calle y piensa deshacerse del bebé metiéndolo en la canalización, pero lo deja. Al final, encuentra un papelito con el ruego de cuidar del huérfano en el pañuelo en el que está envuelto el bebé. Una vez leído el papelito, Chaplin mira al bebé, le sonríe y se lo lleva.	
Learners	DE_WR_43_29_7_14_KP	2018	43 / 43	100	Upper advanced	Female	29	University of Hamburg	soon Master of Education	5	German	German	German	German	16	7	Yes	Mexico	2015-2016, 2018	17	C1 certificate from the Language Centre at the University of Hamburg	Lower advanced (C1)	Lower advanced (C1)	Lower advanced (C1)	Lower advanced (C1)	5 / 6	English	Upper intermediate (B2)	Lower advanced (C1)	Lower advanced (C1)	Upper intermediate (B2)	Written	14	14. Chaplin	written_online	20	Outside classroom	""	"Charlie Chaplin está caminando entre unas casas. De repente algiuen está tirando basura o piedras desde el primer piso de un edificio. Charlie está sorprendido y por lo mismo sigue caminando adelante rápidamente. Mientras camina, está fumando su cigarillo. Ya más adelante una otra persona tira basura desde otro edificio y se le llega directamente a la cabeza de Charlie. Charlie, bien sorprendido y enojado, mira hacia arriba y le grita ""awkward ass"" a la persona. Luego Charlie saca una cajilla con cigarillos y para calmarse se enciende un nuevo pitillo. Para encender su cerillo se quita sus guantes y luego ya no se las pone sino las tira en un bote de basura a su lado. Ya más calmado da la vuelta y de forma inesperada encuentra a un bebé en el suelo a un lado de otros botes. El bebé está llorando y Charlie no sabe qué hacer. Lo agarra y se pregunta de dónde ha salido esa criatura tan pequeña. Viendo una señora con una carreola Charlie piensa que debe de ser la mamá del bebé. Por lo mismo se acerca a ella y le mete el bebé al carrito. La señora empieza a quejarse ya que ya tiene otro bebé en la carreola y le dice a Charlie que no es lo suyo. Charlie toma el bebé y como no sabe de quién ni de dónde es lo regresa al lugar donde lo había encontrado. Justamente es ese momento le obersva un guardia y Charlie se da cuenta que no puede dejarlo en la calleLo agarra y se va camindo. Pasando a un señor con un bastón, Charlie toma la oportunidad y le pregunta al señor si podría sostener un segundo al bebé para limpiarse las botas. Cuando el señor apenas lo agarra Charlie se va corriendo y huyendo. El señor con el bastón buscando Charlie encuentra la misma carreola de la señora y se le mete al bebé. Después Charlie pasa la señora y ella viendo al bebé le pega al Charlie con sus paraguas por haber dejado otra vez su bebé con ella. En ese momento también llega el guardia otra vez y Charlie no ve otra opción que tomar otra vez el bebé. Otra vez no se pudo deshacerse de esa criatura chiquita. Ya medio desesperado se siente con el bebé en sus brazos en un andador y encuentra un desagüe. Pero por mala consciencia no puede dejarlo allí. Luego en la ropa del bebé encuntra una nota que dice ""por favor ama y cuida ese huérfano"". Charlie, responsable como es, se encariña con la idea, se lleva al bebé. Lo criará y lo cuidará para siempre como su propio hijo."	
Learners	DE_WR_43_45_20_14_RAL	2021	43 / 43	100	Upper advanced	Male	45	University of Granada	""	3,5	German	German	English	German, English	25	20	Yes	Spain	2001 (Madrid ), 2004-05 (Valencia ), 2015 (Jaén ), 2016 (Bilbao ), 2017 (Cordoba ), 2018-2021 (Granada )	70	DELE (C2)	Upper advanced (C2)	Upper advanced (C2)	Upper advanced (C2)	Upper advanced (C2)	6 / 6	English	Upper advanced (C2)	Upper advanced (C2)	Upper advanced (C2)	Upper advanced (C2)	Written	14	14. Chaplin	written_online	14	Outside classroom	""	En primera escena del video el espectador ve, como Chaplin anda por la calle de un barrio humilde. Cuando pasa por debajo de una ventana de una de las casas una vecina se asoma a una ventana de la primera planta y tira la basura a la calle. Chaplin apenas logra a ponerse a salvo de las cosas que casi se le caen encima y sigue en su camino fumando un puro. Unos pocos instantes después cuando pasa por debajo de otra ventana alguien de nuevo tira la basura de la ventana y esta vez se le caen los deshechos encima. Además esta vez la persona que ha tirado la basura lo acompaña con un insulto. Chaplin saca una cajita que contiene diferentes colillas de su chaqueta y de ahí escoge una y se la enciende. A continuación se quita los guantes que lleva y se percata de un bebe envuelto en una manta en el suelo. El bebe está llorando y Chaplin a agacha para recogerlo y intentar calmarlo. En ese instante aparece una señora con carrito de dos plazas en el cual se encuentra otro bebe. Esto le hace suponer a Chaplin que el bebe que acaba de encontrar pertenece a esta señora. Chaplin le llama a la señora avisándola que ha perdido algo. Pero en cuanto se acerca al carrito para depositar el bebe en él la señora se enfada y le hace entender que no es suyo y le manda saca el bebe otra vez del carrito. Entonces Chaplin se dispone a devolver al bebe al sitio donde lo había encontrado. No obstante al colocarlo en suelo le observa un agente de policía con una mirada amenazante y Chaplin vuelve a coger el bebe y se aleja. Al adelantar a un señor mayor Chaplin se para y le da al señor el bebe para que se lo aguante mientras que se ata los cordones de los zapatos. Una vez que el señor ha cogido el bebe en sus brazos Chaplin aprovecha el momento y se escapa y se esconde en un portal. Cuando señor se dispone a buscar a Chaplin para devolverle el bebe pasa por el mismo carrito de antes que está aparcado delante de una tienda. El señor decide deshacerse del bebe colocándolo en el carrito. A continuación el señor se aleja. Después de un rato la señora sale de la tienda y se enfada al ver que le han metido otra vez el bebe en el carrito. En ese mismo instante Chaplin pasa por la calle y la señora le reconoce y pensando que fue él que le dejado el bebe en el carro de nuevo, le persigue y la da en la cabeza con el paraguas que lleva. Le obliga a Chaplin acercarse al carrito en un intento de que se lleva al bebe otra vez. Mientras Chaplin y la señora se ponen a discutir aparece el mismo agente de policía con él se había encontrado Chaplin antes. Para evitar un conflicto con el agente Chaplin saca el bebe del carrito y se marcha. Acaba de un rato Chaplin se sienta con el bebe en el bordillo de la acera. De repente encuentra una nota escondida en la manta del bebe. En la nota se lee la petition dirigida a la persona que se encontrara con el bebe que por favor cuide bien del bebe huérfano.	
